codigo_ine,nombre,provincia,prov_key,poblacion,superficie_km2,densidad_pob,porc_65,ind_envej,porc_extranjeros,tasa_natalidad,tasa_mortalidad,balance_vital_1000,perdida_5a,perdida_10a,perdida_25a,tendencia_anual,renta_media,subv_per_capita,bares_1000,restaurantes_1000,alojamiento_1000,estab_total_1000,tiene_cs,tiene_hospital,dist_cs_km,dist_hospital_km,tiene_colegio,tiene_instituto,dist_colegio_km,dist_instituto_km,tiene_residencia,plazas_residencia_1000,dist_residencia_km,dist_capital_km,tasa_cambio_pob,clase_despoblacion
05070,Donvidas,Ávila,avila,31,11.46,2.71,45.2,1400.0,20.0,0.0,25.09,-25.09,3.33,-16.22,-54.41,-2.588,15197,2092.19,,,,,1,0,7.63,7.63,0,0,7.62,7.96,0,0,3.49,54.17,-16.22,Alta
05046,Canales,Ávila,avila,42,6.66,6.31,23.8,83.3,0.0,10.58,18.52,-7.94,0.0,-25.0,-34.38,-1.523,15197,1488.58,,,,,1,0,9.51,16.8,0,0,8.52,8.52,0,0,8.78,47.25,-25.0,Alta
05109,Langa,Ávila,avila,441,24.42,18.06,28.8,232.7,0.22,8.31,15.37,-7.05,-8.12,-15.19,-23.57,-0.951,13146,292.51,11.3,0.0,4.5,15.8,1,0,11.98,12.51,0,0,7.28,12.04,0,0,5.88,46.55,-15.19,Alta
05034,Blasconuño de Matacabras,Ávila,avila,14,12.96,1.08,71.4,0.0,0.0,0.0,7.94,-7.94,0.0,-6.67,-22.22,-1.153,15197,4148.78,,,,,1,0,5.81,24.81,0,0,5.99,19.47,0,0,13.13,64.94,-6.67,Media
05057,Cebreros,Ávila,avila,3345,137.66,24.3,25.3,144.7,14.58,5.15,12.76,-7.61,6.12,3.5,2.61,-0.137,11194,118.24,9.3,3.3,6.0,18.6,0,0,6.7,34.25,1,1,5.94,6.58,1,13.75,6.44,31.92,3.5,Crecimiento
05259,Villanueva del Aceral,Ávila,avila,86,17.54,4.9,39.5,566.7,0.0,0.0,32.3,-32.3,-21.1,-38.13,-53.76,-1.841,15197,837.31,23.3,0.0,23.3,46.5,1,0,12.07,12.29,0,0,10.72,12.84,0,0,4.26,51.11,-38.13,Alta
05118,Mancera de Arriba,Ávila,avila,66,17.56,3.76,35.8,342.9,1.41,10.1,35.35,-25.25,-4.35,-25.0,-55.41,-2.091,14437,966.19,29.9,0.0,0.0,29.9,1,0,12.86,41.39,0,0,12.7,13.3,0,0,12.54,42.83,-25.0,Alta
05199,San Bartolomé de Béjar,Ávila,avila,44,16.47,2.67,20.5,180.0,16.33,2.53,25.25,-22.73,12.82,4.76,-42.11,-1.557,13386,1332.36,0.0,0.0,45.5,45.5,1,0,6.93,57.62,0,0,6.81,7.51,0,0,7.81,84.81,4.76,Crecimiento
05222,Santa Cruz de Pinares,Ávila,avila,169,41.32,4.09,31.8,337.5,9.83,2.63,21.04,-18.41,14.19,7.64,-22.48,-1.188,12866,475.73,17.6,0.0,23.5,41.2,1,0,12.82,15.73,0,0,7.65,12.84,0,0,7.72,12.68,7.64,Crecimiento
05188,Poveda,Ávila,avila,30,6.51,4.61,50.0,750.0,0.0,0.0,59.26,-59.26,-23.08,-40.0,-64.29,-2.435,14437,1874.01,,,,,1,0,6.65,33.89,0,0,6.15,23.77,0,0,19.72,31.96,-40.0,Alta
05027,"Berlanas, Las",Ávila,avila,323,16.67,19.38,32.9,321.2,8.36,2.41,17.2,-14.79,-1.82,-2.12,-3.87,-0.281,15386,294.04,9.3,0.0,6.2,15.5,1,0,8.66,17.39,0,0,7.14,17.14,1,92.88,0.79,23.38,-2.12,Leve
05209,San García de Ingelmos,Ávila,avila,64,38.03,1.68,42.2,2700.0,0.0,3.47,34.72,-31.25,-14.67,-21.95,-61.68,-2.358,14437,1013.53,15.6,0.0,0.0,15.6,1,0,9.55,37.4,0,0,13.0,17.34,0,0,8.88,38.65,-21.95,Alta
05015,Arevalillo,Ávila,avila,58,14.95,3.88,44.1,650.0,1.69,3.83,44.06,-40.23,-15.94,-36.96,-57.04,-2.124,14437,1040.22,33.9,0.0,0.0,33.9,1,0,14.87,48.53,0,0,14.99,15.2,0,0,11.47,56.46,-36.96,Alta
05236,Solana de Ávila,Ávila,avila,95,68.29,1.39,37.1,400.0,2.0,4.68,28.07,-23.39,-13.64,-31.16,-54.11,-2.094,11817,1089.28,10.3,20.6,164.9,195.9,1,0,11.22,66.77,0,0,9.05,11.54,0,0,11.1,86.71,-31.16,Alta
05122,Martínez,Ávila,avila,109,18.04,6.04,55.0,2033.3,0.92,1.02,30.58,-29.56,-3.54,-21.58,-53.42,-2.181,12482,584.64,27.0,0.0,0.0,27.0,1,0,18.95,46.23,0,0,16.69,19.26,0,0,6.16,53.75,-21.58,Alta
05258,Villanueva de Gómez,Ávila,avila,119,21.07,5.65,42.0,454.5,3.45,0.93,16.81,-15.87,3.48,-16.2,-20.67,-0.95,14725,606.79,16.8,0.0,25.2,42.0,1,0,16.76,18.64,0,0,9.42,18.58,0,0,11.51,32.04,-16.2,Alta
05167,Navarrevisca,Ávila,avila,281,39.95,7.03,33.3,279.4,11.63,6.33,17.4,-11.07,9.77,-8.47,-26.25,-1.258,15157,358.58,35.1,3.5,24.6,63.2,1,0,7.93,35.31,0,0,6.79,14.88,0,0,9.68,30.11,-8.47,Media
05265,Vita,Ávila,avila,81,16.57,4.89,26.9,262.5,5.26,1.37,13.72,-12.35,-2.41,-3.57,-34.68,-1.388,14437,808.1,12.8,0.0,25.6,38.5,1,0,10.99,32.48,0,0,5.36,12.14,0,0,5.43,35.59,-3.57,Leve
05094,Herreros de Suso,Ávila,avila,141,21.51,6.56,33.8,247.4,7.43,2.36,20.49,-18.12,9.3,-2.76,-37.05,-1.637,14068,415.23,14.4,0.0,7.2,21.6,1,0,10.9,34.15,0,0,9.73,16.02,0,0,7.68,36.43,-2.76,Leve
05257,Villafranca de la Sierra,Ávila,avila,128,39.3,3.26,36.2,940.0,1.48,2.6,19.1,-16.49,-0.78,-4.48,-41.28,-1.554,15367,649.67,15.4,0.0,7.7,23.1,1,0,14.14,39.06,0,0,13.71,18.59,0,0,15.54,36.03,-4.48,Leve
05247,"Torre, La",Ávila,avila,209,58.34,3.58,42.7,433.3,1.39,2.66,29.24,-26.58,-9.13,-23.44,-51.05,-1.885,11939,408.33,14.1,4.7,9.4,32.9,1,0,6.92,21.18,0,0,5.12,21.36,0,0,13.06,20.44,-23.44,Alta
05252,Valdecasa,Ávila,avila,54,22.06,2.45,44.4,800.0,0.0,0.0,18.52,-18.52,-8.47,-29.87,-52.63,-1.921,14437,1510.47,0.0,0.0,18.5,18.5,1,0,4.06,27.26,0,0,5.32,27.24,0,0,7.68,27.28,-29.87,Alta
05166,Navarredondilla,Ávila,avila,146,20.25,7.21,46.3,690.0,11.25,3.81,41.1,-37.29,-17.51,-32.72,-54.37,-2.043,14010,538.81,33.6,0.0,13.4,47.0,1,0,7.76,25.63,0,0,4.54,11.17,1,315.07,1.58,20.53,-32.72,Alta
05112,"Losar del Barco, El",Ávila,avila,99,19.52,5.07,28.0,215.4,1.92,1.12,16.84,-15.71,-7.48,-9.17,-28.78,-0.951,15426,868.62,10.0,0.0,20.0,30.0,1,0,4.31,60.24,0,0,4.82,4.76,0,0,4.89,73.24,-9.17,Media
05232,"Serrada, La",Ávila,avila,132,7.27,18.16,27.1,211.8,5.15,2.53,21.04,-18.52,11.86,20.0,-12.58,-0.579,15434,477.47,7.5,0.0,37.6,52.6,1,0,8.07,8.07,0,0,3.7,8.26,0,0,7.56,7.75,20.0,Crecimiento
05017,Aveinte,Ávila,avila,67,12.83,5.22,40.3,0.0,1.37,0.0,39.8,-39.8,-19.28,-20.24,-50.0,-1.65,15197,926.06,44.8,0.0,14.9,59.7,1,0,2.9,18.78,0,0,3.65,18.35,0,0,6.1,23.45,-20.24,Alta
05096,"Hija de Dios, La",Ávila,avila,79,12.49,6.33,43.0,566.7,2.6,0.0,15.47,-15.47,5.33,-3.66,-28.83,-1.063,14437,1018.11,25.3,0.0,0.0,25.3,1,0,10.21,27.11,0,0,6.56,24.99,0,0,14.19,23.78,-3.66,Leve
05234,Sigeres,Ávila,avila,41,13.78,2.98,58.1,1250.0,2.22,5.42,21.68,-16.26,-8.89,-22.64,-46.75,-2.029,14437,1327.95,,,,,1,0,5.17,25.37,0,0,4.86,15.76,0,0,9.09,28.72,-22.64,Alta
05204,Sanchidrián,Ávila,avila,720,26.56,27.11,30.2,265.9,13.6,4.17,13.58,-9.41,0.84,-6.25,-8.98,-0.397,12926,248.54,13.9,4.2,9.7,30.5,1,0,18.91,21.21,1,0,0.35,20.86,0,0,16.7,34.07,-6.25,Media
05241,"Tiemblo, El",Ávila,avila,4582,75.26,60.88,22.4,113.7,16.31,6.38,10.6,-4.22,9.62,8.3,25.26,0.766,10958,114.27,6.5,3.5,8.5,19.3,1,0,11.61,38.33,1,1,7.99,7.57,1,42.78,5.04,34.72,8.3,Crecimiento
05193,Rasueros,Ávila,avila,150,40.61,3.69,55.6,2100.0,0.62,2.96,22.96,-20.0,-13.79,-25.37,-55.88,-2.042,14242,587.6,26.5,0.0,0.0,26.5,1,0,10.17,29.74,0,0,4.96,13.04,0,0,10.58,55.8,-25.37,Alta
05191,Pradosegar,Ávila,avila,109,11.28,9.66,38.3,820.0,2.54,0.0,16.31,-16.31,0.0,-21.58,-36.26,-1.552,13615,594.04,9.3,0.0,74.8,93.5,1,0,8.42,34.24,0,0,7.47,22.85,0,0,21.93,31.81,-21.58,Alta
05162,Navalperal de Tormes,Ávila,avila,73,60.81,1.2,34.2,416.7,0.0,0.0,30.44,-30.44,-9.88,-25.51,-48.95,-1.88,13215,1157.31,41.1,13.7,137.0,191.8,1,0,12.96,60.15,0,0,9.06,13.67,0,0,9.43,56.47,-25.51,Alta
05110,Lanzahíta,Ávila,avila,771,33.63,22.93,31.4,226.5,5.1,6.34,17.87,-11.53,-4.93,-14.81,-15.18,-0.609,10840,293.48,23.3,6.1,17.2,46.6,0,0,1.62,54.47,1,0,1.56,12.88,1,66.15,1.62,49.21,-14.81,Media
05044,Cabezas del Villar,Ávila,avila,217,109.93,1.97,44.1,526.3,2.51,0.51,39.43,-38.91,-15.56,-16.86,-56.34,-2.134,12624,391.92,22.0,4.4,8.8,35.2,1,0,14.3,42.87,0,0,18.66,21.97,0,0,8.63,43.0,-16.86,Alta
05219,San Pascual,Ávila,avila,44,18.59,2.37,22.7,142.9,13.64,5.05,20.2,-15.15,12.82,2.33,-21.43,-0.924,15197,1344.7,0.0,0.0,22.7,22.7,1,0,15.51,17.36,0,0,9.39,17.43,0,0,9.78,33.26,2.33,Crecimiento
05116,Malpartida de Corneja,Ávila,avila,89,19.05,4.67,60.0,771.4,0.0,0.0,29.96,-29.96,-7.29,-27.64,-56.59,-2.195,13386,691.89,,,,,1,0,6.1,56.66,0,0,6.22,6.43,0,0,5.8,55.1,-27.64,Alta
05225,Santa María del Berrocal,Ávila,avila,372,28.31,13.14,38.7,327.3,5.26,3.58,16.43,-12.84,-4.12,-4.86,-31.49,-1.411,14084,309.35,16.1,8.1,10.8,34.9,1,0,9.52,53.11,0,0,9.61,9.82,0,0,9.37,60.0,-4.86,Leve
05029,Bernuy-Zapardiel,Ávila,avila,79,19.76,4.0,46.9,1900.0,0.0,4.22,43.6,-39.38,-18.56,-39.69,-64.57,-2.339,15197,848.94,24.7,0.0,0.0,24.7,1,0,5.61,20.42,0,0,4.55,4.55,0,0,4.81,45.44,-39.69,Alta
05075,Fresnedilla,Ávila,avila,92,24.5,3.76,47.9,409.1,1.02,1.21,35.02,-33.82,-14.02,-29.77,-8.91,0.201,,713.19,21.3,0.0,117.0,159.6,1,0,8.62,45.44,0,0,7.02,6.99,1,543.48,2.78,40.31,-29.77,Alta
05181,Pascualcobo,Ávila,avila,38,16.12,2.36,55.3,0.0,0.0,0.0,14.62,-14.62,-11.63,-2.56,-29.63,-0.698,14437,1726.18,26.3,0.0,0.0,26.3,1,0,20.8,48.41,0,0,19.06,21.06,0,0,3.34,47.67,-2.56,Leve
05076,"Fresno, El",Ávila,avila,579,12.61,45.92,20.8,113.1,2.65,6.72,10.75,-4.03,-0.52,-3.66,17.68,1.161,12853,270.32,6.9,3.4,12.0,22.3,1,0,5.31,5.31,1,0,0.81,5.49,0,0,5.07,4.58,-3.66,Leve
05090,Gutierre-Muñoz,Ávila,avila,63,22.13,2.85,42.9,1350.0,4.62,1.76,17.64,-15.87,-16.0,-30.0,-52.27,-2.139,15197,1026.39,31.7,0.0,0.0,31.7,1,0,9.26,10.97,0,0,9.79,10.66,0,0,11.8,41.06,-30.0,Alta
05101,Hoyocasero,Ávila,avila,294,52.42,5.61,42.4,961.5,2.9,2.27,17.76,-15.5,4.63,-20.33,-19.67,-1.041,16134,314.07,23.7,3.4,27.1,57.6,1,0,14.16,34.51,0,0,6.65,24.8,0,0,14.84,30.37,-20.33,Alta
05180,"Parral, El",Ávila,avila,64,10.87,5.89,52.3,1700.0,1.54,1.74,34.72,-32.99,3.23,-18.99,-51.52,-2.352,14437,912.66,15.4,0.0,0.0,15.4,1,0,10.08,29.44,0,0,8.71,15.74,0,0,6.26,32.07,-18.99,Alta
05229,Santo Domingo de las Posadas,Ávila,avila,71,13.33,5.33,40.8,966.7,1.43,0.0,17.21,-17.21,2.9,-8.97,-15.48,-0.938,15197,920.18,14.1,0.0,0.0,28.2,1,0,15.91,15.91,0,0,5.68,16.05,0,0,10.08,22.96,-8.97,Media
05179,Papatrigo,Ávila,avila,215,20.98,10.25,39.4,322.2,3.17,2.07,25.32,-23.26,-5.29,-15.02,-38.04,-1.415,13401,469.16,18.1,0.0,0.0,18.1,1,0,8.87,22.92,0,0,7.87,12.89,0,0,9.97,31.83,-15.02,Alta
05197,Salobral,Ávila,avila,109,7.54,14.46,30.6,226.7,3.77,4.08,15.29,-11.21,-2.68,-0.91,-14.17,-0.599,15100,620.63,9.0,9.0,9.0,27.0,1,0,10.19,10.19,0,0,4.85,10.38,0,0,9.85,8.42,-0.91,Leve
05067,Chamartín,Ávila,avila,61,15.43,3.95,22.2,466.7,0.0,1.82,32.79,-30.97,-17.57,-33.7,-46.49,-1.732,14437,1102.64,,,,,1,0,6.66,22.9,0,0,2.45,22.49,0,0,5.65,24.32,-33.7,Alta
05905,Villanueva de Ávila,Ávila,avila,202,21.18,9.54,46.0,4650.0,3.96,0.55,27.5,-26.95,-6.91,-15.48,-59.36,-1.764,16809,366.64,14.9,5.0,54.5,74.3,1,0,4.23,32.37,0,0,5.71,11.15,0,0,6.13,27.09,-15.48,Alta
05062,Collado de Contreras,Ávila,avila,147,18.42,7.98,43.0,1280.0,6.12,0.0,31.75,-31.75,-8.12,-23.44,-45.35,-1.877,16276,439.26,20.1,0.0,0.0,20.1,1,0,5.22,25.87,0,0,3.71,6.31,0,0,3.59,36.75,-23.44,Alta
05041,Burgohondo,Ávila,avila,1269,55.22,22.98,31.1,200.0,9.55,5.69,14.97,-9.28,7.54,3.34,5.75,0.049,12140,129.99,12.6,7.1,41.6,62.1,0,0,0.0,29.94,1,0,3.65,6.96,1,43.34,3.65,24.59,3.34,Crecimiento
05099,Horcajo de las Torres,Ávila,avila,425,47.26,8.99,38.4,465.7,0.68,2.88,22.22,-19.35,-14.31,-23.56,-46.47,-1.694,12735,308.49,14.1,2.4,4.7,21.2,1,0,10.14,32.85,0,0,9.39,19.04,0,0,8.75,61.87,-23.56,Alta
05106,Hoyos de Miguel Muñoz,Ávila,avila,24,11.86,2.02,33.3,800.0,0.0,0.0,27.78,-27.78,-11.11,-31.43,-55.56,-2.028,13215,2432.6,0.0,0.0,83.3,83.3,1,0,5.71,42.94,0,0,9.52,20.38,0,0,9.04,38.83,-31.43,Alta
05189,Poyales del Hoyo,Ávila,avila,498,3.38,147.34,33.5,293.0,11.79,2.45,18.74,-16.29,8.73,-10.59,-28.65,-1.34,11597,262.7,14.0,6.0,46.1,68.1,1,0,1.99,65.77,1,0,0.52,7.02,0,0,6.65,60.99,-10.59,Media
05135,Muñana,Ávila,avila,499,33.57,14.86,26.9,174.0,11.85,6.01,16.25,-10.24,34.5,14.71,-13.37,-1.115,13231,306.59,4.0,4.0,16.1,24.1,0,0,0.0,27.56,1,0,1.29,27.75,0,0,15.35,26.08,14.71,Crecimiento
05108,Junciana,Ávila,avila,40,15.0,2.67,32.5,325.0,7.5,2.78,41.67,-38.89,14.29,-24.53,-60.4,-2.911,13386,1598.16,50.0,0.0,0.0,50.0,1,0,6.92,57.77,0,0,7.38,7.39,0,0,7.34,75.51,-24.53,Alta
05220,San Pedro del Arroyo,Ávila,avila,516,18.53,27.85,23.7,148.8,10.98,5.38,10.98,-5.6,22.27,13.41,4.67,-0.255,13220,398.12,11.7,3.9,3.9,21.4,0,0,0.0,21.15,1,0,1.24,17.77,0,0,8.85,25.33,13.41,Crecimiento
05134,Moraleja de Matacabras,Ávila,avila,55,14.9,3.69,39.3,314.3,0.0,4.04,6.06,-2.02,12.24,17.02,-28.57,-1.257,15197,1164.2,17.9,0.0,17.9,35.7,1,0,4.85,20.34,0,0,5.04,20.19,0,0,13.19,60.86,17.02,Crecimiento
05086,Gimialcón,Ávila,avila,73,19.03,3.84,41.1,1500.0,1.32,3.04,24.35,-21.31,-2.67,-14.12,-36.52,-1.523,15197,848.35,13.7,0.0,0.0,13.7,1,0,7.15,39.94,0,0,4.97,7.48,0,0,7.84,46.5,-14.12,Media
05007,Aldeanueva de Santa Cruz,Ávila,avila,100,8.47,11.81,44.1,642.9,0.99,1.11,24.44,-23.33,-14.53,-18.7,-48.19,-1.919,11756,609.38,19.6,0.0,19.6,39.2,1,0,8.24,66.27,0,0,7.47,8.11,0,0,8.63,65.83,-18.7,Alta
05210,San Juan de la Encinilla,Ávila,avila,70,17.36,4.03,53.6,1233.3,7.14,3.17,41.27,-38.1,-12.5,-22.22,-46.56,-1.857,15197,953.91,29.0,0.0,0.0,29.0,1,0,4.7,21.72,0,0,4.22,16.71,0,0,6.25,26.91,-22.22,Alta
05058,Cepeda la Mora,Ávila,avila,63,31.36,2.01,34.4,1100.0,1.49,0.0,33.51,-33.51,-14.86,-25.88,-57.43,-2.17,13215,1058.25,46.9,0.0,31.2,78.1,1,0,11.7,37.21,0,0,10.85,23.52,0,0,14.47,33.43,-25.88,Alta
05249,Umbrías,Ávila,avila,100,11.68,8.56,26.2,337.5,1.0,6.67,26.67,-20.0,4.17,-14.53,-40.12,-1.668,13400,1018.95,19.4,9.7,271.8,301.0,1,0,6.17,67.76,0,0,5.63,6.02,0,0,5.52,79.43,-14.53,Media
05125,Mengamuñoz,Ávila,avila,60,11.73,5.12,27.9,141.7,0.0,0.0,16.67,-16.67,-1.64,-4.76,-17.81,-0.776,14437,1051.05,16.4,16.4,16.4,49.2,1,0,11.39,31.52,0,0,10.1,26.65,0,0,16.96,28.18,-4.76,Leve
05018,Avellaneda,Ávila,avila,23,10.22,2.25,13.0,0.0,0.0,0.0,19.32,-19.32,-11.54,-20.69,-37.84,-1.407,13386,2484.52,0.0,0.0,87.0,87.0,1,0,9.84,65.12,0,0,8.77,9.65,0,0,10.23,62.03,-20.69,Alta
05036,"Bohodón, El",Ávila,avila,104,22.06,4.71,41.3,2150.0,3.57,0.0,29.91,-29.91,-11.11,-19.38,-47.74,-1.75,13404,750.05,19.2,0.0,9.6,28.8,1,0,13.35,15.19,0,0,7.38,15.28,0,0,8.06,35.44,-19.38,Alta
05901,San Juan de Gredos,Ávila,avila,219,95.89,2.28,42.0,920.0,0.88,1.01,23.34,-22.32,-11.34,-24.74,-45.11,-1.826,15690,597.98,36.5,9.1,95.9,146.1,1,0,12.13,60.71,0,0,8.89,14.72,0,0,9.49,56.57,-24.74,Alta
05240,Sotillo de la Adrada,Ávila,avila,5081,43.21,117.59,21.5,107.9,15.82,6.93,8.99,-2.06,9.2,9.22,42.13,1.459,10720,97.26,7.9,3.0,7.1,19.2,0,0,1.37,39.67,1,1,0.92,1.08,1,26.96,0.98,34.8,9.22,Crecimiento
05133,Monsalupe,Ávila,avila,64,17.68,3.62,40.6,433.3,1.69,0.0,27.78,-27.78,3.23,-11.11,-34.02,-1.272,15197,916.14,,,,,1,0,6.99,15.03,0,0,4.83,14.65,0,0,3.8,20.28,-11.11,Media
05083,Gemuño,Ávila,avila,147,17.16,8.57,38.8,285.0,2.07,3.02,23.43,-20.41,-3.29,-13.02,-32.57,-1.303,15750,424.17,13.6,0.0,0.0,13.6,1,0,9.25,9.25,0,0,3.73,9.41,0,0,8.94,5.84,-13.02,Media
05002,"Adrada, La",Ávila,avila,2853,58.61,48.68,22.1,116.4,10.19,6.31,8.65,-2.34,12.37,8.07,45.71,1.529,11531,140.09,10.8,5.2,22.0,39.8,1,0,6.42,37.81,1,1,1.92,2.35,0,0,3.51,32.69,8.07,Crecimiento
05233,Serranillos,Ávila,avila,247,20.72,11.92,36.7,435.0,13.89,1.35,22.49,-21.14,1.65,-5.73,-40.48,-1.661,12108,310.71,33.8,0.0,16.9,50.6,1,0,12.51,39.49,0,0,6.8,19.47,0,0,9.51,34.37,-5.73,Media
05119,Manjabálago y Ortigosa de Rioalmar,Ávila,avila,22,16.99,1.29,54.5,1200.0,4.35,0.0,35.35,-35.35,-8.33,-35.29,-68.57,-2.539,14437,3500.42,,,,,1,0,4.46,31.56,0,0,8.27,27.54,0,0,8.23,31.6,-35.29,Alta
05198,Salvadiós,Ávila,avila,67,20.36,3.29,49.2,1600.0,1.43,3.32,23.22,-19.9,-2.9,-16.25,-45.53,-1.815,15197,936.02,30.8,15.4,30.8,76.9,1,0,9.92,34.76,0,0,7.7,10.39,0,0,8.94,44.65,-16.25,Alta
05128,Mingorría,Ávila,avila,422,30.65,13.77,27.9,207.0,7.62,3.69,14.74,-11.06,13.14,3.69,-19.16,-1.055,15357,307.17,9.5,4.7,11.8,26.0,1,0,12.93,12.93,1,0,4.17,12.87,0,0,5.81,19.71,3.69,Crecimiento
05129,"Mirón, El",Ávila,avila,93,31.04,3.0,62.4,5800.0,6.12,2.39,28.67,-26.28,-21.19,-30.6,-62.5,-2.396,13386,805.68,10.8,0.0,0.0,10.8,1,0,11.23,51.22,0,0,11.33,11.55,0,0,10.99,58.97,-30.6,Alta
05221,Santa Cruz del Valle,Ávila,avila,295,67.72,4.36,41.7,683.3,1.31,1.51,28.63,-27.12,-11.14,-23.38,-52.65,-2.018,11371,359.46,30.5,0.0,13.6,44.1,1,0,5.98,57.84,0,0,5.77,5.7,0,0,6.15,52.75,-23.38,Alta
05139,Muñogrande,Ávila,avila,76,16.14,4.71,41.2,660.0,0.0,2.92,19.01,-16.08,8.57,20.63,-28.97,-1.457,14437,1431.51,0.0,12.5,0.0,12.5,1,0,7.97,28.41,0,0,6.88,13.85,0,0,6.87,31.65,20.63,Crecimiento
05115,Maello,Ávila,avila,713,65.26,10.93,31.0,320.0,14.35,4.05,13.4,-9.35,20.85,10.2,10.54,-0.047,14639,239.15,22.1,4.1,23.5,49.8,1,0,12.33,21.86,0,0,7.74,22.19,0,0,15.45,28.68,10.2,Crecimiento
05168,"Navas del Marqués, Las",Ávila,avila,5670,98.08,57.81,19.9,84.1,19.13,8.25,8.31,-0.06,10.18,4.61,32.72,0.933,11014,68.6,4.8,1.9,7.4,15.7,0,0,4.59,27.32,1,1,2.95,4.69,1,5.11,4.13,27.78,4.61,Crecimiento
05157,Navalacruz,Ávila,avila,192,49.83,3.85,41.2,1142.9,4.29,1.74,19.1,-17.36,-15.04,-25.87,-38.66,-1.102,18362,428.35,15.5,5.2,25.8,46.4,1,0,16.22,32.42,0,0,6.83,23.67,0,0,13.36,28.32,-25.87,Alta
05124,Medinilla,Ávila,avila,79,22.85,3.46,53.2,2100.0,10.26,0.0,56.26,-56.26,-13.19,-29.46,-62.38,-2.334,13386,911.89,38.0,0.0,25.3,63.3,1,0,11.88,52.94,0,0,3.97,12.35,0,0,10.81,76.89,-29.46,Alta
05246,Tórtoles,Ávila,avila,37,20.75,1.78,60.5,2300.0,10.53,0.0,66.07,-66.07,-19.57,-42.19,-70.63,-2.675,13386,1614.6,0.0,0.0,157.9,157.9,1,0,17.33,48.48,0,0,17.44,17.59,0,0,6.73,47.34,-42.19,Alta
05266,Zapardiel de la Cañada,Ávila,avila,83,40.28,2.06,56.6,2350.0,1.19,0.0,28.11,-28.11,-8.79,-20.19,-55.38,-2.084,14437,758.94,24.1,0.0,12.0,36.1,1,0,16.72,49.1,0,0,16.84,17.02,0,0,6.91,51.77,-20.19,Alta
05030,Berrocalejo de Aragona,Ávila,avila,55,9.0,6.11,29.1,177.8,0.0,2.02,10.1,-8.08,12.24,7.84,14.58,0.08,14437,964.5,0.0,18.2,72.7,90.9,1,0,8.92,8.92,0,0,8.56,9.28,0,0,7.86,14.59,7.84,Crecimiento
05143,Muñotello,Ávila,avila,50,19.92,2.51,50.0,0.0,2.04,4.44,24.44,-20.0,-13.79,-21.88,-60.94,-2.405,14437,1244.19,60.0,0.0,20.0,80.0,1,0,6.45,30.59,0,0,5.21,26.49,0,0,20.41,28.05,-21.88,Alta
05082,Gavilanes,Ávila,avila,523,29.13,17.95,38.0,355.4,3.02,3.61,25.71,-22.09,-7.1,-15.51,-28.16,-1.018,11803,307.72,13.4,9.5,21.0,43.9,1,0,8.93,45.12,0,0,4.52,19.8,0,0,4.59,39.81,-15.51,Alta
05903,Diego del Carpio,Ávila,avila,107,33.76,3.17,43.0,1150.0,1.89,1.04,47.77,-46.73,-15.08,-33.54,-65.59,-2.47,12384,887.68,18.7,0.0,0.0,18.7,1,0,22.47,43.3,0,0,13.26,22.82,0,0,3.86,53.56,-33.54,Alta
05138,Muñogalindo,Ávila,avila,299,18.75,15.95,33.8,336.7,3.33,2.6,19.7,-17.09,-8.28,-20.05,-32.81,-1.328,14739,349.39,10.0,0.0,16.7,26.8,1,0,9.02,18.86,1,0,1.11,19.05,0,0,17.77,17.06,-20.05,Alta
05152,Nava de Arévalo,Ávila,avila,647,58.19,11.12,35.3,458.0,3.17,3.78,19.75,-15.97,-9.89,-19.23,-34.38,-1.327,15710,344.77,13.9,0.0,1.5,15.4,1,0,6.0,7.52,1,0,2.31,7.88,0,0,4.34,43.94,-19.23,Alta
05136,Muñico,Ávila,avila,77,13.26,5.81,31.6,250.0,1.25,0.0,25.97,-25.97,-10.47,-30.63,-44.6,-1.768,14437,1066.13,50.6,0.0,50.6,101.3,0,0,1.12,29.8,0,0,5.21,25.29,0,0,3.71,30.58,-30.63,Alta
05080,Gallegos de Sobrinos,Ávila,avila,42,43.21,0.97,51.2,2100.0,2.27,5.29,26.46,-21.16,5.0,-25.0,-61.11,-2.564,14437,1867.97,0.0,0.0,48.8,48.8,1,0,9.73,38.27,0,0,14.09,23.04,0,0,11.95,38.48,-25.0,Alta
05001,Adanero,Ávila,avila,207,31.38,6.6,30.4,361.1,14.88,1.61,15.57,-13.96,-1.9,-10.39,-39.3,-1.988,14143,372.25,18.7,4.7,23.4,56.1,1,0,14.67,16.19,0,0,5.64,15.75,0,0,16.88,39.28,-10.39,Media
05089,Guisando,Ávila,avila,458,37.34,12.27,35.9,638.5,2.72,1.46,20.38,-18.92,-10.2,-14.23,-28.88,-1.1,14298,343.64,19.4,19.4,43.2,82.1,1,0,3.52,60.95,0,0,4.96,5.08,0,0,4.65,56.25,-14.23,Media
05194,Riocabado,Ávila,avila,129,19.75,6.53,34.6,750.0,2.4,1.72,23.26,-21.53,-5.84,-14.0,-37.07,-1.559,17067,463.1,15.4,7.7,7.7,30.8,1,0,8.02,22.48,0,0,7.51,16.98,0,0,5.94,28.24,-14.0,Media
05100,"Hornillo, El",Ávila,avila,263,24.19,10.87,43.5,814.3,1.79,2.11,27.88,-25.77,-5.05,-17.03,-36.01,-1.493,14693,352.24,11.5,7.6,42.0,61.1,1,0,8.5,56.3,0,0,3.28,6.83,0,0,6.43,51.69,-17.03,Alta
05066,Cuevas del Valle,Ávila,avila,506,19.15,26.42,33.5,305.4,4.25,2.85,14.27,-11.42,6.53,-1.94,-20.94,-0.902,12804,279.44,13.7,11.7,33.3,58.7,1,0,9.61,48.49,0,0,2.64,10.41,0,0,1.62,43.67,-1.94,Leve
05059,Cillán,Ávila,avila,84,14.16,5.93,41.0,850.0,7.69,2.65,33.07,-30.42,-4.55,-23.64,-42.47,-1.824,14437,799.43,24.1,0.0,36.1,60.2,1,0,3.67,27.51,1,0,5.21,27.47,0,0,7.34,27.59,-23.64,Alta
05077,Fuente el Saúz,Ávila,avila,146,9.8,14.9,42.5,516.7,3.29,2.28,22.83,-20.55,-8.18,-19.78,-52.29,-2.014,11855,461.98,13.7,0.0,13.7,27.4,1,0,7.75,17.51,0,0,6.95,6.95,0,0,7.2,44.74,-19.78,Alta
05187,Piedralaves,Ávila,avila,2183,55.19,39.55,25.8,172.4,6.51,4.63,12.27,-7.63,5.46,-1.13,3.85,0.008,11441,119.81,16.3,8.2,17.7,44.9,1,0,8.58,36.02,1,0,1.21,7.7,1,30.23,1.85,30.72,-1.13,Leve
05264,Viñegra de Moraña,Ávila,avila,49,10.24,4.79,49.1,650.0,3.85,0.0,20.41,-20.41,-7.55,0.0,-45.56,-2.06,15197,1266.36,,,,,1,0,8.01,28.12,0,0,3.93,9.18,0,0,3.81,34.1,0.0,Leve
05064,Constanzana,Ávila,avila,104,26.81,3.88,45.2,587.5,3.03,1.07,12.82,-11.75,-0.95,-10.34,-44.68,-1.889,15197,837.68,9.6,0.0,0.0,9.6,1,0,6.77,19.41,0,0,6.81,6.81,0,0,6.93,39.62,-10.34,Media
05260,Villanueva del Campillo,Ávila,avila,107,45.93,2.33,32.7,583.3,0.0,0.0,18.69,-18.69,5.94,7.0,-46.77,-2.035,15101,591.33,28.0,9.3,18.7,56.1,1,0,14.92,42.46,0,0,14.88,17.84,0,0,12.62,40.92,7.0,Crecimiento
05130,Mironcillo,Ávila,avila,110,15.21,7.23,38.4,477.8,0.0,4.04,17.17,-13.13,3.77,8.91,-20.29,-1.026,14907,841.29,26.8,0.0,17.9,44.6,1,0,14.44,14.44,0,0,7.15,14.61,0,0,11.68,10.59,8.91,Crecimiento
05088,Grandes y San Martín,Ávila,avila,34,11.58,2.94,30.3,333.3,0.0,0.0,19.61,-19.61,36.0,13.33,-30.61,-1.753,14437,2251.09,,,,,1,0,8.43,25.97,0,0,6.43,18.86,0,0,4.86,28.28,13.33,Crecimiento
05237,Solana de Rioalmar,Ávila,avila,141,37.09,3.8,39.4,560.0,0.0,2.36,31.52,-29.16,-6.62,-23.78,-52.68,-2.192,14446,453.48,21.1,0.0,0.0,21.1,1,0,3.95,29.48,0,0,5.4,21.93,1,198.58,0.97,30.86,-23.78,Alta
05078,Fuentes de Año,Ávila,avila,90,19.98,4.5,53.8,2450.0,0.0,0.0,18.52,-18.52,-5.26,-28.57,-53.61,-2.109,15197,728.89,11.0,0.0,0.0,11.0,1,0,10.0,16.44,0,0,8.41,11.04,0,0,8.55,50.45,-28.57,Alta
05074,Fontiveros,Ávila,avila,715,36.37,19.66,36.7,341.6,3.3,5.13,17.56,-12.43,-4.54,-7.14,-30.72,-1.21,14233,245.63,8.4,7.0,5.6,23.7,0,0,0.0,25.04,1,1,1.22,1.22,1,67.13,1.01,41.97,-7.14,Media
05061,"Colilla, La",Ávila,avila,375,11.24,33.36,15.4,77.3,4.58,8.3,9.48,-1.19,11.94,13.29,68.92,3.183,12944,277.18,8.0,8.0,8.0,23.9,1,0,5.18,5.22,0,0,3.07,5.4,0,0,4.61,6.49,13.29,Crecimiento
05177,Pajares de Adaja,Ávila,avila,123,23.21,5.3,41.5,675.0,9.49,2.71,27.1,-24.39,-10.87,-35.6,-37.24,-1.236,15597,605.76,23.1,7.7,123.1,153.8,1,0,14.97,16.78,0,0,6.1,16.56,0,0,14.04,35.13,-35.6,Alta
05211,San Juan de la Nava,Ávila,avila,422,60.7,6.95,33.8,408.6,0.23,2.9,21.33,-18.43,-8.06,-18.53,-39.28,-1.494,10849,331.75,11.8,4.7,0.0,16.5,1,0,13.34,17.25,0,0,5.76,8.65,0,0,5.92,11.97,-18.53,Alta
05263,Villatoro,Ávila,avila,150,55.96,2.68,42.5,590.9,3.12,0.74,24.44,-23.7,-4.46,-18.48,-36.17,-1.471,14003,436.81,32.7,6.5,45.8,85.0,1,0,10.79,36.84,0,0,9.94,20.24,0,0,19.99,34.35,-18.48,Alta
05053,Casasola,Ávila,avila,67,18.34,3.65,58.0,1000.0,0.0,1.66,54.73,-53.07,-8.22,-14.1,-58.39,-2.255,14437,1174.46,14.5,0.0,0.0,14.5,1,0,10.64,10.83,0,0,8.34,10.65,0,0,9.93,12.3,-14.1,Media
05016,Arévalo,Ávila,avila,7851,45.67,171.91,22.6,125.4,5.62,6.75,9.54,-2.79,-1.37,-3.93,5.44,0.267,13421,66.75,7.5,2.5,4.4,15.4,1,1,0.0,1.88,1,1,1.95,1.96,1,6.24,2.87,48.67,-3.93,Leve
05097,"Horcajada, La",Ávila,avila,434,46.47,9.34,41.7,520.0,0.88,4.35,24.83,-20.48,-10.7,-17.33,-45.68,-1.704,12372,306.47,18.3,0.0,29.8,48.2,1,0,10.47,57.67,1,0,1.27,10.75,0,0,11.16,66.55,-17.33,Alta
05227,Santa María del Tiétar,Ávila,avila,582,11.94,48.74,20.9,104.3,19.57,4.2,10.88,-6.68,30.2,10.65,44.78,1.119,11723,259.8,13.8,6.9,8.6,34.5,1,0,3.13,39.47,1,0,0.1,3.97,0,0,2.86,34.89,10.65,Crecimiento
05132,Mombeltrán,Ávila,avila,922,11.73,78.6,36.4,339.4,2.84,2.53,28.68,-26.15,-2.12,-21.26,-21.13,-0.823,12161,284.49,11.9,7.6,29.3,48.8,0,0,5.85,58.48,0,0,5.79,14.08,1,132.32,5.86,53.19,-21.26,Alta
05171,Neila de San Miguel,Ávila,avila,66,7.88,8.38,47.0,1033.3,0.0,0.0,37.04,-37.04,-1.49,-9.59,-44.07,-1.861,13386,909.21,15.2,0.0,45.5,60.6,1,0,9.51,54.69,0,0,7.73,10.08,0,0,7.41,82.44,-9.59,Media
05056,Castellanos de Zapardiel,Ávila,avila,106,12.68,8.36,35.5,760.0,1.79,2.1,15.72,-13.63,12.77,9.28,-29.33,-1.278,17542,631.01,9.3,0.0,0.0,9.3,1,0,7.63,15.83,0,0,7.71,16.26,0,0,8.13,55.9,9.28,Crecimiento
05131,Mirueña de los Infanzones,Ávila,avila,86,31.17,2.76,41.4,1800.0,1.05,0.0,27.13,-27.13,-8.51,-12.24,-54.5,-2.091,14437,715.26,23.0,0.0,0.0,23.0,1,0,5.34,33.72,0,0,9.11,21.49,0,0,5.63,34.71,-12.24,Media
05145,Narrillos del Rebollar,Ávila,avila,34,17.39,1.96,51.5,0.0,0.0,0.0,42.48,-42.48,-20.93,-39.29,-54.67,-1.838,14437,,30.3,0.0,0.0,30.3,1,0,6.28,22.8,0,0,3.27,22.68,0,0,7.79,23.27,-39.29,Alta
05244,Tormellas,Ávila,avila,35,9.21,3.8,68.6,0.0,0.0,0.0,44.44,-44.44,-5.41,-36.36,-66.98,-2.733,13386,2149.0,0.0,0.0,142.9,142.9,1,0,5.65,70.12,0,0,5.1,5.2,0,0,5.11,74.96,-36.36,Alta
05212,San Juan del Molinillo,Ávila,avila,238,35.75,6.66,41.8,625.0,0.42,1.4,24.74,-23.34,21.43,4.85,-31.41,-1.802,13303,496.16,50.2,0.0,0.0,50.2,1,0,10.27,23.43,0,0,5.94,12.53,0,0,1.83,18.47,4.85,Crecimiento
05055,Casillas,Ávila,avila,673,11.95,56.32,33.0,274.1,13.45,2.64,18.99,-16.34,5.16,-4.4,-17.63,-1.005,11683,309.11,16.4,3.0,7.4,26.8,1,0,4.26,36.63,0,0,3.03,4.98,0,0,4.12,32.0,-4.4,Leve
05170,Navatejares,Ávila,avila,48,11.07,4.34,52.1,1250.0,4.0,2.31,20.83,-18.52,-5.88,-11.11,-50.0,-1.739,13386,1778.4,20.8,0.0,291.7,312.5,1,0,4.68,68.47,0,0,4.06,4.34,0,0,4.01,76.69,-11.11,Media
05025,Becedillas,Ávila,avila,70,19.84,3.53,48.6,1133.3,0.0,0.0,31.75,-31.75,-12.5,-32.04,-55.97,-2.259,13386,1206.71,14.3,0.0,0.0,14.3,1,0,10.19,53.32,0,0,10.3,10.48,0,0,9.8,51.55,-32.04,Alta
05008,Aldeaseca,Ávila,avila,211,24.21,8.72,40.3,326.9,0.49,4.21,23.17,-18.96,-7.46,-19.47,-37.39,-1.463,12093,382.03,4.7,0.0,0.0,4.7,1,0,6.7,6.7,0,0,6.93,7.28,1,142.18,1.69,49.99,-19.47,Alta
05185,Peñalba de Ávila,Ávila,avila,104,23.49,4.43,34.6,276.9,2.83,2.14,18.16,-16.03,-0.95,-8.77,-20.61,-0.792,12910,673.86,9.6,0.0,67.3,76.9,1,0,15.03,17.63,0,0,7.95,17.61,0,0,6.34,24.48,-8.77,Media
05012,Amavida,Ávila,avila,131,15.0,8.73,37.4,306.2,0.0,2.54,27.99,-25.45,3.15,-10.88,-33.84,-1.509,11746,558.09,7.6,7.6,38.2,53.4,1,0,4.41,31.51,0,0,3.79,26.06,0,0,18.55,29.61,-10.88,Media
05186,Piedrahíta,Ávila,avila,1637,28.64,57.16,33.2,265.7,4.71,4.62,18.73,-14.12,-9.16,-13.11,-24.53,-0.863,13972,166.14,16.9,7.9,21.1,48.3,0,0,1.21,57.17,1,1,1.32,1.54,1,120.95,0.96,54.64,-13.11,Media
05093,Herradón de Pinares,Ávila,avila,526,48.34,10.88,27.3,215.7,20.08,6.55,13.31,-6.76,25.54,-4.19,4.37,-0.37,12278,306.76,12.6,3.6,19.9,36.1,1,0,13.24,13.24,0,0,12.29,13.12,0,0,7.12,11.87,-4.19,Leve
05079,Gallegos de Altamiros,Ávila,avila,61,20.44,2.98,39.3,480.0,0.0,7.29,36.43,-29.14,-7.58,-15.28,-37.11,-1.544,14437,1347.12,0.0,0.0,16.4,16.4,1,0,9.92,19.33,0,0,5.56,18.92,0,0,9.2,20.86,-15.28,Alta
05182,Pedro Bernardo,Ávila,avila,743,68.93,10.78,41.6,445.8,6.73,4.04,29.91,-25.87,-5.59,-19.33,-42.36,-1.64,12658,277.89,19.4,7.8,24.6,54.4,1,0,4.41,48.86,0,0,4.36,15.4,1,156.12,0.76,43.6,-19.33,Alta
05103,Hoyorredondo,Ávila,avila,57,17.2,3.31,43.9,1250.0,1.64,0.0,44.83,-44.83,-6.56,-25.97,-53.28,-2.129,13386,1474.73,0.0,17.5,70.2,87.7,1,0,7.34,58.22,0,0,5.71,7.48,0,0,7.48,61.51,-25.97,Alta
05245,Tornadizos de Ávila,Ávila,avila,458,95.36,4.8,19.5,112.3,5.11,7.28,14.56,-7.28,9.57,6.02,29.38,0.995,13990,288.13,2.1,0.0,12.9,15.0,1,0,7.33,7.33,0,0,6.96,7.2,1,183.41,1.76,7.54,6.02,Crecimiento
05148,Narros del Puerto,Ávila,avila,26,10.36,2.51,48.0,1200.0,0.0,0.0,21.37,-21.37,13.04,-3.7,-46.94,-2.16,14437,3814.64,120.0,0.0,40.0,160.0,1,0,7.1,27.89,0,0,5.85,28.07,0,0,17.42,25.09,-3.7,Leve
05127,Mijares,Ávila,avila,718,46.9,15.31,37.4,282.1,6.58,2.79,18.72,-15.94,3.46,-6.39,-26.81,-1.133,11820,246.65,19.6,2.8,26.5,48.9,1,0,12.19,42.57,1,0,2.44,16.87,0,0,6.18,37.23,-6.39,Media
05081,Garganta del Villar,Ávila,avila,37,18.17,2.04,35.1,433.3,2.56,0.0,39.04,-39.04,-5.13,-7.5,-51.32,-1.889,13215,1802.49,27.0,0.0,0.0,27.0,1,0,10.04,41.84,0,0,12.06,17.4,0,0,11.46,38.46,-7.5,Media
05104,Hoyos del Collado,Ávila,avila,28,9.87,2.84,42.9,600.0,3.45,0.0,31.75,-31.75,-15.15,-15.15,-42.86,-1.484,13215,2086.98,0.0,0.0,107.1,107.1,1,0,5.85,53.09,0,0,2.38,14.98,0,0,2.44,49.29,-15.15,Alta
05102,"Hoyo de Pinares, El",Ávila,avila,2179,80.62,27.03,25.8,137.6,10.07,6.63,13.46,-6.83,2.35,-5.59,-7.63,-0.395,10412,216.46,11.4,2.7,4.6,18.8,1,0,9.54,32.37,1,0,5.26,9.26,1,11.01,4.67,31.06,-5.59,Media
05183,Pedro-Rodríguez,Ávila,avila,131,14.06,9.32,41.5,540.0,3.88,3.39,24.6,-21.2,-1.5,-17.09,-40.72,-1.84,14088,564.31,15.4,7.7,7.7,30.8,1,0,12.0,13.61,0,0,3.95,13.92,0,0,3.48,38.47,-17.09,Alta
05238,Solosancho,Ávila,avila,750,51.95,14.44,35.2,394.0,3.69,2.37,20.3,-17.93,-8.54,-17.13,-28.37,-1.109,13714,507.28,9.3,2.7,37.3,49.3,1,0,10.13,21.02,1,0,0.76,21.2,0,0,13.69,18.05,-17.13,Alta
05208,San Esteban de Zapardiel,Ávila,avila,40,12.97,3.08,55.0,2200.0,2.5,0.0,22.22,-22.22,0.0,-2.44,-42.86,-1.854,15197,1559.41,25.0,0.0,0.0,25.0,1,0,8.73,15.32,0,0,8.86,15.68,0,0,8.37,57.8,-2.44,Leve
05063,Collado del Mirón,Ávila,avila,18,4.84,3.72,57.9,0.0,0.0,0.0,80.25,-80.25,-41.94,-48.57,-79.07,-2.668,13386,3336.16,,,,,1,0,10.46,52.7,0,0,10.58,10.79,0,0,10.15,55.67,-48.57,Alta
05045,Cabizuela,Ávila,avila,89,19.15,4.65,33.3,214.3,2.25,4.99,21.22,-16.23,12.66,-9.18,-40.67,-1.836,15197,715.02,11.1,0.0,0.0,11.1,1,0,13.21,18.51,0,0,8.78,13.83,0,0,7.66,34.48,-9.18,Media
05228,Santiago del Collado,Ávila,avila,161,42.63,3.78,53.0,1450.0,0.6,2.07,23.46,-21.39,-5.29,-12.02,-42.29,-1.762,12504,828.84,6.1,0.0,12.2,18.3,1,0,3.84,59.64,0,0,3.73,3.6,0,0,4.24,56.76,-12.02,Media
05073,Flores de Ávila,Ávila,avila,262,42.99,6.09,40.1,477.3,0.0,2.97,21.2,-18.24,-11.19,-18.12,-39.63,-1.5,16778,434.79,19.1,0.0,0.0,19.1,1,0,10.44,33.01,0,0,7.61,10.2,0,0,10.09,49.66,-18.12,Alta
05114,Madrigal de las Altas Torres,Ávila,avila,1281,106.69,12.01,33.2,377.0,1.61,4.42,19.0,-14.57,-8.43,-15.94,-35.47,-1.392,12101,150.79,13.2,3.9,2.3,19.5,0,0,2.46,25.47,1,0,2.51,19.6,0,0,13.93,62.04,-15.94,Alta
05195,Riofrío,Ávila,avila,188,65.46,2.87,46.1,1100.0,1.05,0.59,24.82,-24.23,-7.39,-19.31,-40.32,-1.715,15842,652.71,10.5,0.0,15.7,26.2,1,0,12.42,12.42,0,0,8.01,12.54,0,0,11.64,7.33,-19.31,Alta
05144,Narrillos del Álamo,Ávila,avila,56,29.31,1.91,35.7,1000.0,3.51,3.97,55.56,-51.59,-22.22,-34.12,-65.85,-2.49,14437,895.25,53.6,0.0,17.9,71.4,1,0,17.16,45.2,0,0,10.15,17.63,0,0,11.4,64.38,-34.12,Alta
05023,Barromán,Ávila,avila,174,20.01,8.7,35.6,885.7,0.57,0.64,12.77,-12.13,-5.95,-11.22,-32.3,-1.283,14537,428.95,11.5,0.0,0.0,11.5,1,0,6.56,17.68,0,0,6.56,13.94,0,0,9.63,54.26,-11.22,Media
05174,Orbita,Ávila,avila,70,14.37,4.87,31.9,328.6,5.63,0.0,15.87,-15.87,1.45,-12.5,-33.96,-1.425,15197,913.53,13.9,13.9,13.9,41.7,1,0,6.69,8.29,0,0,8.21,7.92,0,0,9.06,43.8,-12.5,Media
05126,Mesegar de Corneja,Ávila,avila,62,10.27,6.04,44.4,1400.0,0.0,1.79,43.01,-41.22,8.77,-17.33,-47.9,-1.944,13386,1011.37,31.7,0.0,15.9,47.6,1,0,15.42,49.52,0,0,15.53,15.68,0,0,8.28,48.2,-17.33,Alta
05216,San Martín del Pimpollar,Ávila,avila,221,45.59,4.85,36.7,368.2,2.28,3.02,17.09,-14.08,18.82,19.46,-32.62,-1.608,12192,386.92,36.2,22.6,63.3,122.2,1,0,8.55,41.6,0,0,8.95,18.99,0,0,9.14,37.18,19.46,Crecimiento
05231,San Vicente de Arévalo,Ávila,avila,171,16.1,10.62,32.7,400.0,3.01,3.25,18.19,-14.94,0.59,-10.0,-25.0,-1.168,14515,469.78,17.5,0.0,29.2,46.8,1,0,10.39,11.84,0,0,2.08,12.24,1,233.92,1.11,40.9,-10.0,Media
05163,Navaluenga,Ávila,avila,2135,73.45,29.07,33.6,240.1,9.37,4.68,14.31,-9.63,5.8,5.85,5.96,0.012,12474,118.84,20.6,3.7,38.8,64.5,1,0,6.11,27.94,1,1,1.86,2.05,1,27.17,2.45,22.66,5.85,Crecimiento
05048,Cantiveros,Ávila,avila,102,14.36,7.1,44.1,1125.0,1.01,4.36,32.68,-28.32,4.08,-19.05,-45.74,-2.152,15197,660.47,9.8,0.0,19.6,29.4,1,0,3.72,22.37,0,0,2.57,2.57,0,0,2.83,44.72,-19.05,Alta
05261,Villar de Corneja,Ávila,avila,31,6.87,4.51,45.2,0.0,2.78,0.0,43.01,-43.01,-11.43,-24.39,-59.74,-2.358,13386,2238.91,64.5,0.0,64.5,129.0,1,0,9.9,55.75,0,0,5.18,10.08,0,0,9.98,63.56,-24.39,Alta
05243,Tolbaños,Ávila,avila,87,51.95,1.67,25.0,183.3,4.44,5.11,24.27,-19.16,11.54,-8.42,-36.03,-1.465,14437,927.09,11.4,0.0,34.1,45.5,1,0,13.3,13.3,0,0,6.25,13.68,0,0,13.94,19.99,-8.42,Media
05173,Ojos-Albos,Ávila,avila,89,43.08,2.07,33.0,333.3,10.2,0.0,7.49,-7.49,17.11,32.84,36.92,2.063,14437,624.68,11.0,0.0,0.0,11.0,1,0,10.59,15.86,0,0,10.99,16.2,0,0,13.26,21.09,32.84,Crecimiento
05072,Espinosa de los Caballeros,Ávila,avila,104,19.37,5.37,26.4,121.7,7.07,0.0,9.62,-9.62,-7.14,1.96,-5.45,-0.216,15197,592.62,9.4,9.4,0.0,18.9,1,0,3.79,5.28,0,0,5.18,4.89,0,0,6.03,46.36,1.96,Crecimiento
05047,Candeleda,Ávila,avila,5003,213.66,23.42,27.6,183.9,6.6,5.4,14.7,-9.31,-0.44,-1.98,-2.19,-0.08,11667,84.15,11.4,7.4,49.2,69.0,0,0,4.03,71.45,1,1,4.15,4.31,1,23.19,4.24,67.0,-1.98,Leve
05218,San Miguel de Serrezuela,Ávila,avila,103,34.71,2.97,40.0,420.0,1.87,1.08,43.15,-42.07,-10.43,-24.82,-50.72,-1.99,11644,737.24,19.0,9.5,9.5,38.1,1,0,20.94,45.12,0,0,15.18,24.15,1,106.8,2.63,49.05,-24.82,Alta
05214,San Lorenzo de Tormes,Ávila,avila,32,14.49,2.21,38.7,0.0,6.67,3.47,17.36,-13.89,18.52,-23.81,-48.39,-1.934,13386,2443.22,0.0,32.3,32.3,64.5,1,0,2.33,63.33,0,0,2.64,2.55,0,0,3.0,71.87,-23.81,Alta
05205,Sanchorreja,Ávila,avila,77,35.27,2.18,36.7,966.7,1.27,0.0,23.09,-23.09,-7.23,-15.38,-45.39,-1.971,14437,834.04,12.7,12.7,12.7,38.0,1,0,12.23,16.08,0,0,8.59,15.85,0,0,12.74,17.2,-15.38,Alta
05142,Muñosancho,Ávila,avila,87,19.69,4.42,51.7,2250.0,0.0,0.0,12.77,-12.77,-4.4,-16.35,-47.9,-1.826,15197,974.62,11.5,0.0,11.5,23.0,1,0,5.71,29.96,0,0,5.82,5.82,0,0,5.64,45.02,-16.35,Alta
05014,Arenas de San Pedro,Ávila,avila,6460,197.77,32.66,28.7,188.1,6.0,4.99,13.3,-8.31,1.83,-3.16,-0.06,-0.058,12222,72.69,9.3,5.2,22.2,38.1,0,0,8.42,61.25,1,1,8.34,9.81,1,24.92,8.42,56.06,-3.16,Leve
05024,Becedas,Ávila,avila,146,32.17,4.54,49.3,1480.0,1.29,3.04,54.79,-51.75,-23.56,-38.14,-64.9,-2.403,13869,475.42,33.3,6.7,33.3,73.3,1,0,7.4,60.46,0,0,7.47,7.74,0,0,7.35,79.87,-38.14,Alta
05037,Bohoyo,Ávila,avila,205,73.78,2.78,47.5,692.9,4.19,2.17,35.23,-33.06,-11.64,-32.57,-54.65,-2.114,11868,457.83,14.7,14.7,44.1,73.5,1,0,7.17,71.01,0,0,6.71,6.72,0,0,6.95,71.28,-32.57,Alta
05165,Navarredonda de Gredos,Ávila,avila,451,78.72,5.73,26.8,195.2,6.61,6.41,15.77,-9.36,4.88,-4.65,-8.52,-0.401,15433,345.42,24.0,13.1,139.4,176.5,0,0,2.08,48.75,0,0,5.09,15.85,0,0,4.9,44.53,-4.65,Leve
05200,San Bartolomé de Corneja,Ávila,avila,32,7.35,4.35,53.1,850.0,0.0,0.0,41.67,-41.67,-27.27,-40.74,-69.81,-2.4,13386,2443.33,0.0,0.0,31.2,31.2,1,0,5.09,57.55,0,0,5.17,5.38,0,0,4.98,57.62,-40.74,Alta
05239,Sotalbo,Ávila,avila,234,90.35,2.59,23.0,305.6,9.2,2.37,18.99,-16.62,0.86,7.34,-12.36,-0.562,14528,,20.9,0.0,8.4,29.3,1,0,11.71,11.71,0,0,6.11,11.89,0,0,11.48,9.01,7.34,Crecimiento
05121,Martiherrero,Ávila,avila,372,22.76,16.34,22.4,145.6,5.28,5.08,8.36,-3.29,18.47,21.17,85.07,3.013,14725,304.69,5.4,8.1,24.3,37.7,1,0,8.37,8.66,0,0,7.27,8.14,0,0,7.59,11.38,21.17,Crecimiento
05151,Navacepedilla de Corneja,Ávila,avila,99,29.47,3.36,30.7,281.8,11.11,3.37,23.57,-20.2,5.32,-9.17,-31.25,-1.603,13386,813.64,29.7,0.0,19.8,49.5,1,0,13.87,43.5,0,0,13.88,13.8,0,0,13.67,40.66,-9.17,Media
05022,"Barraco, El",Ávila,avila,2086,153.73,13.57,29.3,183.2,9.74,5.59,12.36,-6.76,10.2,6.0,1.91,-0.225,12559,130.09,10.1,8.6,53.7,72.9,1,0,10.62,23.43,1,0,4.99,8.87,1,28.28,4.98,19.19,6.0,Crecimiento
05085,Gil García,Ávila,avila,45,15.44,2.91,35.6,177.8,2.08,4.94,19.75,-14.81,18.42,4.65,-28.57,-1.279,13386,1319.1,0.0,0.0,155.6,155.6,1,0,11.36,72.57,0,0,10.76,11.11,0,0,10.67,82.95,4.65,Crecimiento
05169,Navatalgordo,Ávila,avila,230,20.06,11.47,48.7,589.5,0.42,3.86,20.29,-16.43,-0.43,-3.77,-45.63,-1.423,13228,335.32,17.4,4.3,39.1,60.9,1,0,7.08,29.42,0,0,5.5,12.61,0,0,5.37,24.31,-3.77,Leve
05262,Villarejo del Valle,Ávila,avila,304,41.55,7.32,43.4,776.5,1.91,2.56,27.05,-24.49,-7.32,-20.0,-40.86,-1.606,13143,273.74,19.7,3.3,23.0,46.1,1,0,11.66,44.09,1,0,3.81,14.76,0,0,3.34,39.25,-20.0,Alta
05226,Santa María de los Caballeros,Ávila,avila,53,22.37,2.37,44.4,1200.0,23.61,2.1,44.03,-41.93,-15.87,-32.91,-64.19,-2.2,13386,1513.07,0.0,0.0,37.0,37.0,1,0,7.27,63.87,0,0,5.09,7.28,0,0,7.81,66.68,-32.91,Alta
05253,Vega de Santa María,Ávila,avila,88,18.16,4.85,29.1,250.0,10.47,5.05,22.73,-17.68,14.29,-6.38,-38.46,-1.947,15197,731.09,11.6,0.0,69.8,81.4,1,0,18.24,19.46,0,0,9.13,19.53,0,0,9.68,26.47,-6.38,Media
05175,"Oso, El",Ávila,avila,125,18.46,6.77,43.2,900.0,5.43,4.44,35.56,-31.11,-20.89,-28.98,-44.69,-1.582,15726,566.1,8.0,16.0,24.0,56.0,1,0,9.91,21.89,0,0,9.55,18.67,0,0,5.39,27.99,-28.98,Alta
05149,Narros de Saldueña,Ávila,avila,102,9.43,10.82,45.1,1533.3,2.83,1.09,26.14,-25.05,-3.77,-7.27,-40.35,-1.62,13777,633.45,9.8,0.0,0.0,9.8,1,0,9.33,23.32,0,0,8.16,10.49,0,0,8.7,33.49,-7.27,Media
05019,Ávila,Ávila,avila,59107,230.42,256.52,22.5,115.9,10.15,7.75,8.95,-1.2,1.26,1.28,23.54,0.915,15261,,3.4,2.8,4.9,12.1,1,1,5.36,5.36,1,1,4.05,5.44,1,16.77,4.64,0.0,1.28,Crecimiento
05123,Mediana de Voltoya,Ávila,avila,117,18.35,6.38,32.8,542.9,2.56,4.75,8.55,-3.8,2.63,10.38,8.33,0.144,17948,505.45,8.6,0.0,17.2,25.9,1,0,12.07,12.07,0,0,10.08,12.42,0,0,10.15,17.54,10.38,Crecimiento
05107,Hurtumpascual,Ávila,avila,41,18.59,2.21,47.7,0.0,0.0,0.0,43.36,-43.36,-14.58,-33.87,-64.04,-2.655,14437,1875.48,,,,,1,0,7.02,34.72,0,0,11.19,26.14,0,0,10.23,34.7,-33.87,Alta
05156,Navahondilla,Ávila,avila,359,22.04,16.29,26.1,251.4,5.63,1.86,10.83,-8.98,11.84,7.16,156.43,6.302,14509,280.84,5.6,0.0,28.1,33.7,1,0,9.72,39.08,0,0,6.61,8.93,1,133.7,1.22,35.06,7.16,Crecimiento
05095,Higuera de las Dueñas,Ávila,avila,250,35.14,7.11,31.9,263.3,8.55,5.33,28.44,-23.11,-3.85,-17.22,-23.55,-0.811,11577,378.83,20.2,8.1,24.2,56.5,1,0,7.17,46.32,0,0,6.71,6.45,0,0,0.73,41.31,-17.22,Alta
05038,Bonilla de la Sierra,Ávila,avila,139,54.99,2.53,41.0,475.0,2.45,0.8,20.78,-19.98,11.2,7.75,-28.72,-1.185,12775,641.58,21.6,7.2,36.0,64.7,1,0,13.67,48.63,0,0,13.77,13.9,0,0,10.71,47.05,7.75,Crecimiento
05105,Hoyos del Espino,Ávila,avila,350,52.85,6.62,31.1,316.7,4.19,2.86,10.16,-7.3,-4.89,-3.85,-20.27,-0.904,15038,315.21,27.3,27.3,136.6,199.5,1,0,4.57,53.13,1,0,1.42,16.79,1,102.86,1.98,49.1,-3.85,Leve
05005,Albornos,Ávila,avila,170,17.08,9.95,30.0,392.3,1.14,3.27,21.57,-18.3,-3.95,-17.07,-31.17,-1.264,15523,496.96,11.8,0.0,0.0,11.8,1,0,4.58,25.05,0,0,3.35,13.4,0,0,8.72,29.66,-17.07,Alta
05084,Gilbuena,Ávila,avila,45,15.11,2.98,59.1,0.0,0.0,0.0,51.85,-51.85,-25.0,-38.36,-66.67,-2.195,13386,1343.53,22.7,0.0,45.5,68.2,1,0,8.86,56.42,0,0,7.47,9.32,0,0,9.17,77.46,-38.36,Alta
05113,"Llanos de Tormes, Los",Ávila,avila,57,17.44,3.27,53.6,1000.0,1.59,1.95,29.24,-27.29,-5.0,-30.49,-55.47,-2.094,13386,1360.63,0.0,0.0,53.6,71.4,1,0,5.24,69.03,0,0,4.81,4.81,0,0,5.09,71.48,-30.49,Alta
05184,Peguerinos,Ávila,avila,283,85.81,3.3,31.0,314.3,18.39,2.36,16.1,-13.74,2.91,-9.29,-8.41,-0.455,14582,379.38,42.3,28.2,88.0,158.5,1,0,11.09,30.32,0,0,6.51,6.7,0,0,7.03,41.53,-9.29,Media
05192,Puerto Castilla,Ávila,avila,99,43.23,2.29,39.4,487.5,0.0,2.24,20.2,-17.96,-7.48,-14.66,-31.72,-1.363,13386,852.04,20.2,0.0,30.3,50.5,1,0,14.08,71.97,0,0,13.55,13.94,0,0,13.44,86.88,-14.66,Media
05254,Velayos,Ávila,avila,203,20.42,9.94,33.3,309.1,4.59,4.93,19.7,-14.78,-5.14,-13.25,-21.92,-0.792,11689,357.38,9.8,0.0,24.5,34.3,1,0,17.71,22.18,0,0,5.05,22.37,0,0,14.54,29.23,-13.25,Media
05087,Gotarrendura,Ávila,avila,173,10.62,16.29,35.3,305.0,7.83,0.64,11.56,-10.92,1.76,5.49,-0.57,-0.349,13342,466.85,0.0,5.8,17.3,23.1,1,0,12.13,18.99,0,0,9.59,18.86,0,0,4.23,25.51,5.49,Crecimiento
05042,Cabezas de Alambre,Ávila,avila,152,11.79,12.89,39.2,352.9,14.29,3.65,25.58,-21.93,-5.59,-9.52,-31.22,-1.223,15438,502.11,6.5,0.0,0.0,6.5,1,0,10.92,16.31,0,0,6.75,10.9,0,0,4.77,38.81,-9.52,Media
05230,Santo Tomé de Zabarcos,Ávila,avila,70,8.41,8.32,32.0,800.0,9.21,3.17,19.05,-15.87,4.48,-1.41,-41.18,-1.698,15197,882.19,0.0,0.0,13.3,13.3,1,0,3.04,23.29,0,0,3.03,16.88,0,0,10.43,26.87,-1.41,Leve
05051,"Carrera, La",Ávila,avila,155,14.15,10.95,40.6,572.7,2.5,7.17,27.24,-20.07,-7.19,-22.89,-45.23,-1.694,13502,540.83,19.4,6.5,77.4,103.2,1,0,3.48,64.32,0,0,3.24,3.61,0,0,3.1,77.36,-22.89,Alta
05251,Vadillo de la Sierra,Ávila,avila,50,46.1,1.08,48.0,0.0,0.0,2.22,31.11,-28.89,-7.41,-28.57,-67.32,-2.497,14437,1246.87,20.0,0.0,20.0,40.0,1,0,9.96,37.16,0,0,10.27,23.45,0,0,14.65,35.98,-28.57,Alta
05069,Donjimeno,Ávila,avila,69,14.73,4.68,45.7,1066.7,6.94,1.61,17.71,-16.1,-10.39,-15.85,-50.0,-2.125,15197,,14.3,0.0,0.0,14.3,1,0,10.3,15.04,0,0,6.67,9.9,0,0,4.45,42.12,-15.85,Alta
05049,Cardeñosa,Ávila,avila,430,40.45,10.63,28.8,364.7,1.9,1.81,17.57,-15.76,-1.15,-5.29,-24.16,-1.108,15142,278.66,11.6,0.0,32.5,44.1,1,0,9.39,9.39,1,0,1.72,9.16,0,0,7.22,15.67,-5.29,Media
05267,Zapardiel de la Ribera,Ávila,avila,90,43.82,2.05,24.4,440.0,0.0,1.23,18.52,-17.28,-15.89,-18.92,-35.25,-1.288,13215,897.38,22.2,0.0,33.3,55.6,1,0,17.06,64.99,0,0,13.16,17.27,0,0,13.64,61.2,-18.92,Alta
05176,Padiernos,Ávila,avila,277,36.95,7.5,31.7,191.3,7.64,3.21,19.66,-16.45,1.47,-5.14,14.46,0.717,14838,392.04,14.4,3.6,10.8,28.8,1,0,12.69,14.87,0,0,3.22,15.06,0,0,14.33,13.82,-5.14,Media
05039,Brabos,Ávila,avila,34,18.33,1.85,47.4,0.0,0.0,3.27,26.14,-22.88,-20.93,-30.61,-52.11,-1.867,14437,2196.3,,,,,1,0,6.08,23.21,0,0,6.55,19.54,0,0,7.27,25.85,-30.61,Alta
05904,Santiago del Tormes,Ávila,avila,104,68.37,1.52,38.5,666.7,0.92,3.21,23.5,-20.3,-8.77,-28.77,-60.9,-2.086,13493,654.65,38.5,0.0,86.5,125.0,1,0,13.03,66.41,0,0,12.8,12.75,0,0,13.22,62.99,-28.77,Alta
05155,Navaescurial,Ávila,avila,54,35.27,1.53,39.0,328.6,15.79,0.0,20.58,-20.58,20.0,-10.0,-35.71,-1.558,13386,1549.33,0.0,0.0,16.9,16.9,1,0,4.96,52.33,0,0,4.96,4.87,0,0,4.81,49.59,-10.0,Media
05010,"Aldehuela, La",Ávila,avila,141,17.13,8.23,38.7,423.1,2.76,0.0,24.43,-24.43,-7.84,-18.5,-48.73,-1.901,12174,620.76,28.2,0.0,56.3,84.5,1,0,8.42,63.09,0,0,5.75,8.34,0,0,8.76,62.36,-18.5,Alta
05021,"Barco de Ávila, El",Ávila,avila,2308,12.67,182.16,26.8,163.9,8.41,3.8,13.43,-9.63,-0.94,-10.4,-11.44,-0.48,13330,132.24,10.8,7.3,10.8,30.6,0,0,0.0,64.5,1,1,0.52,0.47,1,21.66,0.69,73.9,-10.4,Media
05242,Tiñosillos,Ávila,avila,732,27.22,26.89,24.3,176.2,0.79,6.38,13.21,-6.83,-5.55,-7.34,-4.94,-0.069,13089,309.57,6.8,0.0,1.4,8.2,1,0,9.11,10.98,0,0,5.6,10.99,0,0,7.39,39.57,-7.34,Media
05158,Navalmoral,Ávila,avila,445,43.3,10.28,41.2,320.7,8.75,1.75,17.48,-15.73,31.66,26.06,-25.08,-1.57,12940,242.36,6.7,13.3,20.0,39.9,1,0,9.27,20.79,1,0,2.39,6.11,0,0,5.61,15.43,26.06,Crecimiento
05190,Pozanco,Ávila,avila,57,11.05,5.16,40.4,0.0,5.08,1.95,9.75,-7.8,7.55,7.55,1.79,-0.148,15197,1057.7,,,,,1,0,15.84,15.84,0,0,5.64,15.91,0,0,8.47,22.85,7.55,Crecimiento
05026,Bercial de Zapardiel,Ávila,avila,166,17.28,9.61,44.6,1850.0,5.78,2.01,30.12,-28.11,-15.74,-24.89,-48.29,-1.787,13937,460.8,12.0,0.0,0.0,12.0,1,0,5.49,21.2,0,0,4.26,12.21,0,0,12.43,54.23,-24.89,Alta
05215,San Martín de la Vega del Alberche,Ávila,avila,163,50.43,3.23,37.8,476.9,1.31,3.41,19.77,-16.36,-1.81,-9.94,-45.12,-1.906,13799,392.35,18.3,12.2,103.7,134.1,1,0,7.56,46.71,0,0,8.13,14.03,0,0,7.57,43.26,-9.94,Media
05052,Casas del Puerto,Ávila,avila,80,22.11,3.62,46.8,740.0,0.0,1.39,25.0,-23.61,-5.88,-20.0,-21.57,-0.915,13386,824.31,25.3,12.7,50.6,88.6,1,0,14.88,42.33,0,0,14.92,14.91,0,0,14.59,39.95,-20.0,Alta
05256,Villaflor,Ávila,avila,100,18.46,5.42,44.6,1125.0,1.01,0.0,24.44,-24.44,-9.91,-20.63,-40.12,-1.575,14437,599.19,19.8,0.0,9.9,29.7,1,0,4.13,19.23,0,0,5.26,18.69,0,0,10.71,22.49,-20.63,Alta
05040,Bularros,Ávila,avila,55,30.72,1.79,47.3,0.0,1.82,0.0,40.4,-40.4,-16.67,-20.29,-52.17,-1.99,14437,1412.04,0.0,0.0,18.2,18.2,1,0,5.81,15.35,0,0,6.29,14.88,0,0,6.72,19.71,-20.29,Alta
05065,Crespos,Ávila,avila,463,31.88,14.52,33.9,345.7,3.71,7.44,17.04,-9.6,-6.09,-11.98,-35.96,-1.41,15345,354.04,10.7,6.4,2.1,19.2,1,0,6.64,29.81,1,0,0.81,7.85,1,107.99,0.82,36.83,-11.98,Media
05033,Blascomillán,Ávila,avila,169,39.55,4.27,42.6,514.3,2.38,0.66,19.07,-18.41,-6.63,-14.21,-41.52,-1.623,11003,393.34,17.8,0.0,0.0,17.8,1,0,10.34,41.37,0,0,9.17,10.75,0,0,11.13,43.44,-14.21,Media
05207,San Esteban del Valle,Ávila,avila,735,36.96,19.89,38.5,325.3,1.23,4.08,18.75,-14.66,2.37,-8.12,-15.71,-0.781,11606,256.89,10.9,5.4,12.2,31.2,1,0,6.65,46.68,1,0,1.65,12.9,0,0,4.11,41.63,-8.12,Media
05035,Blascosancho,Ávila,avila,85,22.92,3.71,36.0,620.0,7.14,2.61,26.14,-23.53,-11.46,-27.35,-47.2,-1.48,15197,748.93,34.9,0.0,11.6,46.5,1,0,19.03,20.87,0,0,5.81,20.69,0,0,12.95,30.99,-27.35,Alta
05160,Navalosa,Ávila,avila,314,29.96,10.48,41.6,600.0,1.86,2.12,24.42,-22.29,4.67,-5.71,-35.12,-1.55,13494,320.32,12.6,3.2,12.6,31.5,1,0,9.94,32.89,1,0,3.39,16.23,0,0,9.08,27.9,-5.71,Media
05060,Cisla,Ávila,avila,107,20.28,5.28,38.3,410.0,1.92,0.0,18.69,-18.69,9.18,-9.32,-43.98,-2.12,13162,641.46,9.3,0.0,0.0,9.3,1,0,6.86,26.61,0,0,5.63,5.96,0,0,6.01,48.74,-9.32,Media
05117,Mamblas,Ávila,avila,191,24.01,7.96,41.6,438.9,1.53,4.65,15.71,-11.05,-4.5,-13.18,-32.03,-1.248,12205,395.02,10.5,0.0,0.0,10.5,1,0,9.45,26.04,1,0,1.7,9.65,0,0,9.78,52.7,-13.18,Media
05196,Rivilla de Barajas,Ávila,avila,59,24.35,2.42,23.7,233.3,1.79,0.0,9.42,-9.42,-11.94,-11.94,-25.32,-1.333,15197,1255.41,,,,,1,0,6.78,31.65,0,0,3.75,7.73,0,0,3.87,40.27,-11.94,Media
05217,San Miguel de Corneja,Ávila,avila,65,6.83,9.52,27.9,475.0,1.39,1.71,27.35,-25.64,22.64,4.84,-38.68,-1.826,13386,1024.63,14.7,0.0,14.7,29.4,1,0,5.52,51.9,0,0,5.58,5.63,0,0,5.18,49.45,4.84,Crecimiento
05043,Cabezas del Pozo,Ávila,avila,80,17.94,4.46,44.4,900.0,0.0,2.78,22.22,-19.44,14.29,-9.09,-49.69,-2.055,15197,890.73,12.3,0.0,0.0,12.3,1,0,8.5,21.58,0,0,4.45,7.28,0,0,7.5,49.59,-9.09,Media
05154,Navadijos,Ávila,avila,29,19.83,1.46,35.7,1000.0,7.14,0.0,42.15,-42.15,-6.45,-23.68,-51.67,-1.984,13215,2372.95,35.7,0.0,107.1,142.9,1,0,8.53,40.72,0,0,11.63,20.67,0,0,11.04,36.97,-23.68,Alta
05172,Niharra,Ávila,avila,167,11.27,14.82,25.0,252.6,36.32,5.99,19.96,-13.97,-17.33,-2.91,-15.66,-0.374,13761,405.33,15.6,0.0,0.0,15.6,1,0,13.99,13.99,0,0,4.71,14.17,0,0,13.66,11.61,-2.91,Leve
05164,Navaquesera,Ávila,avila,38,9.14,4.16,60.5,0.0,2.33,0.0,20.47,-20.47,137.5,46.15,-38.71,-2.919,13215,1664.02,26.3,0.0,26.3,52.6,1,0,12.56,31.02,0,0,2.86,17.96,0,0,8.62,26.32,46.15,Crecimiento
05161,Navalperal de Pinares,Ávila,avila,840,49.77,16.88,29.4,156.0,29.73,6.61,13.62,-7.01,10.96,-3.11,-0.24,-0.445,11278,245.71,13.0,3.6,13.0,32.0,1,0,9.89,21.76,1,0,3.19,9.93,0,0,9.51,21.99,-3.11,Leve
05140,Muñomer del Peco,Ávila,avila,113,10.08,11.21,21.2,160.0,1.8,2.95,12.78,-9.83,3.67,-13.74,-14.39,-0.569,13696,571.29,8.8,0.0,0.0,8.8,1,0,8.68,24.96,0,0,6.91,9.6,0,0,6.78,33.66,-13.74,Media
05224,Santa María del Arroyo,Ávila,avila,103,11.12,9.26,47.6,980.0,0.0,1.08,12.94,-11.87,-1.9,-9.65,-21.37,-0.834,18246,727.6,29.1,0.0,0.0,29.1,1,0,6.3,21.43,0,0,3.68,21.62,0,0,16.5,19.78,-9.65,Media
05054,Casavieja,Ávila,avila,1362,39.26,34.69,30.3,220.7,5.98,4.16,15.09,-10.93,-5.02,-9.62,-13.91,-0.501,11338,118.03,16.8,8.0,17.5,45.2,1,0,8.74,38.45,1,0,2.76,12.19,1,45.52,2.03,33.1,-9.62,Media
05178,Palacios de Goda,Ávila,avila,396,52.92,7.48,30.8,273.3,3.73,5.05,17.4,-12.35,1.8,-5.26,-22.35,-0.942,13819,320.96,5.0,2.5,0.0,7.5,1,0,6.2,6.2,0,0,5.94,6.16,0,0,5.46,56.0,-5.26,Media
05147,Narros del Castillo,Ávila,avila,151,33.56,4.5,36.7,550.0,9.15,2.94,17.66,-14.72,0.0,-16.11,-37.08,-1.435,13588,419.54,13.3,0.0,0.0,20.0,1,0,10.71,35.59,0,0,6.94,11.6,0,0,7.07,40.34,-16.11,Alta
05235,Sinlabajos,Ávila,avila,134,20.04,6.69,48.5,722.2,0.73,4.98,28.19,-23.22,-6.29,5.51,-44.4,-1.661,14110,528.86,7.5,0.0,14.9,22.4,1,0,10.22,10.22,0,0,10.27,10.63,0,0,3.38,54.2,5.51,Crecimiento
05120,Marlín,Ávila,avila,29,6.39,4.54,46.7,1400.0,0.0,0.0,34.48,-34.48,-9.38,-21.62,-39.58,-1.297,14437,2085.54,0.0,0.0,100.0,100.0,1,0,9.31,13.17,0,0,7.33,12.61,0,0,10.65,16.23,-21.62,Alta
05159,Navalonguilla,Ávila,avila,182,90.65,2.01,58.2,1177.8,0.0,1.83,36.02,-34.19,-15.74,-31.06,-58.82,-2.333,11698,447.58,22.0,16.5,60.4,98.9,1,0,14.54,78.19,0,0,13.92,14.14,0,0,13.9,80.86,-31.06,Alta
05141,Muñopepe,Ávila,avila,95,6.01,15.81,37.1,300.0,0.96,3.51,5.85,-2.34,-5.94,-15.18,-10.38,-0.111,15078,607.48,10.3,0.0,20.6,30.9,1,0,10.39,10.39,0,0,5.97,10.58,0,0,9.83,9.96,-15.18,Alta
05206,San Esteban de los Patos,Ávila,avila,19,10.35,1.84,30.4,0.0,0.0,0.0,40.94,-40.94,-17.39,-44.12,-58.7,-1.786,14437,3144.83,0.0,0.0,130.4,130.4,1,0,10.06,10.06,0,0,2.92,10.35,0,0,10.76,17.02,-44.12,Alta
05013,"Arenal, El",Ávila,avila,961,27.05,35.53,36.4,306.9,11.23,2.89,16.19,-13.3,1.37,-4.95,-9.0,-0.47,12741,206.71,16.4,5.1,26.6,51.2,1,0,10.46,52.33,1,0,1.46,7.79,0,0,5.75,47.63,-4.95,Leve
05092,Hernansancho,Ávila,avila,140,19.35,7.24,41.4,644.4,1.41,6.35,21.43,-15.08,-9.68,-23.91,-39.13,-1.51,12882,473.77,14.3,7.1,14.3,35.7,1,0,14.66,21.84,0,0,11.98,21.76,0,0,7.56,28.54,-23.91,Alta
05201,San Bartolomé de Pinares,Ávila,avila,479,74.58,6.42,36.8,553.1,0.61,2.09,23.2,-21.11,-10.3,-19.77,-35.36,-1.338,13815,292.88,10.4,2.1,22.9,37.4,1,0,9.55,25.94,0,0,4.31,9.25,0,0,4.4,25.1,-19.77,Alta
05902,Santa María del Cubillo,Ávila,avila,308,65.69,4.69,35.0,490.9,5.0,2.16,16.96,-14.79,1.65,-8.61,-21.83,-0.978,15950,377.22,9.7,3.2,6.5,19.4,1,0,8.0,19.51,0,0,8.27,16.85,0,0,15.95,24.19,-8.61,Media
05213,San Juan del Olmo,Ávila,avila,73,30.48,2.4,34.2,0.0,11.76,1.52,39.57,-38.05,-18.89,-34.82,-58.05,-2.074,14437,1007.44,26.3,0.0,13.2,39.5,1,0,4.97,29.39,0,0,6.17,29.55,0,0,11.27,28.74,-34.82,Alta
05153,Nava del Barco,Ávila,avila,81,29.34,2.76,51.9,2100.0,0.0,8.23,41.15,-32.92,2.53,-25.0,-52.91,-2.067,13386,738.01,12.3,0.0,61.7,74.1,1,0,11.14,73.9,0,0,10.52,10.81,0,0,10.46,81.11,-25.0,Alta
09421,"Vid y Barrios, La",Burgos,burgos,237,37.52,6.32,38.4,535.3,2.04,2.34,22.97,-20.63,-5.2,-13.5,-29.04,-1.083,15540,1006.04,8.4,12.7,33.8,54.9,1,0,17.14,17.68,0,0,7.55,16.37,0,0,7.43,82.52,-13.5,Media
09075,Cardeñuela Riopico,Burgos,burgos,106,11.29,9.39,32.1,261.5,1.8,3.14,13.63,-10.48,-7.83,-16.54,19.1,1.316,19026,1584.93,18.9,9.4,47.2,75.5,1,0,4.86,4.86,0,0,3.66,9.06,0,0,3.72,14.37,-16.54,Alta
09025,Arija,Burgos,burgos,115,6.95,16.55,36.5,280.0,6.09,1.93,22.22,-20.29,-4.96,-21.23,-47.96,-1.983,15512,1447.95,52.2,26.1,34.8,113.0,1,0,13.74,71.77,0,0,13.62,31.13,0,0,13.53,74.27,-21.23,Alta
09446,Villamedianilla,Burgos,burgos,9,6.75,1.33,33.3,0.0,0.0,0.0,61.73,-61.73,-18.18,-25.0,-68.97,-2.906,17307,11073.09,,,,,1,0,13.82,36.09,0,0,12.7,28.02,0,0,12.79,39.6,-25.0,Alta
09077,Cascajares de Bureba,Burgos,burgos,25,7.91,3.16,44.0,366.7,0.0,8.89,31.11,-22.22,-16.67,-30.56,-59.68,-2.278,16914,6579.96,40.0,0.0,0.0,40.0,1,0,12.86,24.97,0,0,11.18,16.65,0,0,12.56,55.57,-30.56,Alta
09079,Castellanos de Castro,Burgos,burgos,48,9.91,4.84,35.4,340.0,2.17,0.0,18.52,-18.52,-4.0,0.0,-29.41,-1.221,17307,2814.84,0.0,20.8,20.8,41.7,1,0,13.78,26.01,0,0,10.21,20.26,0,0,10.41,25.0,0.0,Leve
09202,Manciles,Burgos,burgos,21,6.57,3.2,66.7,0.0,0.0,,,,5.0,10.53,-55.32,-2.276,17307,5360.05,,,,,1,0,13.38,23.4,0,0,8.21,8.18,0,0,8.17,22.87,10.53,Crecimiento
09407,Valmala,Burgos,burgos,24,16.94,1.42,34.8,0.0,3.85,0.0,13.89,-13.89,-4.0,-14.29,-25.0,-0.97,18076,6003.98,0.0,0.0,87.0,130.4,1,0,15.15,30.41,0,0,5.59,15.06,0,0,5.56,38.81,-14.29,Media
09355,Santibáñez de Esgueva,Burgos,burgos,72,22.22,3.24,52.8,3800.0,2.63,0.0,33.95,-33.95,-8.86,-27.27,-54.72,-2.019,18192,2003.51,13.9,0.0,0.0,13.9,1,0,18.67,18.67,0,0,8.4,18.82,0,0,18.09,56.15,-27.27,Alta
09022,Arauzo de Torre,Burgos,burgos,55,13.57,4.05,50.0,933.3,11.48,4.04,30.3,-26.26,-28.57,-29.49,-49.54,-1.759,18076,3187.31,17.9,0.0,17.9,35.7,1,0,8.02,26.18,0,0,7.6,24.67,0,0,6.87,65.02,-29.49,Alta
09219,Miranda de Ebro,Burgos,burgos,36622,101.15,362.06,23.7,132.4,12.74,6.52,10.73,-4.21,2.41,1.24,2.78,-0.07,15262,,5.1,1.3,0.4,7.3,1,1,8.9,8.9,1,1,9.16,9.18,1,9.99,7.99,67.09,1.24,Crecimiento
09387,Torregalindo,Burgos,burgos,130,15.34,8.47,30.2,162.5,9.76,3.42,23.08,-19.66,7.44,-4.41,-9.09,-0.578,16678,1434.08,15.5,0.0,0.0,15.5,1,0,11.14,11.52,0,0,4.34,10.57,0,0,6.56,84.57,-4.41,Leve
09306,Rebolledo de la Torre,Burgos,burgos,100,50.43,1.98,33.7,366.7,6.59,4.44,15.56,-11.11,-5.66,-18.03,-44.44,-1.904,,1954.66,,,,,1,0,11.78,62.41,0,0,5.91,7.09,0,0,6.02,62.17,-18.03,Alta
09046,Bascuñana,Burgos,burgos,20,7.75,2.58,45.0,0.0,5.56,0.0,50.0,-50.0,-13.04,-42.86,-69.7,-2.895,16914,5788.02,,,,,1,0,9.05,30.74,0,0,9.28,9.17,0,0,9.24,53.57,-42.86,Alta
09442,Villalmanzo,Burgos,burgos,409,23.88,17.13,32.8,432.3,6.86,2.72,20.65,-17.93,-2.62,-9.11,-17.21,-0.659,15742,720.83,12.2,12.2,12.2,39.1,1,0,5.4,30.26,0,0,5.1,4.68,0,0,5.12,29.75,-9.11,Media
09017,Anguix,Burgos,burgos,166,13.42,12.37,25.7,146.7,44.3,9.37,12.05,-2.68,7.1,23.88,10.67,-0.134,12317,1071.31,11.7,5.8,5.8,23.4,1,0,5.93,21.37,0,0,6.08,5.87,0,0,6.26,67.15,23.88,Crecimiento
09372,Sotragero,Burgos,burgos,300,5.48,54.74,13.9,76.4,2.66,6.3,4.81,1.48,9.89,4.9,73.41,3.514,16383,682.64,3.3,0.0,0.0,3.3,1,0,6.18,6.18,0,0,3.62,7.05,0,0,4.68,8.65,4.9,Crecimiento
09020,Arauzo de Miel,Burgos,burgos,260,57.02,4.56,34.9,360.0,10.29,2.14,25.64,-23.5,-15.03,-25.71,-34.18,-1.055,13634,1021.84,15.5,0.0,3.9,19.4,1,0,3.71,34.91,0,0,3.77,18.12,0,0,11.77,59.43,-25.71,Alta
09129,Fresneda de la Sierra Tirón,Burgos,burgos,98,61.07,1.6,38.8,633.3,5.15,2.27,12.47,-10.2,4.26,-20.33,-2.0,-0.37,18076,1833.77,10.2,0.0,30.6,40.8,1,0,15.95,40.29,0,0,7.75,15.93,0,0,7.71,48.99,-20.33,Alta
09485,Zuñeda,Burgos,burgos,58,12.12,4.79,39.7,2300.0,3.51,0.0,19.16,-19.16,9.43,1.75,-30.95,-1.337,16914,2306.3,,,,,1,0,9.82,25.41,0,0,9.82,10.13,0,0,9.88,50.56,1.75,Crecimiento
09411,Valle de Oca,Burgos,burgos,160,38.41,4.17,33.7,550.0,6.67,2.78,13.19,-10.42,-3.03,0.63,-25.93,-1.336,16643,1297.92,0.0,6.1,18.4,24.5,1,0,11.17,23.37,0,0,11.0,11.06,0,0,10.48,34.88,0.63,Crecimiento
09445,Villambistia,Burgos,burgos,44,13.53,3.25,59.1,1300.0,0.0,0.0,15.15,-15.15,0.0,-4.35,-37.14,-1.648,16914,5047.63,0.0,22.7,68.2,90.9,1,0,5.82,27.89,0,0,5.56,5.69,0,0,5.06,38.89,-4.35,Leve
09127,Fontioso,Burgos,burgos,52,24.8,2.1,38.5,500.0,3.7,2.14,19.23,-17.09,-8.77,-3.7,-36.59,-1.336,18192,2485.25,0.0,19.2,0.0,19.2,1,0,11.56,28.16,0,0,11.95,12.42,0,0,11.78,46.33,-3.7,Leve
09340,San Millán de Lara,Burgos,burgos,61,33.56,1.82,57.4,0.0,1.59,0.0,18.21,-18.21,-15.28,-21.79,-20.78,-0.676,18076,2160.37,0.0,0.0,16.4,16.4,1,0,14.83,34.54,0,0,14.62,15.43,0,0,14.78,37.99,-21.79,Alta
09177,Ibeas de Juarros,Burgos,burgos,1492,130.06,11.47,21.2,114.7,5.0,6.11,8.34,-2.23,6.19,6.57,49.5,1.907,16063,459.69,4.7,2.7,6.6,14.0,1,0,18.08,18.08,1,0,9.71,19.52,1,24.13,9.12,22.95,6.57,Crecimiento
09902,Valle de Santibáñez,Burgos,burgos,482,107.94,4.47,35.1,433.3,2.92,1.61,13.14,-11.53,-0.21,-4.55,-23.0,-1.002,17571,963.99,2.1,2.1,10.4,14.6,1,0,11.17,15.97,1,0,0.78,16.71,0,0,14.48,17.23,-4.55,Leve
09416,Valle de Zamanzas,Burgos,burgos,46,19.23,2.39,41.3,475.0,0.0,7.25,7.25,0.0,-13.21,-32.35,-41.77,-1.578,14430,3077.27,0.0,0.0,130.4,130.4,1,0,12.94,53.15,0,0,6.38,16.85,0,0,13.09,57.93,-32.35,Alta
09339,San Martín de Rubiales,Burgos,burgos,137,19.37,7.07,40.7,633.3,16.55,0.81,30.01,-29.2,-8.67,-3.52,-47.71,-1.92,15048,1340.87,7.1,0.0,7.1,14.3,1,0,9.17,25.98,0,0,8.56,9.07,0,0,8.65,81.17,-3.52,Leve
09140,Fuentenebro,Burgos,burgos,137,38.93,3.52,36.0,445.5,10.14,2.43,18.65,-16.22,4.58,-1.44,-31.16,-1.402,15030,1328.3,7.4,7.4,14.7,29.4,1,0,17.64,18.12,0,0,8.77,17.26,0,0,10.83,91.46,-1.44,Leve
09298,Quintanilla San García,Burgos,burgos,66,45.68,1.44,36.4,1200.0,7.35,0.0,18.52,-18.52,-16.46,-25.0,-36.54,-1.201,16914,3990.93,15.2,0.0,15.2,30.3,1,0,10.11,26.48,0,0,9.92,9.96,0,0,7.6,48.73,-25.0,Alta
09120,Encío,Burgos,burgos,37,18.77,1.97,51.4,0.0,2.44,3.0,27.03,-24.02,-15.91,-19.57,-44.78,-1.56,16914,3754.23,0.0,0.0,27.0,27.0,0,0,8.34,17.24,0,0,5.97,15.67,0,0,13.7,61.76,-19.57,Alta
09124,Espinosa de los Monteros,Burgos,burgos,1627,137.26,11.85,33.5,232.5,3.34,4.71,16.8,-12.09,-1.45,-9.0,-25.13,-1.018,12995,574.4,14.8,7.4,19.1,41.2,0,0,5.89,73.41,1,1,5.01,5.5,1,36.88,5.89,87.89,-9.0,Media
09119,Cuevas de San Clemente,Burgos,burgos,52,13.24,3.93,46.2,800.0,8.89,0.0,14.96,-14.96,26.83,6.12,-10.34,-1.201,17609,2490.39,0.0,38.5,19.2,57.7,1,0,18.53,25.29,0,0,9.32,18.09,0,0,18.25,25.63,6.12,Crecimiento
09198,Mahamud,Burgos,burgos,107,33.56,3.19,43.0,2300.0,0.0,0.0,15.58,-15.58,7.0,-13.01,-36.31,-1.733,20998,2215.32,9.3,9.3,9.3,28.0,1,0,10.56,28.13,0,0,5.31,16.8,0,0,5.34,27.18,-13.01,Media
09287,Quintanaortuño,Burgos,burgos,297,5.56,53.42,13.1,60.0,9.69,4.49,6.36,-1.87,13.79,5.69,106.25,5.82,15828,752.52,3.4,0.0,0.0,3.4,1,0,10.06,10.06,0,0,8.24,10.72,0,0,8.71,13.34,5.69,Crecimiento
09206,Mazuela,Burgos,burgos,55,13.39,4.11,49.1,1350.0,3.51,0.0,28.28,-28.28,0.0,-12.7,-37.5,-1.487,18192,2517.38,,,,,1,0,5.91,22.35,0,0,6.0,22.04,0,0,9.46,21.3,-12.7,Media
09114,Cubillo del Campo,Burgos,burgos,103,14.03,7.34,31.4,220.0,22.55,4.31,12.94,-8.63,4.04,3.0,43.06,1.489,13941,2391.8,9.5,0.0,0.0,9.5,1,0,18.06,23.08,0,0,11.95,17.52,0,0,17.78,23.22,3.0,Crecimiento
09427,Villadiego,Burgos,burgos,1453,327.51,4.44,36.7,410.8,5.64,3.98,18.35,-14.38,-3.13,-8.79,-26.91,-1.161,16983,938.74,10.3,2.8,11.7,24.8,0,0,7.01,33.85,1,1,10.55,10.64,1,52.31,10.98,34.5,-8.79,Media
09093,Cayuela,Burgos,burgos,186,13.45,13.83,28.6,160.6,1.6,4.78,3.58,1.19,1.64,3.33,57.63,2.284,16693,1104.26,,,,,1,0,11.89,11.89,0,0,5.42,11.58,0,0,7.95,10.84,3.33,Crecimiento
09044,Barrios de Colina,Burgos,burgos,55,23.45,2.35,43.6,1200.0,0.0,2.02,4.04,-2.02,0.0,5.77,-27.63,-1.373,17609,2960.24,36.4,36.4,72.7,145.5,1,0,17.27,17.33,0,0,12.62,17.13,0,0,13.73,27.61,5.77,Crecimiento
09480,Zael,Burgos,burgos,117,18.74,6.24,41.9,1633.3,1.72,0.95,17.09,-16.14,4.46,1.74,-17.02,-0.814,17561,1352.82,8.5,0.0,0.0,8.5,1,0,11.34,27.46,0,0,7.9,10.56,0,0,11.25,26.68,1.74,Crecimiento
09163,Hontoria del Pinar,Burgos,burgos,613,80.73,7.59,42.7,689.5,8.87,3.26,21.57,-18.31,-5.69,-13.3,-31.12,-1.243,15724,653.43,8.2,6.5,21.2,37.5,1,0,7.39,51.08,0,0,6.89,7.98,1,37.52,3.08,70.94,-13.3,Media
09230,Navas de Bureba,Burgos,burgos,24,8.78,2.73,62.5,1500.0,0.0,0.0,41.67,-41.67,-27.27,-31.43,-52.94,-1.929,16914,6450.0,0.0,0.0,41.7,41.7,1,0,12.9,33.37,0,0,8.45,15.74,0,0,8.2,50.35,-31.43,Alta
09052,Berzosa de Bureba,Burgos,burgos,26,7.82,3.32,38.5,0.0,0.0,0.0,21.37,-21.37,-10.34,-18.75,-50.94,-1.966,16914,5299.6,,,,,1,0,9.43,28.53,0,0,9.46,9.99,0,0,9.56,49.27,-18.75,Alta
09408,Vallarta de Bureba,Burgos,burgos,41,19.09,2.15,41.5,0.0,2.38,0.0,10.84,-10.84,2.5,-8.89,-41.43,-1.635,16914,4416.55,,,,,1,0,10.88,24.04,0,0,8.85,11.07,0,0,10.9,51.41,-8.89,Media
09272,Poza de la Sal,Burgos,burgos,278,81.77,3.4,39.6,846.2,3.19,0.4,24.38,-23.98,1.46,-17.51,-27.6,-1.176,17480,1388.44,21.6,10.8,25.2,61.2,1,0,13.26,28.65,0,0,13.57,20.15,0,0,13.92,37.73,-17.51,Alta
09443,Villamayor de los Montes,Burgos,burgos,157,40.65,3.86,38.6,554.5,10.24,3.54,26.89,-23.35,-4.85,-22.28,-37.45,-1.434,16436,1484.28,6.3,0.0,6.3,12.7,1,0,9.38,26.25,0,0,8.96,8.52,0,0,9.18,25.63,-22.28,Alta
09137,Fuentelcésped,Burgos,burgos,290,22.39,12.95,21.5,106.9,18.55,8.05,11.49,-3.45,15.08,36.15,51.83,1.613,16980,794.63,3.5,0.0,10.4,13.9,1,0,7.98,8.67,0,0,5.1,7.42,0,0,5.45,81.8,36.15,Crecimiento
09117,"Cueva de Roa, La",Burgos,burgos,89,11.9,7.48,45.5,800.0,25.56,1.25,21.22,-19.98,-25.83,-10.1,-25.83,-0.664,16232,1893.99,,,,,1,0,4.7,20.68,0,0,4.26,4.73,0,0,4.34,77.66,-10.1,Media
09196,Madrigal del Monte,Burgos,burgos,141,26.84,5.25,39.0,1100.0,2.78,0.0,12.61,-12.61,-4.08,-16.57,-33.18,-1.335,19453,1890.92,7.1,0.0,0.0,7.1,1,0,15.53,22.38,0,0,14.61,14.87,0,0,15.25,22.14,-16.57,Alta
09256,Pedrosa de Duero,Burgos,burgos,458,69.76,6.57,27.4,176.4,25.81,8.49,14.8,-6.31,-8.4,0.66,-17.92,-0.682,14396,792.68,6.5,4.3,10.8,21.6,1,0,7.88,26.41,0,0,7.77,7.66,0,0,7.81,68.77,0.66,Crecimiento
09112,Coruña del Conde,Burgos,burgos,95,34.3,2.77,40.0,633.3,2.0,1.17,26.9,-25.73,-11.21,-23.39,-45.09,-1.825,15770,1912.85,10.5,0.0,10.5,21.1,1,0,9.98,26.28,0,0,9.64,24.7,0,0,10.17,69.58,-23.39,Alta
09242,Padilla de Abajo,Burgos,burgos,71,27.72,2.56,65.8,2400.0,5.8,1.56,29.73,-28.17,-11.25,-20.22,-33.64,-1.278,17307,2098.41,13.7,0.0,13.7,27.4,1,0,9.46,39.11,0,0,5.85,5.76,0,0,5.28,38.23,-20.22,Alta
09440,Villalbilla de Gumiel,Burgos,burgos,73,26.37,2.77,43.8,1600.0,10.81,1.52,21.31,-19.79,-14.12,-21.51,-44.7,-1.576,16232,2367.32,27.4,0.0,27.4,54.8,1,0,16.97,16.97,0,0,6.73,16.21,0,0,11.1,58.36,-21.51,Alta
09122,Espinosa de Cervera,Burgos,burgos,81,29.57,2.74,37.8,775.0,12.94,4.12,26.06,-21.95,-10.99,-19.0,-26.36,-0.884,18076,1923.67,12.2,12.2,61.0,97.6,1,0,12.49,31.33,0,0,12.29,21.11,0,0,8.63,52.43,-19.0,Alta
09011,Alfoz de Bricia,Burgos,burgos,68,52.05,1.31,33.3,1150.0,1.47,0.0,14.71,-14.71,-2.86,-8.11,-54.36,-2.122,14430,3174.68,0.0,0.0,29.0,29.0,1,0,12.1,64.76,0,0,12.04,28.14,0,0,11.96,67.32,-8.11,Media
09190,Junta de Villalba de Losa,Burgos,burgos,79,45.81,1.72,20.3,533.3,1.3,1.41,18.28,-16.88,-9.2,-11.24,-18.56,-1.14,14430,2240.31,12.7,0.0,12.7,25.3,1,0,19.01,33.15,0,0,14.18,23.76,0,0,24.02,86.87,-11.24,Media
09178,Ibrillos,Burgos,burgos,30,5.63,5.33,43.3,650.0,0.0,0.0,22.22,-22.22,-23.08,-45.45,-69.7,-2.884,16914,3749.41,,,,,1,0,10.0,26.95,0,0,10.31,10.13,0,0,6.1,54.49,-45.45,Alta
09090,Castrillo Mota de Judíos,Burgos,burgos,48,22.02,2.18,38.8,1900.0,7.69,0.0,25.46,-25.46,-4.0,-17.24,-38.46,-1.589,17307,3275.5,0.0,0.0,20.4,20.4,1,0,18.18,39.02,0,0,3.97,12.68,0,0,3.63,37.99,-17.24,Alta
09176,Hurones,Burgos,burgos,59,8.28,7.13,31.0,225.0,1.89,0.0,15.07,-15.07,-4.84,-19.18,1.72,-0.353,17609,2024.99,,,,,1,0,2.46,2.46,0,0,6.88,7.25,0,0,6.94,12.53,-19.18,Alta
09449,Villanueva de Argaño,Burgos,burgos,117,7.91,14.79,35.0,241.2,9.02,0.0,10.45,-10.45,2.63,10.38,-5.65,-0.347,17167,1461.45,0.0,25.6,17.1,42.7,1,0,18.81,18.81,0,0,9.88,16.08,0,0,9.43,17.99,10.38,Crecimiento
09430,Villaespasa,Burgos,burgos,21,19.46,1.08,57.1,0.0,9.09,0.0,31.75,-31.75,-22.22,-19.23,-30.0,-0.515,18076,5704.66,0.0,0.0,47.6,47.6,0,0,14.6,33.86,0,0,13.68,15.52,0,0,14.62,35.99,-19.23,Alta
09422,"Vid de Bureba, La",Burgos,burgos,26,9.73,2.67,50.0,650.0,4.17,0.0,4.27,-4.27,-16.13,30.0,-40.91,-1.956,16914,7401.72,,,,,1,0,9.53,30.43,0,0,9.57,10.16,0,0,9.69,48.31,30.0,Crecimiento
09083,Castil de Peones,Burgos,burgos,26,13.96,1.86,53.8,1400.0,3.57,0.0,25.64,-25.64,4.0,-29.73,-21.21,-0.455,16914,4851.81,,,,,1,0,9.42,19.9,0,0,9.38,9.53,0,0,9.92,31.75,-29.73,Alta
09361,Sargentes de la Lora,Burgos,burgos,130,86.08,1.51,45.4,983.3,3.01,0.0,9.4,-9.4,17.12,0.78,-23.98,-1.476,17827,2023.93,7.7,0.0,23.1,30.8,1,0,24.41,51.32,0,0,18.6,23.11,0,0,21.59,52.55,0.78,Crecimiento
09050,Berberana,Burgos,burgos,52,33.66,1.54,23.1,400.0,0.0,4.27,19.23,-14.96,-13.33,-29.73,-41.57,-1.664,14430,2734.53,0.0,57.7,0.0,57.7,1,0,22.75,29.76,0,0,17.61,27.55,0,0,24.23,86.52,-29.73,Alta
09269,Pinilla de los Moros,Burgos,burgos,30,11.0,2.73,44.8,650.0,12.12,0.0,25.93,-25.93,-18.92,-28.57,-41.18,-1.238,18076,4732.95,34.5,0.0,0.0,34.5,1,0,7.19,41.8,0,0,6.95,7.76,0,0,7.13,44.24,-28.57,Alta
09235,Olmedillo de Roa,Burgos,burgos,188,25.99,7.23,33.5,233.3,18.92,6.5,23.64,-17.14,-1.57,-5.53,-8.74,-0.405,11662,1055.98,5.3,5.3,0.0,10.6,1,0,9.2,22.78,0,0,5.42,9.14,0,0,9.08,63.95,-5.53,Media
09023,Arcos,Burgos,burgos,1823,31.4,58.06,7.7,24.6,2.83,10.18,3.54,6.64,2.7,16.41,560.51,28.365,15508,438.58,1.6,1.1,1.1,3.8,1,0,9.17,9.17,1,0,0.79,8.48,0,0,5.03,8.46,16.41,Crecimiento
09094,Cebrecos,Burgos,burgos,60,23.32,2.57,33.3,666.7,0.0,1.85,14.81,-12.96,15.38,27.66,-25.0,-1.3,18192,2496.95,,,,,1,0,12.69,36.23,0,0,7.94,12.83,0,0,12.52,36.04,27.66,Crecimiento
09437,Villahoz,Burgos,burgos,262,50.45,5.19,39.7,742.9,7.94,2.12,13.99,-11.87,-8.71,-18.12,-34.66,-1.19,17984,1024.4,7.6,3.8,11.5,22.9,1,0,13.45,34.27,0,0,3.91,13.04,0,0,9.09,33.4,-18.12,Alta
09152,Gumiel de Mercado,Burgos,burgos,376,57.62,6.53,20.5,111.4,30.39,7.68,21.57,-13.89,4.74,9.3,1.62,-0.271,12755,768.1,15.8,2.6,5.3,23.7,1,0,11.21,11.95,0,0,4.69,11.41,0,0,11.75,66.85,9.3,Crecimiento
09425,Vilviestre del Pinar,Burgos,burgos,511,33.85,15.1,37.6,738.5,4.37,1.96,17.4,-15.44,-0.97,-17.05,-33.81,-1.486,16081,871.87,9.8,5.9,2.0,19.6,1,0,8.05,52.36,1,0,1.37,5.73,0,0,2.73,69.45,-17.05,Alta
09400,Vadocondes,Burgos,burgos,368,25.65,14.35,29.3,183.1,3.58,7.25,18.12,-10.87,6.67,-3.66,-15.79,-0.844,14768,839.58,8.2,0.0,24.5,32.6,1,0,10.22,10.77,0,0,9.5,9.51,1,108.7,0.77,79.13,-3.66,Leve
09109,Condado de Treviño,Burgos,burgos,1468,260.12,5.64,14.1,74.3,4.9,4.62,8.02,-3.41,7.7,7.78,58.02,2.056,15415,697.92,3.4,2.7,4.8,12.2,0,0,12.04,27.65,1,0,12.62,28.18,1,34.06,14.49,101.81,7.78,Crecimiento
09301,Quintanilla Vivar,Burgos,burgos,890,13.36,66.62,15.9,84.2,5.11,5.87,7.12,-1.25,8.54,16.19,89.36,4.804,17692,507.58,1.1,3.3,6.6,11.1,1,0,5.31,5.31,0,0,5.09,6.0,0,0,4.03,8.92,16.19,Crecimiento
09380,Terradillos de Esgueva,Burgos,burgos,58,14.37,4.04,41.4,2400.0,6.25,0.0,36.4,-36.4,-24.68,-32.56,-55.04,-2.098,16232,2517.14,34.5,0.0,0.0,34.5,1,0,12.91,20.41,0,0,4.15,12.95,0,0,13.29,60.38,-32.56,Alta
09047,Belbimbre,Burgos,burgos,53,10.22,5.19,26.4,350.0,5.45,0.0,18.87,-18.87,-7.02,-23.19,-29.33,-1.231,17307,2537.25,0.0,0.0,18.9,18.9,1,0,5.5,31.99,0,0,5.1,25.94,0,0,4.86,30.92,-23.19,Alta
09433,Villagalijo,Burgos,burgos,52,22.03,2.36,46.2,800.0,0.0,0.0,14.96,-14.96,-14.75,-21.21,-25.71,-1.122,18076,2791.3,0.0,0.0,19.2,19.2,1,0,8.09,33.37,0,0,2.39,8.03,0,0,2.38,43.19,-21.21,Alta
09041,Barrio de Muñó,Burgos,burgos,32,3.87,8.27,37.5,171.4,0.0,0.0,6.94,-6.94,3.23,0.0,-11.11,-0.297,17307,3933.45,,,,,0,0,3.02,29.73,0,0,3.08,26.3,0,0,5.91,28.65,0.0,Leve
09115,Cubo de Bureba,Burgos,burgos,102,9.07,11.25,29.4,230.8,1.96,2.18,23.97,-21.79,7.37,-0.97,-9.73,-0.617,14332,1590.56,19.6,0.0,0.0,19.6,1,0,13.31,23.29,0,0,8.01,13.73,0,0,13.4,53.91,-0.97,Leve
09423,Vileña,Burgos,burgos,23,6.34,3.63,30.4,0.0,0.0,0.0,14.49,-14.49,-14.81,-20.69,-37.84,-1.173,16914,5355.6,,,,,1,0,7.2,33.07,0,0,7.26,7.88,0,0,7.38,45.18,-20.69,Alta
09197,Madrigalejo del Monte,Burgos,burgos,160,25.13,6.37,29.8,218.2,15.34,3.47,15.28,-11.81,-8.05,-11.6,0.0,-0.33,15745,1217.01,12.4,12.4,12.4,37.3,1,0,13.75,21.66,0,0,13.16,12.93,0,0,13.5,21.14,-11.6,Media
09225,Moncalvillo,Burgos,burgos,77,26.72,2.88,48.1,1233.3,1.32,0.0,30.3,-30.3,-4.94,-10.47,-38.89,-1.419,18076,1946.56,13.0,0.0,0.0,13.0,1,0,11.04,52.4,0,0,9.37,9.9,0,0,10.95,61.0,-10.47,Media
09338,San Mamés de Burgos,Burgos,burgos,323,4.95,65.25,17.6,103.6,3.55,5.85,13.42,-7.57,12.54,12.94,56.04,2.766,15474,790.07,0.0,3.1,3.1,6.2,1,0,7.43,7.43,0,0,2.44,7.69,0,0,2.4,6.41,12.94,Crecimiento
09304,Rabé de las Calzadas,Burgos,burgos,259,10.09,25.67,39.8,305.9,1.97,3.86,24.88,-21.02,13.1,13.6,50.58,1.733,19031,1203.17,3.8,3.8,11.5,19.2,1,0,9.43,9.43,0,0,2.57,9.64,1,254.83,1.61,8.39,13.6,Crecimiento
09276,"Puebla de Arganzón, La",Burgos,burgos,565,18.6,30.38,11.2,61.2,10.04,6.69,4.72,1.97,12.55,8.86,47.52,2.823,16271,602.06,5.3,3.6,5.3,14.2,1,0,12.42,16.11,0,0,7.73,15.5,0,0,6.37,90.12,8.86,Crecimiento
09417,Vallejera,Burgos,burgos,38,18.3,2.08,50.0,1900.0,0.0,0.0,23.39,-23.39,-9.52,-9.52,-40.62,-1.586,17307,5352.4,,,,,1,0,14.2,36.39,0,0,11.52,25.92,0,0,11.59,39.53,-9.52,Media
09381,Tinieblas de la Sierra,Burgos,burgos,20,29.33,0.68,72.7,0.0,8.0,0.0,16.67,-16.67,-41.18,-45.95,-62.26,-2.243,18076,6606.37,,,,,0,0,18.77,30.88,0,0,18.56,19.37,0,0,18.73,35.01,-45.95,Alta
09447,Villamiel de la Sierra,Burgos,burgos,43,17.88,2.4,46.5,2000.0,0.0,0.0,7.75,-7.75,-2.27,7.5,0.0,0.586,17609,2811.2,23.3,0.0,0.0,23.3,1,0,22.36,26.26,0,0,17.83,23.17,0,0,17.16,29.73,7.5,Crecimiento
09191,Jurisdicción de Lara,Burgos,burgos,39,25.01,1.56,46.2,0.0,0.0,2.85,17.09,-14.25,25.81,-17.02,-40.91,-1.898,18076,3755.95,,,,,0,0,20.65,27.87,0,0,10.84,21.76,0,0,19.78,29.35,-17.02,Alta
09110,Contreras,Burgos,burgos,81,38.06,2.13,54.3,1100.0,3.45,2.74,17.83,-15.09,1.25,-1.22,-31.93,-1.273,18076,2373.93,0.0,0.0,0.0,12.3,1,0,11.93,40.74,0,0,7.82,13.28,0,0,12.12,41.65,-1.22,Leve
09901,Quintanilla del Agua y Tordueles,Burgos,burgos,336,36.35,9.24,40.5,600.0,7.42,2.31,23.48,-21.16,-6.67,-19.81,-42.37,-1.863,15087,703.97,20.5,0.0,8.8,29.3,1,0,9.52,34.44,0,0,9.66,9.57,0,0,9.33,34.15,-19.81,Alta
09259,Pedrosa de Río Úrbel,Burgos,burgos,262,48.98,5.35,33.6,445.0,1.22,2.97,9.33,-6.36,5.65,5.22,-7.09,-0.436,19792,918.17,0.0,7.5,3.8,11.3,1,0,13.78,13.78,0,0,7.87,14.31,0,0,7.9,13.36,5.22,Crecimiento
09350,Santa María del Campo,Burgos,burgos,508,60.23,8.43,34.9,318.2,18.55,2.84,19.25,-16.4,-1.74,-14.62,-30.12,-1.3,15866,692.69,10.0,0.0,8.0,19.9,1,0,10.46,34.57,1,0,2.94,21.9,1,49.21,3.14,33.55,-14.62,Media
09280,Quintanabureba,Burgos,burgos,29,12.34,2.35,48.3,1400.0,16.13,3.83,19.16,-15.33,26.09,-3.33,-36.96,-1.43,16914,4245.59,,,,,1,0,5.48,28.59,0,0,5.55,6.03,0,0,5.64,40.03,-3.33,Leve
09194,Lerma,Burgos,burgos,2629,171.81,15.3,23.8,139.8,13.77,5.2,11.33,-6.13,3.63,-2.74,4.41,0.039,14145,506.98,7.6,7.6,15.5,31.7,0,0,5.23,36.65,1,1,5.28,5.79,1,15.98,5.51,38.96,-2.74,Leve
09314,Revilla del Campo,Burgos,burgos,96,38.98,2.46,41.7,666.7,0.0,0.0,15.05,-15.05,-4.0,0.0,-25.58,-1.14,17609,1682.09,20.8,0.0,10.4,31.2,1,0,19.48,19.48,0,0,12.88,19.25,0,0,11.57,21.22,0.0,Leve
09395,Tubilla del Agua,Burgos,burgos,126,78.56,1.6,35.7,642.9,5.47,1.76,14.99,-13.23,-7.35,-18.18,-39.71,-1.561,20026,1566.24,39.7,15.9,31.7,95.2,1,0,12.15,40.76,0,0,9.88,27.13,0,0,27.48,43.45,-18.18,Alta
09268,Pinilla de los Barruecos,Burgos,burgos,100,32.47,3.08,41.6,1050.0,4.08,3.33,17.78,-14.44,8.7,-9.91,-29.08,-1.267,18076,1812.21,19.8,0.0,29.7,49.5,1,0,8.44,41.64,0,0,8.79,12.43,0,0,12.57,58.71,-9.91,Media
09229,Nava de Roa,Burgos,burgos,202,22.31,9.05,32.5,264.0,11.06,6.05,20.9,-14.85,-8.18,-8.6,-25.19,-0.963,14288,1042.87,9.9,9.9,19.7,39.4,1,0,9.66,23.47,0,0,9.15,9.65,0,0,9.24,82.59,-8.6,Media
09063,Cavia,Burgos,burgos,246,12.96,18.98,22.6,178.1,6.35,3.16,4.07,-0.9,3.36,-0.4,0.82,-0.069,19728,865.99,4.0,7.9,11.9,23.8,1,0,12.86,12.86,0,0,7.81,12.72,0,0,6.61,11.77,-0.4,Leve
09454,Villanueva de Teba,Burgos,burgos,43,6.11,7.04,39.5,1700.0,2.38,5.17,10.34,-5.17,4.88,-10.42,-37.68,-1.538,16914,4282.77,23.3,0.0,0.0,23.3,1,0,11.51,19.42,0,0,4.52,17.24,0,0,16.08,57.61,-10.42,Media
09473,Villegas,Burgos,burgos,83,24.58,3.38,39.8,0.0,0.0,0.0,18.74,-18.74,-6.74,-7.78,-35.16,-1.385,17307,1769.84,,,,,1,0,15.76,29.37,0,0,5.17,5.08,0,0,4.8,28.78,-7.78,Media
09065,Campillo de Aranda,Burgos,burgos,175,23.88,7.33,28.7,178.6,16.86,5.71,18.41,-12.7,-2.23,-1.69,-6.91,-0.472,17820,1101.33,11.5,0.0,23.0,34.5,1,0,7.45,7.82,0,0,4.02,6.88,0,0,5.08,81.15,-1.69,Leve
09373,Sotresgudo,Burgos,burgos,413,171.9,2.4,39.6,630.8,3.82,1.35,16.41,-15.07,-4.4,-14.32,-43.42,-1.707,16011,951.15,4.8,2.4,2.4,9.7,1,0,11.24,47.55,0,0,11.14,10.98,0,0,10.86,46.95,-14.32,Media
09478,Vizcaínos,Burgos,burgos,41,11.47,3.57,43.9,0.0,0.0,0.0,16.26,-16.26,-6.82,-16.33,-38.81,-1.354,18076,3017.18,24.4,0.0,0.0,24.4,1,0,8.68,42.2,0,0,8.3,8.8,0,0,8.55,45.43,-16.33,Alta
09388,Torrelara,Burgos,burgos,34,12.49,2.72,31.4,1100.0,0.0,,,,9.68,-8.11,30.77,0.706,18076,3913.35,,,,,1,0,23.96,23.96,0,0,12.71,23.87,0,0,16.47,25.38,-8.11,Media
09309,Regumiel de la Sierra,Burgos,burgos,304,20.63,14.74,31.6,279.4,8.05,2.92,17.54,-14.62,-8.98,-17.17,-36.67,-1.468,16359,1075.21,10.0,6.6,10.0,26.6,1,0,6.33,46.14,0,0,3.9,5.43,0,0,3.81,74.14,-17.17,Alta
09201,Mamolar,Burgos,burgos,27,18.29,1.48,42.9,600.0,7.14,4.12,24.69,-20.58,0.0,-12.9,-62.5,-2.713,18076,4400.82,,,,,1,0,8.03,38.94,0,0,8.23,13.4,0,0,13.18,56.09,-12.9,Media
09033,Bahabón de Esgueva,Burgos,burgos,80,21.35,3.75,32.1,1300.0,5.95,1.39,26.39,-25.0,1.27,-10.11,-42.45,-1.803,18192,1795.94,12.3,0.0,12.3,24.7,1,0,17.7,21.93,0,0,10.64,18.56,0,0,17.9,52.24,-10.11,Media
09460,Villasandino,Burgos,burgos,179,43.64,4.1,41.6,462.5,3.93,3.1,19.86,-16.76,-0.56,-6.77,-31.42,-1.328,16426,1127.6,5.6,0.0,5.6,11.2,1,0,14.98,33.87,0,0,7.29,11.01,0,0,10.33,32.96,-6.77,Media
09026,Arlanzón,Burgos,burgos,425,77.62,5.48,36.1,397.4,2.81,1.05,8.63,-7.58,4.42,-0.93,5.2,0.057,19663,930.72,7.0,14.0,32.6,53.6,1,0,15.91,15.91,0,0,9.84,20.2,0,0,10.72,25.2,-0.93,Leve
09148,Grijalba,Burgos,burgos,114,19.72,5.78,20.5,120.0,18.64,7.8,14.62,-6.82,1.79,9.62,-14.29,-0.757,15805,2002.46,8.5,0.0,0.0,8.5,1,0,12.24,35.71,0,0,6.81,10.3,0,0,9.87,34.91,9.62,Crecimiento
09332,Saldaña de Burgos,Burgos,burgos,203,8.14,24.94,18.4,102.7,13.37,3.28,7.12,-3.83,12.78,0.0,59.84,3.105,16759,826.57,0.0,9.7,4.9,14.6,1,0,8.09,8.09,0,0,5.25,7.2,0,0,5.56,7.94,0.0,Leve
09139,Fuentemolinos,Burgos,burgos,89,12.79,6.96,42.7,1266.7,3.3,6.24,26.22,-19.98,-11.0,-8.25,-27.64,-0.874,16232,1768.45,11.2,0.0,11.2,22.5,1,0,11.71,15.22,0,0,11.69,11.91,0,0,3.03,81.7,-8.25,Media
09241,Orbaneja Riopico,Burgos,burgos,341,9.33,36.55,17.3,81.9,11.43,10.75,4.24,6.52,0.59,40.33,113.13,6.351,14899,788.11,5.9,0.0,5.9,11.7,1,0,3.97,3.97,0,0,2.97,6.55,0,0,2.82,11.76,40.33,Crecimiento
09195,Llano de Bureba,Burgos,burgos,45,15.16,2.97,31.1,0.0,0.0,2.47,14.81,-12.35,-21.05,-28.57,-21.05,-0.628,16914,3291.14,22.2,0.0,22.2,44.4,1,0,12.89,28.9,0,0,12.35,13.4,0,0,12.53,39.4,-28.57,Alta
09360,San Vicente del Valle,Burgos,burgos,26,13.4,1.94,23.1,0.0,0.0,0.0,21.37,-21.37,-3.7,-10.34,-29.73,-1.936,18076,5294.98,0.0,0.0,115.4,115.4,0,0,7.42,35.78,0,0,4.54,7.4,0,0,4.52,45.78,-10.34,Media
09450,Villanueva de Carazo,Burgos,burgos,24,7.37,3.26,54.2,0.0,3.7,0.0,13.89,-13.89,-7.69,-25.0,-7.69,0.16,18076,5133.08,0.0,41.7,83.3,125.0,0,0,5.0,46.32,0,0,5.47,5.56,0,0,5.18,51.73,-25.0,Alta
09133,Fresno de Rodilla,Burgos,burgos,49,12.13,4.04,20.4,166.7,2.04,0.0,13.61,-13.61,11.36,0.0,-5.77,0.258,17609,2957.04,0.0,0.0,40.8,40.8,1,0,10.3,10.3,0,0,10.86,16.45,0,0,12.23,22.05,0.0,Leve
09325,Royuela de Río Franco,Burgos,burgos,169,50.54,3.34,54.4,1840.0,3.51,0.0,26.3,-26.3,-2.87,-20.28,-50.0,-1.975,16723,1212.23,11.8,0.0,0.0,11.8,1,0,16.27,42.74,0,0,10.49,18.6,0,0,12.99,43.56,-20.28,Alta
09356,Santibáñez del Val,Burgos,burgos,64,14.94,4.28,39.1,1250.0,0.0,0.0,5.21,-5.21,36.17,28.0,1.59,-0.608,18192,2092.08,0.0,0.0,62.5,62.5,1,0,16.05,39.34,0,0,8.83,17.31,0,0,16.27,43.67,28.0,Crecimiento
09086,Castrillo del Val,Burgos,burgos,858,22.51,38.12,21.2,123.0,3.54,7.12,8.16,-1.04,8.2,2.26,108.76,5.253,19318,591.87,4.7,4.7,7.0,17.5,1,0,8.53,8.53,1,0,1.05,7.92,1,96.74,2.38,11.61,2.26,Crecimiento
09007,Aguilar de Bureba,Burgos,burgos,46,9.43,4.88,23.9,550.0,2.0,2.42,48.31,-45.89,-19.3,-32.35,-46.51,-1.525,16914,2972.48,,,,,1,0,4.14,31.04,0,0,4.2,4.81,0,0,4.32,42.65,-32.35,Alta
09412,Valle de Tobalina,Burgos,burgos,877,157.23,5.58,33.9,292.2,8.0,3.42,21.16,-17.74,-3.52,-14.52,-19.98,-0.771,15537,1134.95,12.5,9.1,21.6,43.3,0,0,9.16,39.69,1,0,7.12,13.9,1,85.52,9.53,65.61,-14.52,Media
09448,Villangómez,Burgos,burgos,229,38.29,5.98,36.5,1050.0,10.82,1.46,17.95,-16.5,5.53,-4.18,-31.64,-1.456,18541,968.84,4.3,0.0,0.0,4.3,1,0,17.41,17.41,0,0,8.22,16.7,0,0,13.26,16.7,-4.18,Leve
09076,Carrias,Burgos,burgos,26,13.25,1.96,42.3,0.0,0.0,0.0,8.55,-8.55,4.0,13.04,-48.0,-2.133,16914,4724.3,,,,,1,0,8.08,26.59,0,0,7.71,7.92,0,0,8.41,38.33,13.04,Crecimiento
09226,Monterrubio de la Demanda,Burgos,burgos,55,15.09,3.64,60.0,0.0,5.36,0.0,12.12,-12.12,-1.79,-14.06,-36.78,-1.845,18076,2573.41,18.2,0.0,18.2,36.4,1,0,17.43,48.41,0,0,19.55,19.37,0,0,19.49,54.55,-14.06,Media
09074,Cardeñajimeno,Burgos,burgos,1185,12.15,97.53,15.4,72.0,5.74,6.09,4.31,1.78,4.31,16.29,166.89,9.176,18371,527.26,2.5,2.5,2.5,7.6,1,0,5.15,5.15,0,0,1.73,4.52,0,0,1.7,8.05,16.29,Crecimiento
09431,Villafranca Montes de Oca,Burgos,burgos,117,51.89,2.25,43.6,1020.0,4.1,3.8,18.04,-14.25,3.54,-9.3,-43.2,-1.764,16759,1548.53,25.6,17.1,34.2,76.9,1,0,11.8,23.76,0,0,9.73,11.66,0,0,9.67,33.86,-9.3,Media
09123,Espinosa del Camino,Burgos,burgos,43,6.92,6.21,39.5,1700.0,4.76,0.0,7.75,-7.75,2.38,-2.27,-4.44,0.08,16914,2883.24,23.3,0.0,23.3,46.5,1,0,7.83,26.01,0,0,7.54,7.69,0,0,7.06,36.88,-2.27,Leve
09410,Valle de Mena,Burgos,burgos,4155,262.7,15.82,24.1,145.9,9.74,4.79,12.7,-7.92,9.2,8.6,23.07,0.763,13433,513.82,6.7,2.6,7.0,16.6,0,0,9.28,59.94,1,1,9.49,8.98,1,26.23,8.86,101.27,8.6,Crecimiento
09228,Moradillo de Roa,Burgos,burgos,167,13.79,12.11,36.7,358.8,4.12,2.66,16.63,-13.97,-2.34,-13.02,-27.71,-1.07,16924,1294.7,6.0,0.0,6.0,12.0,1,0,15.63,15.95,0,0,8.46,14.94,0,0,6.34,88.06,-13.02,Media
09374,Susinos del Páramo,Burgos,burgos,115,11.44,10.05,27.8,266.7,0.0,0.97,1.93,-0.97,-0.86,11.65,4.55,0.067,21126,2292.1,,,,,1,0,10.11,22.45,0,0,8.86,8.87,0,0,9.02,22.08,11.65,Crecimiento
09327,Rublacedo de Abajo,Burgos,burgos,37,39.23,0.94,27.0,250.0,5.56,6.01,6.01,0.0,23.33,0.0,-2.63,-0.67,16914,3623.57,0.0,0.0,81.1,81.1,1,0,15.17,17.9,0,0,15.48,15.49,0,0,15.48,28.48,0.0,Leve
09068,Cantabrana,Burgos,burgos,22,3.14,7.01,40.9,900.0,4.35,0.0,40.4,-40.4,-12.0,-29.03,-57.69,-1.971,16914,5472.56,45.5,0.0,0.0,45.5,1,0,17.23,40.06,0,0,4.26,21.06,0,0,4.65,49.36,-29.03,Alta
09247,Palacios de Riopisuerga,Burgos,burgos,19,10.32,1.84,36.8,233.3,5.56,5.85,46.78,-40.94,-20.83,-32.14,-42.42,-1.55,17307,6253.54,,,,,1,0,12.08,42.16,0,0,7.8,8.25,0,0,8.22,44.14,-32.14,Alta
09238,Oña,Burgos,burgos,938,161.37,5.81,49.2,781.4,2.41,2.13,36.25,-34.12,-6.48,-13.79,-42.1,-1.676,16260,805.81,11.7,6.4,13.9,32.0,1,0,8.72,33.63,1,0,6.97,20.33,1,255.86,6.58,54.17,-13.79,Media
09098,Cerezo de Río Tirón,Burgos,burgos,467,63.59,7.34,41.8,515.8,7.13,2.38,22.84,-20.46,-13.68,-21.91,-39.43,-1.433,16518,820.78,8.5,2.1,0.0,10.7,1,0,10.2,25.55,0,0,10.53,10.3,1,42.83,1.44,51.34,-21.91,Alta
09019,Arandilla,Burgos,burgos,157,26.65,5.89,40.8,492.3,6.45,4.25,14.86,-10.62,-3.09,-8.72,-23.79,-0.885,16288,1272.42,12.7,0.0,0.0,12.7,1,0,14.1,23.39,0,0,6.39,21.78,0,0,6.27,72.37,-8.72,Media
09265,Piérnigas,Burgos,burgos,43,13.38,3.21,44.4,666.7,2.56,0.0,18.09,-18.09,-10.42,7.5,4.88,-0.148,16914,4148.43,22.2,0.0,0.0,22.2,1,0,8.81,28.42,0,0,8.88,9.33,0,0,8.97,39.51,7.5,Crecimiento
09414,Valle de Valdelaguna,Burgos,burgos,187,92.52,2.02,44.6,691.7,3.16,1.19,12.48,-11.29,0.54,-12.21,-21.43,-0.754,18101,1847.01,5.4,5.4,26.9,37.6,1,0,13.48,50.37,0,0,15.09,14.94,0,0,15.07,55.36,-12.21,Media
09236,Olmillos de Muñó,Burgos,burgos,38,8.78,4.33,38.5,1500.0,2.5,0.0,20.47,-20.47,2.7,0.0,-17.39,-0.752,18192,3328.58,,,,,1,0,3.46,24.82,0,0,3.56,24.49,0,0,7.71,23.76,0.0,Leve
09429,Villaescusa la Sombría,Burgos,burgos,61,16.22,3.76,38.3,460.0,15.25,1.82,10.93,-9.11,5.17,-11.59,7.02,-0.098,16914,2538.96,16.7,0.0,0.0,16.7,1,0,15.86,15.86,0,0,13.6,16.6,0,0,15.0,27.18,-11.59,Media
09482,Zarzosa de Río Pisuerga,Burgos,burgos,29,10.79,2.69,58.6,0.0,0.0,0.0,11.49,-11.49,-14.71,-6.45,-48.21,-1.902,17307,4002.08,,,,,1,0,8.63,50.44,0,0,8.55,8.38,0,0,8.3,49.78,-6.45,Media
09303,Rábanos,Burgos,burgos,73,40.57,1.8,52.7,650.0,5.06,4.57,6.09,-1.52,-8.75,-23.96,-17.98,-0.76,18076,2238.0,13.5,0.0,0.0,13.5,0,0,17.43,28.21,0,0,8.59,17.32,0,0,8.56,36.11,-23.96,Alta
09134,Frías,Burgos,burgos,258,29.32,8.8,32.2,332.0,4.44,3.88,13.35,-9.47,4.45,-2.64,-6.52,-0.447,13898,1244.29,3.9,27.1,50.4,81.4,1,0,4.75,30.37,0,0,4.87,23.05,0,0,4.59,58.59,-2.64,Leve
09039,Barbadillo del Pez,Burgos,burgos,64,20.73,3.09,41.5,900.0,9.09,3.47,15.62,-12.15,1.59,-16.88,-40.19,-1.598,18076,2458.25,15.4,0.0,61.5,76.9,1,0,13.45,42.12,0,0,12.99,13.19,0,0,13.28,46.73,-16.88,Alta
09382,Tobar,Burgos,burgos,27,11.94,2.26,51.9,0.0,0.0,0.0,20.58,-20.58,22.73,0.0,-48.08,-2.316,17307,3976.98,,,,,1,0,10.74,24.87,0,0,6.31,6.3,0,0,6.41,24.43,0.0,Leve
09045,Basconcillos del Tozo,Burgos,burgos,276,120.44,2.29,39.6,838.5,8.16,2.82,10.06,-7.25,-6.44,-5.15,-26.01,-1.112,15770,1180.03,10.9,3.6,10.9,25.5,1,0,10.62,37.35,0,0,17.23,17.32,0,0,17.65,38.66,-5.15,Media
09012,Alfoz de Santa Gadea,Burgos,burgos,102,34.33,2.97,30.4,442.9,0.0,3.27,11.98,-8.71,-1.92,-2.86,-43.02,-1.618,13854,1584.58,9.8,0.0,68.6,78.4,1,0,13.44,67.73,0,0,13.35,30.25,0,0,13.26,70.07,-2.86,Leve
09409,Valle de Manzanedo,Burgos,burgos,115,70.31,1.64,44.0,637.5,3.45,5.8,11.59,-5.8,-5.74,-12.88,-13.53,-0.226,13612,1956.11,0.0,0.0,25.9,25.9,1,0,9.19,56.84,0,0,9.53,8.81,0,0,9.05,62.87,-12.88,Media
09131,Fresnillo de las Dueñas,Burgos,burgos,703,13.67,51.43,17.8,78.1,8.05,7.59,6.01,1.58,3.84,10.53,124.6,5.816,17106,567.91,0.0,2.8,4.3,7.1,1,0,5.08,5.69,0,0,4.43,4.61,0,0,4.28,77.5,10.53,Crecimiento
09199,Mambrilla de Castrejón,Burgos,burgos,105,16.02,6.55,26.4,400.0,12.38,0.0,16.93,-16.93,0.96,5.0,-30.92,-1.393,18437,1578.19,9.4,0.0,66.0,75.5,1,0,5.72,24.42,0,0,5.09,5.56,0,0,5.18,77.2,5.0,Crecimiento
09472,Villazopeque,Burgos,burgos,51,11.72,4.35,37.3,950.0,0.0,2.18,13.07,-10.89,-3.77,-10.53,-42.05,-1.651,17307,2906.51,,,,,1,0,3.28,30.43,0,0,3.27,28.05,0,0,7.44,29.35,-10.53,Media
09055,Brazacorta,Burgos,burgos,43,21.05,2.04,51.2,733.3,0.0,0.0,36.18,-36.18,-20.37,-41.1,-57.0,-2.001,16232,3504.47,0.0,0.0,23.3,23.3,1,0,16.92,24.45,0,0,6.7,21.18,0,0,6.58,76.34,-41.1,Alta
09458,Villariezo,Burgos,burgos,731,10.28,71.11,12.1,49.7,2.91,7.14,4.1,3.04,13.33,19.44,241.59,12.268,16956,574.38,4.1,1.4,2.7,8.2,1,0,7.82,7.82,0,0,2.95,7.02,0,0,4.16,7.32,19.44,Crecimiento
09308,Redecilla del Campo,Burgos,burgos,65,17.17,3.79,35.4,328.6,2.99,6.84,13.68,-6.84,-1.52,-8.45,-26.14,-1.012,16914,2170.58,0.0,0.0,30.8,30.8,1,0,8.18,27.36,0,0,8.52,8.31,0,0,3.01,51.93,-8.45,Media
09389,Torrepadre,Burgos,burgos,68,28.52,2.38,50.7,1166.7,4.48,1.63,17.97,-16.34,-2.86,-12.82,-44.72,-1.549,18192,1761.91,14.5,0.0,0.0,14.5,1,0,16.24,38.49,0,0,6.56,16.03,0,0,10.29,37.58,-12.82,Media
09439,Villalbilla de Burgos,Burgos,burgos,1554,14.5,107.17,11.3,48.0,7.88,9.72,4.0,5.72,9.21,21.5,124.57,5.62,15711,470.46,1.9,3.2,1.9,7.7,1,0,4.86,4.86,1,0,2.92,4.77,0,0,2.68,3.77,21.5,Crecimiento
09413,Valle de Valdebezana,Burgos,burgos,479,156.33,3.06,31.5,235.9,7.17,3.94,18.56,-14.61,5.04,-5.34,-36.97,-1.617,13171,1310.39,16.7,16.7,27.1,62.5,0,0,1.25,64.93,1,0,1.39,16.54,1,50.1,1.45,69.59,-5.34,Media
09135,Fuentebureba,Burgos,burgos,58,9.08,6.39,39.0,287.5,23.21,0.0,11.49,-11.49,23.4,7.41,-29.27,-1.628,16914,3664.71,16.9,16.9,16.9,50.8,1,0,11.41,25.56,0,0,10.22,11.89,0,0,11.52,51.83,7.41,Crecimiento
09398,Úrbel del Castillo,Burgos,burgos,53,30.76,1.72,45.3,0.0,0.0,4.19,29.35,-25.16,-26.39,-32.91,-43.01,-1.534,,2995.95,18.9,0.0,37.7,56.6,1,0,5.76,29.76,0,0,14.61,17.23,0,0,17.59,31.48,-32.91,Alta
09179,Iglesiarrubia,Burgos,burgos,45,15.0,3.0,24.4,366.7,0.0,4.94,9.88,-4.94,15.38,2.27,-28.57,-1.324,18192,2542.56,,,,,1,0,10.0,35.63,0,0,8.71,10.46,0,0,10.28,42.21,2.27,Crecimiento
09058,Buniel,Burgos,burgos,632,13.26,47.66,11.7,50.0,8.02,8.79,3.69,5.1,12.26,22.48,236.17,10.981,14989,568.18,3.2,1.6,3.2,8.0,1,0,8.73,8.73,0,0,4.23,8.77,0,0,3.56,7.65,22.48,Crecimiento
09273,Prádanos de Bureba,Burgos,burgos,54,10.77,5.01,29.1,800.0,3.57,0.0,20.58,-20.58,3.85,-6.9,-5.26,-0.405,16914,2490.79,,,,,1,0,5.26,24.24,0,0,5.11,5.3,0,0,5.74,36.1,-6.9,Media
09330,Salas de los Infantes,Burgos,burgos,1959,31.27,62.65,27.5,181.0,16.5,5.22,15.26,-10.04,-1.41,-6.31,-3.5,-0.209,14606,545.99,10.1,4.1,3.5,17.7,0,0,5.22,46.93,1,1,4.71,4.71,1,25.01,5.01,49.7,-6.31,Media
09366,Solarana,Burgos,burgos,73,14.63,4.99,50.0,0.0,7.69,0.0,19.79,-19.79,-5.19,-21.51,-34.23,-1.485,18192,2388.6,13.5,0.0,13.5,27.0,1,0,9.88,33.37,0,0,10.28,10.52,0,0,9.89,41.07,-21.51,Alta
09358,Santo Domingo de Silos,Burgos,burgos,251,78.79,3.19,43.0,720.0,4.86,1.33,16.82,-15.49,-8.06,-12.54,-20.57,-0.69,18898,1308.12,12.0,27.9,79.7,119.5,1,0,13.41,39.15,0,0,12.55,14.53,0,0,13.63,47.42,-12.54,Media
09351,Santa María del Invierno,Burgos,burgos,70,16.15,4.33,45.7,1066.7,0.0,3.17,3.17,0.0,11.11,11.11,14.75,0.238,16914,2034.86,14.3,0.0,0.0,14.3,1,0,14.19,14.19,0,0,13.96,15.58,0,0,15.46,25.93,11.11,Crecimiento
09415,Valle de Valdelucio,Burgos,burgos,342,95.54,3.58,34.9,340.0,6.1,3.25,9.1,-5.85,3.64,10.68,-8.8,-0.497,15981,952.05,2.9,8.8,8.8,20.5,1,0,24.6,52.17,0,0,15.29,16.9,0,0,15.22,52.64,10.68,Crecimiento
09067,Canicosa de la Sierra,Burgos,burgos,410,29.49,13.9,36.6,348.8,5.65,4.61,30.08,-25.47,-5.31,-20.23,-36.43,-1.352,14882,1074.44,7.3,2.4,9.8,19.5,1,0,8.21,48.7,0,0,4.56,5.95,1,121.95,1.06,72.81,-20.23,Alta
09375,Tamarón,Burgos,burgos,52,15.63,3.33,25.0,1300.0,5.45,2.14,14.96,-12.82,18.18,36.84,-1.89,-0.291,17307,3057.78,,,,,1,0,7.41,24.44,0,0,7.31,24.49,0,0,12.38,23.36,36.84,Crecimiento
09467,Villaverde-Mogina,Burgos,burgos,68,13.53,5.03,37.1,866.7,16.0,0.0,13.07,-13.07,-8.11,-20.93,-40.87,-1.618,17307,2064.7,,,,,1,0,8.17,35.07,0,0,6.99,27.76,0,0,6.86,34.0,-20.93,Alta
09261,Peñaranda de Duero,Burgos,burgos,470,64.45,7.29,34.3,263.9,0.43,4.49,24.82,-20.33,-8.91,-14.86,-21.8,-0.735,14404,763.41,4.3,12.8,23.5,40.5,1,0,16.72,16.95,1,0,1.52,15.34,1,82.98,1.6,73.31,-14.86,Media
09456,Villaquirán de los Infantes,Burgos,burgos,154,12.96,11.88,34.0,520.0,10.64,2.89,12.27,-9.38,-3.75,5.48,-21.83,-1.056,18090,1481.53,6.5,13.1,13.1,32.7,1,0,3.83,27.53,0,0,3.7,27.13,0,0,11.79,26.44,5.48,Crecimiento
09227,Montorio,Burgos,burgos,138,23.49,5.87,35.5,384.6,18.79,1.61,9.66,-8.05,-2.82,-14.81,-16.87,-0.65,19113,1325.32,7.1,14.2,35.5,56.7,1,0,9.01,26.4,0,0,12.55,21.03,0,0,21.39,28.85,-14.81,Media
09138,Fuentelisendo,Burgos,burgos,96,6.96,13.79,39.4,433.3,7.92,5.79,18.52,-12.73,4.35,0.0,-23.2,-0.72,16733,1440.23,0.0,0.0,30.3,30.3,1,0,8.7,18.58,0,0,8.48,8.83,0,0,7.51,80.89,0.0,Leve
09064,Caleruega,Burgos,burgos,385,47.56,8.1,32.1,310.3,27.65,4.33,22.8,-18.47,-8.33,-18.09,-3.99,-0.209,16887,932.07,2.7,10.6,23.9,37.1,1,0,11.52,23.46,0,0,11.11,22.08,1,103.9,1.78,61.45,-18.09,Alta
09167,Hornillos del Camino,Burgos,burgos,44,14.06,3.13,47.7,2100.0,2.13,2.53,17.68,-15.15,-25.42,-21.43,-40.54,-1.273,17609,2766.24,0.0,68.2,136.4,204.5,1,0,15.51,17.97,0,0,9.02,18.28,0,0,7.88,16.99,-21.43,Alta
09906,Merindad de Río Ubierna,Burgos,burgos,1400,274.78,5.09,24.8,180.3,6.08,4.13,8.89,-4.76,-1.27,-3.85,7.28,0.423,18229,563.27,2.8,5.0,4.3,12.1,1,0,13.52,21.07,0,0,14.33,23.95,0,0,22.31,26.99,-3.85,Leve
09316,Revilla Vallejera,Burgos,burgos,112,27.42,4.08,36.8,323.1,10.43,6.94,10.91,-3.97,7.69,-2.61,-13.85,-0.873,15940,1414.4,0.0,8.8,43.9,52.6,1,0,13.69,35.99,0,0,13.4,30.44,0,0,13.33,39.74,-2.61,Leve
09231,Nebreda,Burgos,burgos,50,28.39,1.76,64.0,0.0,1.82,0.0,35.56,-35.56,-12.28,-28.57,-53.27,-2.08,18192,2680.27,20.0,0.0,20.0,40.0,1,0,13.18,32.94,0,0,13.56,13.75,0,0,13.16,42.5,-28.57,Alta
09243,Padilla de Arriba,Burgos,burgos,86,23.08,3.73,33.0,414.3,7.61,5.17,15.5,-10.34,8.86,10.26,-34.85,-1.502,17307,2208.56,11.4,0.0,0.0,11.4,1,0,7.09,41.06,0,0,7.43,7.05,0,0,6.79,40.27,10.26,Crecimiento
09352,Santa María del Mercadillo,Burgos,burgos,119,30.16,3.95,39.0,657.1,1.85,0.0,24.28,-24.28,17.82,4.39,-37.04,-1.858,16632,1684.58,16.9,0.0,16.9,33.9,1,0,18.73,23.64,0,0,13.8,22.69,0,0,7.67,53.95,4.39,Crecimiento
09095,Celada del Camino,Burgos,burgos,91,12.55,7.25,48.4,400.0,0.0,1.22,53.72,-52.5,-20.87,-6.19,-8.08,0.154,17609,1663.72,0.0,0.0,11.0,11.0,1,0,7.76,20.41,0,0,7.72,20.36,0,0,11.89,19.32,-6.19,Media
09343,Santa Cecilia,Burgos,burgos,107,12.44,8.6,44.4,600.0,3.81,3.12,5.19,-2.08,9.18,1.9,-20.74,-0.883,16063,1289.28,9.3,0.0,0.0,9.3,1,0,5.41,32.46,0,0,4.9,4.77,0,0,5.39,31.78,1.9,Crecimiento
09255,Partido de la Sierra en Tobalina,Burgos,burgos,75,29.87,2.51,58.7,4400.0,0.0,0.0,20.74,-20.74,-9.64,-10.71,-2.6,0.3,16914,2214.85,0.0,13.3,40.0,53.3,1,0,7.88,30.66,0,0,8.0,19.97,0,0,7.73,55.62,-10.71,Media
09292,Quintanavides,Burgos,burgos,65,11.65,5.58,38.5,2500.0,1.56,1.71,13.68,-11.97,-12.16,-32.29,-23.53,-0.994,16914,2221.47,15.4,0.0,15.4,30.8,1,0,11.08,17.48,0,0,11.14,11.26,0,0,11.57,29.34,-32.29,Alta
09100,Cerratón de Juarros,Burgos,burgos,42,16.22,2.59,50.0,0.0,0.0,2.65,18.52,-15.87,-23.64,-23.64,-48.15,-1.467,16914,3416.79,,,,,1,0,14.53,19.23,0,0,14.3,14.41,0,0,13.79,30.52,-23.64,Alta
09213,Merindad de Cuesta-Urria,Burgos,burgos,263,122.08,2.15,38.4,561.1,1.85,2.53,28.73,-26.19,-9.62,-28.14,-49.03,-2.08,14918,1298.4,7.6,7.6,26.6,41.8,1,0,8.34,46.6,0,0,7.68,7.67,0,0,13.72,64.15,-28.14,Alta
09144,"Gallega, La",Burgos,burgos,34,17.33,1.96,47.1,0.0,0.0,0.0,35.95,-35.95,-24.44,-37.04,-62.22,-2.402,18076,4428.87,,,,,1,0,8.83,42.97,0,0,9.26,14.51,0,0,9.27,62.56,-37.04,Alta
09348,Santa Inés,Burgos,burgos,153,14.84,10.31,41.7,722.2,7.74,5.08,22.51,-17.43,10.07,-1.29,-24.63,-1.103,13541,1142.32,0.0,0.0,6.4,6.4,1,0,5.77,32.08,0,0,5.72,5.47,0,0,5.51,31.66,-1.29,Leve
09335,San Adrián de Juarros,Burgos,burgos,84,19.86,4.23,32.1,1350.0,1.16,1.32,3.97,-2.65,-1.18,-9.68,55.56,4.561,17609,2169.69,0.0,0.0,11.9,11.9,1,0,17.25,17.25,0,0,8.91,19.15,0,0,8.51,22.81,-9.68,Media
09353,Santa María Ribarredonda,Burgos,burgos,97,12.46,7.78,31.7,355.6,11.34,2.29,19.47,-17.18,5.43,3.19,-25.95,-1.102,16914,1473.92,0.0,0.0,0.0,9.9,0,0,13.9,21.18,0,0,5.68,14.61,0,0,14.35,55.04,3.19,Crecimiento
09151,Gumiel de Izán,Burgos,burgos,587,75.39,7.79,29.2,222.1,9.97,2.27,12.11,-9.84,4.63,1.73,-3.77,-0.454,15870,679.41,6.8,8.5,13.7,30.7,1,0,10.42,10.42,1,0,1.16,10.09,0,0,9.62,63.68,1.73,Crecimiento
09904,Valle de las Navas,Burgos,burgos,549,111.65,4.92,29.4,330.6,3.33,1.62,11.13,-9.51,7.86,3.0,-13.68,-0.817,18718,707.13,3.6,3.6,1.8,9.1,1,0,9.87,9.87,0,0,14.28,14.7,0,0,14.4,19.43,3.0,Crecimiento
09251,Pancorbo,Burgos,burgos,431,58.31,7.39,27.4,203.4,7.09,2.58,15.47,-12.89,0.47,-4.86,-12.22,-0.562,14699,805.46,13.9,9.3,20.9,46.4,1,0,8.47,16.86,1,0,4.06,15.44,0,0,13.4,60.8,-4.86,Leve
09155,Haza,Burgos,burgos,33,82.18,0.4,46.9,250.0,17.65,10.1,3.37,6.73,10.0,26.92,-19.51,-1.095,16232,4663.17,31.2,0.0,62.5,125.0,1,0,6.61,18.69,0,0,6.37,6.73,0,0,6.43,79.03,26.92,Crecimiento
09072,Carcedo de Burgos,Burgos,burgos,513,25.64,20.01,19.8,110.9,8.87,6.5,6.5,0.0,20.99,32.22,237.5,9.877,18456,614.43,3.9,11.7,7.8,23.3,1,0,7.74,7.74,0,0,4.62,7.64,0,0,5.23,9.73,32.22,Crecimiento
09066,Campolara,Burgos,burgos,46,13.22,3.48,50.0,2300.0,0.0,2.42,21.74,-19.32,-19.3,-37.84,-52.58,-1.884,18076,3919.75,43.5,0.0,0.0,43.5,1,0,14.96,33.52,0,0,10.31,16.07,0,0,15.03,35.04,-37.84,Alta
09014,"Altos, Los",Burgos,burgos,177,139.62,1.27,37.0,1675.0,1.08,0.63,16.32,-15.69,-3.8,-6.84,-23.04,-0.792,16069,1748.06,5.5,5.5,27.6,38.7,1,0,7.95,41.11,0,0,12.24,20.47,0,0,18.11,47.78,-6.84,Media
09471,Villayerno Morquillas,Burgos,burgos,208,10.48,19.85,22.1,135.3,4.39,4.27,8.01,-3.74,6.67,0.48,57.58,1.452,15013,910.31,4.8,0.0,0.0,4.8,1,0,3.67,3.67,0,0,4.23,4.65,0,0,4.37,9.57,0.48,Crecimiento
09057,Bugedo,Burgos,burgos,193,9.91,19.48,28.4,161.8,2.62,6.91,16.7,-9.79,3.21,10.29,93.0,3.199,16638,992.03,5.2,0.0,5.2,10.3,1,0,4.47,7.62,0,0,6.46,6.62,0,0,4.6,67.85,10.29,Crecimiento
09062,Cabezón de la Sierra,Burgos,burgos,33,19.8,1.67,75.8,0.0,0.0,0.0,23.57,-23.57,-17.5,-50.0,-54.79,-1.776,18076,3742.28,0.0,0.0,30.3,30.3,1,0,10.26,47.08,0,0,10.44,9.66,0,0,10.29,59.47,-50.0,Alta
09027,Arraya de Oca,Burgos,burgos,49,12.23,4.01,28.6,200.0,7.55,0.0,11.34,-11.34,4.26,8.89,-9.26,-0.634,16914,3492.14,,,,,1,0,16.57,17.13,0,0,14.18,16.44,0,0,15.51,28.25,8.89,Crecimiento
09032,Avellanosa de Muñó,Burgos,burgos,95,36.83,2.58,38.9,1850.0,2.06,0.0,21.05,-21.05,-10.38,-17.39,-41.36,-1.562,18192,1730.24,,,,,1,0,7.49,36.06,0,0,7.49,7.99,0,0,7.76,40.48,-17.39,Alta
09181,Isar,Burgos,burgos,279,66.31,4.21,43.9,1016.7,1.05,0.4,16.33,-15.93,-2.79,-15.71,-34.04,-1.355,18447,662.57,14.4,0.0,3.6,18.0,1,0,15.98,15.98,0,0,7.51,16.53,0,0,7.54,15.26,-15.71,Alta
09130,Fresneña,Burgos,burgos,68,13.98,4.86,42.6,1450.0,10.61,0.0,26.14,-26.14,0.0,-21.84,-41.88,-1.821,16914,2197.33,14.7,14.7,29.4,58.8,1,0,5.06,34.55,0,0,5.18,5.16,0,0,5.69,48.87,-21.84,Alta
09088,Castrillo de Riopisuerga,Burgos,burgos,56,17.42,3.21,46.4,2600.0,0.0,1.98,25.79,-23.81,-6.67,-8.2,-36.36,-1.48,17307,3012.45,,,,,1,0,6.95,48.92,0,0,11.23,11.07,0,0,11.02,48.21,-8.2,Media
09009,Albillos,Burgos,burgos,220,12.33,17.84,14.1,62.0,0.93,3.54,9.09,-5.56,4.76,-0.45,39.24,1.348,17956,986.35,,,,,1,0,9.19,9.19,0,0,3.49,8.82,0,0,5.32,8.17,-0.45,Leve
09136,Fuentecén,Burgos,burgos,246,17.02,14.45,32.0,243.8,18.8,2.71,19.42,-16.71,13.36,10.81,-10.87,-0.835,15174,855.13,8.2,4.1,0.0,12.3,1,0,8.69,15.27,0,0,8.71,8.89,0,0,5.71,79.05,10.81,Crecimiento
09024,Arenillas de Riopisuerga,Burgos,burgos,156,27.94,5.58,40.4,370.6,0.59,7.12,18.52,-11.4,-10.34,-12.85,-34.45,-1.143,15330,1052.31,6.4,0.0,0.0,6.4,1,0,12.02,42.14,0,0,6.14,6.52,0,0,6.29,41.17,-12.85,Media
09037,Barbadillo de Herreros,Burgos,burgos,103,64.06,1.61,43.3,2250.0,3.85,0.0,10.79,-10.79,-5.5,-11.21,-31.79,-1.258,18493,1685.41,19.2,9.6,19.2,48.1,1,0,21.67,42.84,0,0,15.94,21.21,0,0,15.92,49.38,-11.21,Media
09326,Rubena,Burgos,burgos,207,9.75,21.23,18.7,118.2,9.59,8.05,4.83,3.22,8.38,17.61,23.21,0.756,17124,998.2,19.1,9.6,9.6,38.3,1,0,2.05,2.05,0,0,6.48,8.08,0,0,6.42,13.68,17.61,Crecimiento
09266,Pineda de la Sierra,Burgos,burgos,92,68.66,1.34,41.9,0.0,2.13,0.0,15.7,-15.7,-6.12,-8.91,-26.98,-1.074,18076,1771.94,10.8,32.3,75.3,118.3,1,0,22.39,31.35,0,0,12.5,22.29,0,0,12.49,37.82,-8.91,Media
09297,"Quintanillas, Las",Burgos,burgos,386,24.74,15.6,25.4,213.0,7.18,3.74,10.65,-6.91,6.63,-1.28,11.88,0.285,15943,753.32,5.2,5.2,5.2,18.1,1,0,11.37,11.37,0,0,2.91,11.91,0,0,3.04,10.6,-1.28,Leve
09216,Merindad de Valdeporres,Burgos,burgos,412,119.96,3.43,33.8,356.4,4.09,2.43,19.15,-16.72,0.0,-6.36,-27.08,-0.917,13747,1177.91,14.6,12.2,29.2,58.4,1,0,5.27,68.73,0,0,5.3,14.82,0,0,5.35,73.97,-6.36,Media
09337,San Juan del Monte,Burgos,burgos,163,26.46,6.16,21.0,113.3,18.83,2.73,10.91,-8.18,9.4,17.27,-2.98,-0.552,12833,1142.68,18.5,0.0,6.2,24.7,1,0,13.94,14.26,0,0,3.51,12.68,0,0,3.81,75.27,17.27,Crecimiento
09451,Villanueva de Gumiel,Burgos,burgos,281,22.3,12.6,31.1,334.6,7.53,3.56,12.65,-9.09,2.93,-1.06,-7.57,-0.319,15951,1767.44,14.3,0.0,14.3,28.6,1,0,9.44,9.44,0,0,6.0,8.37,0,0,8.46,66.5,-1.06,Leve
09143,Galbarros,Burgos,burgos,28,31.94,0.88,42.9,1200.0,3.7,0.0,15.87,-15.87,-6.67,-3.45,-17.65,-0.565,16914,5111.47,,,,,0,0,9.97,19.48,0,0,10.24,10.26,0,0,10.35,31.01,-3.45,Leve
09168,"Horra, La",Burgos,burgos,295,29.95,9.85,33.6,235.7,15.72,4.9,24.11,-19.21,-11.94,-19.4,-34.73,-1.273,15918,952.25,3.4,3.4,16.9,23.7,1,0,7.09,17.63,0,0,5.18,7.18,0,0,7.61,66.53,-19.4,Alta
09311,Retuerta,Burgos,burgos,56,8.52,6.57,48.2,900.0,0.0,1.98,21.83,-19.84,-9.68,-13.85,-22.22,-0.747,18192,2461.83,0.0,0.0,35.7,35.7,1,0,17.42,37.84,0,0,3.47,18.77,0,0,17.62,38.36,-13.85,Media
09390,Torresandino,Burgos,burgos,565,93.06,6.07,36.2,510.0,5.76,1.18,18.88,-17.7,-6.46,-18.23,-32.58,-1.282,16641,1392.83,5.3,3.5,3.5,12.4,1,0,18.32,29.58,1,0,4.5,18.23,0,0,8.46,55.61,-18.23,Alta
09908,Valle de Losa,Burgos,burgos,486,227.26,2.14,30.7,392.1,5.65,1.37,15.55,-14.17,1.04,-9.67,-27.46,-1.164,12877,1399.99,14.4,4.1,20.6,39.1,0,0,14.11,36.23,1,0,8.41,19.41,0,0,19.68,83.9,-9.67,Media
09006,Aguas Cándidas,Burgos,burgos,61,17.92,3.4,42.6,520.0,1.69,3.64,14.57,-10.93,8.93,5.17,-34.41,-1.673,16914,2375.0,,,,,1,0,14.96,38.87,0,0,6.6,21.69,0,0,7.0,47.82,5.17,Crecimiento
09159,Hontanas,Burgos,burgos,69,10.2,6.76,31.9,550.0,11.43,4.83,6.44,-1.61,-6.76,2.99,0.0,-0.028,17307,2706.13,0.0,72.5,115.9,202.9,1,0,12.57,27.51,0,0,8.32,19.89,0,0,8.55,26.48,2.99,Crecimiento
09051,Berlangas de Roa,Burgos,burgos,204,15.62,13.06,35.0,244.8,10.84,2.72,19.06,-16.34,11.48,10.27,-22.73,-1.152,16286,985.42,4.9,0.0,4.9,9.9,1,0,5.32,14.54,0,0,5.6,5.57,0,0,5.72,72.96,10.27,Crecimiento
09438,Villalba de Duero,Burgos,burgos,720,13.73,52.44,20.5,119.0,6.91,5.09,7.56,-2.47,2.13,5.42,21.01,0.884,17267,616.63,2.7,0.0,0.0,2.7,1,0,5.08,5.08,0,0,4.39,4.37,0,0,5.1,72.94,5.42,Crecimiento
09294,Quintanilla de la Mata,Burgos,burgos,109,13.78,7.91,35.8,390.0,3.7,3.06,23.45,-20.39,-0.91,-16.15,-35.5,-1.408,13670,1393.21,18.3,0.0,0.0,18.3,1,0,3.57,36.28,0,0,3.89,4.39,0,0,3.83,38.37,-16.15,Alta
09215,Merindad de Sotoscueva,Burgos,burgos,399,153.07,2.61,34.8,302.2,7.04,4.73,18.66,-13.92,0.76,-8.49,-32.72,-1.234,12916,1224.85,10.0,7.5,45.0,62.5,1,0,6.92,69.2,0,0,6.87,6.89,0,0,6.89,78.45,-8.49,Media
09905,Valle de Sedano,Burgos,burgos,402,263.62,1.52,30.4,361.8,4.65,3.04,11.61,-8.57,-4.51,-14.83,-25.42,-1.06,14686,1020.59,22.3,34.7,71.8,133.7,0,0,7.63,33.86,1,0,14.48,26.24,0,0,26.61,37.44,-14.83,Media
09317,Rezmondo,Burgos,burgos,18,6.69,2.69,72.2,0.0,0.0,0.0,6.17,-6.17,-14.29,20.0,-25.0,-1.034,17307,6793.21,0.0,55.6,0.0,55.6,1,0,7.56,46.92,0,0,12.35,11.91,0,0,11.96,46.22,20.0,Crecimiento
09455,Villaquirán de la Puebla,Burgos,burgos,45,11.47,3.92,44.4,1000.0,4.35,4.94,17.28,-12.35,-2.17,-4.26,-29.69,-1.162,17307,2716.34,,,,,1,0,12.13,31.73,0,0,4.09,18.78,0,0,4.4,30.68,-4.26,Leve
09405,Valdezate,Burgos,burgos,115,20.45,5.62,40.9,783.3,2.46,0.97,26.09,-25.12,-14.18,-17.86,-40.72,-1.536,15328,1475.32,8.7,0.0,0.0,8.7,1,0,11.08,21.53,0,0,10.71,11.15,0,0,9.17,83.85,-17.86,Alta
09307,Redecilla del Camino,Burgos,burgos,98,12.08,8.11,34.7,680.0,6.38,0.0,19.27,-19.27,-4.85,-27.94,-34.67,-1.371,16914,2455.18,30.6,10.2,30.6,71.4,1,0,10.19,31.06,0,0,10.4,10.31,0,0,10.52,54.52,-27.94,Alta
09386,Torrecilla del Monte,Burgos,burgos,79,14.91,5.3,25.3,142.9,3.8,4.22,19.69,-15.47,9.72,14.49,3.95,-0.297,18192,2463.9,12.7,0.0,0.0,12.7,1,0,10.92,26.5,0,0,10.7,10.32,0,0,10.64,26.16,14.49,Crecimiento
09223,Monasterio de la Sierra,Burgos,burgos,38,5.89,6.45,42.1,0.0,0.0,0.0,11.7,-11.7,-11.63,-20.83,-5.0,0.188,18076,3274.42,26.3,0.0,26.3,52.6,0,0,9.39,51.01,0,0,8.9,8.25,0,0,9.17,54.53,-20.83,Alta
09013,Altable,Burgos,burgos,44,8.21,5.36,23.8,333.3,6.52,0.0,22.73,-22.73,-4.35,-13.73,-24.14,-0.988,16914,3310.51,,,,,1,0,11.05,14.75,0,0,4.83,14.27,0,0,12.41,60.43,-13.73,Media
09328,Rucandio,Burgos,burgos,72,32.58,2.21,51.4,0.0,0.0,0.0,16.98,-16.98,4.35,-6.49,-40.0,-1.543,16914,2503.95,,,,,1,0,13.12,40.27,0,0,9.47,20.12,0,0,9.85,48.64,-6.49,Media
09043,"Barrios de Bureba, Los",Burgos,burgos,179,46.64,3.84,38.0,1133.3,0.56,0.62,23.59,-22.97,0.0,-10.05,-32.71,-1.318,17192,1485.77,11.2,0.0,11.2,22.3,1,0,11.29,32.45,0,0,10.68,11.92,0,0,10.71,43.33,-10.05,Media
09406,Valdorros,Burgos,burgos,377,16.62,22.68,14.5,91.5,8.24,7.37,5.01,2.36,26.94,13.55,216.81,8.014,15618,620.71,2.7,0.0,2.7,5.4,1,0,17.39,18.11,0,0,10.01,16.57,0,0,14.39,17.65,13.55,Crecimiento
09302,Rabanera del Pinar,Burgos,burgos,94,33.19,2.83,47.9,2250.0,1.01,0.0,20.09,-20.09,-7.84,-22.31,-33.33,-1.33,18076,2438.65,10.6,0.0,63.8,74.5,1,0,12.13,49.29,0,0,10.64,12.72,0,0,5.33,66.24,-22.31,Alta
09270,Pinilla Trasmonte,Burgos,burgos,152,68.22,2.23,36.8,950.0,3.7,2.19,20.47,-18.27,-9.52,-13.64,-32.14,-1.196,17804,1604.04,12.9,6.5,12.9,32.3,1,0,18.93,24.3,0,0,13.21,19.71,0,0,12.48,50.97,-13.64,Media
09010,Alcocero de Mola,Burgos,burgos,40,8.32,4.81,37.5,750.0,0.0,2.78,16.67,-13.89,25.0,21.21,-25.93,-1.447,16914,3185.16,,,,,1,0,8.8,21.79,0,0,8.64,8.83,0,0,9.28,33.59,21.21,Crecimiento
09091,Castrojeriz,Burgos,burgos,794,135.85,5.84,38.1,450.7,8.72,3.78,19.73,-15.95,1.53,-6.04,-20.28,-0.959,15120,707.67,8.8,8.8,34.1,54.3,1,0,15.39,35.87,1,0,10.16,24.63,1,74.31,10.2,40.35,-6.04,Media
09391,Tórtoles de Esgueva,Burgos,burgos,362,79.08,4.58,38.8,636.4,20.47,3.68,25.17,-21.49,-16.4,-27.31,-30.92,-1.016,14773,840.16,13.9,2.8,5.5,22.2,1,0,17.85,34.42,0,0,11.27,17.65,1,93.92,2.61,62.03,-27.31,Alta
09310,Reinoso,Burgos,burgos,21,8.49,2.47,23.8,250.0,5.56,5.29,5.29,0.0,40.0,90.91,-12.5,-1.537,16914,7302.81,,,,,1,0,6.62,21.8,0,0,6.73,6.83,0,0,7.1,33.62,90.91,Crecimiento
09217,Merindad de Valdivielso,Burgos,burgos,384,128.87,2.98,39.2,580.8,4.22,1.74,17.94,-16.2,1.05,-4.0,-29.67,-1.239,14988,1043.97,10.4,0.0,15.6,28.6,1,0,10.0,48.77,0,0,12.17,12.22,0,0,12.48,56.57,-4.0,Leve
09239,Oquillas,Burgos,burgos,52,14.96,3.48,32.7,283.3,4.08,4.27,14.96,-10.68,-3.7,-11.86,-32.47,-1.533,16232,2507.91,0.0,0.0,19.2,38.5,1,0,18.42,18.42,0,0,6.91,18.15,0,0,16.54,55.63,-11.86,Media
09903,Villarcayo de Merindad de Castilla la Vieja,Burgos,burgos,4103,150.89,27.19,25.4,164.7,13.5,4.06,13.7,-9.64,2.29,-6.15,7.78,0.18,13836,469.7,9.6,3.9,12.2,28.2,0,0,6.44,65.97,1,1,5.95,6.1,1,23.15,6.2,72.6,-6.15,Media
09162,Hontoria de la Cantera,Burgos,burgos,172,19.36,8.88,27.3,180.8,5.17,7.11,5.81,1.29,18.62,9.55,35.43,1.132,17002,1107.77,5.8,0.0,0.0,5.8,1,0,17.82,17.82,0,0,12.78,17.05,0,0,15.34,17.88,9.55,Crecimiento
09346,Santa Cruz del Valle Urbión,Burgos,burgos,94,33.87,2.78,33.0,442.9,0.97,2.36,11.82,-9.46,-5.05,-8.74,-25.98,-0.835,16749,,,,,,1,0,15.7,34.41,0,0,5.27,15.64,0,0,5.26,42.72,-8.74,Media
09396,Tubilla del Lago,Burgos,burgos,164,23.17,7.08,39.2,590.9,12.79,3.39,14.23,-10.84,-2.96,9.33,-15.46,-0.573,14108,2022.53,12.0,0.0,36.1,48.2,1,0,16.97,16.97,0,0,8.74,15.92,0,0,8.2,60.27,9.33,Crecimiento
09189,Junta de Traslaloma,Burgos,burgos,118,75.69,1.56,37.3,628.6,2.46,1.88,23.54,-21.66,-7.81,-13.24,-37.89,-1.697,14537,2043.16,0.0,0.0,8.5,8.5,1,0,11.32,56.83,0,0,12.19,11.7,0,0,8.63,81.01,-13.24,Media
09392,Tosantos,Burgos,burgos,48,5.73,8.38,34.0,533.3,3.77,2.31,11.57,-9.26,-7.69,-14.29,-22.58,-0.732,16914,3051.54,42.6,21.3,21.3,85.1,1,0,4.38,29.33,0,0,4.12,4.25,0,0,3.62,40.31,-14.29,Media
09108,Cogollos,Burgos,burgos,687,31.2,22.02,14.7,67.3,10.19,6.79,5.01,1.78,20.53,52.33,183.88,6.902,14850,608.68,1.5,2.9,2.9,8.7,1,0,15.53,15.53,0,0,8.11,14.68,0,0,12.0,15.14,52.33,Crecimiento
09277,Puentedura,Burgos,burgos,117,16.36,7.15,46.6,1375.0,4.1,0.95,19.94,-18.99,7.34,-9.3,-14.6,-0.422,18804,1551.02,25.4,0.0,16.9,42.4,1,0,12.82,36.13,0,0,7.76,12.96,0,0,12.65,35.94,-9.3,Media
09160,Hontangas,Burgos,burgos,92,12.2,7.54,38.0,437.5,3.03,0.0,26.57,-26.57,5.75,-13.21,-39.47,-1.643,16232,1641.09,10.9,0.0,0.0,10.9,1,0,12.24,12.42,0,0,8.04,11.31,0,0,2.63,83.4,-13.21,Media
09318,Riocavado de la Sierra,Burgos,burgos,54,43.25,1.25,57.4,1550.0,1.82,2.06,14.4,-12.35,-1.82,-8.47,-23.94,-1.023,18076,2497.02,18.5,0.0,0.0,18.5,1,0,17.97,39.44,0,0,17.11,17.8,0,0,17.1,45.07,-8.47,Media
09444,Villamayor de Treviño,Burgos,burgos,59,18.72,3.15,49.2,0.0,1.79,3.77,22.6,-18.83,-3.28,-22.37,-47.32,-2.047,17307,2314.42,,,,,1,0,11.46,37.77,0,0,9.27,11.58,0,0,11.26,37.05,-22.37,Alta
09208,Mecerreyes,Burgos,burgos,176,59.54,2.96,33.0,527.3,7.49,0.63,30.93,-30.3,-8.81,-32.05,-45.85,-1.704,17690,1429.94,5.7,5.7,11.4,22.7,1,0,14.39,28.36,0,0,8.5,14.04,0,0,14.13,28.26,-32.05,Alta
09289,Quintanar de la Sierra,Burgos,burgos,1474,59.84,24.63,36.0,314.8,8.59,4.98,19.45,-14.47,-8.05,-20.11,-29.07,-1.04,14269,630.65,12.2,4.1,6.8,23.0,0,0,0.0,52.06,1,1,2.79,2.38,1,21.71,2.64,68.0,-20.11,Alta
09275,Presencio,Burgos,burgos,212,35.3,6.01,39.2,592.9,5.29,2.1,11.53,-9.43,15.22,8.72,-22.34,-1.271,16970,881.18,18.9,4.7,4.7,28.3,1,0,10.16,21.57,0,0,10.27,19.38,0,0,10.27,20.61,8.72,Crecimiento
09424,Viloria de Rioja,Burgos,burgos,38,6.94,5.48,55.3,700.0,8.11,0.0,14.62,-14.62,-2.56,-2.56,-46.48,-1.96,16914,2967.48,,,,,1,0,7.24,31.68,0,0,7.47,7.36,0,0,7.98,51.75,-2.56,Leve
09141,Fuentespina,Burgos,burgos,833,12.01,69.36,23.7,115.8,5.27,5.74,9.6,-3.87,6.11,8.32,44.37,1.448,16647,608.42,4.8,2.4,6.0,15.6,1,0,3.84,4.47,1,0,0.29,3.34,1,170.47,0.79,78.49,8.32,Crecimiento
09073,Cardeñadijo,Burgos,burgos,1445,9.19,157.24,10.7,43.9,5.45,7.3,2.69,4.61,5.55,11.58,172.13,8.585,15585,496.88,1.4,2.8,2.1,6.2,1,0,5.48,5.48,0,0,4.92,5.12,0,0,4.91,6.27,11.58,Crecimiento
09347,Santa Gadea del Cid,Burgos,burgos,180,28.93,6.22,33.0,315.8,7.36,3.7,13.58,-9.88,17.65,16.13,-2.7,-0.627,15633,1308.55,5.5,5.5,16.5,33.0,1,0,2.07,11.12,0,0,8.3,9.32,0,0,7.63,68.41,16.13,Crecimiento
09149,Grisaleña,Burgos,burgos,58,16.32,3.55,25.9,187.5,18.87,0.0,13.41,-13.41,18.37,48.72,23.4,0.19,16914,2637.93,,,,,1,0,6.18,29.31,0,0,6.19,6.6,0,0,6.27,46.86,48.72,Crecimiento
09267,Pineda Trasmonte,Burgos,burgos,95,28.13,3.38,43.2,1366.7,1.02,0.0,22.22,-22.22,-21.49,-24.6,-50.0,-1.766,18192,1714.13,10.5,0.0,10.5,21.1,1,0,13.66,26.73,0,0,14.11,14.5,0,0,13.8,47.35,-24.6,Alta
09060,Busto de Bureba,Burgos,burgos,140,18.53,7.56,33.6,587.5,1.4,0.0,30.95,-30.95,5.26,-14.63,-38.86,-1.63,16062,1488.65,21.4,0.0,14.3,35.7,1,0,12.73,26.96,0,0,12.14,13.3,0,0,12.87,52.23,-14.63,Media
09182,Itero del Castillo,Burgos,burgos,74,16.89,4.38,33.8,833.3,1.41,4.5,18.02,-13.51,-7.5,-11.9,-40.32,-1.635,17307,2167.67,13.5,0.0,13.5,27.0,1,0,13.53,38.75,0,0,8.38,13.62,0,0,8.1,42.99,-11.9,Media
09244,Padrones de Bureba,Burgos,burgos,49,20.3,2.41,36.7,450.0,3.39,2.27,27.21,-24.94,6.52,-5.77,-32.88,-0.943,16914,2878.8,,,,,1,0,10.65,34.99,0,0,10.92,25.27,0,0,11.34,43.4,-5.77,Media
09103,Cilleruelo de Abajo,Burgos,burgos,209,52.83,3.96,46.4,466.7,10.53,1.59,17.54,-15.95,-0.48,-11.81,-35.69,-1.465,13450,1347.84,14.2,4.7,4.7,23.7,1,0,14.99,25.91,0,0,12.14,15.8,0,0,15.24,49.73,-11.81,Media
09377,Tardajos,Burgos,burgos,862,12.8,67.34,27.5,158.7,3.94,5.93,18.82,-12.89,10.09,7.35,34.27,0.99,15372,618.84,1.2,3.5,6.9,11.6,1,0,8.8,8.8,1,0,0.32,9.24,1,185.61,0.12,7.91,7.35,Crecimiento
09018,Aranda de Duero,Burgos,burgos,33956,127.09,267.18,23.5,126.7,13.92,7.26,9.27,-2.02,2.32,3.27,14.09,0.522,14702,,4.9,1.9,1.4,8.9,1,1,2.77,2.77,1,1,1.75,1.64,1,8.33,2.12,75.73,3.27,Crecimiento
09250,Pampliega,Burgos,burgos,281,24.36,11.54,36.9,742.9,5.52,1.58,17.79,-16.21,-5.7,-15.36,-31.8,-1.413,15153,842.53,10.6,3.5,10.6,24.8,0,0,4.71,22.72,1,0,4.69,22.58,0,0,11.9,21.63,-15.36,Alta
09056,Briviesca,Burgos,burgos,6728,81.07,82.99,21.3,124.7,16.74,4.76,10.29,-5.53,2.22,-5.62,7.91,0.141,13732,410.96,5.8,1.8,2.1,10.4,0,0,8.83,19.61,1,1,8.92,9.03,1,13.67,9.31,31.44,-5.62,Media
09419,Valluércanes,Burgos,burgos,70,27.9,2.51,34.3,600.0,3.23,0.0,19.05,-19.05,-1.41,-9.09,-41.67,-1.693,16914,2971.56,,,,,1,0,14.69,18.96,0,0,6.6,16.79,0,0,9.69,56.25,-9.09,Media
09283,Quintanaélez,Burgos,burgos,44,17.44,2.52,40.0,900.0,2.13,2.53,20.2,-17.68,0.0,-15.38,-55.1,-2.046,16914,3173.7,0.0,0.0,22.2,22.2,1,0,13.41,30.74,0,0,11.34,14.41,0,0,11.07,51.03,-15.38,Alta
09378,Tejada,Burgos,burgos,35,22.71,1.54,25.7,0.0,2.86,0.0,12.7,-12.7,2.94,25.0,-36.36,-1.505,18192,3607.06,0.0,0.0,28.6,28.6,1,0,18.98,33.33,0,0,12.56,19.48,0,0,14.51,45.26,25.0,Crecimiento
09059,Burgos,Burgos,burgos,177402,106.9,1659.51,24.8,139.6,9.61,7.04,10.23,-3.19,0.56,0.17,8.6,0.28,16707,,4.2,1.4,3.0,9.3,1,1,1.09,1.09,1,1,0.93,1.34,1,12.7,0.34,0.0,0.17,Crecimiento
09249,Palazuelos de Muñó,Burgos,burgos,52,8.68,5.99,36.5,950.0,0.0,0.0,4.27,-4.27,4.0,-3.7,-21.21,-1.077,17307,3457.52,19.2,0.0,0.0,19.2,1,0,2.35,28.04,0,0,2.46,25.3,0,0,5.89,26.97,-3.7,Leve
09125,Estépar,Burgos,burgos,646,102.53,6.3,38.1,492.0,5.83,0.86,9.98,-9.12,8.39,-2.71,-24.62,-1.185,18115,685.4,1.5,7.7,6.2,18.6,1,0,11.67,16.28,0,0,8.54,15.92,0,0,11.51,15.25,-2.71,Leve
09071,Carcedo de Bureba,Burgos,burgos,36,42.59,0.85,33.3,1200.0,2.7,3.09,6.17,-3.09,-10.0,-28.0,-26.53,-0.245,16914,4100.37,,,,,1,0,10.96,22.06,0,0,11.17,11.29,0,0,11.19,33.07,-28.0,Alta
09258,Pedrosa del Príncipe,Burgos,burgos,155,28.37,5.46,51.6,1142.9,3.66,1.43,19.35,-17.92,-8.28,-11.43,-36.73,-1.452,17149,1823.33,6.5,0.0,0.0,6.5,1,0,16.71,36.91,0,0,7.99,19.23,0,0,7.92,41.3,-11.43,Media
09174,Huerta de Rey,Burgos,burgos,889,97.67,9.1,33.2,256.5,9.55,5.87,19.5,-13.62,-1.33,-11.72,-24.21,-1.157,14050,865.73,14.6,4.5,7.9,27.0,0,0,5.8,32.24,1,0,5.67,23.57,0,0,13.77,68.63,-11.72,Media
09248,Palazuelos de la Sierra,Burgos,burgos,95,15.71,6.05,43.2,1025.0,2.15,1.17,11.7,-10.53,11.76,20.25,35.71,1.28,17609,1585.98,10.5,0.0,21.1,31.6,1,0,23.1,23.1,0,0,14.82,23.49,0,0,13.94,26.19,20.25,Crecimiento
09218,Milagros,Burgos,burgos,409,21.99,18.6,33.7,224.6,7.66,4.07,16.03,-11.95,-5.76,-11.09,-10.31,-0.331,16072,1434.52,4.9,7.4,9.8,22.1,1,0,8.63,9.23,1,0,1.11,8.14,0,0,5.57,83.28,-11.09,Media
09441,Villaldemiro,Burgos,burgos,92,13.41,6.86,26.1,184.6,1.1,3.62,10.87,-7.25,-5.15,35.29,9.52,0.387,17307,2065.03,0.0,10.9,0.0,10.9,1,0,4.11,24.46,0,0,4.04,24.37,0,0,12.17,23.36,35.29,Crecimiento
09295,Quintanilla del Coco,Burgos,burgos,50,20.06,2.49,36.0,600.0,0.0,0.0,24.44,-24.44,-7.41,-18.03,-58.33,-2.413,18192,3173.93,,,,,1,0,19.34,38.31,0,0,7.82,19.92,0,0,18.5,41.82,-18.03,Alta
09321,Roa,Burgos,burgos,2276,48.91,46.53,24.3,136.5,23.67,7.81,12.94,-5.13,5.03,-4.09,1.2,-0.139,12685,485.04,8.2,2.6,3.9,15.2,0,0,11.21,27.58,1,1,7.43,11.04,1,21.97,4.39,64.42,-4.09,Leve
09054,Bozoó,Burgos,burgos,101,33.1,3.05,38.6,433.3,3.92,3.3,9.9,-6.6,4.12,-3.81,-12.17,-0.521,16411,1680.93,0.0,9.9,29.7,39.6,1,0,8.05,15.93,0,0,12.76,14.0,0,0,12.83,70.18,-3.81,Leve
09214,Merindad de Montija,Burgos,burgos,723,99.89,7.24,32.9,353.7,3.64,2.46,18.75,-16.29,2.26,-9.96,-23.81,-0.961,13995,789.58,15.3,9.7,22.2,47.2,1,0,4.22,63.97,0,0,5.03,4.57,0,0,4.25,83.31,-9.96,Media
09036,Bañuelos de Bureba,Burgos,burgos,32,15.4,2.08,31.2,0.0,0.0,0.0,13.89,-13.89,-8.57,-13.51,-28.89,-1.02,16914,3946.05,,,,,1,0,6.71,29.79,0,0,6.25,6.44,0,0,6.85,41.59,-13.51,Media
09432,Villafruela,Burgos,burgos,140,51.93,2.7,43.6,1016.7,0.0,1.59,26.19,-24.6,-20.45,-33.01,-51.89,-1.872,12856,1239.21,7.1,0.0,0.0,7.1,1,0,17.8,34.08,0,0,10.7,18.25,0,0,14.36,48.71,-33.01,Alta
09184,Jaramillo Quemado,Burgos,burgos,12,17.42,0.69,0.0,0.0,50.0,0.0,18.52,-18.52,20.0,140.0,-20.0,-1.942,18076,8517.69,0.0,0.0,83.3,83.3,0,0,10.39,38.08,0,0,10.35,11.36,0,0,10.42,39.85,140.0,Crecimiento
09434,Villagonzalo Pedernales,Burgos,burgos,1903,13.74,138.5,12.2,46.3,6.71,8.52,6.19,2.34,2.37,7.27,144.92,7.421,15341,441.56,1.6,2.6,2.6,7.4,1,0,4.87,4.87,1,0,0.18,4.28,1,95.64,0.66,4.09,7.27,Crecimiento
09061,Cabañes de Esgueva,Burgos,burgos,145,26.53,5.47,45.1,3250.0,8.72,1.53,25.29,-23.75,-9.38,-19.44,-45.9,-1.707,17147,1306.51,13.9,0.0,0.0,13.9,1,0,19.55,20.82,0,0,7.68,19.63,0,0,19.1,55.25,-19.44,Alta
09200,Mambrillas de Lara,Burgos,burgos,54,33.97,1.59,42.6,2300.0,0.0,2.06,10.29,-8.23,20.0,12.5,-30.77,-1.46,18076,3040.88,0.0,18.5,18.5,37.0,1,0,22.37,27.63,0,0,7.44,22.29,0,0,21.47,28.54,12.5,Crecimiento
09281,Quintana del Pidio,Burgos,burgos,150,10.72,13.99,28.5,204.8,11.18,8.15,25.19,-17.04,-3.85,-8.54,-25.0,-0.979,15559,1746.49,6.6,6.6,19.9,33.1,1,0,11.51,11.51,0,0,5.3,11.74,0,0,11.08,63.64,-8.54,Media
09354,Santa Olalla de Bureba,Burgos,burgos,38,10.72,3.54,27.0,166.7,2.63,2.92,23.39,-20.47,2.7,15.15,2.7,-0.149,16914,3755.86,54.1,0.0,0.0,54.1,1,0,12.42,16.02,0,0,12.51,12.62,0,0,12.9,27.86,15.15,Crecimiento
09369,Sotillo de la Ribera,Burgos,burgos,468,42.4,11.04,29.8,252.6,9.75,6.41,19.47,-13.06,-1.47,-10.0,-23.4,-1.045,15512,1142.73,10.4,2.1,4.1,16.6,1,0,12.14,15.62,1,0,0.59,12.26,0,0,12.67,63.19,-10.0,Media
09132,Fresno de Río Tirón,Burgos,burgos,156,9.66,16.15,37.8,737.5,2.48,4.99,23.5,-18.52,-15.22,-20.0,-41.35,-1.385,13670,1605.26,12.8,0.0,0.0,12.8,1,0,4.83,31.74,0,0,5.09,4.88,0,0,5.04,45.83,-20.0,Alta
09048,Belorado,Burgos,burgos,1823,133.2,13.69,28.0,188.6,16.61,5.12,16.03,-10.91,2.42,-7.41,-12.9,-0.692,14126,549.76,8.2,5.5,8.7,24.6,0,0,5.06,32.76,1,1,4.77,4.98,1,32.36,4.81,43.09,-7.41,Media
09312,"Revilla y Ahedo, La",Burgos,burgos,97,15.26,6.36,37.1,400.0,3.96,2.29,17.18,-14.89,-3.0,-14.91,-19.83,-0.919,14834,1968.43,10.3,20.6,20.6,51.5,1,0,4.85,46.22,0,0,5.31,6.13,0,0,5.07,47.48,-14.91,Media
09483,Zazuar,Burgos,burgos,198,22.55,8.78,29.8,327.8,4.78,2.81,25.81,-23.01,-5.71,-18.18,-24.43,-0.906,14974,1049.74,10.1,0.0,20.2,30.3,1,0,11.31,11.62,0,0,6.05,10.05,0,0,4.38,74.83,-18.18,Alta
09175,Humada,Burgos,burgos,114,85.0,1.34,52.2,5900.0,2.59,0.97,23.39,-22.42,-3.39,-12.31,-51.07,-1.876,16144,1833.67,0.0,0.0,8.8,8.8,1,0,19.69,45.67,0,0,16.01,16.06,0,0,16.15,45.71,-12.31,Media
09169,Hortigüela,Burgos,burgos,103,20.63,4.99,45.6,1566.7,1.87,3.24,14.02,-10.79,-1.9,0.0,-21.97,-0.903,22506,2021.63,19.4,19.4,48.5,87.4,1,0,13.88,37.06,0,0,5.64,15.22,0,0,14.04,38.04,0.0,Leve
09403,Valdeande,Burgos,burgos,103,30.94,3.33,41.7,614.3,4.04,3.24,17.26,-14.02,-0.96,3.0,-29.45,-1.271,16232,1751.99,9.7,0.0,29.1,38.8,1,0,14.48,22.57,0,0,14.09,21.34,0,0,2.31,58.65,3.0,Crecimiento
09154,Hacinas,Burgos,burgos,145,7.89,18.38,42.4,469.2,2.72,3.83,16.86,-13.03,0.69,-12.65,-30.62,-1.219,16114,1259.73,6.9,0.0,13.9,20.8,1,0,4.05,48.35,0,0,4.37,3.97,0,0,4.14,53.09,-12.65,Media
09368,Sordillos,Burgos,burgos,23,9.69,2.37,73.9,0.0,4.55,0.0,19.32,-19.32,-30.3,-4.17,-41.03,-1.429,17307,5799.92,,,,,1,0,13.02,36.48,0,0,8.33,10.59,0,0,10.23,35.78,-4.17,Leve
09183,Jaramillo de la Fuente,Burgos,burgos,45,21.53,2.09,55.6,0.0,0.0,0.0,9.88,-9.88,7.14,-13.46,25.0,1.601,18076,2798.64,22.2,0.0,22.2,44.4,1,0,11.73,37.66,0,0,11.5,12.28,0,0,11.68,40.79,-13.46,Media
09102,Cillaperlata,Burgos,burgos,31,16.79,1.85,48.4,0.0,0.0,0.0,28.67,-28.67,0.0,-16.22,-51.56,-1.652,16914,4517.07,,,,,0,0,8.77,38.66,0,0,2.89,18.53,0,0,5.8,56.96,-16.22,Alta
09166,"Hormazas, Las",Burgos,burgos,93,36.52,2.55,45.2,1050.0,0.0,2.39,21.51,-19.12,-3.12,-12.26,-36.73,-1.376,17307,3376.35,,,,,1,0,5.57,25.97,0,0,7.49,7.55,0,0,7.86,26.11,-12.26,Media
09128,Frandovínez,Burgos,burgos,95,8.57,11.09,29.5,164.7,2.08,3.51,10.53,-7.02,10.47,-4.04,4.4,-0.182,17609,1543.41,,,,,1,0,11.3,11.3,0,0,4.72,11.38,0,0,3.32,10.22,-4.04,Leve
09029,Atapuerca,Burgos,burgos,178,24.71,7.2,31.5,475.0,3.85,2.5,9.36,-6.87,7.23,-4.81,-11.88,-0.588,18475,1291.74,5.5,22.1,71.8,99.4,1,0,16.93,16.93,0,0,12.24,17.51,0,0,13.36,27.2,-4.81,Leve
09105,Ciruelos de Cervera,Burgos,burgos,90,37.82,2.38,45.6,1366.7,3.03,0.0,23.46,-23.46,-7.22,-18.92,-45.78,-1.631,18192,2217.69,0.0,0.0,33.3,33.3,1,0,17.49,31.3,0,0,15.25,22.31,0,0,11.29,48.53,-18.92,Alta
09329,Salas de Bureba,Burgos,burgos,129,13.28,9.71,25.6,330.0,9.3,1.72,14.64,-12.92,-1.53,-3.01,-14.57,-0.671,14774,1325.06,7.8,7.8,15.5,31.0,1,0,16.33,35.89,0,0,5.97,21.26,0,0,6.35,45.38,-3.01,Leve
09221,Modúbar de la Emparedada,Burgos,burgos,773,11.73,65.9,13.2,59.6,9.39,6.04,4.02,2.01,8.87,29.48,201.95,9.113,16073,545.0,1.3,1.3,0.0,2.6,1,0,8.92,8.92,0,0,7.24,8.29,0,0,7.47,9.27,29.48,Crecimiento
09246,Palacios de la Sierra,Burgos,burgos,662,70.29,9.42,33.5,317.1,6.5,5.2,18.97,-13.76,-5.56,-11.02,-24.77,-1.007,14233,681.75,10.6,4.5,4.5,19.6,1,0,7.84,57.15,0,0,4.18,6.59,0,0,6.34,64.13,-11.02,Media
09030,"Ausines, Los",Burgos,burgos,143,41.62,3.44,40.6,386.7,2.42,1.55,6.22,-4.66,7.52,13.49,-0.69,0.133,17344,1168.12,14.0,7.0,7.0,28.0,1,0,22.06,24.2,0,0,10.33,21.62,0,0,18.84,25.02,13.49,Crecimiento
09078,Cascajares de la Sierra,Burgos,burgos,25,6.8,3.68,56.0,0.0,0.0,0.0,4.44,-4.44,-24.24,-35.9,-10.71,0.853,18076,5844.89,0.0,0.0,40.0,40.0,0,0,9.88,39.2,0,0,10.07,11.15,0,0,10.0,40.52,-35.9,Alta
09082,Castildelgado,Burgos,burgos,34,4.94,6.88,58.8,2000.0,0.0,0.0,9.8,-9.8,-5.56,-20.93,-58.54,-2.505,16914,3051.04,29.4,29.4,29.4,88.2,1,0,8.75,28.82,0,0,9.05,8.89,0,0,6.87,53.42,-20.93,Alta
09003,Adrada de Haza,Burgos,burgos,200,10.26,19.49,30.8,469.2,9.76,5.0,23.89,-18.89,-1.48,-9.5,-30.07,-1.217,13963,1206.42,10.1,0.0,10.1,20.2,1,0,13.52,13.56,0,0,10.68,12.42,1,260.0,0.17,82.55,-9.5,Media
09365,"Sequera de Haza, La",Burgos,burgos,28,6.83,4.1,32.1,450.0,0.0,3.97,27.78,-23.81,3.7,-17.65,-55.56,-2.293,16232,4848.44,,,,,1,0,14.51,15.5,0,0,10.18,14.39,0,0,3.21,85.84,-17.65,Alta
09315,Revillarruz,Burgos,burgos,621,16.95,36.64,8.7,37.3,11.62,8.59,2.86,5.73,18.74,21.29,308.55,13.428,16581,623.76,3.1,3.1,1.6,7.8,1,0,12.78,12.78,0,0,8.24,11.88,0,0,10.16,12.67,21.29,Crecimiento
09253,Pardilla,Burgos,burgos,109,15.18,7.18,27.5,375.0,0.98,2.04,14.27,-12.23,-7.63,-13.49,-9.92,-0.432,14931,1446.28,0.0,9.2,9.2,18.3,1,0,12.92,13.46,0,0,3.64,12.48,0,0,9.95,87.36,-13.49,Media
09394,Trespaderne,Burgos,burgos,721,36.75,19.62,34.1,319.5,7.01,1.85,21.73,-19.88,-6.49,-17.79,-31.79,-1.381,14894,741.39,15.2,1.4,15.2,36.0,1,0,8.37,39.5,1,0,4.13,14.73,0,0,8.74,62.55,-17.79,Alta
09466,Villaverde del Monte,Burgos,burgos,112,37.25,3.01,53.1,2000.0,0.0,0.0,11.9,-11.9,0.0,-16.42,-43.72,-1.829,17458,1481.05,0.0,0.0,8.8,8.8,1,0,13.18,26.52,0,0,8.78,14.23,0,0,8.82,25.64,-16.42,Alta
09274,Pradoluengo,Burgos,burgos,1090,30.5,35.74,34.9,333.3,2.71,3.06,22.43,-19.37,-5.3,-14.98,-36.37,-1.574,15154,542.45,5.5,2.8,4.6,12.9,1,0,12.41,35.09,1,0,2.51,12.36,1,89.91,2.48,44.13,-14.98,Media
09232,Neila,Burgos,burgos,113,68.46,1.65,42.0,1175.0,6.72,0.0,32.45,-32.45,-26.14,-34.68,-51.5,-1.893,18076,3182.34,35.7,8.9,26.8,71.4,1,0,6.14,51.53,0,0,8.85,8.4,0,0,8.69,68.67,-34.68,Alta
09180,Iglesias,Burgos,burgos,136,34.48,3.94,37.3,384.6,11.35,4.08,14.71,-10.62,-4.9,-2.86,-27.27,-0.993,17455,1320.84,,,,,1,0,11.45,23.87,0,0,11.35,23.17,0,0,12.09,22.83,-2.86,Leve
09101,Ciadoncha,Burgos,burgos,77,15.26,5.05,48.7,1266.7,8.22,2.89,18.76,-15.87,-3.75,-4.94,-37.9,-1.479,18192,2016.53,,,,,1,0,6.11,26.79,0,0,4.88,21.17,0,0,4.65,25.77,-4.94,Leve
09034,"Balbases, Los",Burgos,burgos,298,64.26,4.64,43.0,619.0,10.78,4.1,22.37,-18.27,-6.58,-7.74,-19.02,-0.715,16716,922.66,3.3,3.3,9.9,16.6,1,0,6.46,32.68,0,0,6.38,26.68,0,0,11.04,31.58,-7.74,Media
09209,Medina de Pomar,Burgos,burgos,6190,213.66,28.97,23.8,147.5,11.61,6.12,10.46,-4.34,7.95,3.46,19.82,0.595,13768,432.52,10.9,3.1,6.2,21.1,0,0,11.2,43.91,1,1,8.76,9.65,0,0,13.8,66.75,3.46,Crecimiento
09085,Castrillo de la Vega,Burgos,burgos,626,26.38,23.73,22.5,113.7,12.9,6.21,11.89,-5.68,-3.69,-1.57,5.74,0.185,14162,594.5,4.8,4.8,8.0,17.5,1,0,6.69,6.69,0,0,5.67,5.59,0,0,6.21,76.45,-1.57,Leve
09288,Quintanapalla,Burgos,burgos,123,15.85,7.76,30.9,211.1,26.83,5.42,9.94,-4.52,11.82,11.82,6.96,-0.268,14855,1352.57,16.3,16.3,16.3,48.8,1,0,5.71,5.71,0,0,8.9,11.95,0,0,9.2,17.55,11.82,Crecimiento
09016,Ameyugo,Burgos,burgos,107,12.49,8.57,20.6,110.0,4.67,4.15,10.38,-6.23,-5.31,3.88,38.96,3.273,15262,1451.88,0.0,28.0,9.3,46.7,1,0,4.58,11.28,0,0,4.54,10.05,0,0,7.98,64.81,3.88,Crecimiento
09907,Alfoz de Quintanadueñas,Burgos,burgos,2158,41.44,52.08,11.0,44.9,4.96,8.7,3.55,5.15,-0.96,6.88,221.61,10.362,15241,594.29,0.5,2.8,3.7,6.9,1,0,9.01,9.01,1,0,4.56,9.6,0,0,7.59,9.87,6.88,Crecimiento
09224,Monasterio de Rodilla,Burgos,burgos,171,37.07,4.61,32.0,392.9,5.36,1.3,7.8,-6.5,3.64,-5.52,-21.92,-1.258,16983,1050.26,17.4,34.9,17.4,69.8,1,0,11.98,11.98,0,0,14.87,16.7,0,0,15.73,23.75,-5.52,Media
09164,Hontoria de Valdearados,Burgos,burgos,152,33.53,4.53,41.0,711.1,12.5,3.65,32.16,-28.51,-13.14,-24.38,-31.22,-1.157,15473,1222.11,19.2,0.0,25.6,44.9,1,0,15.21,18.94,0,0,8.4,17.44,0,0,6.97,66.33,-24.38,Alta
09001,Abajas,Burgos,burgos,28,35.02,0.8,35.7,500.0,3.57,0.0,7.94,-7.94,-9.68,-3.45,-41.67,-1.664,16914,3912.98,,,,,1,0,10.73,25.91,0,0,18.47,23.42,0,0,18.85,33.94,-3.45,Leve
09323,Rojas,Burgos,burgos,62,24.89,2.49,35.5,440.0,8.62,5.38,25.09,-19.71,-1.59,-13.89,-33.33,-1.471,16914,2382.63,16.1,0.0,0.0,16.1,1,0,10.33,24.92,0,0,10.39,10.66,0,0,10.44,35.86,-13.89,Media
09172,Huérmeces,Burgos,burgos,159,48.62,3.27,42.8,453.3,1.96,2.1,8.39,-6.29,-1.24,21.37,1.27,0.324,17070,1624.72,0.0,0.0,12.6,12.6,1,0,8.96,19.41,0,0,4.78,18.65,0,0,17.92,21.34,21.37,Crecimiento
09173,Huerta de Arriba,Burgos,burgos,121,33.13,3.65,45.5,5500.0,0.0,0.92,20.2,-19.28,-3.2,-5.47,-37.63,-1.416,18080,2070.16,24.8,0.0,8.3,33.1,1,0,11.38,53.34,0,0,13.49,13.3,0,0,13.43,58.7,-5.47,Media
09345,Santa Cruz de la Salceda,Burgos,burgos,148,25.82,5.73,26.8,250.0,18.37,0.75,17.27,-16.52,5.71,-2.63,-22.92,-1.158,14685,2373.4,13.4,6.7,13.4,33.6,1,0,11.72,12.39,0,0,9.32,11.19,0,0,5.29,83.43,-2.63,Leve
09021,Arauzo de Salce,Burgos,burgos,44,18.48,2.38,25.0,157.1,0.0,10.1,42.93,-32.83,-18.52,-26.67,-41.33,-1.49,18076,2895.54,22.7,0.0,0.0,22.7,1,0,5.01,29.14,0,0,4.59,24.68,0,0,7.93,63.49,-26.67,Alta
09362,Sarracín,Burgos,burgos,261,9.59,27.22,23.5,140.9,3.03,5.53,5.53,0.0,5.24,6.1,22.54,0.986,16294,753.96,7.6,15.2,0.0,22.7,1,0,10.57,10.57,0,0,4.78,9.71,0,0,7.25,10.22,6.1,Crecimiento
09363,Sasamón,Burgos,burgos,898,112.92,7.95,39.7,603.4,2.19,1.98,21.53,-19.55,-6.65,-16.31,-40.57,-1.584,17084,927.83,5.6,3.3,13.4,22.3,1,0,21.1,26.83,1,0,2.73,13.44,0,0,13.18,26.0,-16.31,Alta
09104,Cilleruelo de Arriba,Burgos,burgos,52,18.46,2.82,39.6,1050.0,0.0,0.0,21.37,-21.37,10.64,-11.86,-36.59,-2.023,18192,2571.75,,,,,1,0,15.32,26.82,0,0,15.39,16.1,0,0,15.42,47.77,-11.86,Media
09211,Melgar de Fernamental,Burgos,burgos,1496,109.02,13.72,32.4,292.2,8.44,5.05,16.71,-11.66,-3.36,-14.22,-25.98,-1.048,13999,555.81,11.3,4.0,5.3,20.6,0,0,5.14,46.03,1,1,1.22,1.23,1,38.1,1.71,45.14,-14.22,Media
09463,Villasur de Herreros,Burgos,burgos,269,87.66,3.07,38.9,617.6,5.47,1.24,11.98,-10.74,1.89,1.51,-11.22,-0.646,16813,1157.68,7.4,22.2,14.8,44.4,1,0,20.48,24.21,0,0,12.99,20.36,0,0,12.95,31.47,1.51,Crecimiento
09084,Castrillo de la Reina,Burgos,burgos,159,14.42,11.03,47.8,844.4,3.8,1.4,27.95,-26.55,-9.66,-23.92,-44.21,-1.722,16694,1321.86,18.9,6.3,0.0,25.2,1,0,6.61,51.56,0,0,6.54,5.5,0,0,6.52,56.59,-23.92,Alta
09113,Covarrubias,Burgos,burgos,501,41.01,12.22,36.5,370.0,8.71,1.77,14.42,-12.64,-7.39,-14.36,-20.35,-0.771,15662,745.18,13.8,19.7,31.6,65.1,1,0,15.84,38.41,1,0,6.69,16.06,0,0,15.69,38.42,-14.36,Media
09192,Jurisdicción de San Zadornil,Burgos,burgos,62,30.87,2.01,38.7,2400.0,0.0,1.79,7.17,-5.38,8.77,21.57,-31.87,-2.142,14430,3188.72,0.0,16.1,0.0,16.1,0,0,10.54,26.48,0,0,10.39,24.55,0,0,10.41,72.6,21.57,Crecimiento
09476,Villoruebo,Burgos,burgos,62,25.71,2.41,45.2,933.3,0.0,1.79,7.17,-5.38,-13.89,-27.06,10.71,1.277,18076,2574.96,,,,,1,0,19.28,29.2,0,0,14.09,20.22,0,0,19.31,31.36,-27.06,Alta
09070,Carazo,Burgos,burgos,42,23.99,1.75,31.0,1300.0,0.0,0.0,10.58,-10.58,40.0,23.53,-12.5,-1.283,18076,2744.25,,,,,1,0,7.53,43.63,0,0,8.04,8.34,0,0,7.74,50.98,23.53,Crecimiento
09334,Salinillas de Bureba,Burgos,burgos,55,22.79,2.41,25.0,1400.0,2.13,0.0,12.12,-12.12,1.85,14.58,-12.7,-0.721,16914,2774.2,0.0,17.9,0.0,17.9,0,0,4.99,25.89,0,0,5.11,5.33,0,0,5.15,37.45,14.58,Crecimiento
09257,Pedrosa del Páramo,Burgos,burgos,88,11.31,7.78,34.8,775.0,2.22,3.79,11.36,-7.58,-1.12,-14.56,-26.05,-0.844,17307,1486.85,,,,,1,0,15.77,24.36,0,0,6.67,8.7,0,0,8.58,23.73,-14.56,Media
09279,Quemada,Burgos,burgos,242,20.8,11.63,31.2,226.5,26.03,4.13,12.86,-8.72,-3.2,-6.56,-1.22,-0.162,12856,946.08,4.0,0.0,12.1,16.2,1,0,9.82,9.84,0,0,8.33,8.29,0,0,7.92,70.45,-6.56,Media
09262,Peral de Arlanza,Burgos,burgos,169,30.16,5.6,40.2,566.7,1.18,2.63,9.2,-6.57,-1.74,3.68,-30.45,-1.251,16325,1021.32,5.9,0.0,5.9,11.8,1,0,12.97,39.11,0,0,9.49,25.21,0,0,9.69,40.07,3.68,Crecimiento
09384,Tordómar,Burgos,burgos,290,30.01,9.66,29.9,269.7,7.38,3.83,17.24,-13.41,-13.17,-15.45,-27.86,-0.827,17034,840.79,10.1,0.0,3.4,13.4,1,0,8.73,34.78,1,0,1.2,8.4,0,0,8.83,34.01,-15.45,Alta
09170,Hoyales de Roa,Burgos,burgos,208,12.76,16.3,37.3,390.0,2.36,4.27,16.03,-11.75,-11.11,-1.42,-30.43,-1.103,17058,1127.42,9.6,4.8,4.8,19.1,1,0,7.71,13.08,0,0,7.91,7.96,0,0,7.65,75.71,-1.42,Leve
09464,Villatuelda,Burgos,burgos,41,15.27,2.69,38.1,266.7,26.42,5.42,32.52,-27.1,10.81,-4.65,-41.43,-1.563,16232,3958.29,,,,,1,0,12.24,21.06,0,0,4.14,12.26,0,0,12.17,60.84,-4.65,Leve
09220,Miraveche,Burgos,burgos,92,22.67,4.06,37.6,500.0,6.32,1.21,15.7,-14.49,31.43,16.46,-22.69,-1.21,16914,1527.87,10.8,0.0,10.8,21.5,1,0,12.55,21.33,0,0,7.94,18.29,0,0,14.09,58.07,16.46,Crecimiento
09038,Barbadillo del Mercado,Burgos,burgos,134,15.17,8.83,44.4,842.9,18.05,4.15,15.75,-11.61,-4.29,3.88,-19.76,-0.93,17905,1637.37,15.0,15.0,22.6,52.6,1,0,7.16,41.98,0,0,7.39,8.47,0,0,7.3,43.33,3.88,Crecimiento
09035,Baños de Valdearados,Burgos,burgos,322,36.47,8.83,32.0,219.1,11.88,5.87,23.81,-17.94,-3.3,-10.8,-30.6,-1.294,13062,867.52,9.3,0.0,12.4,21.7,1,0,15.87,15.87,0,0,11.03,14.52,0,0,7.85,64.39,-10.8,Media
09428,Villaescusa de Roa,Burgos,burgos,95,17.47,5.44,44.8,614.3,6.52,0.0,33.92,-33.92,-5.0,-15.93,-46.02,-2.093,16232,1584.01,10.4,0.0,10.4,20.8,1,0,8.86,28.56,0,0,8.52,8.6,0,0,8.55,72.3,-15.93,Alta
09418,Valles de Palenzuela,Burgos,burgos,74,20.84,3.55,32.4,600.0,4.0,0.0,15.02,-15.02,-6.33,-16.85,-30.84,-1.127,17307,1984.25,,,,,1,0,11.12,37.6,0,0,7.45,27.14,0,0,7.46,36.54,-16.85,Alta
24901,Villamanín,León,leon,863,175.95,4.9,33.1,462.9,2.96,2.96,18.41,-15.45,-5.27,-16.13,-33.67,-1.27,15300,1184.49,16.1,13.8,9.2,39.2,1,0,8.35,35.91,1,0,1.33,8.11,0,0,14.07,38.56,-16.13,Alta
24162,Santovenia de la Valdoncina,León,leon,2058,30.32,67.88,23.4,148.2,1.93,5.99,8.48,-2.48,-2.0,2.59,21.2,1.222,14015,724.47,4.8,2.4,1.5,9.7,1,0,3.27,3.27,1,0,0.54,3.13,0,0,2.55,2.33,2.59,Crecimiento
24163,Sariegos,León,leon,5456,36.29,150.34,21.2,104.5,2.6,6.33,5.52,0.81,7.32,13.05,144.66,5.802,19122,379.39,1.8,1.6,0.4,4.0,1,0,4.36,4.36,1,0,3.07,3.73,1,21.99,0.52,7.06,13.05,Crecimiento
24166,Soto de la Vega,León,leon,1481,23.54,62.91,34.1,306.1,3.95,4.43,21.08,-16.66,-2.95,-9.75,-25.91,-1.119,14077,790.1,2.7,0.7,2.0,5.4,1,0,2.81,38.87,1,0,2.36,1.99,1,24.31,2.27,38.95,-9.75,Media
24223,Villarejo de Órbigo,León,leon,2856,36.17,78.96,33.1,247.1,4.55,4.98,18.29,-13.31,-4.0,-8.23,-16.83,-0.671,14089,575.64,8.4,2.4,2.8,14.0,1,0,7.39,27.69,1,1,1.0,0.83,1,10.85,0.78,28.02,-8.23,Media
24122,Puente de Domingo Flórez,León,leon,1348,59.09,22.81,32.1,293.4,6.62,3.21,17.06,-13.85,-7.54,-14.36,-32.09,-1.23,14250,1095.57,6.5,4.3,7.2,18.1,0,0,7.52,17.22,1,1,8.01,8.01,1,47.48,8.37,94.26,-14.36,Media
24175,Valdefresno,León,leon,2362,102.08,23.14,26.1,168.1,4.59,4.52,10.49,-5.97,8.7,9.91,34.13,1.458,16575,716.84,3.0,4.2,1.3,9.3,1,0,9.15,9.15,1,0,3.15,9.34,0,0,9.53,12.88,9.91,Crecimiento
24199,Vegaquemada,León,leon,418,72.83,5.74,43.5,587.5,2.3,4.25,26.58,-22.33,-4.57,-10.11,-23.72,-0.809,15595,1745.56,6.9,6.9,9.3,23.1,1,0,10.83,34.04,0,0,2.64,3.0,1,224.88,2.2,37.04,-10.11,Media
24026,Bustillo del Páramo,León,leon,1057,71.66,14.75,40.5,630.9,1.8,2.73,27.86,-25.12,-6.38,-19.37,-43.9,-1.711,13980,1059.91,5.7,0.0,0.0,5.7,1,0,8.64,25.34,0,0,4.16,3.93,0,0,2.64,25.59,-19.37,Alta
24037,Cármenes,León,leon,356,153.96,2.31,42.1,937.5,0.9,0.94,17.79,-16.85,3.49,-10.1,-18.54,-0.882,16302,2297.99,8.4,16.9,19.7,44.9,1,0,17.55,43.73,0,0,8.59,17.4,0,0,22.33,46.43,-10.1,Media
24144,San Cristóbal de la Polantera,León,leon,611,24.51,24.93,39.3,421.1,1.61,2.0,30.19,-28.19,-8.4,-23.62,-44.0,-1.673,13361,1536.01,8.2,0.0,8.2,16.4,1,0,11.39,33.02,0,0,4.72,4.75,0,0,3.18,33.3,-23.62,Alta
24088,Laguna de Negrillos,León,leon,1056,71.69,14.73,40.3,495.3,1.53,4.52,20.2,-15.68,-0.47,-3.83,-31.29,-1.308,14610,1403.29,11.3,0.9,0.9,13.2,1,0,13.59,23.66,1,0,2.25,13.92,1,18.94,2.29,40.71,-3.83,Leve
24109,Palacios del Sil,León,leon,862,180.96,4.76,38.1,520.6,1.18,3.61,19.46,-15.85,-4.96,-20.92,-41.36,-1.697,16230,1544.13,4.6,1.2,8.1,13.9,1,0,10.64,15.99,1,0,7.91,10.16,0,0,10.26,68.19,-20.92,Alta
24086,Joarilla de las Matas,León,leon,241,51.39,4.69,46.5,600.0,4.84,3.23,27.66,-24.44,-13.62,-24.21,-45.1,-1.734,15123,2909.95,12.2,0.0,0.0,12.2,1,0,16.86,43.08,0,0,14.39,15.91,0,0,13.18,46.21,-24.21,Alta
24007,Arganza,León,leon,800,40.11,19.95,34.2,331.3,5.94,2.78,22.78,-20.0,3.36,-2.68,-16.58,-0.614,13291,1284.51,7.5,1.2,5.0,13.7,1,0,7.36,10.64,0,0,3.98,7.59,0,0,6.41,90.02,-2.68,Leve
24230,Zotes del Páramo,León,leon,384,53.86,7.13,45.7,760.9,5.99,4.92,25.46,-20.54,-9.22,-15.42,-42.26,-1.57,15520,1735.74,5.2,0.0,0.0,5.2,1,0,9.74,29.62,0,0,6.3,9.01,0,0,7.55,36.98,-15.42,Alta
24120,Prioro,León,leon,340,48.9,6.95,31.2,265.0,1.71,5.88,21.9,-16.01,2.41,-9.57,-26.25,-1.106,15310,3250.37,5.9,5.9,11.8,26.5,1,0,8.82,58.53,0,0,8.88,15.95,0,0,15.66,61.73,-9.57,Media
24042,Castilfalé,León,leon,58,25.86,2.24,34.5,1000.0,3.28,1.92,40.23,-38.31,-13.43,-18.31,-44.76,-1.662,14747,9884.34,17.2,0.0,0.0,17.2,1,0,10.16,30.56,0,0,7.34,13.81,0,0,11.42,45.14,-18.31,Alta
24151,Santa Colomba de Curueño,León,leon,502,91.8,5.47,39.9,528.9,3.75,3.76,23.68,-19.92,6.13,-8.23,-20.82,-1.044,13118,2396.24,4.0,9.9,2.0,15.9,1,0,10.4,16.73,0,0,13.26,15.99,0,0,11.56,19.89,-8.23,Media
24003,Alija del Infantado,León,leon,554,52.23,10.61,48.4,1026.9,4.55,2.01,31.69,-29.68,-11.92,-22.52,-42.41,-1.665,14018,1913.0,12.7,0.0,1.8,14.5,1,0,14.28,23.0,1,0,4.57,15.05,0,0,13.52,48.96,-22.52,Alta
24107,Pajares de los Oteros,León,leon,245,61.72,3.97,41.6,443.5,13.75,1.81,24.94,-23.13,-1.21,-20.45,-32.32,-1.454,13951,2622.52,4.1,4.1,4.1,12.2,1,0,11.67,27.12,0,0,10.79,10.34,0,0,4.48,29.32,-20.45,Alta
24201,Vegas del Condado,León,leon,1165,122.7,9.49,38.2,367.2,2.25,6.58,29.09,-22.51,5.05,0.17,-16.31,-0.818,16683,1168.69,5.1,0.9,3.4,9.4,1,0,7.31,11.92,0,0,4.7,11.96,0,0,11.72,15.54,0.17,Crecimiento
24002,Algadefe,León,leon,312,15.3,20.39,27.9,220.0,19.21,7.83,15.31,-7.48,12.23,9.86,-15.9,-0.892,15359,2569.81,6.3,0.0,0.0,6.3,1,0,8.96,23.9,0,0,4.05,10.98,0,0,3.02,41.96,9.86,Crecimiento
24069,Escobar de Campos,León,leon,32,17.11,1.87,59.4,0.0,0.0,0.0,48.61,-48.61,-5.88,-30.43,-58.44,-2.395,,17812.59,,,,,1,0,8.07,48.49,0,0,7.79,8.21,0,0,7.71,59.85,-30.43,Alta
24167,Soto y Amío,León,leon,706,69.07,10.22,38.9,515.1,0.98,2.68,21.4,-18.73,-8.67,-17.23,-34.26,-1.349,14596,1688.27,12.8,0.0,4.3,17.1,1,0,16.26,28.49,1,0,3.57,16.07,0,0,6.73,30.25,-17.23,Alta
24169,Toreno,León,leon,2833,103.35,27.41,33.4,347.1,2.55,4.31,17.45,-13.14,-5.94,-16.18,-34.57,-1.29,14723,538.71,8.1,1.8,3.9,14.1,0,0,7.84,20.65,1,1,3.34,3.87,1,17.3,3.63,72.48,-16.18,Alta
24079,Gradefes,León,leon,882,205.52,4.29,43.8,596.9,3.46,3.4,23.18,-19.78,-5.26,-11.53,-34.28,-1.318,15334,1597.8,4.5,2.3,3.4,10.2,0,0,9.2,20.85,0,0,2.66,12.55,0,0,13.02,24.9,-11.53,Media
24083,Igüeña,León,leon,1012,205.75,4.92,35.3,478.7,6.18,4.17,20.53,-16.36,-9.88,-19.81,-48.1,-1.835,16285,1406.27,7.9,3.0,8.9,20.7,1,0,25.54,36.68,1,0,5.58,25.67,0,0,11.69,47.16,-19.81,Alta
24087,Laguna Dalga,León,leon,608,38.35,15.85,39.1,326.0,2.08,4.02,19.37,-15.35,-5.0,-13.51,-33.62,-1.393,14259,1731.98,3.3,0.0,0.0,3.3,1,0,5.38,31.97,0,0,2.73,4.64,0,0,5.22,31.6,-13.51,Media
24182,Valderrey,León,leon,424,60.14,7.05,42.1,593.3,2.64,2.88,28.3,-25.42,-4.93,-8.03,-34.67,-1.443,14277,2272.08,2.4,0.0,4.7,7.1,1,0,7.78,39.02,0,0,5.57,6.79,0,0,4.08,39.44,-8.03,Media
24015,Benavides,León,leon,2321,73.95,31.39,36.1,370.8,2.18,3.97,19.58,-15.61,-4.88,-11.28,-23.8,-0.963,14299,684.49,8.2,0.9,1.7,10.8,0,0,0.49,25.26,1,0,3.25,8.05,0,0,8.49,25.87,-11.28,Media
24093,Magaz de Cepeda,León,leon,345,72.52,4.76,45.5,682.6,2.87,2.9,25.44,-22.54,-5.99,-12.88,-33.4,-1.349,14724,2220.13,5.8,0.0,8.7,14.5,1,0,9.74,40.15,0,0,10.15,10.83,0,0,10.12,40.98,-12.88,Media
24055,Cimanes del Tejar,León,leon,710,73.82,9.62,43.3,577.8,3.1,5.95,21.44,-15.49,-1.25,-6.95,-29.77,-1.184,15789,1634.98,5.6,0.0,15.3,20.8,1,0,18.05,18.58,0,0,9.19,9.6,0,0,6.92,19.68,-6.95,Media
24210,Villagatón,León,leon,611,166.99,3.66,36.7,427.8,14.88,4.73,17.64,-12.91,-2.55,-0.97,-29.93,-1.098,15988,2187.15,6.4,7.9,9.5,23.8,1,0,17.14,33.85,0,0,7.26,17.29,1,45.83,3.28,51.0,-0.97,Leve
24131,Riego de la Vega,León,leon,697,35.34,19.72,40.3,381.1,2.09,3.67,28.69,-25.03,-6.19,-16.53,-39.07,-1.544,14015,1888.84,11.4,4.3,2.9,18.6,1,0,8.78,42.5,0,0,7.51,7.9,1,58.82,0.38,42.73,-16.53,Alta
24132,Riello,León,leon,570,235.53,2.42,46.0,977.8,1.71,1.95,28.27,-26.32,-8.36,-15.68,-41.66,-1.633,15850,1800.36,7.0,8.7,27.9,43.6,1,0,22.06,32.67,1,0,2.11,21.82,0,0,9.8,34.12,-15.68,Alta
24108,Palacios de la Valduerna,León,leon,341,20.39,16.72,41.6,480.0,3.93,2.93,37.15,-34.21,-10.97,-19.76,-37.89,-1.423,13854,2193.44,5.8,0.0,8.7,17.3,1,0,4.89,39.54,0,0,4.15,4.0,0,0,3.35,39.68,-19.76,Alta
24114,"Pola de Gordón, La",León,leon,2833,157.37,18.0,39.8,482.5,2.1,3.14,20.79,-17.65,-9.2,-19.56,-43.04,-1.679,16032,768.84,4.9,3.5,8.1,17.3,0,0,6.97,33.76,1,1,2.58,6.88,0,0,11.99,36.44,-19.56,Alta
24216,Villamontán de la Valduerna,León,leon,678,57.07,11.88,45.4,653.2,3.66,2.62,27.2,-24.58,-5.83,-15.67,-38.86,-1.579,13543,1436.9,5.9,1.5,3.0,10.4,1,0,8.82,43.71,0,0,7.4,7.98,0,0,1.03,43.99,-15.67,Alta
24065,Chozas de Abajo,León,leon,2699,100.11,26.96,24.5,146.7,3.3,7.08,12.64,-5.56,5.39,8.13,25.89,1.08,13485,555.28,4.8,2.6,1.8,9.2,1,0,12.53,12.53,0,0,6.39,13.02,0,0,9.38,12.02,8.13,Crecimiento
24193,"Vecilla, La",León,leon,383,44.22,8.66,33.8,716.7,3.15,3.77,28.14,-24.37,-2.54,-6.13,-9.24,-0.514,16955,1954.33,13.1,7.9,10.5,31.4,1,0,3.47,29.68,1,0,2.5,10.38,0,0,8.12,32.43,-6.13,Media
24198,Vega de Valcarce,León,leon,555,69.2,8.02,38.7,671.9,3.8,3.8,25.83,-22.02,-5.45,-17.04,-36.5,-1.422,14938,2887.82,10.8,25.2,39.6,75.7,1,0,16.41,26.41,1,0,2.3,12.42,0,0,11.95,110.96,-17.04,Alta
24023,Brazuelo,León,leon,304,97.97,3.1,33.7,291.4,14.78,5.48,10.23,-4.75,-9.79,-0.98,-12.39,-0.546,14000,2393.63,6.6,16.5,26.4,52.8,1,0,13.67,32.71,0,0,12.73,14.47,0,0,10.57,49.07,-0.98,Leve
24222,Villaquilambre,León,leon,18905,52.61,359.34,16.2,81.2,3.43,6.61,5.55,1.06,1.18,1.56,134.26,6.518,15062,130.92,1.6,1.3,0.6,3.9,1,0,5.78,5.78,1,0,2.2,5.33,1,9.26,1.55,8.44,1.56,Crecimiento
24098,Matallana de Torío,León,leon,1214,73.33,16.56,33.9,356.9,1.78,4.58,17.85,-13.27,-4.41,-9.74,-28.21,-1.07,15295,1223.45,9.8,4.1,9.0,22.9,0,0,7.74,28.44,1,0,4.75,8.12,0,0,8.29,31.15,-9.74,Media
24076,Garrafe de Torío,León,leon,1649,125.06,13.19,27.5,186.1,2.5,4.38,11.12,-6.74,8.99,13.18,38.46,1.842,16354,887.38,3.0,3.6,4.2,11.5,1,0,12.48,15.17,0,0,10.83,11.0,0,0,8.61,17.83,13.18,Crecimiento
24119,Priaranza del Bierzo,León,leon,672,33.58,20.01,39.6,501.9,3.23,4.63,20.67,-16.04,-13.07,-16.21,-31.01,-1.041,13454,1491.19,7.3,1.5,10.2,19.0,1,0,10.09,10.09,0,0,6.7,9.98,0,0,9.89,88.55,-16.21,Alta
24071,Folgoso de la Ribera,León,leon,973,69.26,14.05,33.0,327.6,2.14,3.43,23.3,-19.87,-6.89,-15.61,-28.67,-1.049,14475,1423.05,3.1,1.0,13.4,17.5,1,0,6.3,22.21,0,0,1.75,6.42,0,0,6.05,60.66,-15.61,Alta
24067,Encinedo,León,leon,621,194.7,3.19,33.2,383.6,8.79,3.22,23.8,-20.58,-10.0,-22.08,-40.12,-1.594,8606,1740.86,3.1,11.0,9.4,23.6,1,0,9.45,27.63,1,0,2.85,27.0,0,0,25.27,83.33,-22.08,Alta
24068,"Ercina, La",León,leon,412,104.85,3.93,42.9,1041.2,1.16,1.35,30.47,-29.13,-6.58,-15.92,-42.62,-1.701,18025,1856.32,7.3,2.4,7.3,16.9,1,0,3.23,39.25,0,0,2.85,3.31,0,0,3.83,42.45,-15.92,Alta
24157,Santa María del Páramo,León,leon,2994,20.05,149.33,28.8,205.2,5.59,5.97,11.69,-5.72,-3.45,-4.28,-5.64,-0.153,14147,730.59,5.7,1.3,1.0,8.0,0,0,0.39,28.6,1,1,0.22,0.89,1,50.77,0.83,28.39,-4.28,Leve
24090,Lucillo,León,leon,360,164.81,2.18,38.8,448.4,5.0,1.54,18.21,-16.67,-1.91,-12.83,-32.08,-1.259,13114,2086.68,16.8,2.8,2.8,22.3,1,0,17.31,19.12,0,0,18.58,19.26,0,0,15.83,70.95,-12.83,Media
24141,San Adrián del Valle,León,leon,82,15.81,5.19,41.5,1133.3,0.0,2.71,35.23,-32.52,-18.0,-26.79,-48.43,-1.644,,6674.31,12.2,0.0,12.2,24.4,1,0,13.42,13.42,0,0,8.92,14.23,0,0,10.62,51.89,-26.79,Alta
24014,Bembibre,León,leon,8041,63.22,127.19,29.6,230.3,6.9,4.91,14.77,-9.87,-6.48,-15.96,-25.09,-0.937,14065,305.7,8.7,1.9,1.9,13.1,0,0,4.72,15.05,1,1,4.9,4.98,1,26.24,4.07,71.57,-15.96,Alta
24095,Mansilla Mayor,León,leon,316,14.45,21.87,34.6,578.9,1.54,3.16,23.91,-20.75,-6.23,-8.14,-25.47,-0.968,16856,3861.65,6.3,0.0,3.1,9.4,1,0,2.7,11.36,0,0,2.98,3.14,0,0,2.72,14.85,-8.14,Media
24004,Almanza,León,leon,570,141.75,4.02,32.6,276.1,11.28,3.9,18.71,-14.81,-1.89,-4.36,-22.24,-0.866,13616,2957.42,8.8,5.3,3.5,17.6,1,0,15.38,47.97,0,0,10.07,15.68,0,0,15.53,51.76,-4.36,Leve
24164,Sena de Luna,León,leon,373,147.46,2.53,36.4,613.6,0.52,2.98,24.43,-21.45,1.91,-7.21,-25.25,-0.976,15278,1860.23,10.8,16.2,18.9,45.8,1,0,12.17,36.17,0,0,9.68,26.3,0,0,24.31,48.41,-7.21,Media
24221,Villaquejida,León,leon,763,53.34,14.3,34.2,307.1,4.22,3.64,19.08,-15.44,-7.74,-16.34,-29.74,-1.099,12787,1490.46,6.6,2.6,2.6,11.8,1,0,8.92,13.4,1,0,6.66,9.42,0,0,7.67,54.79,-16.34,Alta
24066,Destriana,León,leon,422,56.13,7.52,45.6,872.7,2.56,0.79,33.97,-33.18,-8.06,-23.13,-50.59,-1.947,14169,1819.34,7.1,2.4,7.1,16.6,1,0,16.07,47.5,1,0,6.64,15.03,0,0,8.62,50.34,-23.13,Alta
24038,Carracedelo,León,leon,3423,32.23,106.21,33.5,287.7,3.0,3.73,15.68,-11.95,1.75,-4.25,-3.63,-0.152,13987,632.47,4.1,3.2,2.6,10.2,1,0,4.83,6.54,1,0,1.78,4.63,1,17.24,0.86,91.93,-4.25,Leve
24070,Fabero,León,leon,3998,54.6,73.22,33.0,322.3,3.92,3.72,17.06,-13.34,-8.85,-17.02,-32.51,-1.172,14983,546.85,7.0,1.3,2.8,11.6,0,0,5.94,24.04,1,1,4.83,4.56,0,0,8.57,87.55,-17.02,Alta
24214,Villamejil,León,leon,653,78.85,8.28,42.6,505.5,2.14,2.38,21.61,-19.23,-2.83,-12.47,-34.24,-1.417,14335,1468.76,10.7,4.6,9.2,24.5,1,0,10.51,32.98,0,0,10.6,11.46,0,0,10.95,33.79,-12.47,Media
24203,Villabraz,León,leon,82,36.92,2.22,44.7,633.3,6.32,25.75,48.78,-23.04,-9.89,-27.43,-46.05,-1.565,14747,6457.82,,,,,1,0,3.91,31.63,0,0,6.47,7.52,0,0,7.73,39.33,-27.43,Alta
24168,Toral de los Guzmanes,León,leon,486,21.07,23.07,38.4,379.6,12.05,3.66,20.12,-16.46,-2.99,-8.82,-30.27,-1.262,13609,1838.23,6.2,2.1,0.0,8.2,1,0,5.99,28.01,1,0,0.4,7.02,0,0,6.96,37.74,-8.82,Media
24161,Santiago Millas,León,leon,350,39.61,8.84,28.9,271.1,6.06,3.17,14.29,-11.11,6.06,6.06,-0.28,-0.015,14474,,2.8,14.0,14.0,30.9,1,0,10.59,39.28,0,0,10.27,9.99,0,0,8.99,50.19,6.06,Crecimiento
24133,Rioseco de Tapia,León,leon,409,72.07,5.68,40.9,506.1,1.26,3.26,21.46,-18.2,7.35,9.95,-27.74,-1.325,16554,1921.38,14.7,7.4,2.5,24.5,1,0,15.59,19.69,0,0,6.26,13.51,0,0,4.69,21.52,9.95,Crecimiento
24044,Castrillo de la Valduerna,León,leon,136,23.47,5.79,51.4,1420.0,3.5,1.63,33.5,-31.86,-12.26,-25.68,-42.86,-1.501,14252,4473.87,14.5,7.2,0.0,21.7,1,0,16.54,43.36,0,0,6.18,15.64,0,0,4.89,53.39,-25.68,Alta
24057,Congosto,León,leon,1418,36.75,38.59,33.7,338.0,3.99,3.68,17.08,-13.4,-1.94,-10.87,-18.22,-0.81,14967,910.34,4.2,4.2,5.6,14.0,1,0,4.35,10.0,0,0,4.24,8.14,0,0,5.18,75.16,-10.87,Media
24031,Calzada del Coto,León,leon,217,55.94,3.88,42.1,600.0,8.04,2.56,21.51,-18.95,-0.46,-14.23,-28.38,-1.186,13888,2725.68,9.3,0.0,0.0,9.3,1,0,9.47,44.96,0,0,3.52,3.39,0,0,3.56,48.71,-14.23,Media
24189,Valverde de la Virgen,León,leon,7936,63.53,124.92,16.9,87.9,3.7,6.13,6.37,-0.24,7.58,6.74,91.14,3.77,14051,287.32,3.5,2.5,2.5,8.8,1,0,7.58,7.58,0,0,7.37,8.73,1,11.84,1.75,8.16,6.74,Crecimiento
24152,Santa Colomba de Somoza,León,leon,472,178.98,2.64,37.4,426.8,4.26,2.82,20.95,-18.13,-5.79,-16.75,1.72,0.306,13278,2218.55,15.0,27.8,59.8,102.6,1,0,17.19,24.97,0,0,11.97,16.99,1,103.81,6.65,58.13,-16.75,Alta
24022,Borrenes,León,leon,297,36.32,8.18,44.3,1200.0,1.66,0.75,21.32,-20.58,-3.88,-19.29,-41.76,-1.721,14104,2547.6,13.4,6.7,36.9,57.0,1,0,7.33,13.71,0,0,6.93,9.66,0,0,9.53,93.5,-19.29,Alta
24115,Ponferrada,León,leon,63186,282.68,223.52,27.2,177.5,5.2,5.81,11.43,-5.62,-2.05,-5.53,0.87,0.049,14473,,5.4,2.1,2.8,11.2,1,1,4.96,5.03,1,1,3.45,4.82,1,5.37,3.0,80.85,-5.53,Media
24148,San Justo de la Vega,León,leon,1750,48.31,36.22,32.0,272.5,2.59,3.11,18.41,-15.3,-3.15,-10.21,-23.55,-0.886,14787,738.94,4.5,1.1,5.1,10.8,1,0,4.89,34.91,1,0,2.1,5.05,1,24.0,3.61,35.5,-10.21,Media
24113,Pobladura de Pelayo García,León,leon,364,20.14,18.07,47.2,511.8,3.88,2.75,24.42,-21.67,-3.96,-8.08,-37.67,-1.572,15479,2005.33,5.4,0.0,0.0,5.4,1,0,9.12,31.64,1,0,2.19,8.52,0,0,6.78,31.12,-8.08,Media
24001,Acebedo,León,leon,181,50.09,3.61,43.3,770.0,1.06,0.61,14.73,-14.12,-1.63,-19.56,-36.27,-1.587,14056,3490.57,11.2,11.2,22.5,44.9,1,0,13.72,60.12,0,0,11.07,24.13,0,0,26.42,63.18,-19.56,Alta
24080,Grajal de Campos,León,leon,200,25.33,7.9,43.2,890.0,2.83,3.89,21.11,-17.22,-11.89,-17.36,-34.64,-1.244,15238,4475.75,9.7,0.0,0.0,9.7,1,0,9.01,51.94,0,0,5.61,5.97,0,0,5.58,55.79,-17.36,Alta
24178,Valdemora,León,leon,58,13.38,4.33,34.5,666.7,6.56,1.92,53.64,-51.72,-20.55,-26.58,-53.97,-1.878,14747,9526.74,17.2,0.0,34.5,51.7,1,0,10.3,28.94,0,0,5.9,12.21,0,0,10.56,46.44,-26.58,Alta
24052,Cebanico,León,leon,146,89.6,1.63,43.8,1600.0,5.52,0.0,20.55,-20.55,-1.35,-16.09,-41.6,-1.749,14323,4023.28,,,,,1,0,10.07,44.65,0,0,7.73,9.19,0,0,9.43,48.22,-16.09,Alta
24094,Mansilla de las Mulas,León,leon,1706,35.3,48.33,27.4,164.7,12.83,7.16,13.61,-6.45,-2.12,-5.48,-2.85,-0.249,12817,901.21,12.9,7.0,11.7,32.9,0,0,1.05,14.69,1,1,1.54,1.66,1,69.17,1.15,18.05,-5.48,Media
24121,Puebla de Lillo,León,leon,641,171.1,3.75,31.2,277.8,1.68,4.16,13.0,-8.84,-1.69,-10.35,-12.55,-0.237,16007,2491.69,25.0,18.8,90.6,137.5,1,0,19.07,52.18,1,0,6.43,19.07,0,0,21.46,54.94,-10.35,Media
24039,Carrizo,León,leon,2242,41.78,53.66,31.4,261.3,4.77,6.69,15.91,-9.22,0.81,-4.88,-18.03,-0.837,13947,652.47,8.5,3.6,3.1,15.6,1,0,11.08,19.73,1,1,2.67,2.78,1,17.84,2.7,20.67,-4.88,Leve
24117,Pozuelo del Páramo,León,leon,374,36.18,10.34,49.1,871.4,0.25,3.86,24.06,-20.2,-11.58,-21.76,-41.74,-1.487,13117,1990.35,5.4,2.7,0.0,8.0,1,0,18.23,19.15,0,0,6.68,19.09,0,0,11.16,48.16,-21.76,Alta
24091,Luyego,León,leon,537,132.1,4.07,49.0,851.6,1.8,3.31,30.62,-27.31,-8.98,-25.1,-46.62,-1.751,14766,1819.12,9.3,13.0,11.1,33.4,1,0,18.63,32.12,0,0,14.76,19.17,1,70.76,7.75,59.68,-25.1,Alta
24224,Villares de Órbigo,León,leon,557,25.81,21.58,44.8,1464.7,1.96,1.6,33.31,-31.72,-6.54,-18.69,-41.55,-1.648,14742,1714.58,3.6,3.6,7.2,14.4,1,0,5.28,30.09,0,0,4.82,5.8,0,0,6.95,30.62,-18.69,Alta
24129,Reyero,León,leon,120,26.15,4.59,37.5,2250.0,0.0,0.93,22.22,-21.3,-2.44,-4.0,-23.08,-0.903,17247,4889.18,0.0,0.0,16.7,16.7,0,0,7.44,49.18,0,0,8.13,13.35,0,0,16.59,52.28,-4.0,Leve
24158,Santa María de Ordás,León,leon,327,45.51,7.19,38.8,552.2,0.92,3.4,24.8,-21.41,3.81,-3.82,-24.13,-0.925,19209,2200.83,3.1,3.1,18.3,24.5,1,0,20.56,26.53,0,0,7.14,17.89,1,134.56,3.79,27.9,-3.82,Leve
24064,Cubillos del Sil,León,leon,1746,53.35,32.73,24.0,152.2,2.38,6.43,12.15,-5.73,-1.24,-4.12,14.87,0.898,14180,998.42,4.0,2.9,2.3,9.1,1,0,3.22,10.1,1,0,1.79,7.28,1,79.04,2.6,79.27,-4.12,Leve
24053,Cebrones del Río,León,leon,439,21.18,20.73,41.8,435.7,6.62,3.54,21.01,-17.46,0.0,-14.26,-37.46,-1.595,13934,1691.48,9.1,0.0,0.0,9.1,1,0,5.67,31.57,0,0,6.26,6.53,0,0,4.87,41.28,-14.26,Media
24046,Castrocalbón,León,leon,898,88.17,10.18,41.3,537.7,0.66,3.09,27.47,-24.38,-4.26,-14.56,-34.45,-1.357,12262,1207.54,7.8,2.2,0.0,10.0,1,0,13.16,34.56,0,0,8.42,13.14,0,0,11.79,53.09,-14.56,Media
24171,Trabadelo,León,leon,321,69.34,4.63,36.5,786.7,1.2,2.42,28.04,-25.61,-3.6,-18.53,-43.19,-1.72,14223,2123.83,9.3,9.3,37.2,58.8,1,0,11.42,21.34,0,0,5.53,7.44,0,0,6.96,105.76,-18.53,Alta
24089,León,León,leon,123446,38.97,3167.72,28.8,185.9,7.99,6.16,12.74,-6.58,-0.47,-3.42,-10.55,-0.524,16689,,8.7,2.1,5.1,17.0,1,1,1.12,1.12,1,1,0.92,1.12,1,13.04,1.18,0.0,-3.42,Leve
24008,Astorga,León,leon,10305,46.71,220.62,29.9,201.8,5.91,5.53,16.01,-10.48,-4.06,-9.5,-16.74,-0.684,14155,240.11,4.4,4.3,7.7,16.9,0,0,6.32,38.31,1,1,6.56,6.52,1,4.75,6.21,46.38,-9.5,Media
24229,Villazanzo de Valderaduey,León,leon,360,145.64,2.47,47.9,756.5,2.18,3.09,28.4,-25.31,-9.32,-24.21,-50.07,-1.982,12672,1895.15,19.3,0.0,5.5,24.8,1,0,17.34,50.16,0,0,13.53,16.97,0,0,14.56,54.2,-24.21,Alta
24902,Villaornate y Castro,León,leon,348,48.21,7.22,44.1,537.9,3.12,2.87,24.27,-21.39,4.19,-7.69,-37.18,-1.584,14123,1778.88,8.5,0.0,0.0,8.5,1,0,7.74,25.0,0,0,5.97,10.81,1,140.8,3.02,42.96,-7.69,Media
24170,Torre del Bierzo,León,leon,1929,119.02,16.21,34.2,388.8,8.68,3.23,14.75,-11.52,-8.75,-14.83,-39.05,-1.481,15160,630.83,5.7,1.0,0.0,6.8,1,0,13.92,30.54,1,0,8.56,14.08,0,0,4.32,53.64,-14.83,Media
24074,Fuentes de Carbajal,León,leon,71,32.08,2.21,45.8,660.0,0.0,4.69,35.99,-31.3,-23.66,-31.07,-47.79,-1.707,14747,8358.21,27.8,0.0,0.0,27.8,1,0,10.32,26.56,0,0,6.72,11.43,0,0,7.81,46.26,-31.07,Alta
24211,Villamandos,León,leon,272,16.21,16.78,37.5,388.5,4.35,4.9,21.24,-16.34,-7.8,-12.26,-37.47,-1.389,15201,2450.17,7.4,0.0,0.0,7.4,1,0,12.45,20.5,0,0,4.04,14.42,0,0,3.51,44.76,-12.26,Media
24081,Gusendos de los Oteros,León,leon,123,24.64,4.99,39.0,480.0,7.14,2.71,28.0,-25.29,-2.38,-16.89,-42.25,-1.623,14137,4794.56,8.1,0.0,16.3,24.4,1,0,12.99,24.52,0,0,12.57,11.95,0,0,6.36,26.84,-16.89,Alta
24225,Villasabariego,León,leon,1155,59.75,19.33,27.4,196.9,5.41,5.39,16.45,-11.06,2.85,-1.7,-6.78,-0.392,15553,717.44,7.8,3.5,2.6,13.9,1,0,5.6,15.34,0,0,4.98,4.82,0,0,5.25,19.31,-1.7,Leve
24097,Matadeón de los Oteros,León,leon,212,46.36,4.57,34.3,304.2,6.33,6.81,28.83,-22.01,-4.93,-16.54,-30.49,-1.153,17047,3127.49,9.4,0.0,4.7,14.1,1,0,12.63,30.33,0,0,12.57,12.42,1,198.11,0.61,32.76,-16.54,Alta
24116,Posada de Valdeón,León,leon,392,164.31,2.39,43.1,680.0,1.73,3.12,18.71,-15.59,-5.54,-17.82,-20.0,-0.827,17474,1944.03,22.8,30.5,91.4,149.7,1,0,17.02,75.95,1,0,5.15,38.65,0,0,37.69,79.07,-17.82,Alta
24024,"Burgo Ranero, El",León,leon,697,98.18,7.1,38.7,442.6,4.05,2.87,23.27,-20.4,-0.71,-9.13,-27.4,-1.161,13568,1580.44,11.5,8.6,10.0,31.5,1,0,19.95,34.14,1,0,1.98,14.51,0,0,11.81,37.79,-9.13,Media
24202,Villablino,León,leon,7585,227.79,33.3,31.5,316.1,3.23,3.3,15.23,-11.94,-10.17,-20.23,-46.47,-1.766,15147,274.88,11.1,2.8,6.6,21.5,1,1,9.02,9.02,1,1,10.63,11.41,1,16.88,9.48,80.35,-20.23,Alta
24030,Cacabelos,León,leon,4734,32.61,145.17,30.1,206.7,4.53,4.86,15.96,-11.1,-5.24,-10.98,-2.75,-0.012,13133,495.73,8.2,3.0,4.2,16.0,0,0,4.87,9.98,1,1,1.15,5.08,1,36.97,4.72,92.02,-10.98,Media
24228,Villazala,León,leon,560,45.35,12.35,42.3,764.5,6.35,1.59,34.92,-33.33,-13.45,-25.23,-46.77,-1.771,13096,1720.16,8.9,1.8,1.8,12.5,1,0,9.79,28.6,0,0,4.95,4.6,1,382.14,2.85,28.76,-25.23,Alta
24016,Benuza,León,leon,457,172.53,2.65,41.8,760.0,3.54,2.43,19.21,-16.78,-5.19,-9.86,-50.86,-2.017,15783,1656.56,8.8,6.6,0.0,15.4,1,0,16.67,19.53,1,0,4.79,16.06,0,0,16.4,88.55,-9.86,Media
24041,Carucedo,León,leon,479,34.93,13.71,42.1,744.4,2.07,2.32,19.95,-17.63,-9.79,-17.84,-27.97,-1.04,13870,2095.49,16.7,16.7,33.5,66.9,1,0,6.11,16.09,1,0,5.24,9.58,0,0,5.68,100.03,-17.84,Alta
24027,Cabañas Raras,León,leon,1286,19.1,67.33,30.8,260.8,0.92,3.97,12.79,-8.81,-3.67,-3.81,-2.58,0.147,14394,1773.28,5.4,1.5,0.0,6.9,1,0,4.52,4.52,0,0,1.02,4.31,1,24.88,1.28,84.34,-3.81,Leve
24082,Hospital de Órbigo,León,leon,948,4.58,206.99,30.8,284.5,3.44,2.81,14.3,-11.49,-4.34,-4.72,-15.88,-0.629,14424,1287.51,9.5,10.5,15.8,37.9,1,0,4.45,26.32,1,0,0.17,3.29,0,0,3.59,26.75,-4.72,Leve
24059,Corullón,León,leon,789,77.92,10.13,45.8,776.6,6.23,2.25,29.15,-26.9,-11.05,-20.3,-34.85,-1.29,12968,1442.62,2.5,1.3,6.3,10.0,1,0,10.8,19.52,1,0,6.13,8.68,1,83.65,5.68,105.05,-20.3,Alta
24009,Balboa,León,leon,269,50.8,5.3,49.3,600.0,0.75,2.89,31.39,-28.5,-7.88,-16.2,-41.52,-1.698,14200,3314.69,14.9,11.2,29.9,56.0,1,0,20.09,29.11,0,0,6.74,16.52,0,0,16.08,110.38,-16.2,Alta
24058,Corbillos de los Oteros,León,leon,174,31.75,5.48,39.3,755.6,4.52,3.19,36.4,-33.21,-5.95,-16.35,-41.02,-1.609,15108,3482.4,11.6,0.0,0.0,11.6,1,0,9.15,16.19,0,0,9.78,9.95,0,0,9.32,18.02,-16.35,Alta
24165,Sobrado,León,leon,275,40.74,6.75,51.3,1750.0,0.35,2.02,31.11,-29.09,-8.64,-24.24,-50.81,-1.962,16006,6.17,0.0,3.7,7.3,11.0,1,0,11.0,22.08,0,0,9.86,12.61,0,0,9.37,107.14,-24.24,Alta
24142,San Andrés del Rabanedo,León,leon,29944,64.74,462.53,21.9,130.5,5.85,5.58,8.39,-2.81,-1.98,-5.67,23.67,1.117,14131,,2.7,0.9,0.8,4.7,1,1,0.73,1.04,1,1,0.75,1.54,1,6.68,0.85,2.01,-5.67,Media
24103,Oencia,León,leon,267,97.73,2.73,42.8,1288.9,1.43,2.5,27.47,-24.97,-1.11,-13.87,-49.72,-2.163,14758,2753.91,0.0,3.7,3.7,7.4,1,0,20.88,32.68,0,0,16.41,20.7,0,0,18.52,118.14,-13.87,Media
24209,Villafranca del Bierzo,León,leon,2591,176.79,14.66,40.8,430.1,3.66,2.49,20.58,-18.1,-9.25,-18.01,-31.94,-1.221,13745,632.6,7.3,6.2,13.9,27.7,0,0,20.33,27.05,1,1,14.53,17.29,1,33.58,15.37,103.6,-18.01,Alta
24196,Vega de Espinareda,León,leon,2006,131.86,15.21,36.2,419.1,1.8,3.93,17.39,-13.46,-1.86,-12.06,-32.23,-1.33,15275,867.91,9.5,4.0,19.0,32.5,1,0,6.92,20.91,1,0,0.73,3.17,1,32.4,2.54,89.38,-12.06,Media
24011,Barjas,León,leon,140,57.61,2.43,52.1,1460.0,0.68,0.79,26.19,-25.4,-18.6,-30.35,-65.26,-2.442,14589,4712.63,,,,,1,0,17.22,27.18,0,0,6.26,13.42,0,0,12.84,112.46,-30.35,Alta
24143,Sancedo,León,leon,532,30.98,17.17,34.0,339.6,1.52,3.13,14.41,-11.28,-2.56,-6.5,-10.29,-0.335,13887,1971.92,1.9,5.7,5.7,15.1,1,0,6.57,6.57,0,0,2.03,6.43,0,0,1.73,86.47,-6.5,Media
24036,Valle de Ancares,León,leon,256,140.79,1.82,40.5,1485.7,1.45,1.3,18.66,-17.36,2.81,-13.8,-42.34,-1.741,14961,,15.6,7.8,42.8,66.1,0,0,15.35,30.08,0,0,10.86,11.89,0,0,12.82,97.89,-13.8,Media
24137,Sabero,León,leon,1020,24.9,40.96,36.6,532.9,2.44,2.18,21.57,-19.39,-9.17,-18.14,-45.63,-1.74,15173,1564.75,4.9,2.9,8.8,16.7,1,0,3.66,43.61,1,0,3.23,4.64,0,0,4.05,46.82,-18.14,Alta
24139,Sahagún,León,leon,2380,123.44,19.28,33.7,254.1,7.1,5.56,20.07,-14.52,-3.92,-12.14,-23.52,-0.937,13624,806.57,10.1,8.0,8.0,26.9,0,0,10.45,49.86,1,1,7.36,7.62,1,65.55,7.29,53.39,-12.14,Media
24017,Bercianos del Páramo,León,leon,513,35.03,14.64,47.1,968.0,2.1,3.03,26.64,-23.61,-7.4,-16.99,-40.42,-1.613,14165,1960.44,11.7,1.9,1.9,15.6,1,0,5.7,28.11,0,0,4.02,5.33,0,0,4.97,27.67,-16.99,Alta
24096,Maraña,León,leon,103,33.51,3.07,35.6,462.5,4.46,1.08,15.1,-14.02,-8.04,-25.36,-43.09,-1.577,17966,5956.24,0.0,9.6,38.5,48.1,1,0,17.91,59.48,0,0,8.79,23.69,0,0,26.82,62.47,-25.36,Alta
24078,Gordoncillo,León,leon,312,23.33,13.37,42.9,400.0,7.79,4.99,28.49,-23.5,-14.52,-34.04,-50.08,-1.826,12897,2629.35,13.0,3.2,6.5,22.7,1,0,8.74,26.28,0,0,0.58,6.85,0,0,6.6,52.69,-34.04,Alta
24153,Santa Cristina de Valmadrigal,León,leon,278,39.96,6.96,34.2,404.2,11.19,4.8,21.58,-16.79,9.45,2.58,-24.04,-1.161,13640,2520.01,14.1,3.5,3.5,24.6,1,0,16.72,30.45,0,0,9.65,16.66,1,86.33,1.78,33.48,2.58,Crecimiento
24051,Cea,León,leon,373,112.16,3.33,42.9,592.6,3.44,2.98,27.7,-24.72,-7.44,-18.91,-49.87,-1.982,13723,1994.52,2.7,0.0,0.0,2.7,1,0,19.98,44.92,0,0,18.06,21.86,0,0,19.81,48.96,-18.91,Alta
24006,Ardón,León,leon,533,48.58,10.97,37.1,364.8,4.75,3.34,22.1,-18.76,-4.82,-10.57,-21.96,-0.94,15445,1905.36,5.6,3.8,3.8,13.2,1,0,12.92,12.92,0,0,5.89,13.29,0,0,9.3,12.34,-10.57,Media
24010,"Bañeza, La",León,leon,10195,19.68,518.04,24.9,148.0,10.19,6.92,15.41,-8.49,-0.92,-2.37,-2.01,-0.08,12728,249.32,8.7,2.5,1.6,13.6,0,0,2.68,39.59,1,1,2.11,1.79,1,41.69,2.2,39.67,-2.37,Leve
24100,Molinaseca,León,leon,870,79.4,10.96,26.0,182.9,4.83,4.73,11.11,-6.39,0.93,-2.47,11.11,0.593,14521,1950.68,5.8,19.6,35.8,61.2,1,0,10.48,16.35,0,0,8.69,10.15,0,0,9.6,65.58,-2.47,Leve
24101,Murias de Paredes,León,leon,337,201.84,1.67,42.9,966.7,0.29,1.32,34.62,-33.3,-9.16,-20.89,-48.71,-1.824,16852,2289.39,8.9,8.9,14.8,32.5,1,0,20.37,30.11,0,0,11.6,20.1,0,0,19.95,51.19,-20.89,Alta
24102,Noceda del Bierzo,León,leon,603,72.02,8.37,39.3,515.2,1.32,2.58,23.59,-21.01,-5.78,-17.06,-35.58,-1.356,16751,1800.55,6.6,1.7,14.9,23.2,1,0,8.32,20.95,1,0,4.86,5.31,1,54.73,5.02,70.74,-17.06,Alta
24154,Santa Elena de Jamuz,León,leon,1021,62.25,16.4,37.0,336.3,2.46,5.01,21.0,-16.0,-2.48,-10.04,-27.12,-1.145,13151,1314.69,5.8,2.9,1.9,11.7,1,0,5.38,31.76,1,0,4.76,6.15,0,0,4.62,43.09,-10.04,Media
24183,Valderrueda,León,leon,817,160.51,5.09,34.5,408.7,1.83,3.67,20.54,-16.86,-1.21,-11.48,-36.07,-1.46,16032,1504.59,11.0,6.1,15.9,33.0,1,0,8.64,50.64,1,0,6.23,8.66,0,0,7.89,53.86,-11.48,Media
24012,"Barrios de Luna, Los",León,leon,300,94.13,3.19,35.0,525.0,0.0,2.59,15.19,-12.59,-2.28,-9.37,-13.54,-0.484,18876,2555.3,3.3,6.7,26.7,36.7,1,0,13.08,30.51,0,0,5.0,12.79,0,0,10.72,32.54,-9.37,Media
24123,Quintana del Castillo,León,leon,699,155.46,4.5,45.4,836.8,1.26,1.91,26.86,-24.96,-3.05,-13.7,-38.31,-1.593,15461,1371.51,10.0,4.3,4.3,18.6,1,0,11.81,26.16,0,0,7.92,8.81,0,0,8.89,27.12,-13.7,Media
24124,Quintana del Marco,León,leon,299,23.32,12.82,54.2,1454.5,0.96,2.23,30.84,-28.61,-15.3,-26.54,-44.73,-1.643,13806,2206.89,13.6,0.0,0.0,13.6,1,0,11.07,25.98,0,0,8.1,11.89,0,0,10.29,45.72,-26.54,Alta
24125,Quintana y Congosto,León,leon,402,88.21,4.56,47.0,821.7,0.95,1.66,29.85,-28.19,7.2,8.06,-50.61,-2.197,14822,1263.92,10.0,0.0,0.0,10.0,1,0,19.67,47.32,0,0,1.54,19.06,0,0,8.12,56.02,8.06,Crecimiento
24130,Riaño,León,leon,476,113.14,4.21,30.3,300.0,1.67,5.14,13.07,-7.94,3.93,-2.86,-24.08,-0.823,16563,2287.31,23.1,14.7,52.5,94.5,0,0,3.64,65.68,1,0,3.59,25.83,0,0,24.85,68.86,-2.86,Leve
24207,Villademor de la Vega,León,leon,289,16.6,17.41,39.3,456.0,10.65,7.3,22.68,-15.38,-11.08,-17.19,-37.85,-1.517,14356,2332.98,13.8,0.0,0.0,13.8,1,0,7.06,29.93,0,0,3.02,6.39,0,0,5.92,35.14,-17.19,Alta
24197,Vega de Infanzones,León,leon,837,20.76,40.32,31.7,256.7,2.26,4.25,16.86,-12.61,2.32,-7.51,-6.17,-0.185,14057,976.65,8.3,1.2,1.2,10.7,1,0,10.42,10.48,0,0,5.7,11.21,0,0,6.88,11.72,-7.51,Media
24217,Villamoratiel de las Matas,León,leon,121,37.17,3.26,38.0,460.0,0.0,3.67,32.14,-28.47,-10.37,-21.94,-34.59,-1.243,16177,4275.74,16.5,0.0,0.0,16.5,1,0,13.88,27.84,0,0,8.12,13.73,0,0,4.71,31.07,-21.94,Alta
24155,Santa María de la Isla,León,leon,429,12.73,33.7,46.7,615.2,2.03,2.85,26.68,-23.83,-9.87,-17.82,-39.15,-1.481,14476,1570.57,4.6,4.6,6.9,16.1,1,0,7.44,36.98,0,0,5.28,6.63,0,0,3.68,37.18,-17.82,Alta
24020,Boca de Huérgano,León,leon,412,275.67,1.49,36.6,789.5,1.64,1.08,17.8,-16.72,-9.45,-15.4,-31.33,-1.176,16330,2098.33,7.3,17.1,61.0,85.4,1,0,11.12,63.64,0,0,7.58,10.95,0,0,11.06,66.87,-15.4,Alta
24021,Boñar,León,leon,1732,180.31,9.61,36.2,384.0,4.82,3.98,20.4,-16.42,-4.63,-11.04,-33.18,-1.296,14084,894.84,12.1,7.5,12.7,34.1,0,0,7.79,47.8,1,1,5.98,11.82,0,0,15.03,50.85,-11.04,Media
24145,San Emiliano,León,leon,585,210.31,2.78,39.2,793.1,0.84,2.09,22.41,-20.32,-6.7,-15.71,-35.78,-1.273,16173,2073.23,5.1,6.8,56.2,69.8,0,0,8.23,39.72,0,0,12.07,24.43,0,0,26.38,49.45,-15.71,Alta
24156,Santa María del Monte de Cea,León,leon,207,92.07,2.25,47.8,990.0,0.48,1.07,33.82,-32.74,-8.0,-19.14,-47.99,-1.798,14361,2697.3,0.0,0.0,9.7,9.7,1,0,14.37,38.64,0,0,11.28,12.39,0,0,12.65,42.63,-19.14,Alta
24033,Campo de Villavidel,León,leon,209,13.95,14.98,41.3,850.0,1.98,1.59,31.9,-30.3,-1.42,-1.42,-39.42,-1.64,15899,2854.79,24.3,4.9,4.9,34.0,1,0,10.79,16.18,0,0,8.33,11.6,0,0,10.44,17.6,-1.42,Leve
24063,Cubillas de Rueda,León,leon,376,86.68,4.34,40.1,950.0,1.29,1.48,21.28,-19.8,-8.07,-19.31,-41.25,-1.667,17281,2080.49,7.9,0.0,5.3,13.2,1,0,10.93,35.87,0,0,10.18,10.04,0,0,10.81,39.45,-19.31,Alta
24180,Valdepolo,León,leon,1177,142.3,8.27,39.4,473.5,5.2,4.25,17.56,-13.31,-1.92,-7.61,-26.94,-1.068,14203,1034.86,1.7,3.4,1.7,6.8,1,0,14.51,30.44,1,0,7.11,21.6,0,0,22.11,34.47,-7.61,Media
24150,San Pedro Bercianos,León,leon,218,23.48,9.28,42.9,715.4,0.45,4.59,35.17,-30.58,-5.63,-17.11,-43.96,-1.772,14573,2491.29,13.8,0.0,0.0,18.4,1,0,6.61,21.78,0,0,5.97,7.21,0,0,6.17,21.58,-17.11,Alta
24105,Onzonilla,León,leon,1974,21.74,90.8,23.3,134.3,4.27,6.08,8.95,-2.87,7.75,12.29,37.08,1.315,14459,741.92,3.1,5.6,1.0,10.2,1,0,8.23,8.23,1,0,2.21,8.92,1,18.24,4.36,8.28,12.29,Crecimiento
24184,Valdesamario,León,leon,167,61.63,2.71,41.7,1750.0,4.0,3.99,45.91,-41.92,-11.64,-22.33,-39.93,-1.286,16236,3027.16,6.0,6.0,6.0,17.9,1,0,27.36,37.9,0,0,8.81,23.51,0,0,17.12,38.99,-22.33,Alta
24025,Burón,León,leon,282,157.44,1.79,40.4,712.5,0.0,2.36,16.55,-14.18,-6.93,-13.23,-30.2,-1.182,16393,2680.84,3.5,14.2,28.4,46.1,1,0,5.3,62.24,0,0,5.26,24.42,0,0,23.49,65.4,-13.23,Media
24159,Santa Marina del Rey,León,leon,1718,45.54,37.73,40.4,423.2,2.12,3.82,21.99,-18.17,-7.63,-15.33,-33.77,-1.265,14351,826.19,8.7,2.3,5.2,16.9,1,0,4.5,21.86,1,0,2.74,7.34,0,0,6.95,22.33,-15.33,Alta
24205,Villadangos del Páramo,León,leon,1268,44.86,28.27,25.5,170.0,2.75,7.8,12.71,-4.91,9.03,14.96,23.83,0.821,15632,1374.7,2.4,4.7,4.7,12.6,1,0,9.91,15.54,1,0,0.8,7.85,0,0,8.03,16.03,14.96,Crecimiento
24226,Villaselán,León,leon,180,56.43,3.19,40.6,561.5,1.1,1.85,32.72,-30.86,-7.22,-14.29,-43.93,-1.706,14848,2967.25,,,,,1,0,18.17,40.7,0,0,17.52,18.98,0,0,19.22,44.77,-14.29,Media
24056,Cistierna,León,leon,2857,100.26,28.5,35.9,320.6,4.65,4.47,18.82,-14.35,-7.54,-14.74,-35.33,-1.331,14332,759.09,4.9,2.5,3.5,11.9,0,0,7.24,37.54,1,1,6.53,6.38,1,24.15,7.18,40.93,-14.74,Media
24136,Roperuelos del Páramo,León,leon,502,54.4,9.23,46.0,592.3,2.39,3.32,20.81,-17.49,-3.83,-15.2,-39.0,-1.585,16129,2610.69,10.0,4.0,2.0,15.9,1,0,11.86,27.36,0,0,9.02,12.05,0,0,8.91,40.44,-15.2,Alta
24104,"Omañas, Las",León,leon,267,32.44,8.23,45.4,512.5,4.21,3.33,30.38,-27.05,0.0,-8.25,-40.13,-1.661,16393,2618.74,3.7,0.0,3.7,7.4,1,0,20.33,22.77,0,0,11.52,11.85,0,0,5.48,23.88,-8.25,Media
24185,Val de San Lorenzo,León,leon,480,49.39,9.72,39.1,357.4,3.25,5.09,23.84,-18.75,-3.23,-11.44,-37.42,-1.472,14841,2439.4,4.1,6.1,8.1,18.3,1,0,9.86,39.35,0,0,9.56,9.29,0,0,8.92,49.57,-11.44,Media
24050,Castrotierra de Valmadrigal,León,leon,106,23.47,4.52,30.2,290.9,4.76,5.24,32.49,-27.25,-7.02,-7.83,-31.61,-1.26,13431,5585.72,18.9,9.4,0.0,28.3,1,0,19.82,36.23,0,0,5.02,13.81,0,0,10.77,39.75,-7.83,Media
24047,Castrocontrigo,León,leon,623,194.18,3.21,46.9,1176.0,2.24,1.78,37.45,-35.67,-14.07,-25.74,-47.47,-1.725,14112,2005.48,8.0,3.2,6.4,19.1,1,0,13.03,43.64,1,0,2.66,31.39,1,51.36,11.9,68.97,-25.74,Alta
24092,Llamas de la Ribera,León,leon,783,59.78,13.1,41.0,406.3,3.41,5.11,22.99,-17.88,-2.12,-11.53,-35.5,-1.475,14271,1589.86,10.2,0.0,3.8,14.0,1,0,14.78,23.02,0,0,7.62,7.79,0,0,7.65,24.05,-11.53,Media
24179,Valdepiélago,León,leon,306,56.71,5.4,28.9,346.2,6.51,4.72,18.52,-13.8,-0.33,-9.47,-29.66,-1.277,15353,2229.4,12.9,9.6,25.7,51.4,1,0,9.91,36.39,0,0,5.59,7.29,0,0,7.48,39.21,-9.47,Media
24213,Villamartín de Don Sancho,León,leon,130,31.61,4.11,43.5,712.5,5.41,3.42,23.08,-19.66,-18.24,-20.73,-32.99,-0.844,17071,4418.03,15.3,0.0,0.0,15.3,1,0,21.32,37.51,0,0,14.09,23.82,0,0,24.07,41.55,-20.73,Alta
24029,Cabrillanes,León,leon,687,169.2,4.06,36.1,469.8,3.66,3.23,19.08,-15.85,-8.03,-17.03,-39.68,-1.519,15857,1606.87,8.7,7.3,23.2,39.2,1,0,8.29,27.84,1,0,3.15,19.27,0,0,19.14,60.06,-17.03,Alta
24134,"Robla, La",León,leon,3574,93.23,38.34,30.8,265.6,3.58,4.13,13.37,-9.23,-4.74,-16.92,-29.02,-1.178,14970,594.96,8.6,2.5,3.6,15.3,1,0,5.9,23.47,1,1,3.42,7.28,1,23.5,7.26,26.18,-16.92,Alta
24227,Villaturiel,León,leon,1818,57.17,31.8,30.5,212.7,4.48,4.83,13.2,-8.37,-0.44,-6.63,0.28,0.183,14694,648.36,4.4,2.2,2.8,9.9,1,0,6.4,8.75,0,0,6.84,7.03,0,0,6.54,11.63,-6.63,Media
24160,Santas Martas,León,leon,763,118.61,6.43,32.0,287.1,6.25,2.62,20.24,-17.62,4.66,-5.69,-24.75,-1.159,13916,1291.1,10.5,7.9,9.2,28.8,1,0,5.97,19.69,0,0,6.08,6.05,0,0,5.96,22.87,-5.69,Media
24173,Turcia,León,leon,974,31.94,30.49,39.2,386.9,1.12,4.68,18.37,-13.69,-1.22,-7.85,-26.32,-1.092,13672,1174.61,4.1,1.0,0.0,5.1,1,0,8.13,23.36,1,0,3.64,5.53,0,0,5.75,24.23,-7.85,Media
24218,Villanueva de las Manzanas,León,leon,484,31.84,15.2,38.7,439.5,4.17,4.36,16.76,-12.4,-2.02,-4.54,-20.39,-0.819,15213,1487.5,12.3,6.1,6.1,24.6,1,0,3.65,13.61,0,0,4.29,4.47,0,0,3.83,16.51,-4.54,Leve
24212,Villamañán,León,leon,1084,57.71,18.78,41.2,430.8,4.83,6.05,19.89,-13.84,-1.63,-9.21,-24.57,-0.932,15348,1281.13,11.0,6.4,5.5,23.0,1,0,11.64,27.92,1,0,2.56,8.63,1,78.41,2.91,27.89,-9.21,Media
24043,Castrillo de Cabrera,León,leon,100,115.66,0.86,48.0,4800.0,1.96,1.11,24.44,-23.33,-9.91,-25.37,-47.64,-1.869,15676,5976.01,0.0,0.0,20.0,30.0,1,0,9.96,25.02,0,0,6.08,25.38,0,0,24.29,80.88,-25.37,Alta
24019,Berlanga del Bierzo,León,leon,311,27.85,11.17,43.1,957.1,1.24,3.57,23.58,-20.01,-12.15,-20.66,-27.51,-0.926,17053,2672.97,0.0,0.0,9.6,9.6,1,0,2.63,19.77,0,0,4.34,4.76,0,0,6.14,82.41,-20.66,Alta
24191,Vallecillo,León,leon,99,23.32,4.25,38.2,390.0,6.8,67.34,89.79,-22.45,-20.8,-20.16,-42.11,-1.344,14291,5647.87,9.8,0.0,19.6,29.4,1,0,21.5,37.2,0,0,7.71,15.19,0,0,9.31,40.54,-20.16,Alta
24110,Páramo del Sil,León,leon,1141,189.94,6.01,36.8,440.6,1.96,4.77,18.6,-13.83,-9.08,-18.67,-37.68,-1.338,15488,1220.85,7.8,0.9,3.5,13.1,1,0,13.4,13.42,1,0,8.14,14.62,1,42.94,8.13,84.01,-18.67,Alta
24018,Bercianos del Real Camino,León,leon,179,34.18,5.24,45.3,623.1,5.35,1.24,18.0,-16.76,-3.24,-8.67,-19.0,-0.665,13152,3364.48,5.6,22.3,27.9,55.9,1,0,15.85,38.17,0,0,6.02,10.3,0,0,10.48,41.88,-8.67,Media
24099,Matanza,León,leon,157,53.5,2.93,39.2,442.9,10.86,2.83,32.55,-29.72,-2.48,-20.3,-47.14,-1.85,14626,4124.23,6.3,6.3,0.0,12.7,1,0,10.65,37.87,0,0,12.25,12.8,0,0,8.01,40.0,-20.3,Alta
24032,Campazas,León,leon,110,20.85,5.28,38.7,430.0,3.64,4.04,26.26,-22.22,-0.9,-20.86,-32.52,-1.417,15234,5194.9,,,,,1,0,9.6,21.52,0,0,7.74,8.44,0,0,6.2,49.4,-20.86,Alta
24054,Cimanes de la Vega,León,leon,431,26.0,16.58,36.5,352.2,6.94,4.9,17.53,-12.63,-4.01,-13.8,-37.35,-1.496,14498,1859.6,11.3,0.0,0.0,11.3,1,0,12.09,12.09,0,0,4.65,12.41,0,0,6.36,53.34,-13.8,Media
24219,Villaobispo de Otero,León,leon,514,31.76,16.18,36.0,295.2,2.51,3.46,23.13,-19.67,-3.38,-14.9,-28.41,-1.104,14328,1887.12,5.8,0.0,3.9,9.7,1,0,3.6,39.21,0,0,3.99,4.7,0,0,4.01,39.91,-14.9,Media
24049,Castropodame,León,leon,1570,59.55,26.36,32.3,297.1,3.54,3.54,17.2,-13.66,-3.62,-9.14,-18.27,-0.681,14312,811.61,4.5,0.0,1.3,5.7,1,0,3.92,13.07,1,0,1.38,3.61,1,24.84,1.56,70.32,-9.14,Media
24146,San Esteban de Nogales,León,leon,239,32.19,7.42,52.3,2083.3,0.41,3.72,24.64,-20.92,-7.0,-14.95,-33.24,-1.264,13943,2739.23,12.6,0.0,0.0,12.6,1,0,10.55,27.42,0,0,9.3,16.77,0,0,10.25,55.36,-14.95,Media
24149,San Millán de los Caballeros,León,leon,191,24.66,7.75,28.5,211.5,7.85,8.73,14.54,-5.82,13.69,0.53,-1.04,-0.306,16217,2781.14,5.2,5.2,5.2,15.5,1,0,7.33,31.93,0,0,3.03,5.15,0,0,3.05,32.28,0.53,Crecimiento
24127,Regueras de Arriba,León,leon,263,11.33,23.21,43.0,434.6,2.65,3.8,28.31,-24.5,-5.05,-19.33,-34.9,-1.385,13142,2513.12,3.8,0.0,0.0,3.8,1,0,3.14,35.14,0,0,3.8,3.88,0,0,2.62,38.6,-19.33,Alta
24177,Valdelugueros,León,leon,484,143.22,3.38,33.2,342.6,0.41,1.61,10.33,-8.72,-6.02,-9.19,9.5,0.528,16710,2143.23,6.2,12.4,8.2,26.8,1,0,21.92,49.42,0,0,13.73,21.06,0,0,22.46,52.1,-9.19,Media
24028,Cabreros del Río,León,leon,406,24.73,16.42,40.1,332.7,1.96,3.28,17.24,-13.96,-2.64,-5.8,-32.56,-1.314,14595,1902.38,9.9,2.5,0.0,12.3,1,0,13.19,19.46,0,0,8.23,11.94,0,0,7.14,20.71,-5.8,Media
24194,Vegacervera,León,leon,246,34.83,7.06,35.9,593.3,1.93,1.81,18.52,-16.71,-7.87,-21.66,-34.57,-1.136,18162,2668.79,4.0,40.3,44.4,92.7,1,0,8.55,32.1,0,0,4.75,8.72,0,0,11.18,34.81,-21.66,Alta
24206,Toral de los Vados,León,leon,1751,24.33,71.97,33.9,310.5,4.79,4.0,22.4,-18.4,-3.37,-13.49,-24.69,-0.978,13807,982.93,3.4,1.7,2.3,8.0,1,0,5.09,10.68,1,0,1.07,6.45,1,26.27,0.82,96.05,-13.49,Media
24060,Crémenes,León,leon,497,152.87,3.25,40.0,820.8,1.93,1.12,19.45,-18.33,-5.69,-15.62,-54.74,-1.898,15123,2147.65,12.2,12.2,32.5,56.9,1,0,7.49,54.74,0,0,7.53,15.07,0,0,14.11,57.94,-15.62,Alta
24061,Cuadros,León,leon,2075,109.52,18.95,27.8,189.5,1.95,5.52,14.46,-8.94,1.97,3.8,23.81,0.991,15661,654.01,4.8,1.0,1.9,7.7,1,0,12.92,15.63,1,0,7.87,7.93,1,40.48,7.71,18.08,3.8,Crecimiento
24118,Prado de la Guzpeña,León,leon,108,22.9,4.72,37.6,585.7,0.96,3.09,32.92,-29.84,3.85,-22.86,-35.71,-1.359,16417,4427.35,0.0,0.0,27.5,27.5,1,0,8.06,48.07,0,0,4.79,7.61,0,0,7.25,51.44,-22.86,Alta
24174,Urdiales del Páramo,León,leon,445,32.79,13.57,41.5,508.1,3.98,4.0,25.47,-21.47,-9.92,-13.59,-38.11,-1.337,13859,1552.99,6.6,0.0,0.0,6.6,1,0,4.01,28.76,1,0,2.02,4.54,0,0,4.32,28.69,-13.59,Media
24077,Gordaliza del Pino,León,leon,238,27.27,8.73,38.6,300.0,5.0,4.67,25.68,-21.01,-2.86,-12.5,-32.58,-1.345,11642,2863.85,8.3,0.0,0.0,8.3,1,0,16.29,43.46,0,0,9.79,9.86,0,0,9.76,46.92,-12.5,Media
24112,Peranzanes,León,leon,276,117.29,2.35,43.8,1512.5,0.0,1.21,15.7,-14.49,-1.08,-15.6,-19.77,-0.726,18027,2597.53,14.5,3.6,7.2,25.4,1,0,14.48,21.34,0,0,13.13,12.89,0,0,15.29,93.19,-15.6,Alta
24181,Valderas,León,leon,1479,99.47,14.87,35.8,306.9,4.24,4.36,19.61,-15.25,-6.75,-18.69,-31.97,-1.249,12232,989.57,14.1,4.0,2.0,20.1,0,0,3.52,21.22,1,1,5.99,1.76,1,42.6,1.76,55.8,-18.69,Alta
24084,Izagre,León,leon,133,44.16,3.01,51.5,7000.0,6.47,3.34,45.95,-42.61,-17.39,-27.72,-50.0,-1.885,15173,4422.33,7.4,0.0,0.0,7.4,1,0,8.15,41.1,0,0,7.83,20.27,0,0,8.25,46.26,-27.72,Alta
24005,"Antigua, La",León,leon,324,54.62,5.93,51.2,1100.0,2.14,1.71,28.46,-26.75,-9.5,-22.49,-48.16,-1.927,14528,2318.36,6.2,3.1,0.0,9.3,1,0,17.67,18.97,0,0,6.62,18.57,0,0,6.59,45.52,-22.49,Alta
24062,Cubillas de los Oteros,León,leon,140,12.46,11.24,44.7,630.0,2.92,0.79,31.75,-30.95,3.7,-4.76,-34.58,-1.569,13641,4220.8,7.1,0.0,0.0,7.1,1,0,12.44,22.45,0,0,9.15,9.1,0,0,4.77,23.79,-4.76,Leve
24215,Villamol,León,leon,134,39.56,3.39,35.8,600.0,1.47,0.0,29.02,-29.02,-11.84,-22.54,-46.83,-1.709,13885,3994.01,0.0,0.0,7.5,7.5,1,0,14.97,39.75,0,0,14.52,14.46,0,0,14.71,43.78,-22.54,Alta
24073,Fresno de la Vega,León,leon,483,15.11,31.97,43.1,552.6,7.29,2.99,25.07,-22.08,0.84,-13.75,-30.3,-1.279,13989,2421.12,10.3,0.0,2.1,12.3,1,0,8.83,26.37,0,0,4.83,5.14,1,155.28,0.11,27.26,-13.75,Media
24040,Carrocera,León,leon,437,65.87,6.63,36.0,577.8,1.36,2.29,19.32,-17.04,-2.02,-14.98,-29.06,-1.209,16192,2317.52,11.5,9.2,39.3,60.0,1,0,8.76,26.2,0,0,4.71,8.63,0,0,10.47,28.44,-14.98,Media
24187,Valdevimbre,León,leon,892,67.9,13.14,34.9,455.1,6.76,5.61,26.53,-20.93,-6.89,-10.53,-26.16,-0.986,15348,1177.2,14.5,8.9,3.3,26.7,1,0,8.92,20.87,1,0,3.91,9.21,0,0,8.15,20.44,-10.53,Media
24106,Oseja de Sajambre,León,leon,214,73.18,2.92,34.1,384.2,0.88,1.04,27.52,-26.48,-4.46,-23.3,-40.56,-1.408,17030,2807.18,9.3,9.3,74.8,93.5,1,0,18.09,72.56,0,0,11.04,36.57,0,0,36.87,75.62,-23.3,Alta
24176,Valdefuentes del Páramo,León,leon,304,24.14,12.59,42.6,684.2,1.63,0.37,19.01,-18.64,-4.7,-12.39,-31.07,-1.118,15055,1705.56,3.3,0.0,0.0,3.3,1,0,6.21,35.1,0,0,5.08,6.64,0,0,6.0,34.99,-12.39,Media
24190,Valverde-Enrique,León,leon,148,35.84,4.13,43.2,711.1,1.97,3.75,30.78,-27.03,-4.52,-15.43,-32.42,-1.336,15889,3821.44,,,,,1,0,14.09,37.94,0,0,13.99,17.82,0,0,7.64,40.59,-15.43,Alta
24172,Truchas,León,leon,371,300.9,1.23,40.7,1500.0,3.07,2.1,34.14,-32.05,-11.46,-18.28,-52.25,-1.964,14760,2141.96,10.8,8.1,8.1,27.1,0,0,3.43,31.38,0,0,7.45,27.32,0,0,22.09,79.33,-18.28,Alta
24034,Camponaraya,León,leon,4060,28.97,140.14,24.2,163.1,3.16,4.87,9.63,-4.76,-0.9,-0.64,26.52,1.172,13397,533.85,2.2,2.5,2.0,7.1,1,0,3.2,3.2,1,0,0.9,3.34,0,0,3.54,88.68,-0.64,Leve
24188,Valencia de Don Juan,León,leon,5103,58.41,87.37,22.4,123.7,14.87,6.18,8.62,-2.44,-3.21,-1.51,25.57,1.434,12957,543.71,5.8,2.7,4.3,13.4,0,0,7.06,28.15,1,1,4.41,3.35,1,13.91,1.78,29.07,-1.51,Leve
34231,Villarrabé,Palencia,palencia,170,80.16,2.12,46.2,3950.0,0.56,2.61,21.57,-18.95,-14.57,-22.02,-40.77,-1.448,14799,929.08,5.8,5.8,0.0,11.7,1,0,8.2,52.49,0,0,6.33,8.08,0,0,8.82,53.85,-22.02,Alta
34151,Respenda de la Peña,Palencia,palencia,140,65.54,2.14,43.6,1525.0,0.71,0.0,20.63,-20.63,-7.28,-22.65,-48.91,-1.828,15046,1585.24,7.1,0.0,14.3,21.4,1,0,12.36,72.76,0,0,4.68,12.22,0,0,12.26,86.15,-22.65,Alta
34237,Villaumbrales,Palencia,palencia,627,41.99,14.93,30.2,228.9,1.44,6.2,14.0,-7.8,-3.54,-8.6,-29.23,-1.181,13383,902.59,6.4,0.0,0.0,6.4,1,0,9.27,9.27,0,0,5.15,9.94,0,0,5.2,10.72,-8.6,Media
34245,Villota del Páramo,Palencia,palencia,295,77.81,3.79,41.0,605.0,1.33,5.27,24.86,-19.59,-11.14,-9.51,-35.59,-1.294,13671,461.21,10.2,0.0,6.8,16.9,1,0,13.31,58.94,0,0,12.35,13.07,0,0,7.59,72.23,-9.51,Media
34904,"Pernía, La",Palencia,palencia,297,165.39,1.8,36.1,486.4,0.32,4.12,20.58,-16.46,-6.01,-14.9,-38.0,-1.515,15891,1446.07,6.8,13.5,47.3,67.6,1,0,18.39,90.82,0,0,18.25,18.35,1,97.64,9.81,111.55,-14.9,Media
34222,Villameriel,Palencia,palencia,109,53.07,2.05,37.6,341.7,0.0,2.04,31.6,-29.56,2.83,-14.17,-31.01,-1.212,15420,834.32,9.2,0.0,0.0,9.2,1,0,12.0,53.92,0,0,11.71,14.64,0,0,12.13,54.78,-14.17,Media
34901,Osorno la Mayor,Palencia,palencia,1180,88.44,13.34,35.1,311.3,6.3,3.95,16.29,-12.34,-0.42,-9.09,-31.07,-1.299,15072,723.39,10.2,5.9,6.8,25.5,0,0,5.68,40.5,1,0,6.33,13.25,1,35.59,5.72,41.17,-9.09,Media
34903,Loma de Ucieza,Palencia,palencia,186,71.12,2.62,37.2,811.1,5.73,0.6,21.51,-20.91,-4.12,-19.83,-43.29,-1.734,14113,979.14,,,,,1,0,12.32,48.33,0,0,7.89,12.21,0,0,12.02,49.5,-19.83,Alta
34120,Palencia,Palencia,palencia,77466,94.8,817.15,27.1,165.5,6.57,6.09,11.9,-5.8,-0.87,-2.67,-3.9,-0.194,15643,123.78,4.1,1.4,0.7,6.5,1,1,0.95,0.95,1,1,0.11,0.26,1,18.86,0.08,0.0,-2.67,Leve
34010,Ampudia,Palencia,palencia,588,132.97,4.42,37.2,421.2,4.3,3.97,19.46,-15.5,-2.97,-8.12,-15.76,-0.578,15023,1033.72,3.4,8.5,17.0,28.9,1,0,11.05,11.05,1,0,3.07,20.81,0,0,12.71,21.28,-8.12,Media
34218,Villaluenga de la Vega,Palencia,palencia,519,26.25,19.77,29.1,191.1,14.09,5.14,18.84,-13.7,-9.58,-8.14,-22.19,-0.812,14117,356.68,1.9,1.9,7.7,11.6,1,0,2.3,56.66,0,0,2.25,2.15,0,0,2.91,57.97,-8.14,Media
34206,Villada,Palencia,palencia,863,64.77,13.32,35.5,300.0,1.8,3.86,22.27,-18.41,-6.2,-16.7,-33.1,-1.31,13719,1194.62,9.3,1.2,1.2,11.6,0,0,1.46,42.78,1,0,15.72,16.12,1,130.94,1.84,44.36,-16.7,Alta
34005,Alar del Rey,Palencia,palencia,910,57.82,15.74,30.4,234.7,10.86,5.25,18.07,-12.82,-1.19,-7.8,-30.16,-1.244,13697,946.9,8.8,2.2,8.8,19.7,1,0,6.56,61.71,1,0,1.46,6.65,0,0,6.6,73.97,-7.8,Media
34080,Guardo,Palencia,palencia,5502,62.72,87.72,30.3,248.7,2.95,4.58,15.69,-11.11,-6.3,-15.96,-36.36,-1.474,14796,452.92,13.3,2.0,1.6,17.1,0,0,6.49,55.81,1,1,5.93,6.79,1,31.99,6.64,88.6,-15.96,Alta
34156,Riberos de la Cueza,Palencia,palencia,52,19.76,2.63,34.6,600.0,0.0,6.41,14.96,-8.55,-3.7,-11.86,-41.57,-1.795,16801,1240.42,,,,,1,0,11.24,32.63,0,0,11.54,11.51,0,0,11.41,34.03,-11.86,Media
34093,"Vid de Ojeda, La",Palencia,palencia,82,20.05,4.09,35.3,333.3,10.75,4.07,28.46,-24.39,-8.89,-22.64,-39.71,-1.525,15035,2020.4,,,,,1,0,8.39,66.63,0,0,7.32,8.63,0,0,8.51,72.85,-22.64,Alta
34012,Antigüedad,Palencia,palencia,329,62.74,5.24,40.1,950.0,1.18,2.7,24.99,-22.29,-9.86,-15.86,-22.95,-0.772,16757,909.21,9.0,0.0,6.0,15.1,1,0,10.03,36.43,0,0,14.06,28.83,1,75.99,3.22,37.47,-15.86,Alta
34137,Pozo de Urama,Palencia,palencia,21,13.79,1.52,52.4,0.0,0.0,0.0,31.75,-31.75,-8.7,-30.0,-51.16,-2.414,16801,2975.26,,,,,1,0,5.79,39.87,0,0,16.47,16.9,0,0,5.55,41.38,-30.0,Alta
34053,Castromocho,Palencia,palencia,193,52.89,3.65,29.0,280.0,1.02,6.33,11.51,-5.18,-13.06,-17.52,-24.9,-0.876,14116,833.78,,,,,1,0,8.19,17.8,0,0,7.91,17.88,0,0,7.75,24.32,-17.52,Alta
34161,San Cristóbal de Boedo,Palencia,palencia,20,10.76,1.86,60.0,0.0,0.0,0.0,11.11,-11.11,-9.09,-13.04,-58.33,-2.126,15035,2704.61,0.0,0.0,100.0,100.0,1,0,6.37,56.89,0,0,6.39,6.3,0,0,6.33,61.14,-13.04,Media
34232,Villarramiel,Palencia,palencia,782,30.22,25.88,32.5,352.8,4.69,2.84,22.45,-19.61,-4.4,-9.07,-28.65,-1.138,14792,1297.28,11.5,2.6,3.8,17.9,0,0,1.02,24.89,1,0,0.77,12.64,1,51.15,0.56,31.32,-9.07,Media
34234,Villasila de Valdavia,Palencia,palencia,64,30.28,2.11,48.4,1033.3,0.0,3.47,19.1,-15.62,-8.57,-16.88,-40.19,-1.561,14997,930.14,,,,,1,0,16.6,59.67,0,0,10.99,16.95,0,0,16.17,60.69,-16.88,Alta
34056,Cervera de Pisuerga,Palencia,palencia,2272,325.71,6.98,27.9,203.9,7.49,5.38,17.02,-11.64,-0.22,-6.96,-16.04,-0.728,14560,670.39,13.6,5.7,14.1,34.7,0,0,9.67,89.27,1,1,9.71,9.65,1,45.77,5.3,104.09,-6.96,Media
34143,Quintanilla de Onsoña,Palencia,palencia,167,50.97,3.28,36.9,364.7,4.44,3.33,23.29,-19.96,-7.73,-13.02,-30.13,-1.075,14682,801.7,0.0,0.0,6.0,6.0,1,0,6.08,54.14,0,0,6.57,6.44,0,0,6.15,55.36,-13.02,Media
34055,Cervatos de la Cueza,Palencia,palencia,241,71.35,3.38,39.7,685.7,3.32,3.23,17.98,-14.75,-9.06,-19.67,-39.29,-1.345,14893,730.21,16.5,8.3,12.4,37.2,1,0,15.22,38.46,0,0,12.29,15.46,0,0,15.27,39.91,-19.67,Alta
34122,Páramo de Boedo,Palencia,palencia,103,22.73,4.53,26.9,311.1,23.53,1.08,9.71,-8.63,-8.04,-7.21,-7.21,-0.182,15035,1282.35,,,,,1,0,4.21,62.16,0,0,4.33,4.44,0,0,4.33,66.01,-7.21,Media
34181,Tariego de Cerrato,Palencia,palencia,504,20.65,24.41,25.7,168.8,5.39,5.73,11.02,-5.29,5.88,-4.18,-10.16,-0.554,14295,836.95,4.0,5.9,2.0,11.9,1,0,3.83,12.33,1,0,1.94,3.18,0,0,3.54,13.75,-4.18,Leve
34100,Mantinos,Palencia,palencia,142,25.48,5.57,38.0,490.9,1.37,3.91,20.34,-16.43,-0.7,-8.97,-29.35,-1.052,18120,1094.75,14.1,0.0,7.0,21.1,1,0,3.89,59.95,0,0,3.87,4.16,0,0,4.01,87.51,-8.97,Media
34109,Moratinos,Palencia,palencia,55,29.22,1.88,56.4,3100.0,8.47,2.02,18.18,-16.16,-11.29,-8.33,-38.2,-1.303,16801,1126.48,0.0,109.1,90.9,200.0,1,0,4.73,49.91,0,0,7.82,8.15,0,0,7.98,51.41,-8.33,Media
34116,Osornillo,Palencia,palencia,57,18.15,3.14,43.9,833.3,0.0,7.8,17.54,-9.75,1.79,-9.52,-43.0,-1.849,16801,1770.25,35.1,0.0,0.0,35.1,1,0,6.97,43.27,0,0,6.28,6.65,0,0,6.82,43.69,-9.52,Media
34046,Cardeñosa de Volpejera,Palencia,palencia,64,13.67,4.68,23.4,250.0,10.0,3.47,5.21,-1.74,20.75,30.61,14.29,0.129,16801,935.3,,,,,1,0,6.52,26.82,0,0,8.6,8.59,0,0,8.18,28.25,30.61,Crecimiento
34039,Bustillo del Páramo de Carrión,Palencia,palencia,58,31.15,1.86,56.9,0.0,0.0,0.0,17.24,-17.24,-6.45,-9.38,-37.63,-1.648,14997,957.79,,,,,1,0,10.72,40.22,0,0,6.53,10.92,0,0,10.68,41.59,-9.38,Media
34102,Mazariegos,Palencia,palencia,202,25.21,8.01,34.7,333.3,0.5,6.6,12.1,-5.5,-4.72,-8.6,-30.58,-1.171,16272,1210.49,9.9,0.0,0.0,9.9,1,0,11.95,11.95,0,0,6.18,10.48,0,0,6.88,13.38,-8.6,Media
34167,Santa Cecilia del Alcor,Palencia,palencia,91,19.92,4.57,46.2,1400.0,0.0,3.66,23.2,-19.54,-20.18,-29.46,-44.85,-1.559,16801,798.11,11.0,0.0,0.0,11.0,1,0,2.58,2.58,0,0,9.96,12.47,0,0,7.6,14.04,-29.46,Alta
34185,Triollo,Palencia,palencia,73,63.19,1.16,38.4,700.0,2.7,3.04,16.74,-13.7,7.35,21.67,-25.51,-1.094,,1764.32,27.4,41.1,123.3,191.8,1,0,16.63,80.45,0,0,14.35,16.6,0,0,16.08,102.64,21.67,Crecimiento
34104,Melgar de Yuso,Palencia,palencia,269,26.54,10.14,42.9,557.1,2.95,3.72,13.22,-9.5,8.47,2.28,-30.85,-1.412,17545,778.52,0.0,0.0,0.0,3.7,1,0,12.15,35.18,0,0,7.59,17.09,0,0,7.41,35.22,2.28,Crecimiento
34035,Boadilla de Rioseco,Palencia,palencia,95,51.19,1.86,41.1,557.1,10.89,0.0,24.56,-24.56,-15.93,-24.6,-49.47,-1.756,14126,1462.78,,,,,1,0,8.89,38.5,0,0,9.74,9.85,0,0,9.28,41.84,-24.6,Alta
34224,Villamuera de la Cueza,Palencia,palencia,36,25.14,1.43,55.6,2000.0,0.0,6.17,30.86,-24.69,-5.26,-29.41,-42.86,-1.707,16801,3435.19,,,,,1,0,9.21,28.49,0,0,11.23,11.19,0,0,11.17,29.85,-29.41,Alta
34068,Dehesa de Romanos,Palencia,palencia,39,20.91,1.87,22.5,180.0,28.57,22.79,11.4,11.4,-36.07,14.71,-11.36,-0.02,15035,2124.34,,,,,1,0,9.92,68.68,0,0,10.02,10.18,0,0,10.06,70.47,14.71,Crecimiento
34190,Valderrábano,Palencia,palencia,47,28.76,1.63,53.2,2500.0,0.0,0.0,18.91,-18.91,-6.0,-17.54,-42.68,-1.557,14997,2006.64,,,,,1,0,12.4,67.26,0,0,4.81,12.55,0,0,8.99,68.43,-17.54,Alta
34174,Santoyo,Palencia,palencia,187,34.64,5.4,40.3,625.0,2.08,1.78,19.61,-17.83,3.89,-16.52,-34.62,-1.492,16427,961.71,5.4,0.0,0.0,5.4,1,0,7.02,27.68,0,0,5.61,22.25,0,0,5.44,27.92,-16.52,Alta
34112,Nogal de las Huertas,Palencia,palencia,46,13.78,3.34,40.4,316.7,0.0,4.83,14.49,-9.66,12.2,4.55,-33.33,-1.563,16801,1350.64,,,,,1,0,6.38,42.11,0,0,5.48,6.35,0,0,6.12,43.32,4.55,Crecimiento
34228,Villanuño de Valdavia,Palencia,palencia,91,30.99,2.94,45.7,600.0,10.99,3.66,19.54,-15.87,2.25,-3.19,-30.0,-1.202,14997,1464.95,10.9,0.0,10.9,21.7,1,0,16.83,56.62,0,0,14.71,16.99,0,0,16.91,57.6,-3.19,Leve
34208,Villaeles de Valdavia,Palencia,palencia,47,20.64,2.28,40.4,633.3,0.0,2.36,26.0,-23.64,-7.84,-21.67,-45.98,-1.775,14997,2411.12,21.3,0.0,0.0,21.3,1,0,16.09,62.22,0,0,8.11,16.41,0,0,15.54,63.27,-21.67,Alta
34082,Hérmedes de Cerrato,Palencia,palencia,72,32.28,2.23,61.1,0.0,0.0,0.0,24.69,-24.69,-8.86,-17.24,-45.86,-1.811,16148,1126.69,,,,,1,0,17.97,34.15,0,0,15.27,23.83,0,0,13.51,35.52,-17.24,Alta
34003,Abia de las Torres,Palencia,palencia,165,27.12,6.08,30.3,357.1,3.53,6.73,13.47,-6.73,-2.94,-10.33,-19.12,-0.745,16097,1154.27,6.1,0.0,0.0,6.1,1,0,5.42,47.69,0,0,5.39,14.41,0,0,5.58,48.46,-10.33,Media
34057,Cevico de la Torre,Palencia,palencia,464,50.78,9.14,43.1,490.2,3.36,4.55,50.05,-45.5,-5.31,-9.2,-34.18,-1.212,14676,722.06,8.6,0.0,2.1,10.7,1,0,9.19,17.34,1,0,0.72,8.59,1,183.19,0.78,18.8,-9.2,Media
34004,Aguilar de Campoo,Palencia,palencia,6916,248.26,27.86,24.7,156.7,10.13,6.04,13.38,-7.34,2.47,-1.66,-9.51,-0.489,15667,461.85,7.9,3.3,8.4,19.9,0,0,13.39,72.71,1,1,6.44,5.04,1,29.64,6.09,94.55,-1.66,Leve
34130,Piña de Campos,Palencia,palencia,185,12.37,14.96,36.6,523.1,0.51,4.2,16.22,-12.01,-10.19,-19.21,-37.07,-1.346,15233,471.52,16.1,0.0,5.4,21.5,1,0,6.52,23.97,0,0,6.54,18.49,0,0,12.35,24.58,-19.21,Alta
34031,Belmonte de Campos,Palencia,palencia,28,16.12,1.74,39.3,0.0,6.67,3.97,11.9,-7.94,-3.45,-15.15,-39.13,-1.181,16801,5905.4,,,,,0,0,7.99,28.46,0,0,7.89,8.47,0,0,8.17,38.09,-15.15,Alta
34175,"Serna, La",Palencia,palencia,90,12.28,7.33,32.2,580.0,8.6,1.23,19.75,-18.52,-5.26,-6.25,-27.42,-1.176,14997,986.27,33.3,0.0,11.1,44.4,1,0,9.82,45.33,0,0,3.58,9.8,0,0,9.56,46.57,-6.25,Media
34081,Guaza de Campos,Palencia,palencia,57,32.29,1.77,49.1,700.0,0.0,1.95,11.7,-9.75,-6.56,-6.56,-26.92,-0.978,16801,1815.45,,,,,1,0,9.16,29.97,0,0,9.17,12.53,0,0,9.49,33.3,-6.56,Media
34045,Capillas,Palencia,palencia,68,18.24,3.73,47.1,800.0,0.0,0.0,17.97,-17.97,-6.85,-13.92,-41.38,-1.636,16801,1266.13,,,,,1,0,3.9,23.51,0,0,3.8,14.48,0,0,3.46,30.97,-13.92,Media
34038,Bustillo de la Vega,Palencia,palencia,259,18.96,13.66,39.1,918.2,3.35,2.57,17.16,-14.59,-9.12,-18.04,-32.38,-1.126,16136,962.46,11.6,0.0,3.9,15.5,1,0,8.15,50.47,0,0,5.83,8.18,0,0,8.72,51.8,-18.04,Alta
34215,Villalcázar de Sirga,Palencia,palencia,160,25.37,6.31,38.1,554.5,6.9,3.47,13.19,-9.72,-6.43,1.27,-32.49,-1.297,15909,955.93,12.5,18.8,56.2,87.5,1,0,5.34,33.11,0,0,5.19,5.22,0,0,5.14,34.15,1.27,Crecimiento
34133,Población de Cerrato,Palencia,palencia,102,19.76,5.16,42.3,400.0,1.0,0.0,17.43,-17.43,-4.67,-8.93,-19.69,-0.816,12750,822.2,19.2,0.0,0.0,19.2,1,0,6.77,23.23,0,0,6.77,14.31,0,0,6.91,24.87,-8.93,Media
34132,Población de Campos,Palencia,palencia,119,23.22,5.12,36.1,430.0,6.56,2.8,24.28,-21.48,-9.16,-11.85,-40.5,-1.438,14681,665.91,25.2,8.4,16.8,50.4,1,0,4.42,28.35,0,0,4.41,14.34,0,0,14.27,29.09,-11.85,Media
34072,Frechilla,Palencia,palencia,138,34.28,4.03,40.1,785.7,5.15,4.03,23.35,-19.32,-9.21,-21.59,-49.26,-2.115,17229,671.76,14.6,7.3,0.0,21.9,1,0,12.31,26.88,0,0,6.76,11.25,0,0,11.26,28.6,-21.59,Alta
34186,Valbuena de Pisuerga,Palencia,palencia,49,28.97,1.69,40.8,666.7,9.62,2.27,20.41,-18.14,4.26,-5.77,-38.75,-1.514,16148,3926.14,,,,,1,0,14.81,29.76,0,0,7.38,28.46,0,0,7.55,29.72,-5.77,Media
34107,Micieces de Ojeda,Palencia,palencia,67,20.7,3.24,52.2,0.0,0.0,0.0,26.53,-26.53,-9.46,-19.28,-40.71,-1.525,15035,1300.88,14.9,0.0,0.0,14.9,1,0,9.2,72.66,0,0,12.84,14.42,0,0,14.31,75.18,-19.28,Alta
34184,Torremormojón,Palencia,palencia,41,28.2,1.45,39.0,533.3,11.11,0.0,27.1,-27.1,-4.65,-25.45,-55.43,-2.167,16801,2282.97,24.4,0.0,0.0,24.4,1,0,13.18,13.18,0,0,5.5,21.97,0,0,13.38,22.43,-25.45,Alta
34076,Fuentes de Nava,Palencia,palencia,581,60.42,9.62,29.2,309.1,4.42,5.74,16.06,-10.33,-8.65,-14.81,-28.71,-1.127,14526,1065.16,6.9,1.7,6.9,15.5,1,0,11.36,20.0,1,0,1.45,8.88,0,0,9.15,21.88,-14.81,Media
34088,Husillos,Palencia,palencia,413,16.32,25.31,20.6,121.4,5.85,5.92,10.22,-4.3,25.15,42.41,85.2,2.887,15277,1181.22,0.0,2.4,4.8,7.3,1,0,7.7,7.75,0,0,4.45,7.11,0,0,5.23,8.77,42.41,Crecimiento
34009,Amayuelas de Arriba,Palencia,palencia,36,10.16,3.54,47.2,566.7,2.63,3.09,6.17,-3.09,0.0,-10.0,-16.28,-0.564,16801,1731.61,,,,,1,0,8.45,23.48,0,0,8.45,15.89,0,0,15.81,24.28,-10.0,Media
34211,Villaherreros,Palencia,palencia,211,40.72,5.18,39.3,323.1,6.6,3.69,10.01,-6.32,3.43,1.44,-22.71,-1.018,14141,758.38,9.3,4.7,14.0,28.0,1,0,8.71,42.07,0,0,9.16,12.26,0,0,8.86,42.93,1.44,Crecimiento
34213,Villalaco,Palencia,palencia,67,17.82,3.76,37.3,625.0,1.64,1.66,18.24,-16.58,17.54,3.08,-17.28,-1.141,16801,2204.81,14.9,0.0,0.0,14.9,1,0,12.36,26.3,0,0,5.94,25.43,0,0,6.16,26.21,3.08,Crecimiento
34233,Villasarracino,Palencia,palencia,125,20.46,6.11,45.7,828.6,5.26,0.89,26.67,-25.78,-8.76,-11.97,-53.87,-2.047,15470,1137.41,7.9,0.0,0.0,7.9,1,0,10.78,43.41,0,0,10.48,10.52,0,0,10.53,44.37,-11.97,Media
34071,Espinosa de Villagonzalo,Palencia,palencia,164,37.98,4.32,40.9,609.1,7.1,2.71,22.36,-19.65,-2.38,-18.41,-39.71,-1.458,13802,624.72,18.3,0.0,6.1,24.4,1,0,7.84,53.49,0,0,7.27,12.57,0,0,7.89,54.17,-18.41,Alta
34176,Sotobañado y Priorato,Palencia,palencia,154,25.22,6.11,31.8,222.7,0.63,3.61,15.87,-12.27,10.79,-3.14,-15.38,-0.862,14487,1821.18,13.0,0.0,0.0,13.0,1,0,9.02,65.16,0,0,9.14,9.26,0,0,9.15,66.05,-3.14,Leve
34123,Paredes de Nava,Palencia,palencia,1927,128.78,14.96,27.9,198.5,7.7,4.32,17.07,-12.74,1.85,-2.73,-20.63,-0.948,13327,915.45,5.7,2.6,3.6,12.4,0,0,0.0,20.55,1,1,2.59,2.57,1,25.43,2.24,22.01,-2.73,Leve
34149,Requena de Campos,Palencia,palencia,27,13.39,2.02,37.0,0.0,0.0,4.12,12.35,-8.23,22.73,35.0,-53.45,-2.458,16801,3204.33,0.0,0.0,37.0,37.0,1,0,6.83,36.59,0,0,6.82,13.14,0,0,11.13,37.01,35.0,Crecimiento
34091,Lagartos,Palencia,palencia,117,43.46,2.69,43.6,463.6,0.85,1.9,22.79,-20.89,-5.65,-14.6,-30.77,-1.126,12421,579.61,8.5,17.1,17.1,42.7,1,0,6.36,53.68,0,0,12.3,12.78,0,0,12.77,55.13,-14.6,Media
34073,Fresno del Río,Palencia,palencia,169,43.95,3.85,43.2,1042.9,0.58,3.29,14.46,-11.18,-9.14,-17.56,-15.5,-0.333,16234,618.34,29.6,0.0,0.0,29.6,1,0,11.61,59.16,0,0,11.51,11.85,0,0,11.72,79.73,-17.56,Alta
34216,Villalcón,Palencia,palencia,45,26.28,1.71,53.3,0.0,2.08,0.0,41.98,-41.98,-25.0,-36.62,-49.44,-1.461,16801,3000.11,,,,,1,0,10.73,40.6,0,0,16.5,16.89,0,0,10.39,42.09,-36.62,Alta
34157,Saldaña,Palencia,palencia,2844,131.73,21.59,27.9,177.9,9.7,6.76,15.71,-8.95,-3.85,-8.88,-10.76,-0.343,14211,498.34,6.7,4.6,6.7,18.6,0,0,7.79,58.64,1,1,8.18,8.14,1,64.7,7.35,59.81,-8.88,Media
34171,Santibáñez de la Peña,Palencia,palencia,892,111.55,8.0,37.2,415.0,2.25,3.74,20.05,-16.32,-11.24,-18.98,-41.08,-1.55,15397,534.59,9.0,1.1,10.1,20.2,1,0,6.12,67.05,1,0,3.86,6.0,0,0,6.03,88.07,-18.98,Alta
34062,Congosto de Valdavia,Palencia,palencia,132,68.81,1.92,47.0,1240.0,0.71,3.37,30.3,-26.94,-12.58,-28.26,-53.52,-2.069,14613,1428.95,30.3,0.0,0.0,30.3,1,0,14.54,69.42,0,0,11.1,14.57,0,0,14.53,78.76,-28.26,Alta
34192,Valde-Ucieza,Palencia,palencia,77,42.52,1.81,35.1,540.0,0.0,0.0,20.2,-20.2,-3.75,-28.7,-37.9,-1.364,16801,1145.62,,,,,1,0,7.26,42.72,0,0,7.0,7.05,0,0,6.98,43.81,-28.7,Alta
34136,Poza de la Vega,Palencia,palencia,160,24.29,6.59,46.0,462.5,3.01,2.78,22.92,-20.14,-9.09,-28.89,-41.61,-1.678,13428,435.35,,,,,1,0,10.01,59.22,0,0,8.43,9.71,0,0,5.55,68.41,-28.89,Alta
34179,Tabanera de Valdavia,Palencia,palencia,20,21.52,0.93,52.4,1100.0,0.0,5.56,61.11,-55.56,-23.08,-35.48,-64.29,-2.53,14997,3852.18,,,,,1,0,16.31,69.69,0,0,7.98,16.33,0,0,10.77,74.28,-35.48,Alta
34210,Villahán,Palencia,palencia,96,32.61,2.94,30.2,966.7,1.01,0.0,30.09,-30.09,-2.04,-7.69,-31.43,-1.23,16148,1558.53,10.4,0.0,0.0,10.4,1,0,7.05,31.39,0,0,14.53,31.5,0,0,12.36,31.93,-7.69,Media
34050,Castrillo de Don Juan,Palencia,palencia,177,48.87,3.62,45.7,1050.0,1.62,3.77,16.95,-13.18,-9.23,-24.36,-47.48,-1.851,15606,883.51,21.7,0.0,0.0,21.7,1,0,19.57,37.46,0,0,14.93,19.65,0,0,5.86,41.28,-24.36,Alta
34066,Cubillas de Cerrato,Palencia,palencia,60,21.07,2.85,39.0,766.7,6.15,1.85,24.07,-22.22,0.0,-1.64,-31.03,-1.232,16148,1585.27,0.0,0.0,16.9,16.9,1,0,8.49,21.63,0,0,5.89,13.72,0,0,5.95,24.2,-1.64,Leve
34242,Villodrigo,Palencia,palencia,96,9.01,10.65,34.0,680.0,12.0,1.16,20.83,-19.68,-12.73,-21.31,-25.58,-0.738,17081,1125.45,0.0,30.0,40.0,70.0,1,0,10.04,37.17,0,0,9.55,30.15,0,0,9.45,40.02,-21.31,Alta
34241,Villodre,Palencia,palencia,22,8.69,2.53,36.4,0.0,0.0,0.0,10.1,-10.1,46.67,37.5,-52.17,-2.423,16801,2397.35,,,,,1,0,14.5,32.94,0,0,5.0,21.33,0,0,4.93,32.82,37.5,Crecimiento
34037,Buenavista de Valdavia,Palencia,palencia,290,81.51,3.56,35.4,468.2,6.71,2.68,17.24,-14.56,-4.61,-9.38,-34.09,-1.471,14628,887.93,17.2,3.4,6.9,27.5,1,0,17.83,71.99,1,0,3.25,17.97,0,0,13.73,73.13,-9.38,Media
34159,San Cebrián de Campos,Palencia,palencia,400,32.58,12.28,28.4,325.7,5.62,3.61,21.67,-18.06,-4.76,-10.31,-26.06,-0.915,15031,995.61,7.5,0.0,0.0,7.5,1,0,11.7,19.36,0,0,9.17,13.43,0,0,11.95,20.39,-10.31,Media
34227,Villanueva del Rebollar,Palencia,palencia,67,16.54,4.05,37.3,2500.0,1.49,4.98,18.24,-13.27,-6.94,-14.1,-33.66,-1.515,16801,1744.36,,,,,1,0,8.8,29.34,0,0,10.39,10.39,0,0,9.99,30.8,-14.1,Media
34220,Villamartín de Campos,Palencia,palencia,170,35.77,4.75,17.9,150.0,4.12,7.19,10.46,-3.27,-6.08,-6.08,0.59,0.585,13846,1514.02,11.9,0.0,11.9,23.8,1,0,8.55,8.55,0,0,9.57,12.2,0,0,4.33,12.62,-6.08,Media
34067,Dehesa de Montejo,Palencia,palencia,130,43.71,2.97,36.2,522.2,0.74,1.71,23.93,-22.22,2.36,-4.41,-40.37,-1.643,15617,1210.42,0.0,0.0,7.7,7.7,1,0,4.69,87.25,0,0,4.57,4.7,0,0,4.71,92.39,-4.41,Leve
34140,"Puebla de Valdavia, La",Palencia,palencia,79,29.45,2.68,59.5,2350.0,1.23,0.0,28.13,-28.13,-16.84,-27.52,-49.68,-1.835,14997,1591.12,,,,,1,0,17.19,75.13,0,0,6.2,20.87,0,0,18.71,76.21,-27.52,Alta
34121,Palenzuela,Palencia,palencia,212,74.43,2.85,35.2,375.0,15.21,5.24,15.2,-9.96,0.0,1.92,-33.33,-1.427,13286,1308.36,9.4,4.7,18.8,32.9,1,0,4.85,33.34,0,0,12.45,30.15,0,0,4.12,34.21,1.92,Crecimiento
34229,Villaprovedo,Palencia,palencia,46,26.37,1.74,56.5,2600.0,2.13,0.0,41.06,-41.06,-17.86,-33.33,-56.19,-1.907,15035,1490.34,21.7,0.0,21.7,43.5,1,0,10.39,57.03,0,0,10.45,10.43,0,0,10.41,57.81,-33.33,Alta
34042,Calzada de los Molinos,Palencia,palencia,305,25.9,11.78,32.2,319.4,4.19,2.19,13.11,-10.93,-5.86,-12.1,-20.98,-0.84,13750,823.42,9.8,0.0,3.3,13.0,1,0,5.13,34.95,0,0,5.41,5.4,0,0,5.26,36.24,-12.1,Media
34113,Olea de Boedo,Palencia,palencia,38,8.13,4.67,33.3,433.3,0.0,8.77,14.62,-5.85,-7.32,5.56,-15.56,-0.674,15035,4057.44,,,,,1,0,10.94,66.17,0,0,11.06,11.2,0,0,11.08,67.09,5.56,Crecimiento
34063,Cordovilla la Real,Palencia,palencia,130,38.75,3.35,25.4,161.9,16.67,7.69,12.82,-5.13,26.21,22.64,3.17,-0.281,12917,658.01,14.9,0.0,7.5,22.4,1,0,9.55,26.02,0,0,10.1,25.81,0,0,9.49,26.24,22.64,Crecimiento
34092,Lantadilla,Palencia,palencia,277,28.9,9.58,46.4,806.2,1.47,0.8,26.88,-26.07,-1.07,-16.31,-46.53,-1.868,16184,847.49,14.4,0.0,0.0,14.4,1,0,10.93,40.43,0,0,8.89,9.33,0,0,9.42,40.74,-16.31,Alta
34170,Santibáñez de Ecla,Palencia,palencia,42,25.49,1.65,57.1,0.0,2.38,0.0,42.33,-42.33,-17.65,-35.38,-58.82,-2.256,15035,1549.87,0.0,0.0,47.6,47.6,1,0,4.69,67.69,0,0,7.43,11.49,0,0,11.76,80.02,-35.38,Alta
34126,Pedrosa de la Vega,Palencia,palencia,277,21.02,13.18,36.7,343.3,8.54,4.81,20.06,-15.24,-7.97,-20.17,-29.52,-1.024,13831,367.35,0.0,3.6,0.0,3.6,1,0,3.27,54.86,0,0,3.62,3.47,0,0,3.72,56.15,-20.17,Alta
34048,Castil de Vela,Palencia,palencia,54,23.83,2.27,44.4,0.0,1.82,4.12,8.23,-4.12,-14.29,-23.94,-51.79,-1.898,16801,1521.74,,,,,1,0,8.52,26.34,0,0,8.57,13.21,0,0,8.3,35.1,-23.94,Alta
34034,Boadilla del Camino,Palencia,palencia,111,28.61,3.88,40.4,880.0,1.74,1.0,27.03,-26.03,-8.26,-12.6,-41.58,-1.583,14938,1093.39,18.3,18.3,27.5,64.2,1,0,5.64,31.97,0,0,5.67,17.77,0,0,8.23,32.28,-12.6,Media
34125,Pedraza de Campos,Palencia,palencia,73,32.33,2.26,42.5,1550.0,4.17,0.0,16.74,-16.74,-23.16,-23.96,-44.27,-1.621,16801,1791.34,13.7,0.0,0.0,27.4,1,0,6.96,6.96,0,0,8.93,14.89,0,0,6.57,15.35,-23.96,Alta
34036,Brañosera,Palencia,palencia,253,62.38,4.06,35.6,321.4,4.74,2.64,10.54,-7.91,-1.94,2.43,-12.76,-0.656,15939,852.53,15.8,11.9,55.3,83.0,1,0,18.9,74.41,0,0,3.96,9.62,0,0,3.89,99.82,2.43,Crecimiento
34077,Fuentes de Valdepero,Palencia,palencia,489,42.86,11.41,17.2,83.3,3.31,9.09,25.9,-16.81,4.94,16.71,102.07,4.599,15223,497.04,2.0,2.0,2.0,6.1,1,0,6.02,6.54,0,0,3.4,5.43,0,0,5.66,6.75,16.71,Crecimiento
34135,Pomar de Valdivia,Palencia,palencia,488,80.01,6.1,31.4,221.7,6.78,7.29,7.06,0.23,4.5,5.63,-8.96,-0.528,14892,498.36,2.1,6.2,24.6,32.9,1,0,20.34,64.28,0,0,7.98,8.8,0,0,7.79,94.86,5.63,Crecimiento
34236,Villaturde,Palencia,palencia,148,26.11,5.67,39.2,644.4,3.4,1.5,22.52,-21.02,-5.73,-11.38,-41.5,-1.69,13662,1213.99,0.0,0.0,6.8,6.8,1,0,7.73,41.57,0,0,3.5,7.83,0,0,7.57,42.85,-11.38,Media
34086,Hontoria de Cerrato,Palencia,palencia,108,29.49,3.66,34.6,616.7,0.93,2.06,10.29,-8.23,3.85,-0.92,-12.2,-0.55,16927,885.08,9.3,0.0,0.0,9.3,1,0,6.56,12.75,0,0,5.86,6.29,0,0,6.59,14.2,-0.92,Leve
34238,Villaviudas,Palencia,palencia,356,37.18,9.58,37.7,321.4,5.75,4.68,23.1,-18.41,3.19,-9.87,-24.74,-0.928,13429,881.53,8.4,0.0,0.0,8.4,1,0,8.75,16.03,1,0,1.1,13.77,1,58.99,1.01,17.15,-9.87,Media
34101,Marcilla de Campos,Palencia,palencia,60,21.83,2.75,41.7,500.0,0.0,0.0,11.11,-11.11,17.65,50.0,-18.92,-1.264,16801,1578.26,,,,,1,0,6.47,36.61,0,0,6.44,15.16,0,0,9.42,37.24,50.0,Crecimiento
34902,Valle del Retortillo,Palencia,palencia,155,62.89,2.46,32.3,208.3,11.83,8.6,12.9,-4.3,-3.12,-16.22,-29.22,-0.844,14268,2213.62,,,,,1,0,9.94,29.88,0,0,10.48,10.49,0,0,10.17,31.38,-16.22,Alta
34180,Támara de Campos,Palencia,palencia,70,20.72,3.38,45.1,457.1,0.0,3.17,11.11,-7.94,-7.89,-11.39,-28.57,-1.183,16801,1785.84,14.1,0.0,28.2,42.3,1,0,8.37,22.76,0,0,8.41,21.74,0,0,9.08,23.14,-11.39,Media
34025,Bárcena de Campos,Palencia,palencia,53,14.51,3.65,55.8,2900.0,1.89,0.0,81.76,-81.76,-7.02,-15.87,-15.87,-0.623,16801,3096.33,38.5,0.0,57.7,96.2,1,0,14.26,53.06,0,0,14.13,17.68,0,0,14.42,54.0,-15.87,Alta
34028,Báscones de Ojeda,Palencia,palencia,136,18.53,7.34,43.4,842.9,1.5,4.9,14.71,-9.8,-0.73,-11.69,-35.85,-1.52,14070,1022.97,14.7,7.4,7.4,29.4,1,0,13.56,73.53,0,0,7.9,18.72,0,0,18.59,74.54,-11.69,Media
34205,Villaconancio,Palencia,palencia,48,34.01,1.41,37.5,900.0,4.0,0.0,25.46,-25.46,-22.58,-23.81,-46.07,-1.62,16148,2093.52,,,,,1,0,14.39,29.88,0,0,9.51,24.32,0,0,8.74,31.17,-23.81,Alta
34020,Ayuela,Palencia,palencia,48,19.67,2.44,43.8,0.0,1.89,0.0,18.52,-18.52,-4.0,-17.24,-38.46,-1.479,14997,1999.46,,,,,1,0,14.05,69.57,0,0,7.35,14.09,0,0,8.77,71.97,-17.24,Alta
34079,Grijota,Palencia,palencia,2839,28.54,99.47,11.5,46.2,4.22,9.0,5.83,3.17,20.19,34.3,246.64,10.098,15725,286.11,1.8,0.7,0.7,3.5,1,0,5.26,5.26,1,0,1.06,5.66,1,18.32,0.89,6.77,34.3,Crecimiento
34129,Pino del Río,Palencia,palencia,162,51.92,3.12,37.0,545.5,1.84,1.37,25.38,-24.01,-4.71,-15.62,-42.76,-1.829,15497,1161.56,18.5,0.0,12.3,30.9,1,0,15.66,60.87,0,0,15.32,15.48,0,0,9.32,75.01,-15.62,Alta
34059,Cisneros,Palencia,palencia,426,63.19,6.74,41.5,421.4,3.02,3.65,29.47,-25.82,-1.16,-10.13,-29.0,-1.227,13002,1357.03,7.0,0.0,2.3,9.4,1,0,9.85,34.07,0,0,15.31,15.32,0,0,9.83,35.57,-10.13,Media
34240,Villerías de Campos,Palencia,palencia,71,22.02,3.22,29.7,2200.0,0.0,0.0,18.78,-18.78,-13.41,-24.47,-45.8,-1.598,16801,1391.61,,,,,1,0,12.15,18.72,0,0,7.68,16.93,0,0,11.68,28.41,-24.47,Alta
34146,Reinoso de Cerrato,Palencia,palencia,58,23.09,2.51,44.8,866.7,3.51,1.92,15.33,-13.41,7.41,7.41,-30.12,-1.474,16148,3749.9,0.0,17.2,17.2,34.5,1,0,9.52,11.7,0,0,3.53,9.62,0,0,3.72,12.91,7.41,Crecimiento
34096,Lomas,Palencia,palencia,40,17.05,2.35,50.0,0.0,0.0,0.0,8.33,-8.33,-18.37,-28.57,-35.48,-0.958,16801,2194.17,,,,,1,0,7.96,28.77,0,0,7.98,7.98,0,0,7.91,29.84,-28.57,Alta
34017,Astudillo,Palencia,palencia,1041,122.76,8.48,36.8,355.6,4.24,5.02,17.4,-12.38,3.48,3.89,-19.11,-0.924,15959,1010.6,8.6,1.9,9.6,20.1,1,0,13.9,25.88,1,0,3.32,24.73,1,47.07,3.53,25.68,3.89,Crecimiento
34051,Castrillo de Onielo,Palencia,palencia,91,40.21,2.26,36.3,471.4,0.0,0.0,19.54,-19.54,-7.14,-20.18,-49.16,-1.809,16148,1980.71,,,,,1,0,14.76,23.36,0,0,9.16,16.79,0,0,8.93,24.76,-20.18,Alta
34032,Berzosilla,Palencia,palencia,45,19.57,2.3,37.8,425.0,6.38,2.47,2.47,0.0,7.14,-4.26,-38.36,-1.746,,2583.82,0.0,0.0,22.2,22.2,1,0,27.44,55.07,0,0,19.38,20.64,0,0,19.24,96.77,-4.26,Leve
34052,Castrillo de Villavega,Palencia,palencia,167,33.89,4.93,46.7,1114.3,0.0,2.0,11.98,-9.98,-4.57,-14.8,-41.4,-1.628,14311,1318.59,18.0,0.0,0.0,18.0,1,0,10.64,49.14,0,0,10.64,16.42,0,0,10.81,50.04,-14.8,Media
34134,Polentinos,Palencia,palencia,41,14.85,2.76,36.6,375.0,0.0,5.42,40.65,-35.23,0.0,-25.45,-54.95,-2.221,,1642.73,0.0,0.0,48.8,48.8,1,0,9.33,91.59,0,0,9.2,9.29,0,0,4.91,103.76,-25.45,Alta
34103,Mazuecos de Valdeginate,Palencia,palencia,78,18.53,4.21,47.4,3700.0,0.0,1.42,21.37,-19.94,-17.89,-20.41,-43.48,-1.427,16801,1899.95,,,,,1,0,12.76,29.51,0,0,10.26,11.81,0,0,11.69,31.01,-20.41,Alta
34182,Torquemada,Palencia,palencia,964,83.5,11.54,26.4,151.8,10.03,6.69,13.83,-7.15,1.05,-5.95,-18.03,-0.801,12760,1286.23,11.4,3.1,7.2,22.8,0,0,1.94,19.08,1,0,2.22,19.19,1,24.9,1.87,19.62,-5.95,Media
34099,Manquillos,Palencia,palencia,62,12.58,4.93,29.0,600.0,5.17,7.17,10.75,-3.58,1.64,-19.48,-12.68,-0.522,16801,1853.92,,,,,1,0,10.41,21.68,0,0,12.07,12.53,0,0,12.36,22.81,-19.48,Alta
34163,San Mamés de Campos,Palencia,palencia,44,15.51,2.84,52.3,575.0,0.0,7.58,7.58,0.0,-6.38,-16.98,-60.71,-2.286,16801,1457.29,22.7,0.0,0.0,22.7,1,0,5.25,38.23,0,0,4.94,4.99,0,0,4.97,39.27,-16.98,Alta
34070,Espinosa de Cerrato,Palencia,palencia,119,45.21,2.63,50.4,1500.0,5.69,2.8,36.41,-33.61,-11.19,-32.77,-56.57,-2.167,12836,1493.63,8.4,0.0,0.0,8.4,1,0,18.22,38.49,0,0,12.47,18.78,0,0,13.37,47.46,-32.77,Alta
34124,Payo de Ojeda,Palencia,palencia,59,19.25,3.06,33.9,222.2,1.75,1.88,15.07,-13.18,-4.84,-6.35,-39.18,-1.558,15035,1496.42,,,,,1,0,8.61,78.0,0,0,13.91,14.76,0,0,14.78,80.51,-6.35,Media
34074,Frómista,Palencia,palencia,727,46.52,15.63,33.5,279.3,3.61,5.5,23.38,-17.88,-7.27,-11.56,-25.82,-0.943,14938,1036.06,4.1,9.7,24.8,44.1,0,0,0.65,30.13,1,0,0.64,17.17,0,0,12.78,30.71,-11.56,Media
34033,Boada de Campos,Palencia,palencia,17,14.5,1.17,41.2,0.0,0.0,6.54,13.07,-6.54,0.0,-5.56,-29.17,-1.102,16801,3099.06,,,,,1,0,7.43,21.07,0,0,7.3,17.77,0,0,6.97,29.49,-5.56,Media
34199,Velilla del Río Carrión,Palencia,palencia,1104,198.6,5.56,36.0,405.1,0.62,4.33,19.02,-14.69,-10.24,-21.48,-39.27,-1.428,15819,437.56,15.4,11.8,24.5,51.6,1,0,17.7,76.11,1,0,14.27,17.4,0,0,17.56,104.51,-21.48,Alta
34127,Perales,Palencia,palencia,112,27.94,4.01,49.1,1100.0,0.84,1.98,32.74,-30.75,21.74,0.9,-3.45,-0.761,16801,1883.64,,,,,1,0,6.86,20.33,0,0,8.97,8.95,0,0,8.77,21.6,0.9,Crecimiento
34023,Venta de Baños,Palencia,palencia,6372,14.23,447.79,24.0,131.1,6.64,7.66,11.67,-4.01,-0.45,-0.93,2.97,0.14,13946,258.5,6.0,1.1,0.6,8.0,0,0,1.51,8.7,1,1,1.59,1.59,1,29.5,2.17,10.16,-0.93,Leve
34018,Autilla del Pino,Palencia,palencia,223,34.53,6.46,30.1,357.9,1.82,1.49,19.43,-17.94,3.72,-3.88,-10.44,-0.47,18123,536.53,13.3,0.0,4.4,17.7,1,0,4.88,4.88,0,0,8.42,8.57,1,107.62,0.93,9.03,-3.88,Leve
34011,Amusco,Palencia,palencia,417,78.73,5.3,31.3,363.9,1.22,3.73,17.85,-14.12,-0.24,-5.23,-25.4,-1.096,15724,763.66,7.2,2.4,9.6,19.1,1,0,11.56,15.98,0,0,7.65,14.85,0,0,8.48,15.98,-5.23,Media
34131,Población de Arroyo,Palencia,palencia,44,22.83,1.93,61.4,0.0,2.38,2.53,37.88,-35.35,-20.0,-29.03,-52.17,-2.02,16801,1471.38,22.7,0.0,0.0,22.7,1,0,10.36,44.12,0,0,13.59,13.96,0,0,10.98,45.61,-29.03,Alta
34160,San Cebrián de Mudá,Palencia,palencia,142,40.94,3.47,33.1,247.4,0.67,3.91,10.95,-7.04,-7.79,-11.25,-32.38,-1.045,14439,661.75,7.0,0.0,14.1,21.1,1,0,8.89,84.77,0,0,9.02,8.88,0,0,8.87,100.88,-11.25,Media
34139,Prádanos de Ojeda,Palencia,palencia,181,21.28,8.51,23.9,134.4,9.39,8.59,16.57,-7.98,-2.69,-8.12,-28.17,-1.102,12720,680.62,11.1,5.6,5.6,22.2,1,0,5.82,64.54,0,0,5.91,6.08,0,0,5.96,69.97,-8.12,Media
34110,Mudá,Palencia,palencia,81,6.79,11.93,33.3,385.7,2.5,4.12,12.35,-8.23,-3.57,-13.83,-37.21,-1.377,,1170.45,12.3,0.0,24.7,37.0,1,0,7.67,81.92,0,0,7.85,7.68,0,0,7.67,97.19,-13.83,Media
34221,Villamediana,Palencia,palencia,177,58.04,3.05,35.0,269.6,0.0,8.79,18.83,-10.04,0.57,-4.32,-25.0,-1.115,16257,1279.28,5.6,0.0,0.0,5.6,1,0,5.28,12.99,0,0,5.19,12.87,0,0,1.96,13.21,-4.32,Leve
34106,Meneses de Campos,Palencia,palencia,109,28.17,3.87,39.4,1075.0,3.96,1.02,17.33,-16.31,-9.92,-9.92,-30.13,-1.291,19354,1008.26,18.3,0.0,0.0,18.3,1,0,10.73,23.57,0,0,10.69,13.08,0,0,10.37,33.0,-9.92,Media
34225,Villamuriel de Cerrato,Palencia,palencia,6501,39.96,162.69,17.8,84.1,5.61,7.5,5.88,1.62,0.49,2.06,37.33,1.802,13957,329.09,3.8,0.9,0.2,4.9,0,0,0.67,4.69,1,1,0.61,0.56,0,0,4.09,6.08,2.06,Crecimiento
34041,Calahorra de Boedo,Palencia,palencia,82,17.96,4.57,47.6,354.5,1.2,5.42,33.88,-28.46,-5.75,-12.77,-40.15,-1.553,15035,2226.63,,,,,1,0,4.88,60.5,0,0,4.97,4.99,0,0,4.94,63.49,-12.77,Media
34069,Dueñas,Palencia,palencia,2605,124.16,20.98,27.2,176.4,6.73,7.25,13.09,-5.84,-0.72,-4.96,-11.66,-0.61,14058,368.3,8.8,3.1,1.5,13.4,1,0,8.59,10.11,1,0,1.56,8.32,1,19.58,1.75,15.76,-4.96,Leve
34089,Itero de la Vega,Palencia,palencia,147,20.9,7.03,44.9,733.3,0.69,2.27,18.9,-16.63,-4.55,-17.88,-39.51,-1.541,16706,1010.25,6.8,13.6,27.2,47.6,1,0,11.5,37.91,0,0,10.53,13.06,0,0,10.23,38.08,-17.88,Alta
34155,Ribas de Campos,Palencia,palencia,150,15.46,9.7,31.5,470.0,14.65,4.44,17.04,-12.59,7.14,-9.64,-23.86,-1.173,15772,966.76,20.1,0.0,0.0,20.1,1,0,13.72,14.93,0,0,4.16,14.18,0,0,10.98,15.81,-9.64,Media
34243,Villoldo,Palencia,palencia,333,40.54,8.21,40.1,515.4,5.01,4.34,21.02,-16.68,-2.92,-8.52,-32.86,-1.298,15367,1213.4,18.0,3.0,6.0,26.9,1,0,8.5,27.64,0,0,8.67,8.66,0,0,8.6,28.86,-8.52,Media
34214,Villalba de Guardo,Palencia,palencia,194,33.79,5.74,39.2,760.0,0.0,2.29,10.88,-8.59,5.43,-4.9,-21.77,-0.852,19132,1025.51,5.2,5.2,5.2,15.5,1,0,7.69,61.1,0,0,7.51,7.89,0,0,7.77,83.29,-4.9,Leve
34022,Baltanás,Palencia,palencia,1226,158.61,7.73,33.2,251.2,5.36,6.25,17.94,-11.69,1.66,-3.69,-21.46,-0.949,13361,1380.6,9.0,3.3,6.5,19.6,0,0,12.92,39.47,1,0,15.59,26.59,1,31.0,6.27,40.52,-3.69,Leve
34196,Valle de Cerrato,Palencia,palencia,77,38.9,1.98,41.6,0.0,0.0,1.44,25.97,-24.53,-9.41,-19.79,-40.77,-1.473,16148,1181.4,,,,,1,0,11.45,17.17,0,0,6.87,11.14,0,0,7.05,18.56,-19.79,Alta
34083,Herrera de Pisuerga,Palencia,palencia,1875,98.91,18.96,32.8,224.5,6.12,5.21,18.55,-13.33,-2.04,-12.05,-28.63,-1.181,13471,920.19,5.9,2.7,3.2,12.3,0,0,6.36,51.3,1,1,10.54,10.39,1,40.0,10.38,58.93,-12.05,Media
34029,Becerril de Campos,Palencia,palencia,737,78.84,9.35,32.9,285.9,1.98,5.58,20.2,-14.62,-0.67,-9.24,-32.69,-1.394,14571,1566.5,6.8,2.7,9.5,19.0,1,0,7.11,17.49,1,0,8.17,8.53,1,52.92,7.4,18.76,-9.24,Media
34169,Santervás de la Vega,Palencia,palencia,392,70.56,5.56,39.6,378.0,8.46,5.95,19.84,-13.89,-10.71,-18.16,-28.73,-1.055,14408,1057.94,7.7,0.0,7.7,15.3,1,0,8.23,58.87,1,0,3.33,7.87,0,0,8.6,60.83,-18.16,Alta
34114,Olmos de Ojeda,Palencia,palencia,166,103.42,1.61,50.9,4200.0,4.12,0.0,29.45,-29.45,-14.43,-22.07,-51.32,-1.965,13859,595.11,0.0,6.1,18.2,24.2,1,0,10.54,72.95,0,0,11.8,14.53,0,0,14.41,74.14,-22.07,Alta
34178,Tabanera de Cerrato,Palencia,palencia,133,46.27,2.87,28.0,231.2,7.25,5.85,15.04,-9.19,0.0,5.56,-26.11,-0.82,13023,1560.34,0.0,0.0,7.6,7.6,1,0,5.6,34.06,0,0,14.33,29.04,0,0,6.99,34.82,5.56,Crecimiento
34154,Revilla de Collazos,Palencia,palencia,75,20.52,3.65,42.7,800.0,0.0,1.48,22.22,-20.74,0.0,-12.79,-12.79,-0.436,15035,1251.29,,,,,1,0,15.21,68.96,0,0,8.05,15.47,0,0,15.35,69.94,-12.79,Media
34202,Villabasta de Valdavia,Palencia,palencia,33,11.18,2.95,43.8,0.0,15.62,0.0,3.37,-3.37,3.12,6.45,-17.5,-0.906,14997,1561.89,,,,,1,0,10.69,60.48,0,0,8.88,11.02,0,0,10.14,61.62,6.45,Crecimiento
34246,Villovieco,Palencia,palencia,62,23.49,2.64,46.8,580.0,4.84,0.0,26.88,-26.88,-16.22,-11.43,-50.0,-1.852,16801,2428.34,16.1,0.0,0.0,16.1,1,0,6.77,33.6,0,0,6.73,11.54,0,0,11.47,34.4,-11.43,Media
34098,Magaz de Pisuerga,Palencia,palencia,1065,27.8,38.31,17.2,104.6,8.41,7.51,6.57,0.94,4.93,9.23,46.69,1.836,14182,997.59,6.6,1.9,2.8,12.2,1,0,5.4,5.4,0,0,5.27,5.82,0,0,5.26,6.55,9.23,Crecimiento
34019,Autillo de Campos,Palencia,palencia,125,30.48,4.1,35.2,338.5,9.23,4.44,21.33,-16.89,-6.72,-14.38,-34.55,-1.448,15222,2251.78,8.0,0.0,16.0,24.0,1,0,7.18,24.17,0,0,5.58,14.62,0,0,7.19,28.08,-14.38,Media
34152,Revenga de Campos,Palencia,palencia,127,22.37,5.68,38.6,490.0,16.79,4.37,14.0,-9.62,-13.01,-21.6,-32.8,-0.999,14044,1266.61,0.0,0.0,0.0,7.9,1,0,8.51,27.64,0,0,8.5,11.23,0,0,11.15,28.56,-21.6,Alta
34047,Carrión de los Condes,Palencia,palencia,1997,63.27,31.56,30.4,208.2,9.1,4.56,21.64,-17.08,-1.87,-8.27,-17.65,-0.739,13304,989.18,11.5,4.0,9.0,25.6,0,0,2.14,37.31,1,1,2.24,2.28,1,87.63,2.01,38.52,-8.27,Media
34204,Villacidaler,Palencia,palencia,44,21.75,2.02,72.7,0.0,2.17,2.53,15.15,-12.63,-6.38,-8.33,-43.59,-1.781,16801,1660.57,,,,,1,0,3.66,41.71,0,0,14.76,14.86,0,0,4.05,43.83,-8.33,Media
34165,San Román de la Cuba,Palencia,palencia,53,18.2,2.91,43.4,0.0,1.89,0.0,29.35,-29.35,-13.11,-25.35,-55.46,-2.167,16801,1741.57,,,,,1,0,9.55,37.92,0,0,18.51,18.56,0,0,9.3,39.42,-25.35,Alta
34217,Villalobón,Palencia,palencia,1955,18.97,103.06,11.4,43.9,4.68,10.51,3.01,7.5,12.75,24.28,446.09,22.982,15354,392.37,3.1,0.5,0.0,3.6,1,0,4.71,4.75,1,0,2.03,4.46,0,0,4.39,4.72,24.28,Crecimiento
34060,Cobos de Cerrato,Palencia,palencia,129,46.44,2.78,38.0,490.0,0.78,5.17,17.23,-12.06,-6.52,-11.64,-47.13,-1.974,12685,1032.14,38.8,0.0,0.0,38.8,1,0,11.25,39.75,0,0,14.31,23.35,0,0,9.99,40.5,-11.64,Media
34168,Santa Cruz de Boedo,Palencia,palencia,51,25.47,2.0,49.0,1250.0,1.92,2.18,13.07,-10.89,4.08,-13.56,-21.54,-0.925,15035,1412.64,,,,,1,0,6.84,53.29,0,0,10.4,10.43,0,0,10.45,57.69,-13.56,Media
34061,Collazos de Boedo,Palencia,palencia,89,20.97,4.24,47.2,1050.0,6.06,0.0,32.46,-32.46,-10.1,-22.61,-43.31,-1.632,15035,1151.24,0.0,0.0,11.2,11.2,1,0,12.52,71.5,0,0,10.25,14.63,0,0,14.5,72.46,-22.61,Alta
34147,Renedo de la Vega,Palencia,palencia,193,22.21,8.69,32.5,233.3,2.08,1.73,21.88,-20.15,3.76,-4.93,-28.52,-1.202,14018,1063.7,15.5,0.0,5.2,20.6,1,0,9.2,48.9,0,0,3.96,9.36,0,0,9.68,50.19,-4.93,Leve
34230,Villarmentero de Campos,Palencia,palencia,26,7.67,3.39,46.2,400.0,14.29,0.0,4.27,-4.27,44.44,23.81,85.71,1.473,16801,1212.57,38.5,0.0,76.9,115.4,0,0,8.48,30.74,0,0,8.37,8.4,0,0,8.32,31.7,23.81,Crecimiento
34058,Cevico Navero,Palencia,palencia,175,43.99,3.98,46.9,1366.7,2.25,1.27,30.48,-29.21,-5.41,-10.71,-36.36,-1.422,15556,749.08,22.9,0.0,11.4,34.3,1,0,13.95,37.84,0,0,15.43,24.55,0,0,7.13,39.0,-10.71,Media
34177,Soto de Cerrato,Palencia,palencia,166,12.92,12.85,38.9,928.6,0.0,4.02,18.74,-14.73,-13.54,-14.87,-27.19,-0.833,14832,799.26,12.0,0.0,0.0,12.0,1,0,5.83,9.73,0,0,5.93,5.92,0,0,6.53,11.12,-14.87,Media
34024,Baquerín de Campos,Palencia,palencia,20,22.08,0.91,42.9,450.0,9.52,0.0,27.78,-27.78,-28.57,-45.95,-47.37,-0.729,16801,1926.8,,,,,1,0,12.86,14.02,0,0,6.94,15.01,0,0,11.17,19.42,-45.95,Alta
34049,Castrejón de la Peña,Palencia,palencia,322,106.22,3.03,42.9,600.0,0.31,1.38,22.08,-20.7,-6.4,-19.1,-48.23,-2.03,15058,904.07,12.4,3.1,34.2,49.7,1,0,9.17,82.93,0,0,9.04,9.17,0,0,9.19,90.01,-19.1,Alta
34027,Barruelo de Santullán,Palencia,palencia,1164,53.2,21.88,32.7,293.8,3.18,4.49,21.86,-17.37,-0.85,-8.71,-36.53,-1.447,14778,772.21,12.0,2.6,12.0,26.5,1,0,18.36,78.41,1,0,1.01,13.18,1,30.93,0.98,102.97,-8.71,Media
34108,Monzón de Campos,Palencia,palencia,608,45.84,13.26,26.4,185.1,4.96,8.04,14.25,-6.21,3.75,-2.41,-19.79,-0.883,13568,1119.03,8.2,3.3,3.3,14.8,1,0,9.78,13.19,1,0,7.48,12.03,0,0,5.21,12.98,-2.41,Leve
34158,Salinas de Pisuerga,Palencia,palencia,348,21.17,16.44,41.3,493.1,3.34,1.28,45.02,-43.74,9.43,-2.79,23.84,0.398,16867,828.75,5.8,8.7,23.1,37.6,1,0,10.73,80.12,0,0,6.89,10.75,0,0,6.94,98.05,-2.79,Leve
34223,Villamoronta,Palencia,palencia,236,13.27,17.78,32.8,272.4,13.11,2.82,16.01,-13.18,-2.07,-9.92,-28.7,-1.222,13912,896.26,12.4,0.0,0.0,12.4,1,0,10.69,44.75,0,0,0.26,10.75,0,0,10.49,46.05,-9.92,Media
34001,Abarca de Campos,Palencia,palencia,38,11.38,3.34,39.5,1500.0,5.26,2.92,5.85,-2.92,-15.56,-11.63,-24.0,-0.658,16801,2941.7,0.0,26.3,26.3,52.6,1,0,6.01,21.73,0,0,5.76,16.04,0,0,5.8,26.77,-11.63,Media
34189,Valdeolmillos,Palencia,palencia,56,20.56,2.72,43.9,833.3,5.0,0.0,53.57,-53.57,0.0,-18.84,-36.36,-1.441,16148,1394.21,,,,,1,0,8.76,9.84,0,0,6.67,9.38,1,607.14,1.95,9.87,-18.84,Alta
34006,Alba de Cerrato,Palencia,palencia,80,35.16,2.28,38.8,281.8,0.0,5.56,9.72,-4.17,-8.05,-4.76,-20.79,-0.912,16148,478.91,12.5,0.0,0.0,12.5,1,0,5.6,25.64,0,0,5.86,16.93,0,0,7.6,27.11,-4.76,Leve
34015,Arconada,Palencia,palencia,45,19.4,2.32,40.0,0.0,0.0,0.0,12.35,-12.35,12.5,2.27,-32.84,-1.311,16801,1983.34,,,,,1,0,9.33,36.68,0,0,9.05,9.09,0,0,9.05,37.57,2.27,Crecimiento
34087,Hornillos de Cerrato,Palencia,palencia,171,35.3,4.84,34.3,245.8,6.47,4.55,13.65,-9.1,19.58,24.82,31.54,0.844,14603,1671.26,5.8,0.0,0.0,5.8,1,0,6.48,21.37,0,0,6.08,20.83,0,0,6.43,22.19,24.82,Crecimiento
34084,Herrera de Valdecañas,Palencia,palencia,148,27.52,5.38,34.7,400.0,3.18,2.25,27.03,-24.77,-5.13,0.68,-27.09,-1.082,15322,1260.0,6.7,13.3,6.7,26.7,1,0,6.17,26.49,0,0,9.65,26.61,0,0,9.25,27.05,0.68,Crecimiento
34094,Ledigos,Palencia,palencia,59,28.26,2.09,42.4,833.3,3.23,3.77,32.02,-28.25,-10.61,-7.81,-43.81,-1.747,14997,2138.84,16.9,16.9,50.8,84.7,1,0,9.74,46.37,0,0,12.94,15.14,0,0,15.01,47.83,-7.81,Media
34141,Quintana del Puente,Palencia,palencia,248,11.5,21.57,22.7,95.1,21.65,8.96,14.78,-5.82,-12.06,-10.47,-3.12,0.167,13903,1269.53,11.8,15.7,23.5,51.0,1,0,11.15,28.2,0,0,11.77,28.15,0,0,11.21,28.5,-10.47,Media
34201,Vertavillo,Palencia,palencia,162,57.27,2.83,40.7,2200.0,4.82,0.0,19.89,-19.89,-7.95,-22.12,-28.95,-1.069,16443,956.2,0.0,0.0,6.2,6.2,1,0,10.12,26.7,0,0,10.17,18.92,0,0,10.02,28.15,-22.12,Alta
37346,"Veguillas, Las",Salamanca,salamanca,275,43.65,6.3,34.4,261.1,5.11,4.04,17.37,-13.33,-2.83,-4.51,-9.24,-0.371,12783,723.04,11.0,0.0,7.3,18.3,1,0,11.02,17.97,0,0,10.98,26.03,0,0,18.06,28.93,-4.51,Leve
37072,Calzada de Don Diego,Salamanca,salamanca,127,44.03,2.88,39.5,728.6,5.26,0.87,29.75,-28.87,-16.99,-31.35,-51.15,-1.849,11466,1265.34,15.5,0.0,0.0,15.5,1,0,9.77,11.87,0,0,3.78,20.9,0,0,15.19,21.99,-31.35,Alta
37079,Canillas de Abajo,Salamanca,salamanca,64,38.73,1.65,15.9,166.7,0.0,0.0,29.51,-29.51,-16.88,-8.57,-41.82,-1.537,16074,2113.56,,,,,1,0,6.43,16.14,0,0,6.64,23.07,0,0,20.13,26.92,-8.57,Media
37031,Arabayona de Mógica,Salamanca,salamanca,318,23.23,13.69,34.0,450.0,1.54,4.19,25.16,-20.96,-7.29,-19.7,-38.73,-1.514,15862,782.64,6.3,0.0,3.1,9.4,1,0,6.45,25.36,0,0,4.58,8.44,0,0,3.63,25.02,-19.7,Alta
37255,Pizarral,Salamanca,salamanca,70,16.65,4.2,19.4,260.0,17.19,0.0,23.81,-23.81,42.86,25.0,-30.0,-1.759,15363,2120.01,14.9,0.0,0.0,14.9,1,0,5.83,34.74,0,0,3.31,7.21,0,0,6.15,41.11,25.0,Crecimiento
37335,Valdelosa,Salamanca,salamanca,386,63.35,6.09,33.6,288.9,1.98,5.18,18.13,-12.95,-4.93,-14.98,-21.06,-0.985,14184,754.98,12.9,0.0,0.0,12.9,1,0,13.31,26.37,0,0,9.25,21.88,0,0,13.45,25.05,-14.98,Media
37050,Berrocal de Huebra,Salamanca,salamanca,75,38.65,1.94,50.7,950.0,0.0,1.48,8.89,-7.41,10.29,7.14,-38.52,-1.715,15992,1660.14,,,,,1,0,10.26,29.96,0,0,10.0,23.83,0,0,10.12,41.67,7.14,Crecimiento
37019,Aldearrodrigo,Salamanca,salamanca,143,8.4,17.02,41.3,983.3,1.33,3.11,14.76,-11.66,2.88,-7.74,-33.18,-1.307,17693,1677.55,0.0,7.0,0.0,7.0,1,0,9.3,19.71,0,0,9.46,16.08,0,0,9.43,18.53,-7.74,Media
37264,Puerto Seguro,Salamanca,salamanca,52,29.34,1.77,50.0,1300.0,1.82,2.14,34.19,-32.05,-11.86,-21.21,-51.4,-1.962,12371,2034.55,19.2,0.0,0.0,19.2,1,0,13.11,84.16,0,0,9.94,13.48,0,0,5.91,93.93,-21.21,Alta
37028,Almendra,Salamanca,salamanca,129,39.02,3.31,48.8,900.0,2.27,0.86,35.31,-34.45,-9.15,-25.0,-34.18,-1.466,13683,1573.07,,,,,1,0,22.09,58.13,0,0,10.29,24.01,0,0,8.04,62.28,-25.0,Alta
37278,San Cristóbal de la Cuesta,Salamanca,salamanca,1169,9.91,117.96,12.0,62.1,4.97,5.89,3.52,2.38,13.39,14.95,197.46,9.573,14367,269.63,1.7,0.0,0.9,2.6,1,0,5.38,8.21,0,0,1.94,6.32,0,0,2.57,7.13,14.95,Crecimiento
37337,Valderrodrigo,Salamanca,salamanca,129,22.32,5.78,36.5,2300.0,0.0,1.72,16.37,-14.64,-10.42,-15.69,-32.46,-1.202,15515,1040.05,0.0,0.0,7.9,7.9,1,0,10.07,64.54,0,0,9.6,9.59,0,0,9.61,71.31,-15.69,Alta
37324,Tordillos,Salamanca,salamanca,306,25.05,12.22,51.0,1427.3,0.95,1.82,25.42,-23.6,-10.0,-22.53,-46.22,-1.814,14586,675.47,6.5,0.0,0.0,6.5,1,0,13.38,29.26,0,0,6.69,13.4,0,0,6.24,30.03,-22.53,Alta
37170,Ledesma,Salamanca,salamanca,1480,141.03,10.49,31.1,248.4,7.37,5.71,16.67,-10.96,-4.33,-16.76,-24.26,-0.898,13340,487.17,10.1,4.0,8.7,22.9,0,0,8.84,35.64,1,1,2.5,8.95,1,73.65,2.63,36.54,-16.76,Alta
37088,Carrascal del Obispo,Salamanca,salamanca,185,40.92,4.52,38.3,720.0,2.66,0.6,16.22,-15.62,-10.19,-17.78,-27.45,-0.94,13420,1151.58,5.3,0.0,5.3,10.6,1,0,11.07,27.9,0,0,10.79,16.1,0,0,15.04,39.45,-17.78,Alta
37182,Martinamor,Salamanca,salamanca,91,24.01,3.79,14.3,162.5,3.61,3.66,7.33,-3.66,15.19,-6.19,10.98,0.24,15363,1404.68,22.0,22.0,54.9,98.9,1,0,6.63,19.98,0,0,6.6,7.04,0,0,5.81,21.5,-6.19,Media
37107,Ciudad Rodrigo,Salamanca,salamanca,11750,239.69,49.02,31.9,217.9,4.15,5.58,14.21,-8.63,-4.17,-9.98,-19.28,-0.769,12815,206.64,8.9,4.8,9.3,23.9,0,0,14.45,72.88,1,1,2.94,3.02,1,52.17,2.56,84.24,-9.98,Media
37037,"Atalaya, La",Salamanca,salamanca,102,24.1,4.23,44.1,500.0,0.0,2.18,29.41,-27.23,-5.56,-14.29,-35.44,-1.38,13225,1123.5,19.6,0.0,9.8,29.4,1,0,18.09,69.8,0,0,14.15,14.23,0,0,13.72,81.57,-14.29,Media
37117,Doñinos de Salamanca,Salamanca,salamanca,2273,14.04,161.89,12.1,46.7,1.78,9.19,4.3,4.89,4.65,16.44,213.09,10.283,14258,241.73,1.3,1.3,0.4,3.1,1,0,5.91,5.91,1,0,0.87,6.95,1,29.48,1.06,7.68,16.44,Crecimiento
37196,Monforte de la Sierra,Salamanca,salamanca,50,4.36,11.47,60.0,0.0,1.85,0.0,26.67,-26.67,-23.08,-43.82,-55.75,-2.26,14142,2826.22,20.0,0.0,20.0,40.0,1,0,5.72,53.52,0,0,4.2,4.38,0,0,4.35,64.68,-43.82,Alta
37277,Salvatierra de Tormes,Salamanca,salamanca,66,34.63,1.91,47.0,1033.3,6.85,3.37,23.57,-20.2,-10.81,4.76,6.45,0.739,15363,2376.37,15.2,0.0,30.3,45.5,1,0,8.62,39.22,0,0,5.27,9.47,0,0,8.57,44.13,4.76,Crecimiento
37242,Pelayos,Salamanca,salamanca,72,44.35,1.62,55.6,2000.0,1.39,1.54,20.06,-18.52,-11.11,-31.43,-6.49,-0.442,15363,2060.8,0.0,0.0,13.9,13.9,1,0,14.35,32.76,0,0,5.94,15.6,0,0,2.01,36.6,-31.43,Alta
37266,"Redonda, La",Salamanca,salamanca,61,16.46,3.71,32.8,500.0,3.08,3.64,29.14,-25.5,-14.08,-35.11,-46.49,-1.617,14270,2413.23,,,,,1,0,3.22,80.98,0,0,3.45,3.57,0,0,3.06,89.99,-35.11,Alta
37103,Cespedosa de Tormes,Salamanca,salamanca,480,46.24,10.38,30.9,193.4,6.61,6.02,19.91,-13.89,-1.64,-10.11,-26.15,-1.002,12833,798.49,12.6,0.0,2.1,14.7,1,0,8.73,44.11,1,0,0.94,8.84,0,0,8.47,49.26,-10.11,Media
37071,"Calzada de Béjar, La",Salamanca,salamanca,80,9.45,8.47,40.0,320.0,2.35,5.56,25.0,-19.44,-12.09,-11.11,-24.53,-0.652,14142,1573.17,0.0,0.0,125.0,125.0,1,0,6.32,55.67,0,0,4.54,4.8,0,0,4.73,64.73,-11.11,Media
37248,Peralejos de Abajo,Salamanca,salamanca,162,19.66,8.24,31.5,311.8,12.87,0.0,12.35,-12.35,-0.61,-4.14,-17.77,-0.735,13638,799.02,6.0,0.0,11.9,23.8,1,0,6.38,50.52,0,0,6.24,5.92,0,0,6.11,58.05,-4.14,Leve
37191,"Milano, El",Salamanca,salamanca,88,22.63,3.89,51.1,750.0,0.0,3.79,30.3,-26.52,-12.87,-20.72,-50.56,-1.964,14270,1321.42,0.0,11.4,0.0,11.4,1,0,13.33,72.47,0,0,6.31,17.24,0,0,9.84,79.04,-20.72,Alta
37110,Cordovilla,Salamanca,salamanca,105,15.82,6.64,38.1,571.4,1.85,3.17,25.4,-22.22,-6.25,-20.45,-27.59,-0.933,13006,1626.04,,,,,1,0,6.75,21.75,0,0,4.53,4.61,0,0,7.92,22.12,-20.45,Alta
37241,Pelarrodríguez,Salamanca,salamanca,161,14.62,11.01,36.6,737.5,0.0,0.69,19.32,-18.63,-6.4,-6.94,-22.22,-0.864,14360,1238.27,12.4,0.0,0.0,12.4,1,0,6.3,37.42,0,0,6.34,6.36,0,0,6.2,47.85,-6.94,Media
37080,Cantagallo,Salamanca,salamanca,281,7.5,37.47,25.9,146.0,0.36,5.14,11.86,-6.72,6.04,4.07,-2.43,-0.153,12289,1037.19,3.5,0.0,10.6,14.2,1,0,5.54,59.68,0,0,3.16,4.09,0,0,3.03,68.63,4.07,Crecimiento
37058,Brincones,Salamanca,salamanca,56,14.88,3.76,50.0,2800.0,5.08,0.0,17.86,-17.86,1.82,-6.67,-48.15,-1.959,14270,1471.13,,,,,1,0,14.31,53.19,0,0,13.07,13.23,0,0,9.26,58.67,-6.67,Media
37382,Zorita de la Frontera,Salamanca,salamanca,140,32.09,4.36,53.2,3700.0,0.67,0.0,33.33,-33.33,-12.5,-27.84,-49.64,-1.944,13578,1181.93,14.4,0.0,0.0,14.4,1,0,12.78,39.21,0,0,11.17,12.36,1,57.14,0.7,39.18,-27.84,Alta
37303,"Sahugo, El",Salamanca,salamanca,178,58.9,3.02,50.6,692.3,0.0,1.25,23.1,-21.85,-2.73,-5.32,-35.51,-1.498,12927,1352.16,0.0,5.6,0.0,16.9,1,0,6.16,85.23,0,0,6.14,20.49,1,146.07,0.42,97.01,-5.32,Media
37156,Guijuelo,Salamanca,salamanca,5427,63.16,85.92,18.4,98.3,11.18,7.72,9.03,-1.31,-3.37,-4.34,6.79,0.379,13971,247.4,6.7,3.1,0.5,11.7,0,0,2.07,41.78,1,1,1.52,0.9,1,14.0,1.67,48.72,-4.34,Leve
37165,Iruelos,Salamanca,salamanca,29,12.91,2.25,33.3,333.3,3.23,3.83,26.82,-22.99,-12.12,-25.64,-55.38,-2.065,14270,2770.97,,,,,1,0,18.13,53.79,0,0,10.04,17.04,0,0,5.84,58.54,-25.64,Alta
37009,Alba de Yeltes,Salamanca,salamanca,205,22.33,9.18,47.1,960.0,2.96,2.71,20.6,-17.89,-4.21,-14.58,-27.82,-1.085,13732,828.72,4.9,0.0,0.0,9.8,1,0,5.23,53.7,0,0,6.55,15.39,0,0,12.09,65.22,-14.58,Media
37039,Bañobárez,Salamanca,salamanca,277,50.43,5.49,39.4,495.5,4.32,2.01,19.66,-17.65,-4.81,-12.62,-35.43,-1.354,11939,817.12,7.2,0.0,3.6,10.8,1,0,20.96,72.72,0,0,10.57,19.47,0,0,12.18,83.17,-12.62,Media
37331,Valdefuentes de Sangusín,Salamanca,salamanca,182,34.52,5.27,49.7,700.0,1.06,2.44,25.03,-22.59,-3.7,-21.21,-45.02,-1.786,13580,1052.12,16.4,0.0,16.4,32.8,1,0,10.83,49.18,0,0,8.38,9.86,0,0,8.0,58.37,-21.21,Alta
37252,Pinedas,Salamanca,salamanca,88,14.58,6.04,60.2,2650.0,0.0,1.26,26.52,-25.25,-16.19,-21.43,-53.19,-1.985,14142,2562.77,11.4,0.0,11.4,22.7,1,0,4.42,53.76,0,0,4.34,13.04,0,0,8.45,64.25,-21.43,Alta
37360,Villar de Peralonso,Salamanca,salamanca,212,31.62,6.7,35.7,400.0,3.41,4.72,18.87,-14.15,-2.3,-18.15,-38.37,-1.669,12998,667.64,4.7,4.7,4.7,14.1,1,0,16.98,40.96,0,0,10.33,16.43,0,0,15.41,47.78,-18.15,Alta
37362,Villares de la Reina,Salamanca,salamanca,6784,21.77,311.62,12.9,55.2,3.97,8.25,3.77,4.49,6.52,9.63,133.85,8.828,14325,179.76,2.9,4.4,1.0,8.8,0,0,3.62,4.45,1,0,2.54,2.54,1,33.02,2.21,3.47,9.63,Crecimiento
37292,San Pelayo de Guareña,Salamanca,salamanca,86,27.65,3.11,31.0,385.7,1.09,1.29,6.46,-5.17,-5.49,-10.42,-18.87,-0.816,16354,2072.5,11.5,0.0,23.0,34.5,1,0,12.05,25.56,0,0,11.26,12.23,0,0,11.21,24.48,-10.42,Media
37057,Bóveda del Río Almar,Salamanca,salamanca,186,22.98,8.09,35.8,335.0,2.03,3.58,25.69,-22.1,-17.33,-23.14,-40.95,-1.405,11723,818.78,0.0,0.0,5.3,5.3,1,0,4.36,39.18,0,0,4.36,4.7,0,0,4.89,39.75,-23.14,Alta
37063,"Cabeza de Béjar, La",Salamanca,salamanca,55,13.89,3.96,38.2,1050.0,0.0,6.06,34.34,-28.28,-8.33,-32.93,-50.0,-1.823,14142,1713.37,18.2,0.0,18.2,36.4,1,0,6.84,46.56,0,0,4.21,5.59,0,0,6.44,53.43,-32.93,Alta
37345,Vega de Tirados,Salamanca,salamanca,139,28.07,4.95,43.3,508.3,3.42,3.2,23.18,-19.98,-18.24,-23.2,-36.82,-1.364,17491,1630.67,21.3,7.1,35.5,63.8,1,0,11.29,16.53,0,0,10.41,11.3,0,0,11.0,19.6,-23.2,Alta
37154,Guadramiro,Salamanca,salamanca,120,31.44,3.82,42.5,364.3,0.0,7.41,38.89,-31.48,-12.41,-21.05,-46.19,-1.668,15971,1205.89,,,,,1,0,5.49,62.06,0,0,5.52,5.93,0,0,5.52,69.84,-21.05,Alta
37179,Mancera de Abajo,Salamanca,salamanca,192,23.44,8.19,47.9,920.0,1.52,2.31,26.04,-23.73,-6.34,-16.52,-47.11,-1.833,14403,833.64,10.4,0.0,5.2,15.6,1,0,6.84,42.71,0,0,6.73,7.28,0,0,7.6,43.35,-16.52,Alta
37365,Villarmayor,Salamanca,salamanca,139,39.0,3.56,38.1,588.9,3.25,7.99,23.18,-15.19,-21.91,-30.5,-39.57,-1.153,13997,1379.97,0.0,14.4,14.4,43.2,1,0,5.9,22.32,0,0,5.83,5.81,0,0,5.77,26.62,-30.5,Alta
37313,Sotoserrano,Salamanca,salamanca,498,57.62,8.64,40.5,780.8,1.17,2.45,20.53,-18.07,-10.59,-17.82,-32.43,-1.184,12501,634.62,6.0,10.0,39.9,55.9,1,0,10.67,61.41,1,0,4.45,11.68,0,0,11.59,72.22,-17.82,Alta
37216,Navales,Salamanca,salamanca,312,17.15,18.19,41.2,416.1,0.0,2.49,11.4,-8.9,-1.58,-8.5,-20.41,-0.834,12164,869.76,6.4,0.0,0.0,6.4,1,0,5.84,26.62,0,0,4.46,6.28,1,38.46,1.24,27.95,-8.5,Media
37297,Santibáñez de Béjar,Salamanca,salamanca,448,29.76,15.05,29.3,284.8,5.63,2.48,17.36,-14.88,-1.75,-8.2,-32.83,-1.378,13163,566.92,8.9,0.0,2.2,11.2,1,0,9.58,48.38,1,0,1.56,8.83,0,0,9.17,54.28,-8.2,Media
37260,Puebla de Yeltes,Salamanca,salamanca,136,37.28,3.65,43.7,421.4,0.7,4.08,26.14,-22.06,-8.11,-11.11,-46.03,-1.778,12316,1306.11,7.4,0.0,0.0,7.4,1,0,8.19,47.86,0,0,5.31,15.07,0,0,8.33,59.65,-11.11,Media
37283,Sando,Salamanca,salamanca,111,60.51,1.83,37.3,820.0,5.31,1.0,25.03,-24.02,-10.48,-18.38,-36.93,-1.569,15577,1342.21,9.1,9.1,9.1,27.3,1,0,17.21,28.75,0,0,8.9,17.02,0,0,17.38,37.08,-18.38,Alta
37202,Monterrubio de Armuña,Salamanca,salamanca,1321,10.95,120.64,13.1,59.6,1.57,4.71,2.36,2.36,-0.38,-0.23,142.39,11.395,15293,262.37,0.8,1.5,1.5,3.8,1,0,3.3,7.76,1,0,1.62,5.4,0,0,3.8,6.44,-0.23,Leve
37338,Valdunciel,Salamanca,salamanca,125,33.18,3.77,25.8,145.5,1.83,0.89,1.78,-0.89,31.58,34.41,5.93,-0.386,15200,1237.94,,,,,1,0,3.3,13.14,0,0,3.18,10.23,0,0,3.2,11.78,34.41,Crecimiento
37172,Linares de Riofrío,Salamanca,salamanca,924,27.86,33.17,34.8,378.8,2.71,4.57,17.08,-12.51,-2.12,-6.0,-12.25,-0.439,14618,507.26,13.0,4.3,10.8,30.2,0,0,0.0,38.28,0,0,4.66,19.44,0,0,5.1,48.91,-6.0,Media
37001,Abusejo,Salamanca,salamanca,148,23.07,6.42,49.3,912.5,2.11,2.25,24.77,-22.52,-15.43,-30.52,-42.19,-1.632,13596,619.5,13.5,0.0,0.0,13.5,1,0,6.88,37.24,0,0,6.79,13.95,0,0,6.85,48.96,-30.52,Alta
37232,Paradinas de San Juan,Salamanca,salamanca,380,35.58,10.68,40.9,780.0,0.78,1.75,17.25,-15.5,-0.78,-9.74,-41.72,-1.75,13570,562.78,7.9,0.0,0.0,7.9,1,0,8.2,38.81,0,0,7.01,7.86,0,0,5.65,42.17,-9.74,Media
37049,Bermellar,Salamanca,salamanca,129,28.42,4.54,48.1,900.0,3.05,1.72,23.26,-21.53,4.03,-12.84,-41.89,-1.788,17158,1177.86,0.0,7.6,30.5,38.2,1,0,9.17,75.08,0,0,7.62,8.82,0,0,9.01,83.04,-12.84,Media
37367,Villasbuenas,Salamanca,salamanca,158,39.46,4.0,57.0,1800.0,0.61,0.7,26.02,-25.32,-13.66,-24.4,-49.36,-1.891,14352,1290.14,6.3,0.0,0.0,6.3,1,0,13.09,69.68,0,0,7.82,13.31,0,0,13.06,77.22,-24.4,Alta
37017,Aldeanueva de Figueroa,Salamanca,salamanca,238,55.56,4.28,39.2,845.5,9.09,1.4,23.34,-21.94,-4.8,-18.21,-30.61,-1.167,14169,823.4,8.4,0.0,0.0,12.7,1,0,8.41,24.46,0,0,8.11,8.05,0,0,8.55,23.31,-18.21,Alta
37108,Coca de Alba,Salamanca,salamanca,96,10.45,9.19,46.9,500.0,4.21,4.63,16.2,-11.57,-7.69,-8.57,-39.24,-1.482,15363,1718.32,10.4,0.0,20.8,31.2,1,0,12.77,27.91,0,0,6.45,12.49,0,0,6.49,28.58,-8.57,Media
37096,Castillejo de Martín Viejo,Salamanca,salamanca,193,155.55,1.24,43.1,500.0,0.49,2.88,26.48,-23.6,-8.53,-18.91,-42.73,-1.719,12990,1249.53,5.1,0.0,5.1,10.2,1,0,20.07,72.83,0,0,10.69,17.12,0,0,14.38,83.44,-18.91,Alta
37189,Membribe de la Sierra,Salamanca,salamanca,101,46.47,2.17,43.6,1100.0,0.0,0.0,7.7,-7.7,-9.82,-27.34,16.09,0.316,16112,1084.15,,,,,1,0,17.77,22.36,0,0,16.41,20.22,0,0,14.31,31.83,-27.34,Alta
37176,Madroñal,Salamanca,salamanca,128,1.6,80.0,43.0,916.7,2.22,2.6,18.23,-15.62,-9.86,-19.5,-29.67,-0.971,13781,1098.47,7.8,0.0,39.1,46.9,1,0,6.25,55.34,0,0,3.9,5.41,0,0,5.35,66.43,-19.5,Alta
37155,Guijo de Ávila,Salamanca,salamanca,81,13.45,6.02,28.0,287.5,2.53,2.74,16.46,-13.72,8.0,-6.9,-29.57,-1.462,15363,1746.02,12.2,12.2,48.8,73.2,1,0,4.91,44.29,0,0,4.41,4.11,0,0,4.48,50.76,-6.9,Media
37312,Sorihuela,Salamanca,salamanca,255,20.48,12.45,34.4,400.0,3.89,3.05,19.17,-16.12,0.79,-5.56,-30.33,-1.432,14178,861.85,11.7,3.9,11.7,27.3,1,0,10.33,51.63,0,0,6.15,10.77,0,0,4.93,58.77,-5.56,Media
37171,Ledrada,Salamanca,salamanca,476,16.93,28.12,31.0,242.6,7.33,1.63,13.54,-11.9,-0.21,-6.11,-21.45,-0.987,15306,687.85,6.3,4.2,0.0,12.6,1,0,10.29,48.36,1,0,2.64,8.94,1,44.12,0.84,56.22,-6.11,Media
37190,Mieza,Salamanca,salamanca,170,34.77,4.89,63.5,5400.0,0.0,0.0,43.79,-43.79,-14.14,-25.11,-51.98,-2.082,15390,866.64,0.0,0.0,23.5,23.5,1,0,10.45,82.37,0,0,8.91,25.38,1,94.12,0.86,88.36,-25.11,Alta
37317,Tarazona de Guareña,Salamanca,salamanca,261,29.22,8.93,45.6,1190.0,0.0,0.85,18.31,-17.45,-13.58,-21.86,-39.86,-1.471,12060,634.64,7.7,0.0,0.0,7.7,1,0,6.53,40.89,0,0,8.31,20.4,0,0,8.95,40.25,-21.86,Alta
37347,"Vellés, La",Salamanca,salamanca,566,25.47,22.22,20.5,133.3,3.85,4.32,12.56,-8.24,8.43,0.89,28.34,0.859,15703,559.0,7.1,0.0,1.8,8.8,1,0,2.6,14.5,0,0,2.65,12.57,0,0,7.78,13.45,0.89,Crecimiento
37139,Fuentes de Béjar,Salamanca,salamanca,239,14.46,16.53,25.6,169.4,7.79,7.44,12.55,-5.11,12.74,-5.91,-15.25,-0.926,13543,750.38,8.4,4.2,12.6,25.2,1,0,5.97,44.78,0,0,1.71,4.62,0,0,5.13,52.27,-5.91,Media
37177,"Maíllo, El",Salamanca,salamanca,282,46.21,6.1,39.9,448.0,3.2,2.76,18.12,-15.37,15.1,-2.42,-36.34,-1.586,12949,1285.21,14.2,7.1,3.6,24.9,1,0,10.65,53.18,1,0,2.26,11.19,0,0,11.26,64.94,-2.42,Leve
37340,Valsalabroso,Salamanca,salamanca,120,27.34,4.39,45.8,2750.0,1.68,0.93,26.85,-25.93,-14.89,-19.46,-48.28,-1.861,14331,1437.76,,,,,1,0,10.09,61.92,0,0,9.49,9.27,0,0,9.4,68.33,-19.46,Alta
37157,Herguijuela de Ciudad Rodrigo,Salamanca,salamanca,65,23.39,2.78,43.1,0.0,0.0,0.0,27.35,-27.35,-7.14,-19.75,-54.55,-2.187,12371,1723.49,,,,,1,0,10.44,81.11,0,0,10.41,15.75,0,0,4.8,92.87,-19.75,Alta
37333,Valdelacasa,Salamanca,salamanca,187,8.21,22.78,34.4,492.3,2.09,1.78,19.61,-17.83,-13.43,-20.76,-45.64,-1.79,13015,1071.41,5.4,5.4,0.0,10.8,1,0,9.84,44.38,0,0,4.68,8.87,0,0,4.67,52.91,-20.76,Alta
37263,Puerto de Béjar,Salamanca,salamanca,342,10.37,32.98,44.6,527.6,0.56,3.25,22.74,-19.49,-8.31,-11.17,-30.77,-1.119,13018,550.86,5.8,8.7,40.8,55.4,1,0,7.64,62.19,1,0,0.63,6.44,1,108.19,0.37,71.24,-11.17,Media
37249,Peralejos de Arriba,Salamanca,salamanca,38,32.65,1.16,57.9,2200.0,0.0,0.0,26.32,-26.32,5.56,-15.56,-45.71,-1.989,14270,2417.28,,,,,1,0,10.04,46.76,0,0,9.96,9.67,0,0,9.84,54.32,-15.56,Alta
37119,"Encina, La",Salamanca,salamanca,95,30.74,3.09,51.1,1600.0,0.0,1.17,29.24,-28.07,-8.65,-18.8,-53.66,-1.973,12371,2076.92,10.6,10.6,10.6,31.9,1,0,16.61,73.57,0,0,5.65,6.13,0,0,5.8,85.21,-18.8,Alta
37275,Saldeana,Salamanca,salamanca,96,20.67,4.64,67.7,2166.7,3.03,2.31,33.56,-31.25,-3.03,-23.2,-47.25,-1.783,14270,1667.88,20.8,0.0,0.0,20.8,1,0,10.81,73.18,0,0,7.42,10.48,0,0,10.57,81.06,-23.2,Alta
37223,Olmedo de Camaces,Salamanca,salamanca,87,90.43,0.96,48.3,1400.0,5.26,1.28,42.15,-40.87,-23.01,-24.35,-49.42,-1.627,14270,1127.23,11.5,0.0,0.0,11.5,1,0,9.6,71.71,0,0,9.65,9.74,0,0,7.69,81.07,-24.35,Alta
37342,Valverdón,Salamanca,salamanca,266,21.95,12.12,25.9,209.1,1.89,5.01,11.28,-6.27,-5.0,-5.67,-5.34,-0.046,14846,509.08,3.8,15.0,3.8,26.3,1,0,7.25,13.68,0,0,7.3,10.15,0,0,7.04,12.6,-5.67,Media
37198,Monleras,Salamanca,salamanca,241,32.79,7.35,25.3,196.8,7.76,5.53,18.44,-12.91,6.64,-1.63,-8.02,-0.687,13416,1042.31,12.4,4.1,8.3,24.9,1,0,21.68,49.47,1,0,0.67,22.2,0,0,4.01,52.49,-1.63,Leve
37366,Villarmuerto,Salamanca,salamanca,38,38.76,0.98,52.6,0.0,0.0,0.0,8.77,-8.77,-2.56,-7.32,-37.7,-1.385,14270,2213.15,,,,,1,0,9.79,51.39,0,0,9.28,8.8,0,0,9.09,57.86,-7.32,Media
37370,Villaseco de los Reyes,Salamanca,salamanca,296,135.87,2.18,36.4,981.8,1.68,1.5,14.26,-12.76,-10.57,-20.43,-32.11,-1.315,14943,722.78,0.0,0.0,6.7,10.1,1,0,12.34,39.54,0,0,9.31,12.3,1,37.16,5.04,42.64,-20.43,Alta
37051,Berrocal de Salvatierra,Salamanca,salamanca,74,30.51,2.43,40.5,0.0,0.0,3.0,28.53,-25.53,-10.84,-14.94,-45.19,-1.754,15363,1437.73,,,,,1,0,9.12,30.62,0,0,5.81,10.4,0,0,9.53,37.74,-14.94,Media
37224,"Orbada, La",Salamanca,salamanca,177,30.54,5.8,44.6,1128.6,0.55,1.26,18.83,-17.58,-10.15,-21.33,-37.68,-1.578,15078,1005.17,11.3,0.0,0.0,11.3,1,0,8.33,22.75,0,0,8.36,14.12,0,0,3.42,21.95,-21.33,Alta
37060,Buenavista,Salamanca,salamanca,368,27.01,13.62,21.4,168.1,12.3,5.43,4.83,0.6,5.14,38.87,291.49,14.782,16303,658.78,0.0,0.0,2.7,2.7,1,0,10.67,18.96,0,0,10.65,11.09,0,0,3.47,22.48,38.87,Crecimiento
37059,Buenamadre,Salamanca,salamanca,108,59.17,1.83,36.7,363.6,0.0,2.06,14.4,-12.35,-12.9,-20.59,-40.0,-1.436,14293,1729.81,9.2,9.2,0.0,18.3,1,0,11.35,31.22,0,0,11.23,11.23,0,0,11.1,41.92,-20.59,Alta
37074,Campillo de Azaba,Salamanca,salamanca,146,25.99,5.62,43.4,2100.0,11.89,0.76,24.35,-23.59,-5.81,-15.61,-44.91,-1.836,11993,756.32,6.9,0.0,13.8,20.7,1,0,10.39,86.86,0,0,10.23,14.66,0,0,4.28,98.38,-15.61,Alta
37175,Machacón,Salamanca,salamanca,442,18.66,23.69,30.0,277.1,1.35,3.27,11.31,-8.04,-0.9,-3.07,-18.6,-0.77,13374,503.5,6.8,2.3,2.3,13.5,1,0,8.73,12.73,0,0,3.39,6.58,0,0,5.38,13.49,-3.07,Leve
37180,"Manzano, El",Salamanca,salamanca,54,36.66,1.47,48.1,1300.0,3.45,0.0,39.09,-39.09,-22.86,-26.03,-43.75,-1.591,14270,2713.88,18.5,0.0,0.0,18.5,1,0,22.15,53.33,0,0,6.62,21.06,1,185.19,2.29,57.29,-26.03,Alta
37101,Cerralbo,Salamanca,salamanca,105,51.53,2.04,64.8,1400.0,0.89,1.06,28.57,-27.51,-24.46,-41.01,-58.98,-2.31,12727,1779.75,18.5,0.0,0.0,18.5,1,0,12.02,67.68,0,0,11.88,11.85,0,0,12.14,76.18,-41.01,Alta
37215,Nava de Sotrobal,Salamanca,salamanca,147,44.59,3.3,38.1,622.2,3.12,3.02,20.41,-17.38,-5.16,-13.53,-32.26,-1.207,13069,937.97,,,,,1,0,6.96,33.47,0,0,7.11,6.9,0,0,6.56,34.0,-13.53,Media
37372,Villaverde de Guareña,Salamanca,salamanca,128,15.85,8.08,41.1,481.8,0.71,2.6,27.78,-25.17,-11.11,-17.42,-33.68,-1.399,18573,1536.51,0.0,0.0,23.3,23.3,0,0,3.7,17.82,0,0,3.72,12.39,0,0,7.83,17.07,-17.42,Alta
37373,Villavieja de Yeltes,Salamanca,salamanca,676,50.77,13.31,39.9,600.0,2.47,2.47,21.86,-19.4,-9.63,-21.49,-39.59,-1.473,13832,834.6,11.8,3.0,4.4,19.2,1,0,15.56,57.54,1,0,1.36,16.62,1,44.38,1.19,67.27,-21.49,Alta
37235,Pedraza de Alba,Salamanca,salamanca,214,23.22,9.22,30.4,366.7,2.25,3.63,16.61,-12.98,-7.36,-14.06,-25.95,-1.079,11538,786.45,9.2,0.0,0.0,13.8,1,0,14.99,35.53,0,0,5.54,15.21,0,0,5.56,36.72,-14.06,Media
37245,Peñaparda,Salamanca,salamanca,298,62.17,4.79,51.5,1092.9,1.31,2.61,22.0,-19.39,-13.37,-20.53,-37.79,-1.4,11184,948.28,26.9,0.0,0.0,26.9,1,0,9.17,100.03,0,0,9.2,33.69,1,53.69,1.15,111.81,-20.53,Alta
37316,Tamames,Salamanca,salamanca,781,60.61,12.89,34.9,370.3,3.56,2.85,15.36,-12.52,-0.38,-6.8,-21.51,-1.007,13566,631.01,12.8,1.3,3.8,17.9,0,0,1.09,40.76,1,0,1.35,18.07,1,25.61,1.23,52.53,-6.8,Media
37054,"Bodón, El",Salamanca,salamanca,247,60.66,4.07,44.5,458.3,2.86,3.15,20.69,-17.54,-4.26,-16.55,-27.14,-1.031,11689,1031.67,4.0,8.1,4.0,16.2,1,0,10.89,82.17,0,0,10.75,12.1,0,0,9.08,93.83,-16.55,Alta
37145,Gallegos de Argañán,Salamanca,salamanca,259,47.08,5.5,41.9,389.3,5.38,5.15,19.73,-14.59,-1.89,-11.0,-37.59,-1.521,13920,849.89,19.2,0.0,0.0,23.1,1,0,11.17,83.69,0,0,11.2,14.16,0,0,13.81,94.83,-11.0,Media
37020,Aldearrubia,Salamanca,salamanca,518,32.8,15.79,25.4,178.4,2.7,4.72,11.15,-6.44,4.65,5.93,-5.47,-0.177,14851,385.28,5.8,0.0,5.8,11.6,1,0,8.28,14.16,0,0,6.72,7.03,0,0,0.27,14.05,5.93,Crecimiento
37265,Rágama,Salamanca,salamanca,196,31.62,6.2,40.8,1142.9,1.52,1.7,14.74,-13.04,-7.98,-19.01,-36.77,-1.379,13306,1268.18,5.1,0.0,5.1,10.2,1,0,13.28,34.14,0,0,9.34,13.0,0,0,6.56,46.17,-19.01,Alta
37077,"Campo de Peñaranda, El",Salamanca,salamanca,241,45.14,5.34,42.3,680.0,0.81,2.31,17.98,-15.68,-5.86,-13.31,-38.83,-1.498,13331,613.76,4.1,0.0,4.1,12.4,1,0,9.3,34.06,0,0,7.62,12.28,0,0,5.87,34.06,-13.31,Media
37098,Cepeda,Salamanca,salamanca,287,10.72,26.77,44.4,668.4,3.3,2.71,22.84,-20.13,-2.05,-22.64,-45.85,-1.84,12209,651.85,14.0,0.0,62.9,76.9,1,0,3.86,54.15,0,0,2.99,7.78,0,0,7.74,65.07,-22.64,Alta
37226,Palacios del Arzobispo,Salamanca,salamanca,141,27.7,5.09,46.2,825.0,1.33,1.58,23.64,-22.06,-16.07,-17.06,-40.76,-1.385,13440,1007.72,0.0,7.0,14.0,21.0,1,0,13.0,28.45,0,0,9.77,13.19,0,0,9.68,27.33,-17.06,Alta
37310,Sieteiglesias de Tormes,Salamanca,salamanca,193,14.28,13.52,59.7,814.3,3.66,0.58,25.91,-25.33,0.0,-9.81,4.89,0.22,15363,956.07,0.0,10.5,0.0,10.5,1,0,11.29,24.32,0,0,11.39,11.88,1,492.23,1.1,27.52,-9.81,Media
37341,Valverde de Valdelacasa,Salamanca,salamanca,57,7.58,7.52,35.1,250.0,15.79,1.95,21.44,-19.49,-12.31,-32.94,-22.97,-0.592,14142,3130.14,17.5,0.0,17.5,35.1,1,0,11.25,47.16,0,0,6.52,10.81,0,0,5.51,55.89,-32.94,Alta
37368,Villasdardo,Salamanca,salamanca,22,21.51,1.02,27.3,120.0,4.55,0.0,20.2,-20.2,0.0,29.41,0.0,-0.095,16354,3623.31,,,,,1,0,16.57,34.7,0,0,5.66,16.38,0,0,16.86,41.81,29.41,Crecimiento
37162,Horcajo Medianero,Salamanca,salamanca,199,53.3,3.73,38.9,770.0,2.87,1.68,15.63,-13.96,-9.95,-8.72,-45.92,-1.803,12640,556.77,0.0,15.2,10.1,25.3,1,0,19.6,39.56,0,0,13.15,20.13,0,0,7.95,41.01,-8.72,Media
37319,"Tejado, El",Salamanca,salamanca,83,21.16,3.92,24.1,400.0,1.2,6.69,44.18,-37.48,-3.49,-34.65,-52.57,-2.071,14142,1692.48,12.0,0.0,12.0,24.1,1,0,9.51,55.26,0,0,5.87,9.95,0,0,10.12,60.46,-34.65,Alta
37146,Gallegos de Solmirón,Salamanca,salamanca,109,30.78,3.54,42.2,418.2,0.92,2.04,21.41,-19.37,-2.68,-22.14,-45.23,-1.722,13653,1302.86,18.3,0.0,0.0,18.3,1,0,14.14,49.32,0,0,9.82,14.41,0,0,14.04,52.71,-22.14,Alta
37246,Peñaranda de Bracamonte,Salamanca,salamanca,6162,22.93,268.73,26.6,164.0,5.3,5.7,11.34,-5.64,0.02,-6.02,-1.17,-0.072,12045,248.34,5.0,2.4,1.3,9.6,0,0,0.8,39.12,1,1,0.99,0.68,1,9.74,0.64,39.53,-6.02,Media
37254,Pitiegua,Salamanca,salamanca,173,19.72,8.77,38.2,507.7,0.55,5.14,21.19,-16.06,-7.49,-12.63,-34.96,-1.362,12920,1246.15,0.0,0.0,5.8,5.8,1,0,8.01,20.58,0,0,7.59,9.01,0,0,4.98,20.07,-12.63,Media
37334,Valdelageve,Salamanca,salamanca,66,16.33,4.04,42.4,560.0,2.99,1.68,25.25,-23.57,-1.49,-23.26,-48.03,-1.986,14142,1753.1,0.0,0.0,15.2,15.2,1,0,11.8,62.0,0,0,7.01,15.88,0,0,8.88,72.44,-23.26,Alta
37128,Espino de la Orbada,Salamanca,salamanca,238,23.42,10.16,40.2,376.9,0.82,3.27,18.21,-14.94,-4.8,-15.9,-34.25,-1.252,14711,807.97,4.1,0.0,0.0,4.1,1,0,12.88,27.09,0,0,9.63,14.2,1,63.03,1.54,26.37,-15.9,Alta
37036,San Miguel del Robledo,Salamanca,salamanca,52,10.37,5.01,46.2,800.0,0.0,0.0,27.78,-27.78,0.0,-21.21,-50.48,-2.37,14142,1615.96,19.2,0.0,76.9,96.2,1,0,7.35,46.67,0,0,7.43,8.45,0,0,8.52,57.93,-21.21,Alta
37065,Cabeza del Caballo,Salamanca,salamanca,224,44.92,4.99,50.5,1244.4,2.95,0.99,31.25,-30.26,-19.71,-35.82,-53.53,-2.063,11748,668.34,4.5,0.0,4.5,9.0,1,0,8.99,71.2,0,0,8.85,18.44,0,0,6.54,77.05,-35.82,Alta
37087,Carrascal de Barregas,Salamanca,salamanca,1456,76.5,19.03,10.9,43.3,2.78,9.54,2.59,6.94,18.28,34.07,194.14,10.747,16410,300.67,0.7,1.4,0.7,2.8,1,1,1.86,1.86,1,0,6.43,10.96,0,0,7.61,12.92,34.07,Crecimiento
37008,Alba de Tormes,Salamanca,salamanca,5099,46.45,109.77,23.3,137.3,4.31,6.76,10.94,-4.18,-1.3,-3.96,9.56,0.412,12889,323.39,6.1,1.8,3.9,12.0,0,0,4.07,21.46,1,1,3.83,3.6,1,35.69,3.77,22.57,-3.96,Leve
37161,Horcajo de Montemayor,Salamanca,salamanca,107,29.94,3.57,38.3,372.7,6.93,9.35,38.42,-29.08,-17.05,-32.7,-48.31,-1.878,11319,1681.32,0.0,9.3,9.3,18.7,1,0,10.47,54.15,0,0,9.9,11.0,0,0,8.54,63.94,-32.7,Alta
37089,Casafranca,Salamanca,salamanca,69,29.57,2.33,43.5,1500.0,8.96,1.61,19.32,-17.71,7.81,-4.17,-19.77,-1.017,15363,1592.7,0.0,0.0,14.5,14.5,1,0,10.69,32.87,0,0,6.6,11.26,0,0,7.71,41.75,-4.17,Leve
37160,Hinojosa de Duero,Salamanca,salamanca,562,92.86,6.05,42.1,737.5,3.81,2.57,27.09,-24.52,-11.64,-21.07,-33.1,-1.157,13827,794.95,10.7,5.3,8.9,28.5,1,0,9.45,86.33,1,0,1.1,9.27,1,74.73,1.26,94.48,-21.07,Alta
37026,Aldehuela de Yeltes,Salamanca,salamanca,176,60.38,2.91,51.4,900.0,1.66,3.16,28.41,-25.25,-7.37,-17.37,-43.77,-1.606,12432,890.76,11.4,0.0,5.7,22.9,1,0,11.84,49.05,0,0,11.12,16.4,0,0,11.96,60.77,-17.37,Alta
37239,"Pedroso de la Armuña, El",Salamanca,salamanca,202,20.23,9.99,38.6,1300.0,1.42,0.55,17.05,-16.5,-3.81,-19.84,-36.68,-1.394,17373,701.2,14.9,0.0,5.0,19.8,1,0,11.13,26.59,0,0,6.6,12.64,1,54.46,1.32,26.02,-19.84,Alta
37127,Espeja,Salamanca,salamanca,212,98.28,2.16,37.7,470.6,4.27,0.52,22.54,-22.01,-5.78,-15.87,-28.86,-1.136,11323,796.56,4.7,4.7,23.6,42.5,1,0,9.38,92.09,0,0,10.36,19.85,0,0,5.87,103.53,-15.87,Alta
37268,"Rinconada de la Sierra, La",Salamanca,salamanca,97,13.05,7.43,49.5,2400.0,2.0,0.0,24.05,-24.05,-7.62,-19.17,-46.7,-1.866,14065,1510.82,0.0,0.0,41.2,41.2,1,0,7.06,39.11,0,0,6.99,15.78,0,0,6.83,50.65,-19.17,Alta
37300,"Santos, Los",Salamanca,salamanca,570,44.27,12.88,33.3,327.6,3.28,3.12,22.03,-18.91,-5.79,-11.63,-20.39,-0.776,13734,696.06,5.3,3.5,5.3,14.0,1,0,10.29,41.28,1,0,0.82,11.61,1,63.16,1.53,50.49,-11.63,Media
37381,"Zarza de Pumareda, La",Salamanca,salamanca,131,28.26,4.64,47.1,1066.7,3.01,0.0,22.9,-22.9,-7.75,-9.03,-33.84,-1.098,15637,1221.51,0.0,0.0,22.1,22.1,1,0,7.65,76.07,0,0,6.68,22.45,0,0,5.52,81.97,-9.03,Media
37271,Rollán,Salamanca,salamanca,317,22.95,13.81,44.3,875.0,3.56,4.21,20.68,-16.47,-12.91,-15.69,-46.9,-1.912,13519,707.19,9.5,0.0,0.0,9.5,1,0,13.68,13.68,0,0,4.61,15.55,0,0,14.77,21.22,-15.69,Alta
37166,Ituero de Azaba,Salamanca,salamanca,189,27.43,6.89,52.9,1111.1,0.5,1.76,17.05,-15.29,-10.0,-18.53,-30.26,-1.231,13404,849.59,5.3,5.3,0.0,10.6,1,0,6.48,89.1,0,0,6.32,17.41,1,116.4,1.59,100.69,-18.53,Alta
37041,Barbalos,Salamanca,salamanca,70,37.52,1.87,48.6,0.0,2.74,0.0,14.29,-14.29,0.0,-11.39,-35.19,-1.521,15992,2003.63,,,,,1,0,8.72,31.09,0,0,13.28,23.86,0,0,4.83,42.3,-11.39,Media
37014,Aldeadávila de la Ribera,Salamanca,salamanca,1094,46.12,23.72,43.6,682.9,1.6,2.44,21.94,-19.5,-9.51,-13.45,-35.72,-1.371,15458,561.86,10.9,4.6,26.5,43.8,0,0,4.34,80.67,1,0,2.87,28.81,1,56.67,2.34,85.87,-13.45,Media
37123,Encinasola de los Comendadores,Salamanca,salamanca,146,33.69,4.33,64.4,9400.0,0.0,0.0,28.16,-28.16,-8.75,-24.74,-50.84,-2.054,12721,1308.27,13.7,0.0,0.0,13.7,1,0,9.26,65.84,0,0,9.25,9.62,0,0,9.27,73.59,-24.74,Alta
37291,San Pedro de Rozados,Salamanca,salamanca,273,102.06,2.67,33.9,581.2,1.11,3.66,16.69,-13.02,-2.85,-11.07,-20.41,-0.977,14527,934.59,3.6,3.6,10.9,21.9,1,0,12.61,12.61,0,0,13.98,15.73,0,0,9.78,20.91,-11.07,Media
37067,Cabrerizos,Salamanca,salamanca,4218,11.63,362.68,17.7,90.2,2.65,4.61,3.87,0.74,-0.85,0.48,109.33,7.007,17264,380.34,0.9,1.9,1.2,4.5,1,0,4.21,5.81,1,0,3.23,3.21,1,24.18,0.78,5.82,0.48,Crecimiento
37081,Cantalapiedra,Salamanca,salamanca,884,71.05,12.44,38.6,362.8,1.46,3.65,20.61,-16.97,-6.95,-13.92,-33.18,-1.323,12743,503.41,11.3,2.3,3.4,17.0,0,0,0.0,41.06,1,0,2.11,24.44,1,11.31,2.67,41.92,-13.92,Media
37055,Bogajo,Salamanca,salamanca,124,32.87,3.77,36.9,642.9,10.16,0.9,18.82,-17.92,-6.77,-13.89,-41.23,-1.615,9849,1792.74,8.2,0.0,16.4,24.6,1,0,12.83,62.42,0,0,5.58,13.91,0,0,5.7,71.59,-13.89,Media
37116,Doñinos de Ledesma,Salamanca,salamanca,62,46.09,1.35,31.7,666.7,3.03,1.79,14.34,-12.54,-8.82,-13.89,-42.59,-1.735,16354,1404.94,,,,,1,0,15.01,25.67,0,0,8.87,14.82,0,0,15.13,33.73,-13.89,Media
37197,Monleón,Salamanca,salamanca,88,19.08,4.61,48.3,537.5,1.12,3.79,18.94,-15.15,-5.38,-3.3,-34.81,-1.405,14142,2771.92,0.0,0.0,11.2,22.5,1,0,5.95,36.85,0,0,5.93,15.16,0,0,6.04,46.7,-3.3,Leve
37207,Moriscos,Salamanca,salamanca,577,12.07,47.8,10.7,43.1,3.53,10.98,1.73,9.24,25.71,62.99,303.5,12.32,13703,256.17,1.7,1.7,1.7,5.2,1,0,6.41,9.25,0,0,1.84,7.06,0,0,2.92,8.81,62.99,Crecimiento
37286,San Martín del Castañar,Salamanca,salamanca,233,15.48,15.05,37.9,977.8,2.58,1.43,18.12,-16.69,3.56,-4.12,-19.93,-0.881,14016,1005.59,12.9,30.2,60.3,103.4,1,0,6.02,50.14,0,0,4.53,4.61,0,0,4.69,61.51,-4.12,Leve
37251,Peromingo,Salamanca,salamanca,121,8.78,13.78,22.3,207.7,0.0,5.51,15.61,-10.1,3.42,-10.37,-25.77,-1.045,12628,1744.52,8.3,0.0,0.0,8.3,1,0,8.73,49.57,0,0,6.87,8.35,0,0,4.55,58.17,-10.37,Media
37379,Zamayón,Salamanca,salamanca,192,30.86,6.22,23.4,160.7,0.52,2.89,8.68,-5.79,-1.54,-1.03,-7.69,-0.146,12195,875.65,5.2,0.0,5.2,20.8,1,0,13.4,25.08,0,0,13.58,16.84,0,0,13.54,23.86,-1.03,Leve
37141,Gajates,Salamanca,salamanca,135,27.63,4.89,42.2,570.0,0.0,1.65,26.34,-24.69,-14.01,-18.67,-45.12,-1.493,15592,1114.46,7.4,0.0,0.0,7.4,1,0,13.88,33.71,0,0,5.43,13.97,0,0,5.29,34.8,-18.67,Alta
37158,Herguijuela de la Sierra,Salamanca,salamanca,222,31.48,7.05,43.2,872.7,0.88,1.5,16.02,-14.51,-9.02,-18.98,-31.9,-1.109,15171,608.83,9.0,0.0,22.5,31.5,1,0,7.66,57.69,0,0,2.57,7.25,0,0,7.17,68.7,-18.98,Alta
37097,Castraz,Salamanca,salamanca,33,30.34,1.09,45.5,0.0,0.0,0.0,33.67,-33.67,-19.51,-10.81,-45.9,-1.758,15992,2732.39,,,,,1,0,8.23,50.42,0,0,7.01,10.63,0,0,7.24,61.78,-10.81,Media
37016,Aldealengua,Salamanca,salamanca,730,5.47,133.46,19.5,135.2,4.21,6.09,4.41,1.67,9.61,4.89,27.18,1.345,14185,543.84,2.7,0.0,1.4,4.1,1,0,8.15,10.54,0,0,4.23,7.09,0,0,3.8,10.5,4.89,Crecimiento
37276,Salmoral,Salamanca,salamanca,107,22.97,4.66,48.1,1275.0,0.0,0.0,42.58,-42.58,-14.4,-32.28,-67.28,-2.493,15911,1429.49,18.9,0.0,9.4,28.3,1,0,10.05,42.2,0,0,9.98,10.46,0,0,6.74,42.96,-32.28,Alta
37329,Tremedal de Tormes,Salamanca,salamanca,34,33.42,1.02,35.3,1200.0,2.86,0.0,19.61,-19.61,-17.07,-15.0,-20.93,-0.427,16354,2704.52,0.0,29.4,0.0,29.4,1,0,15.22,39.56,0,0,8.01,15.09,0,0,8.46,44.64,-15.0,Alta
37350,Vilvestre,Salamanca,salamanca,374,46.46,8.05,50.5,900.0,1.77,3.57,26.74,-23.17,-12.62,-16.33,-40.54,-1.448,14377,620.75,5.3,5.3,13.4,24.1,1,0,17.9,83.51,0,0,6.86,18.22,1,106.95,0.85,90.4,-16.33,Alta
37355,Villanueva del Conde,Salamanca,salamanca,172,12.98,13.25,40.2,636.4,8.05,2.58,27.78,-25.19,5.52,-6.01,-33.07,-1.42,15949,749.51,23.0,5.7,114.9,149.4,1,0,3.15,49.08,0,0,3.24,8.56,0,0,8.58,60.08,-6.01,Media
37044,Barruecopardo,Salamanca,salamanca,409,37.8,10.82,41.0,800.0,1.67,4.35,21.46,-17.11,-8.71,-17.54,-30.32,-1.092,16169,975.18,4.9,4.9,4.9,17.1,1,0,14.2,76.93,1,0,1.85,13.83,0,0,7.11,84.24,-17.54,Alta
37006,"Alamedilla, La",Salamanca,salamanca,94,19.31,4.87,47.9,1500.0,5.0,1.18,36.64,-35.46,-20.34,-35.62,-57.08,-2.089,13015,1497.77,21.3,0.0,0.0,21.3,0,0,0.0,100.63,0,0,11.59,28.42,0,0,9.52,112.16,-35.62,Alta
37173,Lumbrales,Salamanca,salamanca,1507,70.01,21.53,38.1,341.7,4.57,5.01,22.78,-17.77,-4.07,-13.14,-31.81,-1.295,12689,483.04,8.6,2.7,4.0,16.6,0,0,1.92,77.45,1,1,1.78,1.76,1,65.69,2.04,86.17,-13.14,Media
37030,Añover de Tormes,Salamanca,salamanca,84,20.21,4.16,39.3,471.4,0.0,0.0,10.58,-10.58,-5.62,-10.64,-22.22,-0.847,16354,1299.92,0.0,0.0,11.9,11.9,1,0,8.94,27.66,0,0,8.29,9.13,0,0,8.27,26.72,-10.64,Media
37213,Nava de Béjar,Salamanca,salamanca,74,11.72,6.31,38.4,1400.0,1.37,0.0,21.02,-21.02,-13.95,-24.49,-39.34,-1.396,15363,1357.99,0.0,0.0,13.7,13.7,1,0,9.13,48.54,0,0,3.32,7.77,0,0,3.87,55.78,-24.49,Alta
37012,Alconada,Salamanca,salamanca,130,21.23,6.12,40.0,742.9,0.0,1.71,20.51,-18.8,-14.47,-18.75,-42.48,-1.578,15916,933.19,,,,,1,0,9.55,26.22,0,0,7.42,9.34,0,0,7.37,26.75,-18.75,Alta
37376,Vitigudino,Salamanca,salamanca,2344,52.26,44.85,29.4,200.0,4.92,5.83,16.21,-10.38,-4.13,-13.19,-25.06,-1.0,13227,233.02,11.5,3.4,2.6,17.9,0,0,1.56,55.51,1,1,1.21,0.87,1,27.3,1.06,63.1,-13.19,Media
37233,Pastores,Salamanca,salamanca,52,12.67,4.1,51.9,2700.0,0.0,4.27,23.5,-19.23,-7.14,-10.34,-7.14,-0.208,12371,1655.81,19.2,0.0,76.9,96.2,1,0,17.78,74.77,0,0,8.36,8.92,0,0,8.61,86.47,-10.34,Media
37269,Robleda,Salamanca,salamanca,453,78.75,5.75,36.3,328.0,5.27,3.92,22.08,-18.15,-3.82,-13.88,-21.08,-0.828,13820,727.94,15.5,4.4,6.6,28.8,0,0,0.21,91.19,1,0,0.22,24.69,0,0,6.34,102.96,-13.88,Media
37323,Topas,Salamanca,salamanca,518,112.15,4.62,29.5,231.8,1.76,7.08,17.59,-10.51,-0.58,-6.16,-27.75,-1.28,13442,469.46,3.9,3.9,1.9,9.7,1,0,10.34,23.09,0,0,9.67,15.32,0,0,10.41,21.72,-6.16,Media
37040,Barbadillo,Salamanca,salamanca,391,36.06,10.84,32.2,453.6,1.27,3.13,13.36,-10.23,0.77,-1.76,-30.8,-1.279,12390,619.36,2.5,0.0,2.5,5.1,1,0,7.2,7.2,1,0,8.11,17.33,0,0,12.82,18.98,-1.76,Leve
37270,Robliza de Cojos,Salamanca,salamanca,185,21.81,8.48,32.6,469.2,4.08,3.6,10.21,-6.61,-8.42,-12.32,-11.48,-0.447,14760,812.55,5.3,5.3,0.0,10.7,1,0,3.52,17.25,0,0,3.65,25.09,0,0,21.87,28.58,-12.32,Media
37304,Sepulcro-Hilario,Salamanca,salamanca,153,39.9,3.83,50.0,641.7,2.58,2.18,26.87,-24.69,-6.71,-17.74,-47.96,-1.74,12639,876.43,13.0,0.0,0.0,13.0,1,0,9.28,42.93,0,0,9.37,12.09,0,0,9.35,54.59,-17.74,Alta
37073,Calzada de Valdunciel,Salamanca,salamanca,717,20.0,35.85,22.8,154.2,4.58,5.89,12.71,-6.82,3.91,9.47,8.8,0.35,13797,582.57,2.8,6.9,4.1,13.8,0,0,0.41,13.43,1,0,0.51,9.97,1,25.1,0.49,12.06,9.47,Crecimiento
37328,Trabanca,Salamanca,salamanca,159,29.66,5.36,39.6,370.6,6.9,3.49,20.96,-17.47,-10.17,-30.26,-35.1,-1.415,12972,,18.9,6.3,25.2,50.3,1,0,18.8,60.5,0,0,8.11,26.17,0,0,8.06,65.75,-30.26,Alta
37121,Encinas de Abajo,Salamanca,salamanca,615,20.84,29.51,28.0,177.3,0.97,8.13,13.37,-5.24,1.65,-7.66,-8.35,-0.297,13019,627.46,4.9,3.3,6.5,14.6,1,0,9.59,18.38,0,0,5.55,8.97,0,0,5.32,19.13,-7.66,Media
37112,Cristóbal,Salamanca,salamanca,158,22.06,7.16,44.9,1014.3,1.23,1.41,18.28,-16.88,0.0,-9.71,-37.8,-1.507,14888,2212.13,6.3,6.3,0.0,12.7,1,0,8.03,50.27,0,0,7.93,13.9,0,0,4.35,60.25,-9.71,Media
37167,Juzbado,Salamanca,salamanca,176,21.72,8.1,22.3,166.7,0.55,6.31,8.84,-2.53,-11.11,6.02,-10.66,0.031,17249,2204.62,5.6,5.6,11.2,22.3,1,0,9.58,22.04,0,0,9.2,9.72,0,0,9.07,21.84,6.02,Crecimiento
37351,Villaflores,Salamanca,salamanca,255,41.98,6.07,47.3,756.2,0.0,2.18,21.79,-19.61,-5.9,-12.97,-43.83,-1.779,12440,766.93,3.9,0.0,3.9,7.8,1,0,4.69,38.01,0,0,6.13,19.75,0,0,6.35,37.62,-12.97,Media
37193,Miranda del Castañar,Salamanca,salamanca,361,21.05,17.15,37.7,566.7,2.63,2.15,23.08,-20.93,-6.23,-19.78,-44.8,-1.84,12554,981.05,13.9,22.2,41.6,80.3,0,0,1.33,51.97,1,0,1.29,10.45,0,0,8.38,62.7,-19.78,Alta
37243,"Peña, La",Salamanca,salamanca,69,25.15,2.74,53.6,0.0,0.0,0.0,32.21,-32.21,-21.59,-37.27,-55.77,-2.058,14270,1548.15,,,,,1,0,7.01,70.35,0,0,7.78,20.74,0,0,5.41,75.51,-37.27,Alta
37306,Serradilla del Arroyo,Salamanca,salamanca,239,80.44,2.97,41.8,454.5,1.63,0.0,34.4,-34.4,-4.78,-16.43,-46.65,-1.888,15748,933.79,4.2,12.6,16.7,33.5,1,0,15.88,63.26,0,0,13.73,17.59,0,0,17.16,75.04,-16.43,Alta
37137,Fuenteliante,Salamanca,salamanca,80,50.1,1.6,43.0,925.0,12.64,1.39,41.67,-40.28,-14.89,-27.27,-43.66,-1.553,14270,1951.81,0.0,0.0,34.9,34.9,1,0,16.82,67.28,0,0,9.86,16.98,0,0,9.76,77.18,-27.27,Alta
37021,Aldeaseca de Alba,Salamanca,salamanca,65,17.56,3.7,47.7,344.4,1.56,0.0,25.64,-25.64,-12.16,-24.42,-50.0,-1.869,15363,1855.66,,,,,1,0,5.06,24.84,0,0,4.98,5.02,0,0,4.0,26.0,-24.42,Alta
37086,Carpio de Azaba,Salamanca,salamanca,110,70.43,1.56,31.8,437.5,3.57,3.03,12.12,-9.09,-2.65,5.77,0.0,-0.011,12556,1172.72,0.0,9.1,27.3,36.4,1,0,16.88,80.62,0,0,7.61,8.48,0,0,7.97,92.04,5.77,Crecimiento
37007,Alaraz,Salamanca,salamanca,444,49.11,9.04,38.7,441.0,2.46,2.75,21.52,-18.77,4.47,-11.55,-33.73,-1.472,13498,825.43,4.5,2.3,4.5,11.3,1,0,19.35,39.84,0,0,9.9,19.57,1,220.72,4.1,41.01,-11.55,Media
37357,Villar de Ciervo,Salamanca,salamanca,253,56.77,4.46,55.3,823.5,1.98,3.51,21.96,-18.45,-4.17,-15.1,-36.75,-1.453,13500,804.52,4.0,4.0,0.0,11.9,1,0,17.83,85.24,1,0,3.02,20.94,0,0,11.67,95.54,-15.1,Alta
37344,Vecinos,Salamanca,salamanca,231,45.01,5.13,29.4,309.1,4.09,5.29,22.61,-17.32,-4.55,-15.38,-24.26,-1.101,13450,701.34,0.0,17.3,4.3,26.0,1,0,9.19,20.97,0,0,9.01,29.47,0,0,15.16,32.45,-15.38,Alta
37358,Villar de Gallimazo,Salamanca,salamanca,192,44.23,4.34,36.8,887.5,21.94,0.58,12.73,-12.15,-4.95,-3.03,-9.86,-0.244,16496,805.38,5.2,0.0,0.0,5.2,1,0,8.46,31.59,0,0,9.1,9.02,0,0,8.66,31.84,-3.03,Leve
37309,"Sierpe, La",Salamanca,salamanca,41,14.84,2.76,46.3,950.0,0.0,0.0,21.68,-21.68,2.5,-18.0,-18.0,-0.869,14142,2226.67,,,,,1,0,8.77,30.04,0,0,12.51,18.92,0,0,9.0,40.33,-18.0,Alta
37046,Béjar,Salamanca,salamanca,11993,45.68,262.54,32.1,225.1,5.88,5.16,16.0,-10.84,-4.51,-12.61,-23.56,-0.975,12891,192.11,4.3,2.1,6.5,13.8,0,0,1.66,59.64,1,1,1.39,1.39,1,32.52,0.57,68.01,-12.61,Media
37261,Puente del Congosto,Salamanca,salamanca,236,34.0,6.94,37.4,419.0,1.33,2.35,25.89,-23.54,6.79,-1.67,-30.79,-1.358,15012,2030.67,12.8,0.0,21.3,42.6,1,0,14.02,51.04,0,0,6.33,13.54,0,0,13.64,56.0,-1.67,Leve
37267,Retortillo,Salamanca,salamanca,172,64.49,2.67,36.6,420.0,2.29,1.94,19.38,-17.44,-7.53,-24.23,-28.63,-1.284,13306,1016.27,0.0,11.6,5.8,23.3,1,0,16.07,64.06,0,0,11.51,19.75,1,69.77,11.32,74.53,-24.23,Alta
37361,Villar de Samaniego,Salamanca,salamanca,79,27.96,2.83,44.3,583.3,0.0,0.0,23.91,-23.91,-10.23,-11.24,-38.28,-1.537,14270,1133.45,,,,,1,0,13.06,60.0,0,0,12.4,12.04,0,0,12.26,65.74,-11.24,Media
37253,"Pino de Tormes, El",Salamanca,salamanca,147,20.2,7.28,25.9,223.5,0.67,1.51,9.07,-7.56,-6.37,-6.96,-22.22,-0.676,15424,1587.42,6.8,0.0,0.0,6.8,1,0,11.34,13.42,0,0,9.25,10.86,0,0,9.44,13.05,-6.96,Media
37195,Molinillo,Salamanca,salamanca,43,6.78,6.34,51.2,2200.0,4.17,0.0,25.84,-25.84,10.26,-24.56,-47.56,-2.196,14142,2906.78,0.0,0.0,46.5,46.5,1,0,3.77,50.63,0,0,3.67,13.87,0,0,5.36,61.07,-24.56,Alta
37114,Chagarcía Medianero,Salamanca,salamanca,68,14.69,4.63,41.2,933.3,11.27,3.27,31.05,-27.78,-6.85,-28.42,-53.42,-2.053,15363,2293.8,,,,,1,0,19.97,40.69,0,0,11.57,20.4,0,0,8.38,42.04,-28.42,Alta
37343,Vallejera de Riofrío,Salamanca,salamanca,67,7.25,9.24,19.4,130.0,0.0,1.66,16.58,-14.93,-6.94,-4.29,19.64,1.044,14142,1998.88,0.0,29.9,44.8,74.6,1,0,4.66,54.89,0,0,4.75,5.14,0,0,5.26,62.73,-4.29,Leve
37034,"Arco, El",Salamanca,salamanca,85,7.09,11.99,34.1,322.2,5.38,6.54,10.46,-3.92,-3.41,-9.57,-16.67,-0.782,16354,2738.65,,,,,1,0,11.16,20.73,0,0,11.31,14.87,0,0,11.28,19.62,-9.57,Media
37257,Pozos de Hinojo,Salamanca,salamanca,48,58.92,0.81,41.7,500.0,5.77,2.31,13.89,-11.57,-7.69,-9.43,-42.17,-1.507,14270,2030.4,0.0,20.8,62.5,83.3,1,0,7.9,51.19,0,0,8.39,8.53,0,0,8.15,59.84,-9.43,Media
37126,Espadaña,Salamanca,salamanca,32,39.4,0.81,50.0,0.0,6.06,0.0,6.94,-6.94,0.0,-11.11,-36.0,-1.32,14270,2417.17,,,,,1,0,15.27,44.22,0,0,12.88,14.54,0,0,13.79,50.6,-11.11,Media
37209,Mozárbez,Salamanca,salamanca,510,44.79,11.39,22.8,163.9,5.1,3.7,10.89,-7.19,0.59,-0.39,23.19,1.237,13333,392.6,0.0,1.9,1.9,5.8,1,0,11.77,12.51,0,0,7.34,7.25,1,168.63,1.75,15.38,-0.39,Leve
37288,San Morales,Salamanca,salamanca,346,4.91,70.47,18.5,106.7,6.04,4.82,11.56,-6.74,0.29,20.14,49.78,2.782,14317,663.66,2.9,0.0,0.0,2.9,1,0,9.21,13.9,0,0,5.86,6.89,1,112.72,0.94,13.9,20.14,Crecimiento
37222,Negrilla de Palencia,Salamanca,salamanca,78,11.77,6.63,29.5,575.0,2.63,1.42,11.4,-9.97,-6.02,-20.41,-38.58,-1.562,16074,2337.49,,,,,1,0,4.81,15.34,0,0,4.87,13.48,0,0,9.14,14.17,-20.41,Alta
37314,Tabera de Abajo,Salamanca,salamanca,97,63.7,1.52,19.6,111.8,0.0,1.15,6.87,-5.73,-5.83,-15.65,-12.61,-0.282,16354,1018.06,0.0,10.3,20.6,30.9,1,0,13.45,20.05,0,0,10.84,16.83,0,0,16.98,29.0,-15.65,Alta
37256,Poveda de las Cintas,Salamanca,salamanca,197,23.71,8.31,43.4,566.7,3.55,3.38,25.38,-22.0,-1.01,-21.51,-42.4,-1.749,11143,1030.28,10.2,0.0,0.0,10.2,1,0,10.55,34.66,0,0,5.11,14.94,0,0,4.71,34.47,-21.51,Alta
37100,Cerezal de Peñahorcada,Salamanca,salamanca,64,17.9,3.58,56.2,1800.0,7.46,0.0,52.08,-52.08,-9.86,-20.99,-49.61,-1.974,14270,2158.31,0.0,0.0,15.6,15.6,1,0,11.61,77.41,0,0,6.03,21.68,0,0,4.89,83.79,-20.99,Alta
37068,Cabrillas,Salamanca,salamanca,316,24.82,12.73,47.5,625.0,0.31,2.11,27.07,-24.96,-14.82,-21.98,-41.26,-1.577,13487,603.99,6.3,3.2,0.0,9.5,1,0,8.97,39.42,0,0,8.63,8.58,0,0,8.43,50.92,-21.98,Alta
37078,Candelario,Salamanca,salamanca,832,60.11,13.84,37.4,384.0,1.54,2.94,13.89,-10.95,-3.26,-10.54,-24.98,-0.896,14514,667.67,10.8,8.4,69.7,91.3,1,0,5.43,63.59,1,0,3.34,5.34,0,0,4.55,71.83,-10.54,Media
37231,Parada de Rubiales,Salamanca,salamanca,237,31.55,7.51,38.8,460.0,1.24,2.81,23.44,-20.63,-4.05,-15.66,-31.3,-1.262,13767,1326.76,8.4,4.2,4.2,16.9,1,0,10.6,28.39,0,0,9.88,9.97,0,0,5.08,27.5,-15.66,Alta
37131,Frades de la Sierra,Salamanca,salamanca,163,28.26,5.77,40.5,1650.0,2.4,1.36,17.72,-16.36,-7.91,-23.83,-43.01,-1.53,16143,979.14,12.3,0.0,6.1,18.4,1,0,14.05,28.05,0,0,11.0,14.93,0,0,12.45,37.09,-23.83,Alta
37106,Cipérez,Salamanca,salamanca,233,104.53,2.23,46.8,778.6,1.33,0.95,25.27,-24.32,-10.73,-17.96,-46.92,-1.825,16642,688.69,12.9,0.0,0.0,12.9,1,0,15.52,41.13,0,0,9.7,15.4,0,0,15.52,49.3,-17.96,Alta
37147,Garcibuey,Salamanca,salamanca,186,12.49,14.89,43.0,615.4,3.43,1.79,15.53,-13.74,-2.62,0.54,-36.73,-1.378,12531,1057.23,16.1,5.4,26.9,53.8,1,0,2.89,48.05,0,0,2.85,12.11,0,0,5.69,58.76,0.54,Crecimiento
37187,Matilla de los Caños del Río,Salamanca,salamanca,607,69.21,8.77,24.9,164.1,2.09,6.96,9.88,-2.93,-2.57,-4.11,-14.63,-0.479,10788,769.35,6.6,0.0,1.6,8.2,0,0,0.56,16.62,1,0,0.86,26.54,0,0,21.78,28.28,-4.11,Leve
37181,Martiago,Salamanca,salamanca,252,49.36,5.11,49.8,781.2,1.61,0.88,28.66,-27.78,-4.18,-14.86,-33.68,-1.376,14853,1176.15,8.0,8.0,15.9,31.9,1,0,12.79,78.67,0,0,12.77,17.31,0,0,6.28,90.45,-14.86,Media
37359,Villar de la Yegua,Salamanca,salamanca,151,55.73,2.71,50.0,3800.0,5.16,3.68,29.43,-25.75,-13.22,-25.25,-49.83,-1.876,12243,1101.64,6.6,0.0,19.7,32.9,1,0,17.74,78.56,0,0,6.56,17.05,0,0,15.81,89.28,-25.25,Alta
37369,Villaseco de los Gamitos,Salamanca,salamanca,138,12.3,11.22,21.4,214.3,5.8,2.42,22.54,-20.13,1.47,-9.21,-35.81,-1.693,12749,749.41,14.3,7.1,0.0,21.4,1,0,10.16,31.13,1,0,0.84,9.97,0,0,10.44,36.93,-9.21,Media
37132,"Fregeneda, La",Salamanca,salamanca,296,45.1,6.56,51.0,794.7,3.25,2.63,31.91,-29.28,-10.03,-22.51,-46.57,-1.738,13273,1045.99,23.6,6.8,30.4,60.8,1,0,14.83,92.84,0,0,6.86,14.76,0,0,7.18,101.0,-22.51,Alta
37290,San Pedro del Valle,Salamanca,salamanca,143,15.65,9.14,40.3,446.2,2.74,3.11,8.55,-5.44,0.7,-5.92,6.72,0.382,18360,1759.33,0.0,6.9,6.9,13.9,1,0,12.76,16.83,0,0,12.42,12.83,0,0,12.36,17.58,-5.92,Media
37211,Narros de Matalayegua,Salamanca,salamanca,187,73.98,2.53,45.5,944.4,1.0,0.59,18.42,-17.83,-11.79,-22.41,-38.08,-1.235,15521,1276.25,5.3,0.0,10.7,16.0,1,0,10.88,20.81,0,0,10.75,27.46,0,0,15.06,32.02,-22.41,Alta
37005,"Alameda de Gardón, La",Salamanca,salamanca,67,32.24,2.08,61.2,2050.0,0.0,0.0,34.83,-34.83,-1.47,-24.72,-57.32,-2.259,12371,1892.38,,,,,1,0,6.77,88.45,0,0,7.01,20.33,0,0,18.05,99.41,-24.72,Alta
37148,Garcihernández,Salamanca,salamanca,412,47.53,8.67,30.1,427.6,2.92,1.62,17.8,-16.18,-5.72,-16.09,-32.01,-1.357,12240,513.32,7.3,0.0,0.0,7.3,1,0,8.29,23.77,1,0,0.6,7.86,1,38.83,0.79,24.69,-16.09,Alta
37192,Miranda de Azán,Salamanca,salamanca,451,24.04,18.76,20.9,119.0,1.12,8.13,13.3,-5.17,2.5,6.62,39.63,1.293,13574,416.2,0.0,2.2,4.5,6.7,1,0,7.51,7.51,0,0,4.8,8.18,1,399.11,1.65,11.66,6.62,Crecimiento
37151,Golpejas,Salamanca,salamanca,139,11.77,11.81,41.4,828.6,2.78,4.0,17.59,-13.59,-10.32,-11.46,-30.85,-1.285,13309,1409.7,0.0,7.1,0.0,7.1,1,0,12.31,15.39,0,0,7.99,12.28,0,0,12.08,20.33,-11.46,Media
37113,"Cubo de Don Sancho, El",Salamanca,salamanca,373,91.03,4.1,35.1,485.2,1.32,1.79,21.75,-19.96,-13.66,-19.78,-36.99,-1.316,12803,804.61,8.0,0.0,5.4,13.4,1,0,11.21,44.36,1,0,0.88,11.56,0,0,11.2,53.84,-19.78,Alta
37375,Villoruela,Salamanca,salamanca,729,17.25,42.26,37.0,304.5,2.46,3.66,12.96,-9.3,-4.46,-12.8,-28.39,-1.202,12331,460.56,4.1,0.0,0.0,4.1,1,0,2.44,23.45,1,0,0.32,4.09,1,13.72,0.52,23.35,-12.8,Media
37281,Sanchón de la Sagrada,Salamanca,salamanca,43,15.06,2.86,48.8,2000.0,23.53,0.0,10.34,-10.34,10.26,7.5,-21.82,-1.066,15992,2099.74,0.0,0.0,24.4,24.4,1,0,10.06,26.86,0,0,9.74,19.8,0,0,13.42,38.62,7.5,Crecimiento
37200,Montejo,Salamanca,salamanca,186,29.07,6.4,26.6,277.8,3.05,2.39,16.73,-14.34,-9.27,-9.71,-22.18,-0.689,14016,995.42,5.3,5.3,0.0,10.6,1,0,10.54,31.69,1,0,1.89,11.9,0,0,7.13,37.15,-9.71,Media
37038,Babilafuente,Salamanca,salamanca,924,22.57,40.94,22.2,121.8,4.08,8.9,14.31,-5.41,0.76,5.36,-6.29,-0.374,12541,499.89,7.5,3.2,8.6,20.4,1,0,4.98,19.79,1,1,1.14,1.12,0,0,4.54,19.83,5.36,Crecimiento
37318,Tardáguila,Salamanca,salamanca,193,24.66,7.83,37.8,730.0,0.51,2.3,15.54,-13.24,-3.98,-15.35,-26.34,-0.957,15793,1001.14,,,,,1,0,8.95,20.49,0,0,9.02,12.22,0,0,11.69,19.27,-15.35,Alta
37150,Gejuelo del Barro,Salamanca,salamanca,31,43.28,0.72,46.7,0.0,0.0,0.0,21.51,-21.51,-11.43,-22.5,-41.51,-1.616,16354,2598.86,,,,,1,0,8.6,32.52,0,0,3.48,8.43,0,0,8.93,37.38,-22.5,Alta
37378,Zamarra,Salamanca,salamanca,70,47.83,1.46,61.4,0.0,0.0,0.0,41.27,-41.27,-17.65,-35.19,-54.25,-2.0,12371,2773.55,14.3,0.0,0.0,14.3,1,0,17.36,74.1,0,0,15.7,16.07,0,0,10.86,85.88,-35.19,Alta
37274,Salamanca,Salamanca,salamanca,146110,39.45,3703.68,29.2,191.7,8.85,6.35,12.19,-5.84,0.89,-0.22,-7.85,-0.445,15319,,5.3,1.8,3.6,11.9,1,1,1.38,1.38,1,1,0.32,0.24,1,11.25,0.2,0.0,-0.22,Leve
37185,Castellanos de Villiquera,Salamanca,salamanca,727,32.77,22.18,30.3,207.5,1.7,5.04,9.63,-4.59,15.76,6.29,23.85,0.755,16114,585.47,2.8,2.8,5.5,11.0,1,0,3.87,9.09,0,0,3.48,5.76,1,115.54,0.66,7.72,6.29,Crecimiento
37104,Cilleros de la Bastida,Salamanca,salamanca,21,16.95,1.24,36.4,800.0,0.0,5.29,37.04,-31.75,0.0,-19.23,-48.78,-2.126,14142,5701.86,,,,,1,0,8.61,44.91,0,0,8.69,10.05,0,0,9.36,56.19,-19.23,Alta
37032,Arapiles,Salamanca,salamanca,744,25.21,29.51,22.5,112.8,2.83,9.56,8.06,1.49,14.29,15.53,44.75,1.816,13077,532.23,4.0,6.7,0.0,10.7,1,0,6.69,8.96,0,0,4.23,4.96,0,0,3.06,10.53,15.53,Crecimiento
37244,Peñacaballera,Salamanca,salamanca,149,6.25,23.84,30.9,200.0,0.65,3.73,20.88,-17.15,5.67,3.47,-31.65,-1.408,12863,736.56,26.8,20.1,33.6,80.5,1,0,10.28,63.46,0,0,2.04,9.01,0,0,2.28,72.76,3.47,Crecimiento
37311,Sobradillo,Salamanca,salamanca,170,53.44,3.18,46.8,615.4,0.0,1.31,28.1,-26.8,-16.26,-30.04,-54.79,-1.981,14744,1262.46,5.8,5.8,5.8,17.5,1,0,9.16,88.22,0,0,7.96,9.34,0,0,8.0,97.13,-30.04,Alta
37138,Fuenterroble de Salvatierra,Salamanca,salamanca,260,27.21,9.56,22.6,145.0,5.56,7.69,14.1,-6.41,-3.7,3.17,-3.7,-0.315,11632,1208.34,7.8,0.0,11.7,19.5,1,0,5.66,39.85,1,0,1.16,5.29,0,0,5.01,47.97,3.17,Crecimiento
37377,Yecla de Yeltes,Salamanca,salamanca,223,57.12,3.9,43.9,490.0,0.9,3.99,15.45,-11.46,-3.04,-19.2,-37.54,-1.552,14960,858.03,4.5,4.5,4.5,13.5,1,0,7.43,59.53,0,0,8.0,8.52,0,0,7.75,68.18,-19.2,Alta
37061,"Cabaco, El",Salamanca,salamanca,227,47.29,4.8,37.4,358.3,9.33,2.45,16.64,-14.19,10.73,-6.97,-20.35,-1.034,15497,912.73,8.7,17.4,26.1,56.5,1,0,9.05,49.43,0,0,2.93,8.85,0,0,8.95,61.12,-6.97,Media
37374,Villoria,Salamanca,salamanca,1239,31.61,39.2,28.8,228.0,2.07,5.2,11.03,-5.83,-7.88,-13.3,-11.5,-0.313,12526,382.27,5.6,0.0,2.4,8.1,0,0,1.34,26.05,1,0,3.28,5.48,0,0,3.1,26.09,-13.3,Media
37259,Puebla de San Medel,Salamanca,salamanca,32,9.27,3.45,34.4,0.0,0.0,3.47,48.61,-45.14,-13.51,-28.89,-52.24,-1.893,14142,3403.72,,,,,1,0,9.26,45.58,0,0,3.17,8.11,0,0,3.99,53.8,-28.89,Alta
37004,Ahigal de Villarino,Salamanca,salamanca,30,24.07,1.25,40.0,400.0,19.35,3.7,11.11,-7.41,3.45,-26.83,-31.82,-1.437,14270,2579.85,,,,,1,0,18.59,57.76,0,0,12.72,17.5,0,0,8.37,62.43,-26.83,Alta
37169,Larrodrigo,Salamanca,salamanca,178,49.57,3.59,39.5,1000.0,2.69,1.87,16.85,-14.98,-2.2,-6.81,-41.64,-1.713,12633,772.68,5.6,0.0,0.0,5.6,1,0,13.01,33.73,0,0,5.43,13.45,0,0,5.68,35.08,-6.81,Media
37247,Peñarandilla,Salamanca,salamanca,171,12.71,13.45,40.9,777.8,1.1,3.9,21.44,-17.54,-5.52,-20.09,-38.71,-1.514,14291,1823.46,11.7,0.0,5.8,17.5,1,0,11.8,25.16,0,0,3.92,11.32,0,0,3.91,25.89,-20.09,Alta
37025,Aldehuela de la Bóveda,Salamanca,salamanca,260,70.56,3.68,30.1,339.1,1.87,5.13,12.39,-7.26,-4.76,-9.41,-32.47,-1.161,17118,831.63,3.9,15.4,3.9,23.2,1,0,8.03,24.58,0,0,7.79,18.47,0,0,18.21,36.05,-9.41,Media
37069,Calvarrasa de Abajo,Salamanca,salamanca,1240,28.12,44.1,22.6,145.6,3.8,5.56,9.23,-3.67,6.35,7.36,25.51,0.846,13410,254.04,4.0,0.8,4.8,9.7,1,0,7.51,11.15,1,0,1.19,6.71,0,0,5.94,11.62,7.36,Crecimiento
37228,Palaciosrubios,Salamanca,salamanca,283,36.44,7.77,45.6,1612.5,1.0,1.57,25.52,-23.95,-15.02,-27.99,-48.26,-1.83,12168,551.17,3.5,3.5,0.0,7.1,1,0,8.05,39.69,0,0,7.55,17.31,0,0,4.93,40.96,-27.99,Alta
37330,Valdecarros,Salamanca,salamanca,296,27.19,10.89,40.2,440.7,0.65,4.5,22.9,-18.39,-12.17,-18.68,-34.8,-1.198,14810,671.92,10.1,0.0,0.0,10.1,1,0,9.35,30.06,1,0,0.19,9.62,1,50.68,0.41,31.29,-18.68,Alta
37023,Aldeatejada,Salamanca,salamanca,2662,31.44,84.67,10.4,40.3,2.27,10.02,2.8,7.22,20.45,54.41,319.87,13.578,16666,189.14,0.8,0.0,0.8,2.6,1,0,2.65,2.65,1,0,6.38,10.22,0,0,6.43,12.49,54.41,Crecimiento
37136,Fuenteguinaldo,Salamanca,salamanca,635,101.48,6.26,42.8,372.6,2.45,5.25,21.17,-15.92,-6.34,-10.06,-32.3,-1.292,12062,603.86,7.9,3.1,4.7,17.3,0,0,1.08,93.48,1,0,1.24,23.51,1,62.99,0.68,105.19,-10.06,Media
37294,Santa Marta de Tormes,Salamanca,salamanca,14976,9.99,1499.1,20.5,114.4,4.63,6.31,6.18,0.13,1.67,0.04,42.01,1.877,15169,198.27,2.2,2.0,1.8,6.7,0,0,0.0,4.09,1,1,0.19,0.24,1,23.17,0.96,5.17,0.04,Crecimiento
37240,Pelabravo,Salamanca,salamanca,1427,23.11,61.75,16.8,89.2,3.37,7.55,6.38,1.17,17.93,26.73,78.6,3.35,14322,323.77,0.7,0.7,7.7,10.5,1,0,3.49,7.44,1,0,0.76,2.92,0,0,3.78,8.23,26.73,Crecimiento
37307,Serradilla del Llano,Salamanca,salamanca,136,67.44,2.02,43.0,725.0,0.0,0.0,24.51,-24.51,-11.11,-20.47,-49.63,-1.744,11196,2072.39,0.0,0.0,22.2,22.2,1,0,9.17,63.98,0,0,10.19,10.32,0,0,10.02,75.66,-20.47,Alta
37184,Masueco,Salamanca,salamanca,240,19.74,12.16,54.2,2166.7,0.0,0.0,33.8,-33.8,-15.79,-31.03,-49.26,-1.911,15992,1348.85,8.3,8.3,29.2,50.0,1,0,2.72,74.75,0,0,3.39,24.42,1,145.83,1.3,79.81,-31.03,Alta
37272,Saelices el Chico,Salamanca,salamanca,175,45.5,3.85,27.6,120.0,4.65,3.17,14.6,-11.43,15.89,12.9,-0.57,-0.313,12451,1048.65,5.7,0.0,11.5,17.2,1,0,18.45,76.31,0,0,9.45,9.5,0,0,9.05,87.43,12.9,Crecimiento
37056,"Bouza, La",Salamanca,salamanca,48,14.55,3.3,30.6,115.4,10.2,9.26,16.2,-6.94,-12.73,-26.15,-31.43,-1.039,12371,1665.71,,,,,1,0,13.97,87.27,0,0,11.74,14.32,0,0,8.7,96.96,-26.15,Alta
37125,Escurial de la Sierra,Salamanca,salamanca,233,20.94,11.13,42.3,1414.3,1.22,1.91,17.64,-15.74,-3.32,-8.27,-22.07,-0.929,13159,1208.22,8.5,0.0,4.3,12.8,1,0,4.7,36.15,0,0,8.67,19.24,1,51.5,0.42,47.23,-8.27,Media
37212,Navacarros,Salamanca,salamanca,141,8.54,16.51,32.1,300.0,2.26,3.15,11.82,-8.67,18.49,17.5,6.82,-0.295,14874,1787.98,0.0,14.3,50.0,64.3,1,0,4.4,58.99,0,0,3.83,4.96,0,0,5.07,66.66,17.5,Crecimiento
37293,Santa María de Sando,Salamanca,salamanca,91,13.87,6.56,50.5,1150.0,4.21,3.66,31.75,-28.08,-9.0,-26.61,-50.27,-1.762,16354,1665.28,22.0,0.0,11.0,33.0,1,0,16.3,31.71,0,0,6.26,16.1,0,0,16.53,39.33,-26.61,Alta
37142,Galindo y Perahuy,Salamanca,salamanca,713,44.09,16.17,24.4,139.7,2.81,4.05,4.52,-0.47,9.19,0.42,96.96,6.061,17463,491.84,1.4,4.2,6.9,13.9,1,0,4.56,4.56,0,0,8.75,14.5,0,0,10.43,16.3,0.42,Crecimiento
37029,Anaya de Alba,Salamanca,salamanca,190,36.99,5.14,39.3,535.7,1.08,2.92,32.16,-29.24,0.53,-13.24,-40.99,-1.684,12794,928.8,5.2,0.0,0.0,5.2,1,0,8.0,28.56,0,0,4.69,8.51,0,0,3.57,29.93,-13.24,Media
37035,Armenteros,Salamanca,salamanca,156,38.88,4.01,39.0,775.0,20.74,2.85,25.64,-22.79,-19.59,-44.48,-51.85,-2.422,13796,1197.8,6.3,0.0,6.3,12.6,1,0,16.32,40.23,0,0,11.1,17.15,0,0,6.43,43.08,-44.48,Alta
37305,Sequeros,Salamanca,salamanca,216,6.26,34.5,39.4,531.2,0.96,1.54,14.92,-13.37,-6.9,-9.62,-19.1,-0.621,13584,657.65,23.1,4.6,55.6,83.3,1,0,4.09,49.17,0,0,4.19,7.67,0,0,7.7,60.26,-9.62,Media
37042,Barceo,Salamanca,salamanca,45,21.1,2.13,48.9,314.3,0.0,0.0,27.16,-27.16,4.65,-6.25,-35.71,-1.276,14270,1879.37,,,,,1,0,7.31,59.53,0,0,6.68,6.41,0,0,6.57,66.24,-6.25,Media
37134,Fresno Alhándiga,Salamanca,salamanca,194,13.27,14.62,30.1,290.0,1.1,5.15,24.63,-19.47,-5.37,-21.46,-38.22,-1.545,13908,652.53,0.0,10.4,0.0,10.4,1,0,15.62,25.34,0,0,8.9,16.2,0,0,4.29,30.16,-21.46,Alta
37322,Terradillos,Salamanca,salamanca,3314,33.07,100.21,17.4,91.9,10.68,6.24,6.1,0.13,8.98,5.14,8.69,0.087,11521,219.89,1.8,0.6,0.3,3.0,1,0,6.62,14.71,1,1,2.98,3.3,0,0,5.61,16.14,5.14,Crecimiento
37325,"Tornadizo, El",Salamanca,salamanca,88,11.43,7.7,54.5,0.0,0.0,0.0,17.68,-17.68,-6.38,-6.38,-40.14,-1.608,14142,3552.21,11.4,11.4,22.7,45.5,1,0,6.03,41.87,0,0,4.01,16.9,0,0,4.53,51.85,-6.38,Media
37353,Villalba de los Llanos,Salamanca,salamanca,107,36.73,2.91,36.4,975.0,0.91,2.08,25.96,-23.88,-17.05,-24.65,-45.13,-1.7,15973,1067.0,18.7,0.0,0.0,18.7,1,0,4.62,21.34,0,0,4.29,23.57,0,0,18.71,33.09,-24.65,Alta
37085,Carbajosa de la Sagrada,Salamanca,salamanca,7791,13.61,572.45,9.1,34.7,3.04,7.26,2.07,5.19,7.45,15.59,365.41,22.781,15257,178.41,1.0,2.3,0.8,5.4,1,0,2.54,2.71,1,0,0.63,0.47,0,0,1.56,4.26,15.59,Crecimiento
37352,Villagonzalo de Tormes,Salamanca,salamanca,212,25.53,8.3,27.7,295.0,1.83,3.14,7.34,-4.19,-6.61,-1.85,-10.55,-0.246,17564,1031.82,9.4,0.0,4.7,14.1,1,0,10.98,15.14,0,0,5.18,6.76,0,0,5.48,15.55,-1.85,Leve
37380,Zarapicos,Salamanca,salamanca,50,7.64,6.54,40.0,1000.0,2.04,0.0,17.78,-17.78,-9.09,-1.96,-25.37,-1.225,16354,2987.33,20.0,20.0,80.0,120.0,1,0,12.95,15.15,0,0,11.48,13.25,0,0,11.67,15.46,-1.96,Leve
37301,Sardón de los Frailes,Salamanca,salamanca,98,32.42,3.02,39.4,487.5,1.98,2.27,10.2,-7.94,4.26,16.67,-3.92,-0.334,15529,1940.57,0.0,10.1,40.4,50.5,1,0,20.81,54.0,0,0,5.21,21.5,0,0,4.66,56.85,16.67,Crecimiento
37208,Moronta,Salamanca,salamanca,73,27.66,2.64,50.0,1233.3,2.63,1.52,19.79,-18.26,1.39,-13.1,-42.52,-1.885,14270,1183.76,,,,,1,0,4.77,55.5,0,0,5.41,5.77,0,0,5.1,63.93,-13.1,Media
37217,Navalmoral de Béjar,Salamanca,salamanca,57,11.06,5.15,44.4,466.7,0.0,1.95,25.34,-23.39,-3.39,-5.0,-24.0,-0.653,14142,2847.43,0.0,0.0,31.7,31.7,1,0,5.71,53.19,0,0,4.81,4.91,0,0,4.92,61.9,-5.0,Media
37289,San Muñoz,Salamanca,salamanca,192,53.83,3.57,48.0,633.3,9.27,2.31,32.41,-30.09,-11.11,-30.69,-47.25,-1.72,13035,940.11,10.1,0.0,0.0,10.1,1,0,11.86,33.72,0,0,11.56,11.52,0,0,11.34,45.25,-30.69,Alta
37348,Ventosa del Río Almar,Salamanca,salamanca,97,18.0,5.39,43.3,840.0,0.0,1.15,22.91,-21.76,-7.62,-17.8,-34.01,-1.407,,984.8,10.3,0.0,10.3,20.6,1,0,7.35,27.46,0,0,8.48,8.5,0,0,9.31,27.83,-17.8,Alta
37102,"Cerro, El",Salamanca,salamanca,363,25.83,14.05,48.6,769.6,1.35,1.22,30.3,-29.08,-9.02,-19.15,-34.59,-1.351,13260,614.64,13.7,0.0,5.5,19.2,1,0,14.85,66.02,0,0,6.62,13.55,1,38.57,0.77,75.69,-19.15,Alta
37124,Endrinal,Salamanca,salamanca,201,33.5,6.0,39.8,1000.0,1.96,2.21,24.88,-22.66,-4.29,-15.55,-33.22,-1.394,14080,858.44,10.0,10.0,14.9,34.8,1,0,7.01,39.5,0,0,3.79,14.23,0,0,4.17,49.18,-15.55,Alta
37214,Nava de Francia,Salamanca,salamanca,116,16.49,7.03,45.2,866.7,4.2,0.96,27.78,-26.82,-5.69,-15.94,-22.67,-1.002,15400,1099.79,8.7,43.5,17.4,78.3,1,0,4.99,51.43,0,0,4.54,4.47,0,0,4.57,62.97,-15.94,Alta
37230,Parada de Arriba,Salamanca,salamanca,264,17.79,14.84,23.9,161.5,3.69,2.95,9.68,-6.73,4.76,-0.38,6.88,0.201,12926,991.39,0.0,0.0,0.0,3.8,1,0,5.76,5.76,0,0,5.04,10.93,0,0,5.19,11.88,-0.38,Leve
37356,Villar de Argañán,Salamanca,salamanca,95,29.98,3.17,40.4,760.0,3.09,3.51,14.04,-10.53,4.4,5.56,-20.83,-0.755,12371,1409.03,,,,,1,0,12.88,82.77,0,0,7.23,17.45,0,0,17.07,93.62,5.56,Crecimiento
37164,Huerta,Salamanca,salamanca,282,14.18,19.89,19.6,96.6,1.4,5.91,14.58,-8.67,-2.08,-7.84,2.55,0.077,14824,990.99,14.0,3.5,10.5,28.1,1,0,7.56,17.53,0,0,3.21,3.28,0,0,4.51,17.7,-7.84,Media
37279,Sancti-Spíritus,Salamanca,salamanca,713,143.62,4.96,34.0,334.2,2.86,3.58,21.04,-17.45,-8.82,-18.98,-39.16,-1.425,12279,524.4,9.8,9.8,9.8,29.3,1,0,2.71,59.72,1,0,6.45,12.2,0,0,12.21,71.25,-18.98,Alta
37238,Pedrosillo el Ralo,Salamanca,salamanca,147,8.11,18.13,19.7,145.0,2.22,3.02,12.85,-9.83,12.21,2.8,-3.92,-0.381,16715,1409.09,0.0,20.4,27.2,54.4,0,0,0.78,13.75,1,0,0.73,11.69,0,0,6.66,12.89,2.8,Crecimiento
37130,Forfoleda,Salamanca,salamanca,207,38.02,5.44,40.6,494.1,3.43,0.54,13.42,-12.88,8.95,10.7,-17.53,-0.961,16191,978.07,0.0,0.0,9.7,9.7,1,0,4.82,17.21,0,0,5.0,13.58,0,0,4.96,15.9,10.7,Crecimiento
37205,Morille,Salamanca,salamanca,221,22.91,9.65,36.3,506.2,3.57,1.01,13.07,-12.07,-2.21,-12.3,18.82,0.815,18920,1190.52,4.5,0.0,22.4,31.4,1,0,13.44,13.44,0,0,13.02,12.93,0,0,7.33,19.88,-12.3,Media
37284,San Esteban de la Sierra,Salamanca,salamanca,343,20.8,16.49,39.0,496.3,3.22,3.89,17.17,-13.28,-0.58,-0.87,-19.29,-0.91,15144,1017.22,5.8,5.8,37.8,49.4,1,0,8.21,44.94,0,0,4.37,16.77,1,43.73,1.87,54.93,-0.87,Leve
37296,Santiago de la Puebla,Salamanca,salamanca,280,53.27,5.26,49.3,1380.0,4.96,1.59,25.79,-24.21,-9.39,-23.5,-48.62,-1.88,12586,524.44,7.1,0.0,0.0,7.1,1,0,13.73,37.16,0,0,11.45,14.01,0,0,3.91,38.07,-23.5,Alta
37135,"Fuente de San Esteban, La",Salamanca,salamanca,1293,76.94,16.81,34.0,264.1,5.53,4.21,15.04,-10.83,0.62,-6.03,-16.26,-0.707,13370,438.08,9.2,2.3,4.6,19.3,0,0,1.08,43.47,1,1,1.22,1.24,1,89.71,1.19,54.32,-6.03,Media
37225,Pajares de la Laguna,Salamanca,salamanca,110,9.61,11.45,36.0,333.3,2.61,2.02,8.08,-6.06,3.77,-7.56,-23.61,-1.259,15439,1823.27,0.0,0.0,9.0,9.0,1,0,5.62,20.1,0,0,5.67,14.07,0,0,7.06,19.18,-7.56,Media
37152,Gomecello,Salamanca,salamanca,411,20.67,19.88,30.0,281.8,0.73,4.33,14.6,-10.27,-4.42,-14.37,-21.71,-0.985,15016,747.67,0.0,0.0,2.4,4.8,1,0,3.08,13.36,0,0,3.01,11.18,0,0,5.51,12.74,-14.37,Media
37354,Villamayor,Salamanca,salamanca,7728,16.1,480.0,13.7,61.7,3.12,6.54,3.97,2.57,7.15,11.0,166.39,8.492,15518,179.65,0.8,0.6,1.4,3.1,1,0,2.73,4.55,1,1,0.95,1.23,1,10.22,1.89,3.52,11.0,Crecimiento
37178,Malpartida,Salamanca,salamanca,74,10.28,7.2,55.4,0.0,0.0,0.0,33.03,-33.03,-22.92,-26.0,-53.46,-1.821,,1482.52,,,,,1,0,15.67,42.83,0,0,15.48,16.06,0,0,3.99,43.77,-26.0,Alta
37003,Ahigal de los Aceiteros,Salamanca,salamanca,93,27.9,3.33,43.0,571.4,1.14,0.0,34.65,-34.65,-17.7,-31.62,-54.85,-2.055,14270,2186.86,10.8,10.8,21.5,43.0,1,0,9.01,83.13,0,0,9.24,9.37,0,0,4.8,92.59,-31.62,Alta
37082,Cantalpino,Salamanca,salamanca,802,78.37,10.23,34.9,259.3,4.49,3.88,19.12,-15.24,-3.72,-14.41,-31.69,-1.246,13333,490.26,10.0,2.5,1.2,13.7,1,0,10.92,31.39,1,0,3.02,14.14,1,83.54,3.37,30.97,-14.41,Media
37298,Santibáñez de la Sierra,Salamanca,salamanca,142,13.59,10.45,49.0,777.8,1.34,3.13,28.17,-25.04,-17.92,-25.65,-43.43,-1.652,12687,1698.69,7.0,14.0,14.0,35.0,1,0,6.57,47.59,0,0,5.09,16.6,0,0,1.69,57.82,-25.65,Alta
37015,Aldea del Obispo,Salamanca,salamanca,245,41.87,5.85,40.9,673.3,23.53,0.45,24.49,-24.04,-0.41,-21.73,-38.13,-1.496,10922,1410.22,4.0,4.0,12.1,20.2,1,0,12.64,88.64,0,0,5.62,25.66,0,0,17.0,99.17,-21.73,Alta
37143,Galinduste,Salamanca,salamanca,401,31.59,12.69,33.4,291.3,1.75,4.43,21.34,-16.9,-6.31,-11.28,-31.34,-1.336,13180,737.69,0.0,0.0,5.0,5.0,1,0,14.37,34.1,0,0,6.45,15.56,1,29.93,1.38,37.75,-11.28,Media
37320,Tejeda y Segoyuela,Salamanca,salamanca,97,44.05,2.2,36.1,318.2,11.22,4.58,14.89,-10.31,8.99,-3.0,-18.49,-1.09,14142,872.27,,,,,1,0,7.77,35.41,0,0,7.58,19.46,0,0,5.99,46.98,-3.0,Leve
37168,Lagunilla,Salamanca,salamanca,414,42.47,9.75,42.4,491.7,8.56,2.42,21.47,-19.06,-6.12,-18.34,-35.31,-1.27,11930,1198.87,14.4,0.0,9.6,24.0,1,0,17.32,66.43,0,0,10.85,17.45,0,0,4.51,76.51,-18.34,Alta
37258,Puebla de Azaba,Salamanca,salamanca,145,25.95,5.59,46.2,670.0,12.41,0.77,43.68,-42.91,-5.84,-30.95,-49.3,-1.892,12556,1104.21,13.8,0.0,0.0,20.7,1,0,5.05,98.05,0,0,6.78,26.42,0,0,6.04,109.67,-30.95,Alta
37149,Garcirrey,Salamanca,salamanca,52,84.14,0.62,51.9,0.0,3.64,2.14,17.09,-14.96,-16.13,-28.77,-53.15,-2.086,15992,1586.34,,,,,0,0,12.86,35.27,0,0,9.41,13.0,0,0,12.78,44.73,-28.77,Alta
37282,Sanchotello,Salamanca,salamanca,206,14.02,14.69,36.5,350.0,4.67,2.7,28.05,-25.35,-9.25,-13.45,-35.02,-1.227,11973,965.3,4.7,4.7,0.0,9.5,1,0,6.15,52.05,0,0,6.03,6.3,0,0,3.76,60.28,-13.45,Media
37219,Navarredonda de la Rinconada,Salamanca,salamanca,153,13.1,11.68,47.1,1028.6,0.0,1.45,25.42,-23.97,-8.93,-21.13,-44.96,-1.892,15553,1398.17,6.5,0.0,13.1,19.6,1,0,7.42,39.4,0,0,9.57,15.39,0,0,4.36,50.72,-21.13,Alta
37339,Valero,Salamanca,salamanca,269,26.23,10.26,40.7,555.0,0.69,2.89,16.11,-13.22,-10.93,-12.94,-40.09,-1.487,11332,486.49,3.7,0.0,3.7,11.0,1,0,6.03,44.05,0,0,3.37,13.99,0,0,6.04,54.83,-12.94,Media
37052,Boada,Salamanca,salamanca,259,30.16,8.59,35.9,310.0,1.49,2.15,22.31,-20.16,-15.36,-13.09,-39.2,-1.372,13853,763.56,11.6,0.0,0.0,11.6,1,0,6.14,47.39,0,0,6.45,6.49,0,0,3.58,57.84,-13.09,Media
37234,"Payo, El",Salamanca,salamanca,302,61.79,4.89,52.6,795.0,1.27,2.94,32.38,-29.43,-6.79,-25.25,-39.11,-1.502,14881,720.21,16.6,0.0,3.3,19.9,1,0,14.26,105.57,0,0,8.0,37.83,1,79.47,0.78,117.34,-25.25,Alta
37018,Aldeanueva de la Sierra,Salamanca,salamanca,88,14.49,6.07,37.5,1100.0,4.08,3.79,17.68,-13.89,-19.27,-18.52,-17.76,-0.249,14142,2701.99,11.4,0.0,56.8,68.2,1,0,4.74,42.65,0,0,4.88,13.82,0,0,4.79,54.34,-18.52,Alta
37140,Fuentes de Oñoro,Salamanca,salamanca,1012,57.12,17.72,30.1,299.0,39.86,2.85,10.1,-7.25,-10.92,-5.42,-27.51,-1.13,15986,535.66,13.1,6.0,3.0,25.1,0,0,4.77,92.68,1,0,4.42,21.43,0,0,11.88,103.91,-5.42,Media
37321,Tenebrón,Salamanca,salamanca,123,40.01,3.07,48.8,1220.0,4.1,1.81,28.91,-27.1,-10.22,-24.54,-47.66,-1.838,11868,1822.49,16.0,8.0,0.0,24.0,1,0,15.23,58.42,0,0,8.93,16.24,0,0,16.29,70.2,-24.54,Alta
37204,Morasverdes,Salamanca,salamanca,230,51.81,4.44,47.2,733.3,0.43,1.93,22.22,-20.29,-8.73,-20.14,-48.55,-1.905,13419,834.71,21.5,0.0,4.3,34.3,1,0,12.5,55.48,0,0,9.24,18.46,0,0,16.58,67.25,-20.14,Alta
37070,Calvarrasa de Arriba,Salamanca,salamanca,604,25.7,23.5,28.7,258.2,2.77,5.33,10.85,-5.52,5.41,-2.58,-11.18,-0.543,12438,369.23,6.6,0.0,1.7,8.3,1,0,6.83,10.78,0,0,1.89,2.03,1,81.13,1.42,11.99,-2.58,Leve
37099,Cereceda de la Sierra,Salamanca,salamanca,55,15.46,3.56,56.4,1550.0,0.0,0.0,26.26,-26.26,-16.67,-30.38,-47.12,-1.737,14142,2024.56,36.4,0.0,0.0,36.4,1,0,9.52,46.49,0,0,7.09,9.03,0,0,9.13,58.07,-30.38,Alta
37285,San Felices de los Gallegos,Salamanca,salamanca,355,81.33,4.36,49.0,756.5,1.14,3.13,32.86,-29.73,-5.84,-21.29,-44.96,-1.817,13673,766.11,11.3,5.6,8.5,25.4,1,0,11.43,78.32,0,0,11.08,11.77,1,39.44,1.79,88.08,-21.29,Alta
37183,Martín de Yeltes,Salamanca,salamanca,383,63.16,6.06,39.9,612.0,1.03,3.48,20.6,-17.12,-5.9,-14.32,-31.61,-1.239,12814,551.28,13.1,2.6,0.0,15.7,1,0,8.7,50.69,0,0,7.4,8.76,1,78.33,5.24,61.72,-14.32,Media
37045,"Bastida, La",Salamanca,salamanca,22,18.51,1.19,47.8,0.0,0.0,0.0,70.71,-70.71,-12.0,-21.43,-43.59,-1.302,14142,4902.98,0.0,0.0,43.5,43.5,1,0,9.52,42.75,0,0,9.55,11.95,0,0,8.32,54.2,-21.43,Alta
37302,Saucelle,Salamanca,salamanca,242,45.93,5.27,40.1,692.9,5.93,2.75,34.44,-31.68,-13.57,-25.31,-44.87,-1.629,13784,1311.81,8.3,8.3,124.0,144.6,1,0,12.37,83.22,0,0,7.37,12.05,1,123.97,0.32,90.8,-25.31,Alta
37349,"Vídola, La",Salamanca,salamanca,95,29.6,3.21,46.3,1466.7,3.96,4.68,15.2,-10.53,-8.65,-21.49,-46.93,-1.659,15053,1012.07,,,,,1,0,12.6,65.03,0,0,13.21,15.79,0,0,10.8,70.5,-21.49,Alta
37327,Torresmenudas,Salamanca,salamanca,192,11.86,16.19,32.8,525.0,0.54,2.89,12.15,-9.26,2.67,-1.54,-17.6,-0.701,15473,1069.71,10.4,0.0,0.0,10.4,1,0,7.36,17.9,0,0,7.51,14.25,0,0,7.48,16.69,-1.54,Leve
37118,Éjeme,Salamanca,salamanca,139,17.44,7.97,31.7,488.9,0.69,2.4,13.59,-11.19,12.1,1.46,-30.15,-1.364,13385,1006.44,7.2,0.0,0.0,7.2,1,0,6.25,25.41,0,0,6.43,6.87,0,0,4.12,26.86,1.46,Crecimiento
37199,Monsagro,Salamanca,salamanca,129,48.05,2.68,31.8,585.7,1.56,2.58,25.84,-23.26,-6.52,-12.84,-45.57,-1.763,14160,1418.77,7.8,23.3,23.3,54.3,1,0,9.65,59.88,0,0,8.6,10.97,0,0,10.99,71.6,-12.84,Media
37336,Valdemierque,Salamanca,salamanca,58,17.28,3.36,24.1,233.3,0.0,0.0,13.41,-13.41,-9.38,1.75,-17.14,-0.355,15363,1817.68,0.0,0.0,34.5,34.5,1,0,6.08,16.74,0,0,5.47,5.74,0,0,5.02,18.22,1.75,Crecimiento
37262,Puertas,Salamanca,salamanca,66,62.62,1.05,48.5,457.1,0.0,3.37,13.47,-10.1,-16.46,-21.43,-38.89,-1.238,14270,1501.55,,,,,1,0,18.37,46.45,0,0,9.63,17.42,0,0,8.07,51.61,-21.43,Alta
37144,Galisancho,Salamanca,salamanca,320,22.82,14.02,40.6,436.7,2.43,5.9,23.96,-18.06,-11.36,-18.99,-43.46,-1.565,13717,859.47,9.3,0.0,0.0,9.3,1,0,11.51,28.47,0,0,11.54,12.14,0,0,3.58,30.68,-18.99,Alta
37186,"Mata de Ledesma, La",Salamanca,salamanca,98,38.6,2.54,40.8,1333.3,2.97,0.0,22.68,-22.68,6.52,-10.09,-32.88,-1.449,17220,1223.95,10.2,0.0,0.0,10.2,1,0,11.8,20.76,0,0,11.16,11.65,0,0,11.78,27.84,-10.09,Media
37299,Santiz,Salamanca,salamanca,225,27.02,8.33,36.9,488.2,0.44,1.48,13.83,-12.35,-11.07,-11.42,-23.47,-0.732,12031,860.39,8.9,4.4,8.9,22.2,1,0,16.56,32.5,0,0,10.54,16.75,0,0,10.39,31.31,-11.42,Media
37218,Navamorales,Salamanca,salamanca,45,17.51,2.57,60.0,0.0,0.0,0.0,69.14,-69.14,-13.46,-38.36,-73.84,-2.929,14142,3293.72,22.2,0.0,22.2,44.4,1,0,13.36,53.51,0,0,5.32,13.72,0,0,14.03,57.8,-38.36,Alta
37280,Sanchón de la Ribera,Salamanca,salamanca,66,29.19,2.26,40.9,385.7,0.0,1.68,30.3,-28.62,-13.16,-19.51,-45.0,-1.704,14270,1421.38,,,,,1,0,11.43,56.35,0,0,10.77,10.33,0,0,10.6,62.28,-19.51,Alta
37201,Montemayor del Río,Salamanca,salamanca,245,15.28,16.03,47.3,552.4,1.15,2.27,16.78,-14.51,-6.84,-18.6,-35.01,-1.231,13574,874.23,4.1,8.2,20.4,36.7,1,0,12.06,62.53,0,0,4.31,10.6,0,0,3.09,72.1,-18.6,Alta
37221,Navasfrías,Salamanca,salamanca,365,59.89,6.09,42.9,557.1,3.31,3.35,26.18,-22.83,-13.51,-23.16,-48.66,-1.874,11647,492.8,22.0,2.7,24.7,52.2,1,0,17.86,110.64,1,0,1.31,41.11,0,0,6.66,122.39,-23.16,Alta
37203,Monterrubio de la Sierra,Salamanca,salamanca,150,35.27,4.25,35.3,883.3,7.38,2.22,19.26,-17.04,-0.66,-17.58,-15.25,-0.286,17686,1247.98,13.3,0.0,6.7,20.0,1,0,17.05,18.31,0,0,15.13,16.7,0,0,5.62,25.01,-17.58,Alta
37122,Encinas de Arriba,Salamanca,salamanca,223,8.77,25.43,25.6,203.6,0.0,3.49,11.46,-7.97,-5.11,-10.08,-22.57,-0.868,12015,1178.29,,,,,1,0,7.33,23.45,0,0,7.42,7.92,0,0,3.38,25.01,-10.08,Media
37133,Fresnedoso,Salamanca,salamanca,94,8.17,11.51,43.6,820.0,1.02,1.18,24.82,-23.64,-9.62,-12.96,-26.56,-0.878,14142,1617.26,10.6,0.0,10.6,21.3,1,0,6.44,52.82,0,0,6.46,6.85,0,0,3.66,60.63,-12.96,Media
37236,Pedrosillo de Alba,Salamanca,salamanca,123,19.23,6.4,44.7,785.7,5.65,4.52,24.39,-19.87,-6.82,-19.08,-52.33,-2.055,13395,1160.31,0.0,8.1,0.0,8.1,1,0,8.89,27.89,0,0,5.11,8.8,0,0,4.85,28.95,-19.08,Alta
37163,"Hoya, La",Salamanca,salamanca,32,8.66,3.7,28.1,450.0,6.45,0.0,13.89,-13.89,-13.51,-25.58,39.13,1.658,14142,8317.26,0.0,0.0,281.2,312.5,1,0,5.49,58.58,0,0,5.08,6.06,0,0,6.25,66.09,-25.58,Alta
37159,Herguijuela del Campo,Salamanca,salamanca,60,25.65,2.34,50.0,1500.0,0.0,0.0,20.37,-20.37,-18.92,-34.78,-51.61,-1.889,14142,2552.49,,,,,1,0,4.68,33.96,0,0,8.87,19.12,0,0,6.27,44.39,-34.78,Alta
37363,Villares de Yeltes,Salamanca,salamanca,102,40.48,2.52,50.0,850.0,2.04,4.36,17.43,-13.07,-6.42,-22.14,-40.0,-1.567,14270,1609.26,9.8,0.0,39.2,49.0,1,0,13.86,54.44,0,0,3.69,14.83,0,0,3.73,64.02,-22.14,Alta
37237,Pedrosillo de los Aires,Salamanca,salamanca,312,70.31,4.44,30.8,293.9,4.85,3.92,17.09,-13.18,-9.83,-18.96,-31.73,-1.098,12788,1131.87,6.3,0.0,3.2,9.5,1,0,12.79,27.72,0,0,5.83,14.16,0,0,8.71,33.92,-18.96,Alta
37120,Encina de San Silvestre,Salamanca,salamanca,111,23.73,4.68,35.5,354.5,0.92,3.0,8.01,-5.01,0.0,0.91,-11.2,-0.615,13964,1132.37,18.2,0.0,0.0,18.2,1,0,11.54,29.48,0,0,2.95,11.34,0,0,11.77,36.04,0.91,Crecimiento
37027,Almenara de Tormes,Salamanca,salamanca,302,19.27,15.67,23.0,153.3,8.06,4.05,6.25,-2.21,5.23,20.8,18.9,0.553,16763,629.86,0.0,3.3,40.0,46.7,1,0,10.57,17.32,0,0,10.66,13.93,0,0,10.65,16.35,20.8,Crecimiento
37062,Cabezabellosa de la Calzada,Salamanca,salamanca,73,8.48,8.61,35.1,866.7,2.7,0.0,35.01,-35.01,-6.41,-17.05,-45.93,-1.91,16074,2881.76,,,,,1,0,6.17,17.63,0,0,6.14,8.33,0,0,5.34,17.17,-17.05,Alta
37024,Aldeavieja de Tormes,Salamanca,salamanca,100,12.83,7.79,29.0,241.7,1.01,2.22,22.22,-20.0,0.0,-6.54,-28.57,-1.249,15363,1229.9,10.0,0.0,0.0,10.0,1,0,3.93,39.27,0,0,3.7,4.85,0,0,3.92,45.33,-6.54,Media
37188,"Maya, La",Salamanca,salamanca,163,7.02,23.22,35.6,580.0,3.82,0.68,25.9,-25.22,0.0,-18.09,-37.79,-1.667,15204,673.7,12.3,0.0,6.1,18.4,1,0,15.15,27.84,0,0,6.57,16.52,0,0,6.49,32.63,-18.09,Alta
37109,Colmenar de Montemayor,Salamanca,salamanca,177,39.93,4.43,42.1,833.3,2.3,3.77,15.07,-11.3,-4.84,-6.35,-35.16,-1.511,12016,1049.5,0.0,0.0,5.6,5.6,1,0,8.77,57.7,0,0,6.73,15.82,0,0,9.58,67.98,-6.35,Media
37129,Florida de Liébana,Salamanca,salamanca,248,20.77,11.94,36.4,750.0,1.23,3.58,10.75,-7.17,-1.2,-11.74,-1.59,-0.055,18255,1101.5,4.0,0.0,4.0,8.1,1,0,7.14,9.3,0,0,5.86,6.41,0,0,6.01,8.57,-11.74,Media
37002,Agallas,Salamanca,salamanca,122,44.45,2.74,57.7,2366.7,0.0,1.82,32.79,-30.97,-7.58,-22.29,-36.13,-1.446,14405,1507.75,24.4,8.1,16.3,48.8,1,0,12.04,81.67,0,0,12.04,23.22,1,155.74,6.78,93.45,-22.29,Alta
37315,"Tala, La",Salamanca,salamanca,77,12.31,6.26,37.7,966.7,2.63,2.89,31.75,-28.86,-8.33,-19.79,-45.39,-1.788,15363,2062.6,13.0,13.0,0.0,26.0,1,0,12.73,40.83,0,0,7.3,13.46,0,0,7.69,44.68,-19.79,Alta
37364,Villarino de los Aires,Salamanca,salamanca,727,102.51,7.09,44.6,753.5,2.16,2.14,21.55,-19.41,-8.21,-18.5,-31.87,-1.352,16584,651.33,4.1,4.1,8.3,17.9,1,0,13.02,64.54,1,0,8.5,20.08,1,66.02,8.92,69.13,-18.5,Alta
37033,Arcediano,Salamanca,salamanca,89,11.47,7.76,22.5,333.3,6.25,1.25,22.47,-21.22,-6.32,-18.35,-24.58,-0.448,16074,1157.43,,,,,1,0,4.55,17.51,0,0,4.62,15.14,0,0,10.85,16.43,-18.35,Alta
37371,Villasrubias,Salamanca,salamanca,231,39.46,5.85,52.4,1344.4,2.54,0.96,24.05,-23.09,-9.77,-22.74,-34.93,-1.095,12905,1477.05,17.3,8.7,8.7,39.0,1,0,6.91,96.72,0,0,6.95,31.62,0,0,3.96,108.5,-22.74,Alta
37022,Aldeaseca de la Frontera,Salamanca,salamanca,241,24.27,9.93,39.5,564.7,2.42,5.07,23.51,-18.44,-6.23,-18.31,-33.43,-1.291,13408,962.13,12.3,0.0,0.0,12.3,1,0,4.84,38.18,0,0,4.16,4.4,0,0,4.07,38.43,-18.31,Alta
37206,Moríñigo,Salamanca,salamanca,93,8.35,11.14,31.9,600.0,2.27,5.97,23.89,-17.92,-3.12,-8.82,-32.12,-1.401,16074,1068.26,,,,,1,0,3.71,22.94,0,0,2.95,2.97,0,0,5.01,23.14,-8.82,Media
37287,San Miguel de Valero,Salamanca,salamanca,308,28.51,10.8,34.7,276.9,2.61,3.97,15.87,-11.9,-3.14,-13.24,-28.54,-1.087,12278,569.78,9.6,9.6,38.6,57.9,1,0,4.31,42.23,1,0,3.12,15.3,0,0,6.78,53.02,-13.24,Media
37010,"Alberca, La",Salamanca,salamanca,1034,60.66,17.05,27.1,195.8,5.47,6.34,13.97,-7.63,-3.45,-7.76,-7.84,-0.209,14403,496.87,11.6,10.6,51.2,76.3,0,0,0.0,55.92,1,1,1.7,1.55,1,56.09,1.51,67.36,-7.76,Media
37091,Casillas de Flores,Salamanca,salamanca,171,42.55,4.02,57.4,970.0,7.19,1.95,25.99,-24.04,-7.07,-9.52,-35.23,-1.315,12227,1108.84,5.9,5.9,0.0,17.8,1,0,9.98,102.72,0,0,9.14,32.45,1,233.92,1.73,114.43,-9.52,Media
37115,Dios le Guarde,Salamanca,salamanca,116,16.32,7.11,46.6,1350.0,3.17,3.83,34.48,-30.65,1.75,-17.73,-30.12,-1.434,10989,1472.03,0.0,8.6,8.6,17.2,1,0,7.31,54.36,0,0,9.82,18.25,0,0,15.22,66.02,-17.73,Alta
37332,Valdehijaderos,Salamanca,salamanca,84,11.73,7.16,34.5,223.1,9.52,1.32,19.84,-18.52,15.07,-2.33,-29.41,-1.313,14142,1763.27,11.9,0.0,0.0,11.9,1,0,8.76,54.63,0,0,6.99,7.25,0,0,7.18,63.97,-2.33,Leve
37013,Aldeacipreste,Salamanca,salamanca,89,37.12,2.4,46.1,1366.7,0.0,0.0,23.72,-23.72,-16.04,-29.37,-60.44,-2.123,14142,1587.05,0.0,0.0,11.2,11.2,1,0,12.06,60.06,0,0,5.65,10.48,0,0,5.26,69.75,-29.37,Alta
37011,"Alberguería de Argañán, La",Salamanca,salamanca,94,30.03,3.13,42.6,571.4,2.04,3.55,29.55,-26.0,-11.32,-31.88,-53.0,-2.068,12371,1989.15,21.3,0.0,10.6,31.9,1,0,3.93,101.94,0,0,10.47,30.12,0,0,5.86,113.54,-31.88,Alta
37092,Castellanos de Moriscos,Salamanca,salamanca,3149,13.82,227.86,8.4,30.8,4.46,11.19,2.72,8.47,15.6,35.62,744.24,31.731,13333,215.6,0.6,1.0,1.6,3.8,1,0,4.89,9.64,1,0,1.43,7.59,1,55.89,2.58,8.79,35.62,Crecimiento
37090,"Casas del Conde, Las",Salamanca,salamanca,63,1.26,50.0,39.7,500.0,0.0,0.0,22.93,-22.93,6.78,12.5,-28.41,-1.189,14142,3258.1,15.9,0.0,31.7,47.6,1,0,4.65,50.13,0,0,4.75,6.44,0,0,6.47,61.27,12.5,Crecimiento
37194,Mogarraz,Salamanca,salamanca,236,9.04,26.11,37.6,419.0,14.51,3.3,15.54,-12.24,-11.94,-24.84,-35.34,-1.17,15324,641.39,12.8,25.6,85.5,123.9,1,0,5.89,51.25,0,0,4.64,4.79,0,0,4.82,62.46,-24.84,Alta
37273,"Sagrada, La",Salamanca,salamanca,78,40.78,1.91,51.2,1366.7,3.57,0.0,32.76,-32.76,-17.02,-32.76,-57.61,-2.2,15992,2795.05,12.5,0.0,0.0,12.5,1,0,9.94,31.28,0,0,9.72,16.73,0,0,9.84,43.02,-32.76,Alta
37047,Beleña,Salamanca,salamanca,258,26.59,9.7,53.8,440.6,12.89,4.31,29.29,-24.98,5.74,17.27,74.32,2.81,10335,720.21,3.8,0.0,3.8,7.6,1,0,14.64,21.48,0,0,12.42,15.15,1,875.97,1.98,26.65,17.27,Crecimiento
37250,Pereña de la Ribera,Salamanca,salamanca,300,48.76,6.15,48.3,1115.4,0.32,1.85,28.15,-26.3,-9.64,-23.27,-46.14,-1.83,14339,721.5,10.0,10.0,16.7,43.3,1,0,5.47,72.38,0,0,6.89,24.81,0,0,5.59,76.96,-23.27,Alta
37229,Palencia de Negrilla,Salamanca,salamanca,140,16.33,8.57,31.9,300.0,2.16,0.79,14.29,-13.49,-9.68,-18.6,-28.57,-1.0,15126,1065.06,7.1,0.0,7.1,14.2,1,0,7.26,16.03,0,0,7.19,13.67,0,0,7.2,14.75,-18.6,Alta
37174,Macotera,Salamanca,salamanca,1006,32.89,30.59,41.8,649.2,0.8,1.55,23.3,-21.76,-1.28,-15.03,-40.65,-1.722,14454,560.85,5.9,3.0,1.0,9.9,1,0,10.27,35.02,0,0,10.33,10.47,1,22.86,0.61,35.79,-15.03,Alta
37083,Cantaracillo,Salamanca,salamanca,188,37.02,5.08,36.7,405.9,2.11,2.96,12.41,-9.46,-1.57,-3.59,-33.1,-1.244,13205,1163.16,16.0,0.0,0.0,16.0,1,0,4.79,39.25,1,0,1.3,4.81,0,0,5.0,44.52,-3.59,Leve
40125,"Matilla, La",Segovia,segovia,72,7.46,9.65,31.9,328.6,0.0,1.54,23.15,-21.6,-7.69,-31.43,-37.93,-1.458,16964,505.78,13.9,0.0,41.7,55.6,1,0,12.01,37.58,0,0,11.96,11.86,0,0,3.71,42.04,-31.43,Alta
40224,Ventosilla y Tejadilla,Segovia,segovia,17,5.97,2.85,70.6,0.0,0.0,0.0,19.61,-19.61,6.25,-34.62,-39.29,-2.804,16964,1195.73,0.0,0.0,235.3,235.3,1,0,13.64,43.99,0,0,17.66,21.08,0,0,5.31,48.77,-34.62,Alta
40220,Valleruela de Pedraza,Segovia,segovia,61,9.69,6.3,42.6,866.7,0.0,3.64,14.57,-10.93,-10.29,-16.44,-18.67,-0.244,16964,588.19,16.4,0.0,49.2,65.6,1,0,12.72,34.91,0,0,12.75,12.65,0,0,6.4,39.38,-16.44,Alta
40018,Añe,Segovia,segovia,67,11.6,5.78,44.1,1500.0,1.52,1.66,34.83,-33.17,-6.94,-31.63,-44.63,-1.959,15780,344.07,0.0,0.0,29.4,29.4,1,0,9.86,16.68,0,0,7.05,9.63,0,0,8.99,15.9,-31.63,Alta
40086,Fuentepelayo,Segovia,segovia,764,30.86,24.76,27.9,208.8,10.09,5.53,17.02,-11.49,-7.06,-16.41,-19.83,-0.816,15474,193.14,9.2,2.6,1.3,13.1,1,0,13.99,30.75,1,0,0.79,14.15,1,27.49,0.81,33.24,-16.41,Alta
40007,Aldealengua de Pedraza,Segovia,segovia,78,35.12,2.22,45.6,1800.0,6.33,0.0,21.37,-21.37,6.85,-6.02,-15.22,-0.816,16964,430.79,0.0,12.7,88.6,101.3,1,0,2.83,26.78,0,0,19.25,22.81,0,0,13.83,32.9,-6.02,Media
40035,Cabañas de Polendos,Segovia,segovia,202,26.37,7.66,22.2,115.4,3.5,6.05,7.7,-1.65,18.13,12.22,72.65,2.896,15265,205.98,4.9,14.8,93.6,113.3,1,0,10.55,10.55,0,0,5.55,11.13,0,0,5.49,14.16,12.22,Crecimiento
40044,Carrascal del Río,Segovia,segovia,143,30.47,4.69,38.0,385.7,3.65,2.33,22.53,-20.2,-2.05,-4.67,-31.9,-1.417,16126,272.96,14.1,14.1,56.3,84.5,1,0,10.87,39.45,0,0,6.9,10.59,0,0,9.35,52.06,-4.67,Leve
40905,Cuevas de Provanco,Segovia,segovia,131,38.39,3.41,46.9,677.8,1.52,3.39,17.81,-14.42,0.77,-6.43,-37.91,-1.527,12542,172.57,7.7,0.0,15.4,23.1,1,0,5.39,25.06,0,0,16.84,16.75,0,0,5.68,70.54,-6.43,Media
40146,Navas de San Antonio,Segovia,segovia,368,68.86,5.34,22.6,108.7,16.27,10.27,11.78,-1.51,7.29,-5.64,29.12,0.936,13284,410.78,7.8,5.2,20.8,33.8,1,0,8.89,29.37,1,0,4.5,8.28,0,0,8.38,27.74,-5.64,Media
40017,Anaya,Segovia,segovia,111,15.17,7.32,21.0,200.0,18.64,6.01,13.01,-7.01,-11.2,-9.76,-15.91,-0.454,16224,292.87,0.0,9.5,19.0,28.6,1,0,15.38,16.48,0,0,4.43,11.38,0,0,7.97,14.21,-9.76,Media
40144,Navares de las Cuevas,Segovia,segovia,22,18.85,1.17,50.0,0.0,0.0,10.1,15.15,-5.05,4.76,-21.43,0.0,-0.832,16235,323.81,45.5,0.0,0.0,45.5,1,0,13.79,27.81,0,0,13.67,23.59,0,0,5.49,65.04,-21.43,Alta
40184,San Pedro de Gaíllos,Segovia,segovia,315,26.04,12.1,33.1,288.9,3.53,4.23,20.81,-16.58,16.24,-2.17,-8.43,-0.711,15609,286.83,9.6,6.4,12.7,28.7,1,0,9.35,39.74,0,0,9.21,9.11,1,158.73,1.17,44.13,-2.17,Leve
40105,Juarros de Riomoros,Segovia,segovia,53,13.88,3.82,33.3,950.0,10.0,4.19,8.39,-4.19,26.19,-10.17,-30.26,-1.692,15780,582.47,0.0,0.0,17.5,17.5,1,0,16.1,18.34,0,0,6.02,18.6,0,0,4.85,14.3,-10.17,Media
40089,Fuentesaúco de Fuentidueña,Segovia,segovia,216,25.82,8.37,43.4,593.8,6.7,6.17,19.03,-12.86,-7.3,-13.25,-33.54,-1.289,15762,176.3,4.6,9.1,27.4,45.7,0,0,0.0,40.89,0,0,8.32,20.3,0,0,10.81,56.33,-13.25,Media
40030,Bernardos,Segovia,segovia,462,29.09,15.88,36.6,352.1,5.57,3.13,19.24,-16.11,-0.65,-15.54,-35.11,-1.461,15857,321.2,15.2,0.0,21.6,36.8,1,0,5.28,26.62,0,0,5.8,5.39,0,0,5.78,26.74,-15.54,Alta
40213,Valdevacas y Guijar,Segovia,segovia,83,18.14,4.58,39.3,550.0,4.94,1.34,25.44,-24.1,-12.63,-22.43,-43.54,-1.837,16964,408.05,11.9,0.0,11.9,23.8,1,0,11.27,27.91,0,0,7.06,11.45,0,0,10.66,32.28,-22.43,Alta
40234,Zarzuela del Pinar,Segovia,segovia,408,17.73,23.01,33.1,250.0,2.22,4.08,17.97,-13.89,-3.77,-13.74,-32.23,-1.344,12427,115.47,7.4,0.0,7.4,14.7,1,0,17.28,35.01,0,0,4.99,17.47,0,0,4.97,37.47,-13.74,Media
40008,Aldealengua de Santa María,Segovia,segovia,50,19.7,2.54,36.5,190.0,18.33,0.0,28.89,-28.89,-21.88,-28.57,-44.44,-1.385,16235,588.72,0.0,0.0,19.2,19.2,1,0,22.87,29.57,0,0,8.54,8.61,0,0,8.75,84.03,-28.57,Alta
40039,Campo de San Pedro,Segovia,segovia,257,37.52,6.85,22.7,131.8,18.08,6.49,16.0,-9.51,11.74,-8.54,-33.25,-1.622,14555,586.73,7.8,0.0,15.6,23.4,1,0,21.86,22.55,0,0,14.62,17.54,0,0,16.74,79.84,-8.54,Media
40165,Rebollo,Segovia,segovia,70,13.95,5.02,44.3,0.0,5.41,3.17,25.4,-22.22,-11.39,-23.08,-46.97,-1.884,16964,420.53,0.0,14.3,14.3,28.6,1,0,9.02,34.63,0,0,9.06,8.97,0,0,5.77,39.04,-23.08,Alta
40054,Cerezo de Arriba,Segovia,segovia,119,48.6,2.45,26.9,266.7,12.03,3.73,19.61,-15.87,-7.03,-17.93,-40.8,-1.514,16249,214.95,25.2,33.6,176.5,243.7,1,0,15.38,52.43,0,0,7.72,25.33,0,0,6.81,62.96,-17.93,Alta
40161,Carabias,Segovia,segovia,55,25.82,2.13,15.8,75.0,40.0,6.06,10.1,-4.04,7.84,17.02,-24.66,-1.257,16235,280.71,,,,,1,0,17.21,24.35,0,0,13.49,23.28,0,0,8.11,70.3,17.02,Crecimiento
40207,Trescasas,Segovia,segovia,1130,32.64,34.62,12.9,54.1,2.35,6.49,6.49,0.0,5.21,12.21,244.51,15.728,17752,180.35,1.8,0.9,10.6,13.3,1,0,5.45,6.85,1,0,2.4,5.06,1,141.59,2.12,13.2,12.21,Crecimiento
40156,Pedraza,Segovia,segovia,335,31.54,10.62,29.0,210.9,16.05,3.32,11.61,-8.29,-1.47,-19.47,-28.27,-1.2,17181,210.92,6.0,44.9,113.8,167.7,1,0,9.94,32.56,0,0,18.06,18.89,0,0,9.08,37.35,-19.47,Alta
40221,Valleruela de Sepúlveda,Segovia,segovia,48,15.97,3.01,41.7,1000.0,0.0,0.0,25.46,-25.46,-7.69,-11.11,-36.0,-1.365,16964,471.75,20.8,0.0,20.8,41.7,1,0,12.39,39.86,0,0,15.15,15.05,0,0,5.34,44.35,-11.11,Media
40130,Montejo de la Vega de la Serrezuela,Segovia,segovia,121,27.81,4.35,40.2,326.7,3.23,3.67,20.2,-16.53,-12.32,-19.33,-32.02,-1.315,15394,254.2,16.4,8.2,16.4,41.0,1,0,13.93,14.62,0,0,7.28,13.37,0,0,10.47,83.01,-19.33,Alta
40188,Santiuste de Pedraza,Segovia,segovia,81,29.1,2.78,46.9,1266.7,6.98,0.0,15.09,-15.09,-10.99,-27.03,-20.59,-0.951,16964,494.33,0.0,12.3,98.8,111.1,1,0,6.64,23.66,0,0,13.29,20.56,0,0,12.48,28.15,-27.03,Alta
40109,Languilla,Segovia,segovia,79,26.63,2.97,32.5,300.0,10.71,4.22,16.88,-12.66,8.22,-7.06,-36.8,-1.646,16235,489.38,,,,,1,0,20.1,33.57,0,0,4.5,4.56,0,0,4.64,86.09,-7.06,Media
40097,Grajera,Segovia,segovia,252,12.67,19.89,15.0,69.1,29.69,11.46,5.73,5.73,10.53,7.69,159.79,7.444,14473,168.81,11.9,11.9,19.8,43.5,1,0,13.44,33.74,0,0,4.53,19.97,0,0,9.18,67.76,7.69,Crecimiento
40219,Vallelado,Segovia,segovia,750,36.79,20.39,28.6,224.2,17.08,2.67,14.67,-12.0,5.34,4.46,-10.61,-0.726,13134,287.62,4.0,1.3,0.0,5.4,1,0,9.02,33.25,1,0,1.5,7.82,0,0,9.44,55.66,4.46,Crecimiento
40204,Torrecilla del Pinar,Segovia,segovia,188,19.59,9.6,35.8,377.8,18.78,4.73,30.14,-25.41,7.43,-14.16,-40.88,-1.736,15071,168.46,10.5,5.3,5.3,21.1,1,0,7.6,45.68,0,0,10.82,15.94,0,0,15.82,48.97,-14.16,Media
40901,Ortigosa del Monte,Segovia,segovia,608,15.39,39.51,21.7,114.8,4.59,4.2,20.83,-16.63,11.76,11.15,81.49,3.535,16254,229.83,3.3,3.3,37.8,44.3,1,0,7.04,12.2,0,0,2.87,13.12,0,0,12.88,11.21,11.15,Crecimiento
40162,Prádena,Segovia,segovia,473,46.1,10.26,28.0,177.0,13.25,4.7,18.56,-13.86,-7.25,-13.21,-16.28,-0.553,14790,442.08,12.8,8.5,42.7,64.1,1,0,12.31,43.22,0,0,17.45,18.92,1,209.3,6.53,47.72,-13.21,Media
40152,Otero de Herreros,Segovia,segovia,987,43.64,22.62,20.3,108.7,8.19,7.09,9.23,-2.14,4.67,0.61,14.5,0.679,14282,169.38,3.0,2.0,13.2,18.3,1,0,4.43,15.85,1,0,0.51,11.86,0,0,11.45,12.94,0.61,Crecimiento
40194,Segovia,Segovia,segovia,52375,163.63,320.08,25.5,149.6,14.47,6.88,10.9,-4.02,0.61,-0.67,-3.07,-0.287,15622,,4.8,2.6,2.3,10.3,1,1,4.5,4.5,1,1,4.33,4.41,1,8.11,3.24,0.0,-0.67,Leve
40115,Maderuelo,Segovia,segovia,100,94.06,1.06,41.6,381.8,6.86,5.56,24.44,-18.89,-27.01,-15.97,-38.65,-1.386,17131,348.78,0.0,39.6,69.3,108.9,1,0,21.83,22.51,0,0,14.73,15.67,0,0,14.8,84.39,-15.97,Alta
40049,Castroserna de Abajo,Segovia,segovia,31,12.6,2.46,58.1,1800.0,0.0,3.58,17.92,-14.34,0.0,-58.11,-50.79,-1.515,16964,743.48,0.0,32.3,96.8,129.0,1,0,10.48,43.23,0,0,16.5,17.06,0,0,6.8,47.72,-58.11,Alta
40170,Riaza,Segovia,segovia,2128,149.29,14.25,20.3,115.8,24.35,6.63,9.71,-3.08,0.52,-7.07,26.67,0.882,13954,121.11,5.6,10.3,20.6,36.6,0,0,7.04,46.31,1,0,9.0,9.04,1,45.11,9.03,82.28,-7.07,Media
40176,Samboal,Segovia,segovia,459,47.4,9.68,29.8,236.2,15.87,3.87,15.49,-11.62,-0.22,-5.17,-22.2,-0.99,13704,128.3,13.1,2.2,6.5,21.8,1,0,11.68,38.11,0,0,4.1,11.33,0,0,9.55,46.81,-5.17,Media
40906,San Cristóbal de Segovia,Segovia,segovia,3161,6.33,499.37,10.0,47.8,10.0,6.01,2.28,3.73,2.63,6.65,,2.551,14781,69.57,2.2,0.3,3.8,6.7,1,0,3.66,3.66,1,0,0.15,2.29,0,0,2.34,7.72,6.65,Crecimiento
40024,Ayllón,Segovia,segovia,1110,128.77,8.62,21.7,115.5,14.17,5.41,15.82,-10.41,-6.09,-12.46,-8.72,-0.264,13110,214.79,5.5,9.1,23.6,39.1,1,0,10.14,42.17,1,1,6.09,6.09,1,42.34,6.17,81.05,-12.46,Media
40180,Sangarcía,Segovia,segovia,281,37.47,7.5,36.4,637.5,8.6,2.37,21.75,-19.38,-10.79,-16.37,-40.34,-1.727,16391,208.91,10.7,3.6,7.1,21.4,1,0,16.3,26.54,1,0,4.37,16.95,0,0,6.51,24.26,-16.37,Alta
40014,Aldehorno,Segovia,segovia,64,11.91,5.37,40.6,288.9,3.39,3.47,12.15,-8.68,20.75,12.28,-20.99,-1.097,16235,418.18,0.0,0.0,15.6,15.6,1,0,15.19,18.81,0,0,10.19,17.86,0,0,9.57,72.71,12.28,Crecimiento
40095,Gomezserracín,Segovia,segovia,614,30.22,20.32,24.5,174.4,24.33,7.06,14.84,-7.78,-7.53,-9.17,-7.25,-0.251,15079,229.42,4.9,3.3,3.3,11.5,1,0,12.42,40.18,0,0,3.73,12.48,0,0,4.19,41.72,-9.17,Media
40159,Pinarejos,Segovia,segovia,205,29.68,6.91,25.9,176.7,37.7,2.17,18.43,-16.26,11.41,13.26,4.06,-0.04,13192,140.94,4.9,0.0,0.0,4.9,1,0,13.72,35.33,0,0,4.42,13.96,0,0,9.05,36.85,13.26,Crecimiento
40016,Aldeonte,Segovia,segovia,55,20.53,2.68,38.2,525.0,0.0,6.06,22.22,-16.16,-3.51,-6.78,-39.56,-1.897,16235,244.48,,,,,1,0,8.42,35.1,0,0,3.35,23.96,0,0,5.14,62.99,-6.78,Media
40181,Real Sitio de San Ildefonso,Segovia,segovia,5217,144.71,36.05,24.2,145.2,6.47,6.05,10.24,-4.2,-1.29,-3.44,1.42,0.02,15939,39.82,4.2,7.9,8.5,21.3,0,0,2.28,7.16,1,1,2.81,2.35,1,37.95,2.03,16.14,-3.44,Leve
40185,Santa María la Real de Nieva,Segovia,segovia,906,179.52,5.05,31.9,295.9,13.48,3.19,23.42,-20.24,-5.72,-13.3,-37.04,-1.557,15639,61.44,5.5,1.1,26.4,33.0,1,0,11.37,26.22,1,1,0.41,0.76,1,87.2,0.12,25.86,-13.3,Media
40195,Sepúlveda,Segovia,segovia,979,131.92,7.42,29.4,224.2,9.43,4.2,14.87,-10.67,1.24,-16.18,-25.72,-1.143,15202,179.41,12.3,24.6,34.8,72.7,0,0,5.53,44.7,0,0,12.51,12.42,1,32.69,4.35,49.12,-16.18,Alta
40087,Fuentepiñel,Segovia,segovia,63,12.02,5.24,50.0,0.0,4.48,0.0,40.56,-40.56,-25.88,-36.36,-65.19,-2.385,16235,400.05,15.6,0.0,15.6,31.2,1,0,3.2,41.06,0,0,10.35,19.24,0,0,11.28,54.29,-36.36,Alta
40127,Membibre de la Hoz,Segovia,segovia,42,15.66,2.68,45.2,1900.0,16.28,2.65,26.46,-23.81,20.0,23.53,-44.0,-1.972,16235,455.68,0.0,0.0,47.6,47.6,1,0,4.28,41.28,0,0,6.87,16.76,0,0,7.8,59.05,23.53,Crecimiento
40045,Casla,Segovia,segovia,155,17.3,8.96,21.2,206.2,11.95,4.3,12.19,-7.89,-0.64,-0.64,0.0,0.035,13402,216.86,6.4,12.8,70.5,89.7,1,0,17.41,44.63,0,0,19.78,25.25,0,0,4.15,50.09,-0.64,Leve
40138,Nava de la Asunción,Segovia,segovia,2806,83.04,33.79,24.5,176.7,16.89,5.5,12.83,-7.33,2.15,-2.64,7.06,0.185,13375,47.87,5.4,1.1,3.2,10.0,0,0,0.94,23.29,1,1,0.95,0.97,1,45.97,1.13,36.21,-2.64,Leve
40053,Cerezo de Abajo,Segovia,segovia,150,19.86,7.55,19.7,90.9,36.55,8.89,12.59,-3.7,47.06,1.35,-11.76,-1.341,12957,256.38,13.2,13.2,32.9,59.2,1,0,16.48,51.34,0,0,10.95,28.01,0,0,10.38,58.68,1.35,Crecimiento
40174,Sacramenia,Segovia,segovia,324,44.42,7.29,41.3,431.2,9.44,3.09,24.01,-20.92,-15.84,-24.48,-42.14,-1.712,14546,194.29,6.0,15.0,21.0,41.9,0,0,2.94,26.91,0,0,17.74,17.85,1,141.98,3.24,67.93,-24.48,Alta
40063,Cuéllar,Segovia,segovia,9527,275.02,34.64,23.9,141.9,18.58,7.1,10.9,-3.8,-1.37,0.53,5.34,0.181,13537,24.05,7.8,1.8,2.5,12.4,0,0,8.07,45.35,1,1,5.9,8.35,1,12.81,5.39,47.42,0.53,Crecimiento
40041,Cantimpalos,Segovia,segovia,1533,26.26,58.38,22.5,131.4,18.44,5.22,10.51,-5.29,14.4,13.89,20.24,0.299,13876,146.85,3.9,0.7,0.7,5.2,1,0,11.21,12.88,1,0,0.76,11.02,1,39.14,1.13,15.2,13.89,Crecimiento
40145,Navas de Oro,Segovia,segovia,1305,62.18,20.99,30.0,216.0,6.36,5.36,16.09,-10.73,0.0,-5.91,-10.62,-0.512,14274,130.65,6.1,3.1,7.7,16.9,1,0,8.04,30.26,1,0,1.84,8.25,1,30.65,1.82,37.84,-5.91,Media
40173,Roda de Eresma,Segovia,segovia,260,9.95,26.13,13.5,64.8,17.0,7.69,5.98,1.71,31.98,31.98,134.23,4.96,13327,107.98,0.0,0.0,11.5,11.5,1,0,9.93,9.93,0,0,4.67,10.89,0,0,5.06,11.57,31.98,Crecimiento
40055,Cilleruelo de San Mamés,Segovia,segovia,41,9.72,4.22,29.3,240.0,0.0,2.71,24.39,-21.68,36.67,5.13,-14.58,-1.215,16235,527.93,,,,,1,0,20.0,26.95,0,0,12.15,17.58,0,0,12.76,74.57,5.13,Crecimiento
40157,Pelayos del Arroyo,Segovia,segovia,45,12.42,3.62,44.4,1000.0,2.08,0.0,17.28,-17.28,7.14,-21.05,0.0,-0.396,16964,797.74,22.2,0.0,244.4,266.7,1,0,8.99,20.03,0,0,10.9,18.33,0,0,9.71,24.53,-21.05,Alta
40131,Monterrubio,Segovia,segovia,51,25.51,2.0,39.2,400.0,5.36,0.0,17.43,-17.43,-12.07,-17.74,-22.73,-0.792,16964,200.23,19.6,0.0,19.6,39.2,1,0,8.11,23.81,0,0,7.87,17.14,0,0,6.17,19.35,-17.74,Alta
40124,Mata de Cuéllar,Segovia,segovia,261,20.05,13.02,31.4,273.3,5.73,6.39,16.18,-9.79,3.16,-6.79,-20.18,-0.874,14130,150.07,7.7,0.0,3.8,11.5,1,0,5.9,29.35,0,0,4.5,5.73,0,0,5.78,58.6,-6.79,Media
40058,Codorniz,Segovia,segovia,294,64.2,4.58,43.9,716.7,1.3,2.65,20.41,-17.76,-8.7,-16.24,-37.58,-1.471,13156,72.98,6.8,3.4,6.8,17.0,1,0,11.92,11.92,0,0,11.3,11.21,0,0,11.62,38.31,-16.24,Alta
40218,Valle de Tabladillo,Segovia,segovia,78,16.44,4.74,36.7,580.0,2.7,2.85,41.31,-38.46,-4.88,-23.53,-51.55,-2.234,16235,338.97,0.0,25.3,50.6,75.9,1,0,10.8,35.73,0,0,11.4,14.49,0,0,5.2,56.1,-23.53,Alta
40904,Navas de Riofrío,Segovia,segovia,430,14.18,30.32,32.0,210.6,2.94,3.62,9.82,-6.2,11.4,2.14,52.48,2.154,22559,375.56,4.6,2.3,27.6,34.5,1,0,7.4,7.4,0,0,3.64,9.72,0,0,10.63,9.71,2.14,Crecimiento
40048,Castrojimeno,Segovia,segovia,27,18.3,1.48,66.7,0.0,0.0,0.0,28.81,-28.81,-18.18,-28.95,-40.0,-1.28,16235,1041.62,0.0,0.0,37.0,37.0,1,0,14.21,31.94,0,0,14.47,18.06,0,0,7.65,59.62,-28.95,Alta
40112,"Lastrilla, La",Segovia,segovia,4781,9.43,507.0,13.5,56.5,12.69,7.6,4.46,3.14,18.93,30.31,178.61,8.607,16341,22.9,1.0,1.7,4.6,7.5,1,0,3.03,3.03,1,0,0.75,2.69,0,0,1.43,7.51,30.31,Crecimiento
40193,Sebúlcor,Segovia,segovia,239,27.68,8.63,17.8,138.7,10.2,4.65,17.2,-12.55,-12.77,-14.03,-14.34,-0.34,12901,219.89,4.1,24.8,24.8,53.7,1,0,6.51,43.0,0,0,5.7,6.15,0,0,6.25,47.2,-14.03,Media
40205,Torreiglesias,Segovia,segovia,257,55.01,4.67,34.6,404.5,11.72,3.46,28.53,-25.08,1.98,-21.65,-35.26,-1.569,15001,222.75,3.9,0.0,50.6,54.5,1,0,16.81,21.31,0,0,4.72,17.16,1,186.77,4.21,25.04,-21.65,Alta
40172,Riofrío de Riaza,Segovia,segovia,29,27.0,1.07,41.4,600.0,0.0,0.0,26.82,-26.82,-34.09,-45.28,-42.0,-1.614,16235,1104.23,34.5,0.0,69.0,103.4,0,0,8.03,52.73,0,0,5.78,20.73,0,0,4.99,70.32,-45.28,Alta
40025,Barbolla,Segovia,segovia,142,26.1,5.44,37.3,331.2,12.75,1.56,16.43,-14.87,-10.13,-29.0,-35.75,-1.327,14352,205.06,14.1,7.0,7.0,28.2,1,0,6.79,39.79,0,0,3.31,22.96,0,0,7.87,60.11,-29.0,Alta
40021,Arevalillo de Cega,Segovia,segovia,18,11.57,1.56,66.7,0.0,0.0,0.0,18.52,-18.52,-5.26,-40.0,-59.09,-2.825,16964,1435.61,,,,,1,0,9.95,31.38,0,0,10.07,10.02,0,0,9.02,35.78,-40.0,Alta
40208,Turégano,Segovia,segovia,1007,70.68,14.25,29.9,229.0,21.58,6.62,13.35,-6.73,2.13,-3.08,-6.59,-0.513,14114,181.14,4.0,8.0,26.9,38.8,1,0,12.18,19.93,1,0,8.73,19.36,0,0,6.5,24.38,-3.08,Leve
40215,Valtiendas,Segovia,segovia,75,38.59,1.94,46.7,583.3,5.19,2.96,31.11,-28.15,-8.54,-17.58,-61.34,-2.529,16235,860.19,0.0,0.0,13.3,13.3,1,0,5.13,27.85,0,0,20.34,22.82,0,0,5.23,64.78,-17.58,Alta
40229,Villaverde de Montejo,Segovia,segovia,22,24.77,0.89,54.5,1200.0,9.52,0.0,55.56,-55.56,-15.38,-45.0,-67.16,-2.385,16235,1109.56,0.0,0.0,90.9,90.9,1,0,15.37,16.01,0,0,6.49,14.85,0,0,12.33,78.87,-45.0,Alta
40164,Rapariegos,Segovia,segovia,187,24.49,7.64,37.6,777.8,7.65,1.78,22.58,-20.8,-10.1,-10.1,-30.22,-1.136,17411,109.63,5.4,0.0,5.4,10.8,1,0,6.62,6.62,0,0,5.91,5.98,0,0,6.01,44.39,-10.1,Media
40075,Escobar de Polendos,Segovia,segovia,172,39.6,4.34,37.2,320.0,6.06,1.94,14.21,-12.27,4.24,-6.52,-26.5,-1.394,19444,242.87,11.6,11.6,81.4,104.7,1,0,14.18,17.75,0,0,6.54,14.09,0,0,5.87,21.1,-6.52,Media
40141,Navalmanzano,Segovia,segovia,1041,32.75,31.79,25.1,167.5,12.16,7.68,13.66,-5.98,-0.57,-7.14,-7.63,-0.385,12976,166.08,7.6,2.9,1.0,11.5,1,0,10.66,31.71,1,0,0.93,10.9,0,0,6.6,33.35,-7.14,Media
40056,Cobos de Fuentidueña,Segovia,segovia,25,13.83,1.81,56.0,1400.0,3.57,0.0,26.67,-26.67,-24.24,-35.9,-63.24,-2.117,16235,2118.78,,,,,1,0,12.54,36.92,0,0,10.12,14.42,0,0,12.37,54.84,-35.9,Alta
40015,Aldehuela del Codonal,Segovia,segovia,24,13.4,1.79,56.0,1400.0,12.0,0.0,18.52,-18.52,4.35,-29.41,-54.72,-2.125,15780,736.65,,,,,1,0,12.08,15.41,0,0,11.15,11.61,0,0,10.94,34.0,-29.41,Alta
40223,Vegas de Matute,Segovia,segovia,370,21.89,16.9,27.6,245.2,13.45,2.7,12.61,-9.91,26.28,29.82,52.89,1.228,16760,75.85,13.4,10.7,18.8,45.6,1,0,5.02,21.91,0,0,6.04,8.91,0,0,8.57,17.88,29.82,Crecimiento
40126,Melque de Cercos,Segovia,segovia,58,18.57,3.12,43.9,625.0,1.54,0.0,38.31,-38.31,-13.43,-36.26,-51.26,-1.925,15780,435.28,0.0,0.0,17.5,17.5,1,0,11.45,20.47,0,0,6.23,6.69,0,0,6.06,29.44,-36.26,Alta
40019,Arahuetes,Segovia,segovia,31,16.34,1.9,51.6,0.0,9.68,0.0,21.51,-21.51,10.71,-24.39,-31.11,-1.88,16964,906.97,32.3,0.0,161.3,193.5,1,0,12.23,29.8,0,0,11.82,13.96,0,0,11.07,34.27,-24.39,Alta
40158,Perosillo,Segovia,segovia,21,10.1,2.08,47.8,275.0,10.0,0.0,10.58,-10.58,40.0,16.67,-34.38,-1.893,15780,72.98,,,,,1,0,8.32,48.29,0,0,3.6,14.55,0,0,12.37,51.04,16.67,Crecimiento
40094,Garcillán,Segovia,segovia,513,22.38,22.92,14.4,70.5,14.62,11.05,10.61,0.43,8.23,13.25,42.9,1.839,15319,271.38,1.9,0.0,1.9,5.8,1,0,12.77,12.77,1,0,1.81,13.68,0,0,5.21,11.08,13.25,Crecimiento
40222,Veganzones,Segovia,segovia,211,21.93,9.62,30.3,355.6,16.83,2.11,20.01,-17.9,-3.65,-20.08,-26.22,-1.277,13737,200.35,9.5,0.0,9.5,19.0,1,0,7.45,30.73,0,0,6.56,7.82,0,0,7.71,34.61,-20.08,Alta
40160,Pinarnegrillo,Segovia,segovia,98,19.5,5.03,51.5,1666.7,3.12,3.4,18.14,-14.74,6.52,-12.5,-48.96,-2.033,15780,320.04,20.6,0.0,0.0,20.6,1,0,6.63,29.37,0,0,5.41,6.88,0,0,7.11,30.24,-12.5,Media
40080,Fresno de la Fuente,Segovia,segovia,75,17.6,4.26,26.2,175.0,16.05,7.41,16.3,-8.89,-5.06,-20.21,-3.85,-0.285,16235,38.46,12.5,12.5,0.0,25.0,1,0,13.96,29.92,0,0,7.39,22.09,0,0,6.83,68.49,-20.21,Alta
40004,Aguilafuente,Segovia,segovia,564,60.49,9.32,27.4,193.8,23.13,4.93,19.11,-14.18,-0.35,-11.74,-29.68,-1.358,14232,200.66,12.2,5.2,8.7,26.2,1,0,13.26,32.78,1,0,3.01,13.59,1,88.65,3.48,36.01,-11.74,Media
40122,Marugán,Segovia,segovia,775,28.95,26.77,32.0,275.6,11.29,4.73,9.32,-4.59,27.89,24.2,142.95,4.579,14832,186.58,2.6,7.8,2.6,12.9,1,0,13.22,23.16,0,0,6.08,19.31,1,34.84,0.32,19.07,24.2,Crecimiento
40081,Frumales,Segovia,segovia,120,27.63,4.34,48.8,1180.0,4.13,3.7,25.93,-22.22,5.26,-5.51,-40.3,-1.839,15968,238.71,24.8,0.0,8.3,33.1,1,0,10.82,47.12,0,0,5.38,11.19,0,0,10.54,49.59,-5.51,Media
40168,Riaguas de San Bartolomé,Segovia,segovia,28,11.63,2.41,53.6,0.0,0.0,0.0,7.94,-7.94,16.67,-26.32,-70.53,-3.401,16235,1046.25,,,,,1,0,19.77,32.11,0,0,8.93,8.99,0,0,9.2,79.13,-26.32,Alta
40178,San Cristóbal de la Vega,Segovia,segovia,81,15.14,5.35,35.8,362.5,1.2,0.0,23.32,-23.32,-12.9,-30.77,-49.69,-1.955,15780,361.67,12.3,0.0,12.3,24.7,1,0,11.01,11.01,0,0,10.29,10.36,0,0,10.23,43.88,-30.77,Alta
40104,Ituero y Lama,Segovia,segovia,492,13.17,37.36,20.3,142.9,13.39,4.07,2.94,1.13,29.82,31.2,500.0,21.27,15138,117.84,2.0,2.0,20.3,24.4,1,0,4.19,27.18,0,0,3.75,14.06,0,0,10.67,22.68,31.2,Crecimiento
40134,Mozoncillo,Segovia,segovia,916,42.68,21.46,24.8,236.5,22.43,4.49,17.1,-12.62,4.21,-1.72,-10.11,-0.681,14463,172.61,5.5,3.3,3.3,12.0,1,0,7.52,22.46,0,0,7.31,7.55,1,48.03,0.51,24.65,-1.72,Leve
40110,Lastras de Cuéllar,Segovia,segovia,295,65.34,4.51,38.6,638.9,4.85,1.88,28.25,-26.37,-14.24,-27.52,-46.85,-1.725,14031,152.97,10.1,3.4,6.7,20.1,1,0,13.0,36.45,0,0,6.41,13.26,0,0,6.67,39.68,-27.52,Alta
40191,Santo Tomé del Puerto,Segovia,segovia,230,56.72,4.06,32.8,330.4,11.74,3.38,14.01,-10.63,-11.54,-21.5,-29.88,-1.232,14343,303.79,12.9,17.2,38.8,69.0,1,0,18.56,51.36,0,0,13.29,29.99,0,0,10.98,56.96,-21.5,Alta
40903,Marazoleja,Segovia,segovia,98,26.33,3.72,30.9,375.0,16.67,2.27,36.28,-34.01,0.0,-14.04,-35.1,-1.498,15780,292.9,10.3,0.0,0.0,10.3,1,0,18.29,18.29,0,0,6.16,15.06,0,0,6.66,14.78,-14.04,Media
40166,Remondo,Segovia,segovia,329,8.46,38.89,32.1,205.9,11.99,6.75,16.55,-9.79,8.22,11.15,-10.6,-0.666,13971,106.5,3.1,3.1,0.0,6.1,1,0,3.92,32.5,0,0,3.8,3.56,0,0,3.46,53.85,11.15,Crecimiento
40062,Cubillo,Segovia,segovia,74,20.48,3.61,43.2,640.0,16.44,0.0,3.0,-3.0,0.0,0.0,34.55,1.178,16964,443.82,13.5,0.0,81.1,94.6,1,0,10.95,24.37,0,0,9.17,16.56,0,0,9.72,28.84,0.0,Leve
40192,Sauquillo de Cabezas,Segovia,segovia,135,20.25,6.67,26.9,257.1,0.73,2.47,34.57,-32.1,-7.53,-27.42,-44.9,-1.84,14075,203.4,7.5,0.0,14.9,22.4,1,0,12.3,28.17,0,0,5.18,12.67,0,0,5.82,31.71,-27.42,Alta
40071,Encinas,Segovia,segovia,39,17.59,2.22,46.2,300.0,5.0,5.7,22.79,-17.09,-4.88,-22.0,-45.83,-1.932,16235,679.32,,,,,1,0,11.94,30.28,0,0,7.63,25.11,0,0,3.87,66.16,-22.0,Alta
40111,Lastras del Pozo,Segovia,segovia,55,32.42,1.7,36.4,250.0,20.31,8.08,32.32,-24.24,-11.29,-30.38,-33.73,-1.125,15780,552.66,18.2,0.0,54.5,72.7,1,0,9.66,21.65,0,0,8.4,14.94,0,0,8.27,17.16,-30.38,Alta
40012,Aldea Real,Segovia,segovia,275,25.25,10.89,31.8,241.7,11.15,2.42,27.07,-24.65,-1.43,-17.17,-29.49,-1.28,13781,174.36,3.6,3.6,0.0,7.3,1,0,10.03,26.08,0,0,4.08,10.14,0,0,4.08,28.43,-17.17,Alta
40093,Gallegos,Segovia,segovia,96,21.77,4.41,26.0,227.3,13.83,2.31,11.57,-9.26,-8.57,2.13,-12.73,-0.459,16964,311.59,10.4,20.8,83.3,114.6,1,0,6.34,30.28,0,0,21.91,24.72,0,0,10.38,36.32,2.13,Crecimiento
40190,Santo Domingo de Pirón,Segovia,segovia,51,27.57,1.85,27.5,233.3,7.69,4.36,13.07,-8.71,-3.77,-17.74,-21.54,-0.739,16964,486.27,0.0,0.0,58.8,58.8,1,0,10.69,14.53,0,0,5.9,11.86,0,0,8.66,19.58,-17.74,Alta
40034,Caballar,Segovia,segovia,78,16.81,4.64,38.5,600.0,5.33,4.27,12.82,-8.55,-4.88,-18.75,-18.75,-0.934,16964,502.03,0.0,0.0,89.7,102.6,1,0,14.58,23.52,0,0,5.04,14.82,0,0,6.44,27.86,-18.75,Alta
40202,Torreadrada,Segovia,segovia,53,32.81,1.62,49.1,1300.0,4.0,0.0,35.64,-35.64,-3.64,-26.39,-60.74,-2.461,16235,541.65,37.7,0.0,0.0,37.7,1,0,11.2,26.27,0,0,17.75,23.87,0,0,11.31,65.23,-26.39,Alta
40040,Cantalejo,Segovia,segovia,3619,79.33,45.62,23.0,119.2,19.13,7.31,11.54,-4.24,1.6,-2.0,4.5,0.038,12956,41.94,8.3,1.7,3.6,13.6,0,0,5.13,37.15,1,1,5.22,5.36,1,15.47,5.41,40.95,-2.0,Leve
40092,Fuentidueña,Segovia,segovia,125,50.48,2.48,37.3,361.5,17.29,2.67,24.89,-22.22,4.17,-13.19,-30.94,-0.863,15751,371.49,15.9,23.8,71.4,111.1,1,0,10.98,44.28,0,0,7.8,11.45,0,0,11.59,47.86,-13.19,Media
40047,Castro de Fuentidueña,Segovia,segovia,41,19.69,2.08,39.0,0.0,10.42,0.0,16.26,-16.26,10.81,28.12,-54.95,-2.37,16235,862.22,24.4,24.4,73.2,122.0,1,0,11.66,30.79,0,0,15.49,19.39,0,0,10.22,60.71,28.12,Crecimiento
40113,"Losa, La",Segovia,segovia,543,28.61,18.98,22.7,107.0,5.67,5.32,7.98,-2.66,4.62,1.5,48.36,1.765,15923,259.67,5.5,0.0,9.2,14.8,1,0,9.0,10.3,1,0,1.11,11.18,0,0,11.47,9.57,1.5,Crecimiento
40121,Martín Muñoz de las Posadas,Segovia,segovia,251,45.53,5.51,39.8,605.9,7.25,2.21,19.48,-17.26,-11.62,-25.52,-49.09,-1.909,13910,368.67,11.6,3.9,15.4,34.7,1,0,15.19,16.12,0,0,11.03,15.46,0,0,14.97,32.79,-25.52,Alta
40013,Aldeasoña,Segovia,segovia,61,18.6,3.28,52.5,0.0,0.0,1.82,29.14,-27.32,8.93,0.0,-42.45,-1.644,16235,626.16,16.4,16.4,82.0,114.8,1,0,5.21,37.39,0,0,10.75,15.38,0,0,7.21,61.52,0.0,Leve
40155,Palazuelos de Eresma,Segovia,segovia,6107,36.6,166.86,11.6,45.1,6.16,7.55,4.97,2.58,10.27,22.48,95.55,6.161,16040,19.87,1.3,1.1,2.5,4.9,1,0,2.99,4.0,1,0,2.59,2.67,0,0,2.5,11.88,22.48,Crecimiento
40128,Migueláñez,Segovia,segovia,136,19.2,7.08,34.3,522.2,2.17,1.63,22.88,-21.24,3.82,-11.11,-24.02,-1.057,16404,210.54,7.3,0.0,36.5,51.1,1,0,9.18,30.0,0,0,7.56,8.13,0,0,8.2,29.72,-11.11,Media
40171,Ribota,Segovia,segovia,40,21.6,1.85,40.0,800.0,2.33,0.0,22.22,-22.22,-14.89,-6.98,0.0,0.708,16235,840.81,,,,,1,0,10.2,41.69,0,0,8.44,8.43,0,0,8.57,77.76,-6.98,Media
40203,Torrecaballeros,Segovia,segovia,1505,42.19,35.67,14.6,71.1,7.74,6.42,3.03,3.4,9.69,16.85,190.54,9.117,16541,128.9,4.0,6.7,18.7,30.1,1,0,9.03,10.92,1,0,3.39,8.64,0,0,5.09,16.25,16.85,Crecimiento
40163,Puebla de Pedraza,Segovia,segovia,56,17.59,3.18,50.0,933.3,5.88,1.98,15.87,-13.89,30.23,-5.08,-37.78,-2.241,16964,566.81,0.0,17.9,17.9,35.7,1,0,6.3,31.97,0,0,6.48,6.47,0,0,6.3,36.21,-5.08,Media
40084,Fuente el Olmo de Íscar,Segovia,segovia,51,7.79,6.55,23.5,1200.0,0.0,0.0,34.86,-34.86,-7.27,-25.0,-51.89,-2.14,15780,,19.6,0.0,0.0,19.6,1,0,8.88,32.35,0,0,8.43,8.33,0,0,7.87,48.4,-25.0,Alta
40118,Marazuela,Segovia,segovia,58,15.33,3.78,29.3,121.4,1.89,9.58,26.82,-17.24,20.83,7.41,-29.27,-1.282,15780,563.19,0.0,0.0,17.2,17.2,1,0,17.77,19.92,0,0,5.89,10.59,0,0,9.91,17.14,7.41,Crecimiento
40199,Sotosalbos,Segovia,segovia,132,23.9,5.52,22.3,131.8,7.14,0.84,11.78,-10.94,11.86,11.86,6.45,0.441,20550,371.05,7.7,38.5,92.3,138.5,1,0,8.24,17.41,0,0,8.58,14.51,0,0,11.57,22.38,11.86,Crecimiento
40233,Zarzuela del Monte,Segovia,segovia,507,28.34,17.89,28.4,221.5,7.2,5.04,11.83,-6.79,4.54,-7.48,-4.52,-0.332,13749,116.94,7.9,0.0,23.7,31.6,1,0,8.46,23.13,0,0,5.97,12.72,0,0,10.4,18.65,-7.48,Media
40005,Alconada de Maderuelo,Segovia,segovia,23,12.05,1.91,43.5,0.0,3.85,0.0,19.32,-19.32,0.0,-37.84,-58.18,-2.378,16235,1539.7,,,,,1,0,22.71,29.18,0,0,10.13,10.2,0,0,10.37,81.01,-37.84,Alta
40198,Sotillo,Segovia,segovia,31,20.3,1.53,36.7,275.0,3.23,14.34,21.51,-7.17,10.71,19.23,-26.19,-1.284,16235,816.44,,,,,1,0,8.7,45.62,0,0,8.53,22.93,0,0,9.41,56.8,19.23,Crecimiento
40119,Martín Miguel,Segovia,segovia,276,15.28,18.06,18.3,118.6,16.09,6.04,8.05,-2.01,30.81,24.32,37.31,0.82,16029,129.77,3.6,0.0,14.3,17.9,1,0,13.15,13.15,0,0,2.71,13.88,0,0,4.04,10.07,24.32,Crecimiento
40142,Navares de Ayuso,Segovia,segovia,58,14.82,3.91,22.6,200.0,1.89,0.0,13.41,-13.41,9.43,7.41,-32.56,-1.599,16235,68.25,,,,,1,0,8.74,33.1,0,0,6.39,22.96,0,0,2.13,62.99,7.41,Crecimiento
40029,Bercimuel,Segovia,segovia,34,12.15,2.8,52.9,1800.0,8.33,3.27,19.61,-16.34,54.55,6.25,-61.36,-3.51,16235,763.46,29.4,0.0,29.4,58.8,1,0,18.26,31.92,0,0,9.15,15.62,0,0,13.1,72.52,6.25,Crecimiento
40154,Pajarejos,Segovia,segovia,22,8.25,2.67,54.5,600.0,12.5,0.0,25.25,-25.25,4.76,10.0,-52.17,-2.539,16235,231.86,,,,,1,0,15.76,32.12,0,0,6.95,18.16,0,0,10.58,70.17,10.0,Crecimiento
40070,Duruelo,Segovia,segovia,172,17.24,9.98,29.7,255.0,11.76,4.52,12.27,-7.75,3.61,-4.97,26.47,1.099,18756,769.76,0.0,11.6,34.9,46.5,1,0,11.96,49.9,0,0,12.82,23.87,0,0,10.37,54.59,-4.97,Leve
40228,Villaverde de Íscar,Segovia,segovia,579,27.76,20.86,28.7,221.3,8.6,4.8,14.58,-9.79,-2.03,-7.06,-19.81,-0.864,11720,261.17,5.2,1.7,0.0,6.9,1,0,7.97,28.39,0,0,5.09,5.17,0,0,5.52,52.42,-7.06,Media
40148,Nieva,Segovia,segovia,256,33.77,7.58,30.2,410.5,12.36,3.04,17.36,-14.32,-2.66,-14.67,-32.45,-1.311,14242,235.03,11.6,0.0,15.5,27.1,1,0,7.63,22.76,0,0,4.73,5.09,0,0,4.42,30.17,-14.67,Media
40201,Tolocirio,Segovia,segovia,38,9.43,4.03,48.6,900.0,14.29,0.0,32.16,-32.16,-17.39,-28.3,-38.71,-1.293,15780,309.87,0.0,0.0,54.1,54.1,1,0,11.79,11.79,0,0,11.09,11.16,0,0,10.92,45.33,-28.3,Alta
40211,Valdeprados,Segovia,segovia,63,19.41,3.25,36.5,766.7,6.67,7.05,10.58,-3.53,-8.7,-21.25,0.0,-0.074,16964,158.76,31.7,0.0,79.4,111.1,1,0,7.02,19.08,0,0,5.73,12.58,0,0,10.3,14.67,-21.25,Alta
40046,Castillejo de Mesleón,Segovia,segovia,119,27.2,4.38,29.5,360.0,13.04,8.4,14.01,-5.6,-8.46,-16.78,-0.83,-0.392,15811,211.16,8.2,32.8,49.2,90.2,1,0,12.25,43.83,0,0,7.0,23.58,0,0,10.16,61.85,-16.78,Alta
40032,Boceguillas,Segovia,segovia,746,41.49,17.98,15.8,67.4,37.92,10.72,6.11,4.62,3.76,-5.93,34.9,0.949,12080,247.65,5.4,8.0,8.0,22.8,1,0,12.44,40.2,1,0,4.4,21.15,0,0,11.14,64.47,-5.93,Media
40079,Fresno de Cantespino,Segovia,segovia,290,63.24,4.59,31.0,264.7,10.0,3.07,7.28,-4.21,3.57,4.69,16.47,0.541,17630,253.77,3.4,13.8,27.6,44.8,1,0,14.88,37.81,0,0,9.73,10.83,0,0,10.86,74.67,4.69,Crecimiento
40230,Villeguillo,Segovia,segovia,129,16.67,7.74,24.0,119.2,6.56,6.03,10.34,-4.31,22.86,10.26,-26.7,-1.201,11609,163.26,7.8,0.0,0.0,7.8,1,0,9.49,25.09,0,0,6.17,5.97,0,0,5.94,49.77,10.26,Crecimiento
40059,Collado Hermoso,Segovia,segovia,116,16.35,7.09,32.2,925.0,5.98,2.87,14.37,-11.49,-6.45,-20.0,-23.68,-0.916,20254,313.56,0.0,26.1,17.4,43.5,1,0,6.3,18.5,0,0,10.33,15.17,0,0,12.96,24.02,-20.0,Alta
40182,San Martín y Mudrián,Segovia,segovia,263,42.5,6.19,23.8,172.2,29.6,3.8,11.41,-7.6,6.05,1.94,-7.39,-0.683,15526,84.38,11.5,0.0,3.8,15.4,1,0,12.67,35.45,0,0,7.16,12.91,0,0,7.32,36.06,1.94,Crecimiento
40103,"Huertos, Los",Segovia,segovia,173,17.25,10.03,24.7,138.7,4.62,8.35,12.2,-3.85,8.81,-4.42,4.22,0.399,15164,132.46,5.7,0.0,0.0,5.7,1,0,9.02,9.02,0,0,5.03,10.01,0,0,5.31,8.79,-4.42,Leve
40183,San Miguel de Bernuy,Segovia,segovia,119,18.3,6.5,37.5,346.2,15.67,3.73,30.81,-27.08,-19.59,-22.73,-32.0,-1.225,14360,324.44,33.3,16.7,58.3,108.3,1,0,10.21,36.65,0,0,11.84,16.23,0,0,10.22,55.69,-22.73,Alta
40057,Coca,Segovia,segovia,1706,98.31,17.35,27.9,201.3,10.34,5.47,14.52,-9.05,-1.16,-10.02,-13.31,-0.634,13514,39.06,7.6,1.8,10.5,20.5,1,0,8.08,26.02,1,1,1.47,1.45,1,22.86,1.0,43.86,-10.02,Media
40189,Santiuste de San Juan Bautista,Segovia,segovia,534,45.51,11.73,37.6,309.2,4.49,3.33,16.65,-13.32,-0.37,-10.85,-31.1,-1.35,14336,88.98,7.5,0.0,9.4,16.9,1,0,6.36,17.91,0,0,6.39,6.39,0,0,6.1,42.29,-10.85,Media
40108,Laguna de Contreras,Segovia,segovia,111,19.26,5.76,51.8,1900.0,1.74,0.0,23.02,-23.02,0.91,-10.48,-36.93,-1.488,14731,257.01,0.0,0.0,18.2,18.2,1,0,4.97,33.82,0,0,14.32,15.06,0,0,4.77,63.81,-10.48,Media
40140,Navalilla,Segovia,segovia,90,20.81,4.32,36.7,412.5,17.53,4.94,30.86,-25.93,-10.0,-26.83,-40.0,-1.387,16235,348.61,11.1,0.0,22.2,33.3,1,0,9.34,42.31,0,0,4.8,9.18,0,0,9.35,49.33,-26.83,Alta
40026,Basardilla,Segovia,segovia,136,19.04,7.14,14.6,80.0,5.11,2.45,8.17,-5.72,-4.9,-0.73,36.0,1.829,15199,249.87,7.3,7.3,51.1,65.7,1,0,10.91,13.04,0,0,4.63,10.52,0,0,7.16,18.15,-0.73,Leve
40101,Hontanares de Eresma,Segovia,segovia,1680,6.12,274.51,7.6,24.4,9.56,10.32,1.65,8.66,15.38,29.13,918.18,40.919,12753,91.61,1.2,0.0,3.6,4.8,1,0,7.37,7.37,0,0,4.35,8.33,0,0,4.16,6.83,29.13,Crecimiento
40052,Cedillo de la Torre,Segovia,segovia,80,23.71,3.37,38.8,442.9,7.41,1.39,16.67,-15.28,-9.09,-27.93,-35.48,-1.203,16235,349.64,12.5,12.5,12.5,37.5,1,0,17.03,27.24,0,0,10.29,20.87,0,0,9.25,71.48,-27.93,Alta
40132,Moral de Hornuez,Segovia,segovia,38,32.46,1.17,62.2,2300.0,0.0,0.0,43.86,-43.86,-22.45,-46.48,-63.81,-2.437,16235,633.11,27.0,0.0,54.1,81.1,1,0,21.73,22.93,0,0,13.79,20.43,0,0,13.38,75.97,-46.48,Alta
40136,Muñoveros,Segovia,segovia,138,19.34,7.14,29.0,168.0,21.43,8.05,26.57,-18.52,-3.5,-13.21,-28.87,-1.39,13834,324.79,13.8,0.0,48.3,62.1,1,0,8.17,29.36,0,0,5.67,8.43,0,0,8.27,33.56,-13.21,Media
40214,Valseca,Segovia,segovia,208,23.15,8.98,31.2,361.1,13.3,2.67,24.57,-21.9,-11.11,-21.21,-29.25,-1.082,16699,296.4,4.8,0.0,14.4,24.0,1,0,5.92,5.92,0,0,6.31,6.91,0,0,6.31,7.45,-21.21,Alta
40043,Carbonero el Mayor,Segovia,segovia,2463,66.26,37.17,24.7,136.1,20.02,7.35,13.31,-5.95,-1.24,-3.03,7.13,0.245,14330,56.72,6.1,1.2,2.0,9.3,0,0,3.49,26.27,1,1,4.13,3.73,1,64.15,4.0,27.03,-3.03,Leve
40120,Martín Muñoz de la Dehesa,Segovia,segovia,309,17.63,17.53,15.6,81.4,3.26,3.96,4.67,-0.72,36.12,39.19,64.36,1.906,16535,162.23,0.0,3.3,0.0,3.3,1,0,3.47,3.47,0,0,2.77,2.83,0,0,2.98,46.07,39.19,Crecimiento
40028,Bercial,Segovia,segovia,102,20.8,4.9,39.0,780.0,11.43,2.18,18.52,-16.34,-6.42,-11.3,-22.14,-0.768,15616,253.12,,,,,1,0,12.44,26.96,0,0,6.56,20.14,0,0,3.87,22.88,-11.3,Media
40200,Tabanera la Luenga,Segovia,segovia,51,12.87,3.96,36.4,285.7,18.18,15.25,15.25,0.0,4.08,6.25,-23.88,-1.244,15780,325.1,0.0,18.2,0.0,18.2,1,0,4.01,18.78,0,0,3.38,3.77,0,0,2.78,19.68,6.25,Crecimiento
40069,Donhierro,Segovia,segovia,73,17.2,4.24,35.6,433.3,10.67,1.52,19.79,-18.26,-13.1,-28.43,-30.48,-0.977,15780,371.79,13.7,0.0,0.0,13.7,1,0,6.57,6.57,0,0,5.99,6.06,0,0,5.56,49.05,-28.43,Alta
40074,Escarabajosa de Cabezas,Segovia,segovia,269,16.02,16.79,30.5,244.1,7.53,5.78,19.83,-14.04,-9.12,-17.74,-29.21,-1.071,16680,190.64,7.4,0.0,0.0,7.4,1,0,7.82,17.82,0,0,4.17,7.7,0,0,4.1,19.97,-17.74,Alta
40009,Aldeanueva de la Serrezuela,Segovia,segovia,42,20.36,2.06,40.9,900.0,4.55,0.0,21.16,-21.16,5.0,-23.64,-14.29,-0.537,16235,628.36,0.0,45.5,22.7,68.2,1,0,15.93,24.22,0,0,14.8,23.35,0,0,9.99,67.68,-23.64,Alta
40088,Fuenterrebollo,Segovia,segovia,313,35.86,8.73,36.8,285.0,13.65,3.55,22.72,-19.17,-7.94,-15.18,-29.98,-0.99,12591,150.37,9.7,0.0,9.7,19.4,1,0,6.67,42.81,1,0,2.22,6.55,0,0,6.71,46.7,-15.18,Alta
40139,Navafría,Segovia,segovia,282,30.39,9.28,41.7,590.0,11.74,0.79,21.67,-20.88,-1.05,-12.96,-23.37,-0.993,14954,237.34,21.2,17.7,31.8,70.7,0,0,0.0,23.94,0,0,16.59,20.0,0,0,16.63,30.15,-12.96,Media
40037,Calabazas de Fuentidueña,Segovia,segovia,23,14.77,1.56,47.8,0.0,0.0,0.0,24.15,-24.15,-11.54,-41.03,-69.74,-2.609,16235,210.64,0.0,0.0,43.5,43.5,1,0,5.32,35.66,0,0,13.39,19.28,0,0,5.63,59.89,-41.03,Alta
40061,Corral de Ayllón,Segovia,segovia,76,18.04,4.21,41.3,620.0,9.09,2.92,21.93,-19.01,5.56,-10.59,-30.28,-1.191,16235,437.97,0.0,13.3,13.3,26.7,1,0,11.13,40.97,0,0,8.47,9.34,0,0,9.5,76.44,-10.59,Media
40022,Armuña,Segovia,segovia,253,45.78,5.53,24.2,254.2,8.71,2.64,12.74,-10.1,8.12,8.58,-3.07,-0.401,17348,128.1,7.9,4.0,15.9,27.8,1,0,10.47,13.47,0,0,6.51,10.22,0,0,8.48,13.4,8.58,Crecimiento
40196,Sequera de Fresno,Segovia,segovia,42,13.3,3.16,25.6,125.0,11.36,5.29,10.58,-5.29,23.53,-6.67,-17.65,-1.109,16235,623.43,0.0,0.0,51.3,51.3,1,0,16.7,36.61,0,0,7.23,16.17,0,0,11.86,69.86,-6.67,Media
40231,Yanguas de Eresma,Segovia,segovia,117,24.25,4.82,31.0,354.5,12.2,2.85,23.74,-20.89,-6.4,-14.6,-38.42,-1.659,15566,281.69,15.9,0.0,7.9,23.8,1,0,6.82,16.54,0,0,6.27,6.57,0,0,5.7,16.91,-14.6,Media
40073,Escalona del Prado,Segovia,segovia,475,31.75,14.96,31.4,232.8,13.17,5.61,16.14,-10.53,-4.04,-14.87,-19.35,-0.859,14598,323.91,4.2,2.1,2.1,8.4,1,0,13.65,23.47,0,0,6.93,13.66,0,0,6.13,26.55,-14.87,Media
40206,Torre Val de San Pedro,Segovia,segovia,165,44.24,3.73,34.5,407.1,5.56,3.37,10.1,-6.73,-14.06,-15.82,-13.61,-0.125,15167,279.62,24.2,6.1,103.0,139.4,1,0,2.94,21.7,0,0,13.8,18.07,0,0,16.03,27.48,-15.82,Alta
40060,Condado de Castilnovo,Segovia,segovia,74,23.81,3.11,42.5,620.0,13.75,6.01,34.53,-28.53,-12.94,-29.52,-40.32,-1.427,16235,419.59,0.0,27.4,27.4,54.8,1,0,5.55,45.69,0,0,13.24,14.88,0,0,5.15,50.14,-29.52,Alta
40099,Honrubia de la Cuesta,Segovia,segovia,49,20.78,2.36,36.7,1800.0,6.12,2.27,13.61,-11.34,-10.91,-24.62,-33.78,-1.392,16235,526.3,20.4,20.4,20.4,61.2,1,0,18.66,19.22,0,0,9.25,18.19,0,0,13.0,74.14,-24.62,Alta
40225,Villacastín,Segovia,segovia,1567,109.43,14.32,22.3,123.9,17.23,7.09,10.85,-3.76,5.66,3.02,4.05,-0.088,12890,105.64,7.7,6.4,9.6,24.4,0,0,1.85,25.39,1,0,1.89,15.16,0,0,14.76,28.01,3.02,Crecimiento
40076,"Espinar, El",Segovia,segovia,10409,204.62,50.87,17.6,87.0,14.43,5.95,7.16,-1.22,14.56,9.73,67.21,2.542,13808,21.69,3.4,3.3,5.6,12.5,0,0,8.18,27.19,1,1,2.31,1.59,1,12.3,1.77,25.34,9.73,Crecimiento
40151,Ortigosa de Pestaño,Segovia,segovia,51,8.39,6.08,29.4,300.0,28.3,2.18,15.25,-13.07,4.08,-31.08,-41.38,-2.389,15780,484.25,,,,,1,0,10.7,27.2,0,0,2.83,2.59,0,0,2.79,26.2,-31.08,Alta
40072,Encinillas,Segovia,segovia,358,8.26,43.34,6.1,19.3,4.83,15.83,3.1,12.73,14.74,43.2,377.33,14.615,14946,94.8,0.0,2.8,5.5,8.3,1,0,8.36,8.36,0,0,5.23,9.25,0,0,5.49,10.89,43.2,Crecimiento
40902,Cozuelos de Fuentidueña,Segovia,segovia,102,15.21,6.71,42.2,614.3,7.34,0.0,37.04,-37.04,-19.05,-23.88,-47.15,-1.57,14363,233.9,9.8,0.0,29.4,39.2,1,0,3.99,44.66,0,0,6.67,19.46,0,0,14.09,52.59,-23.88,Alta
40107,Labajos,Segovia,segovia,105,20.94,5.01,38.1,444.4,17.65,4.23,19.05,-14.81,3.96,-27.59,-33.12,-1.299,13781,521.89,0.0,28.6,47.6,85.7,1,0,11.51,25.25,0,0,7.22,25.59,0,0,12.11,30.96,-27.59,Alta
40186,Santa Marta del Cerro,Segovia,segovia,45,14.83,3.03,46.7,0.0,4.08,0.0,34.57,-34.57,36.36,7.14,-11.76,-1.024,16964,457.38,22.2,0.0,66.7,88.9,1,0,11.03,46.88,0,0,14.38,20.96,0,0,8.51,51.38,7.14,Crecimiento
40091,Fuentesoto,Segovia,segovia,96,29.74,3.23,45.8,733.3,6.0,1.16,15.05,-13.89,-9.43,-14.29,-44.19,-1.965,16057,320.03,0.0,10.4,0.0,10.4,1,0,6.58,30.26,0,0,17.46,21.74,0,0,6.56,62.01,-14.29,Media
40150,Orejana,Segovia,segovia,61,20.9,2.92,44.3,2700.0,1.59,0.0,30.97,-30.97,8.93,-17.57,-46.96,-1.801,16964,701.16,16.4,0.0,65.6,82.0,1,0,15.1,37.18,0,0,16.65,16.55,0,0,7.45,41.68,-17.57,Alta
40129,Montejo de Arévalo,Segovia,segovia,158,35.91,4.4,47.1,435.3,2.48,3.52,23.21,-19.69,-7.6,-17.71,-46.26,-1.821,14754,186.16,12.7,0.0,0.0,19.1,1,0,11.33,11.33,0,0,10.71,10.78,0,0,10.34,48.81,-17.71,Alta
40010,Aldeanueva del Codonal,Segovia,segovia,105,22.06,4.76,41.0,1075.0,3.7,3.17,27.51,-24.34,-7.08,-21.64,-50.47,-2.029,14198,254.95,19.0,0.0,0.0,19.0,1,0,8.22,16.77,0,0,8.58,7.97,0,0,8.21,34.87,-21.64,Alta
40031,Bernuy de Porreros,Segovia,segovia,1342,9.25,145.08,9.0,43.2,18.75,6.87,3.73,3.15,75.2,86.65,334.3,8.774,14247,145.45,3.7,0.0,8.9,12.7,1,0,5.1,5.1,0,0,3.74,5.74,0,0,4.41,8.88,86.65,Crecimiento
40001,Abades,Segovia,segovia,849,31.92,26.6,26.8,151.3,4.9,6.67,14.27,-7.59,-0.93,-1.62,0.12,-0.097,14080,221.62,5.9,1.2,4.7,13.0,1,0,13.09,13.09,1,0,1.03,13.22,1,95.41,1.34,8.8,-1.62,Leve
40065,Chañe,Segovia,segovia,739,35.21,20.99,22.3,203.6,38.6,6.31,12.63,-6.31,4.38,-16.69,2.64,0.116,14373,116.18,5.2,3.9,5.2,14.4,1,0,7.17,38.61,1,0,5.08,6.82,0,0,6.87,50.74,-16.69,Alta
40123,Matabuena,Segovia,segovia,204,21.38,9.54,24.6,283.3,20.48,3.27,12.53,-9.26,51.11,5.7,-5.56,-0.902,14089,188.52,14.5,0.0,72.5,87.0,1,0,9.53,33.43,0,0,22.63,23.6,0,0,7.11,39.2,5.7,Crecimiento
40143,Navares de Enmedio,Segovia,segovia,90,24.57,3.66,44.4,500.0,5.43,2.47,33.33,-30.86,-2.17,-9.09,-41.94,-1.75,16235,352.85,22.2,11.1,0.0,33.3,1,0,11.17,30.12,0,0,10.24,23.09,1,411.11,2.2,64.07,-9.09,Media
40077,Espirdo,Segovia,segovia,1613,25.98,62.09,9.8,41.5,12.27,11.3,4.48,6.82,16.13,45.71,650.23,25.86,14557,56.7,0.6,1.2,9.9,12.9,1,0,6.76,6.76,0,0,4.24,6.76,0,0,5.35,11.18,45.71,Crecimiento
40020,Arcones,Segovia,segovia,179,31.79,5.63,38.5,575.0,4.47,3.1,22.35,-19.24,23.45,-16.36,-27.82,-1.498,15959,269.49,5.6,11.2,72.6,89.4,1,0,13.33,37.24,0,0,23.94,23.84,0,0,3.36,42.94,-16.36,Alta
40179,Sanchonuño,Segovia,segovia,1053,29.23,36.02,20.3,115.2,27.49,7.39,9.71,-2.32,8.22,10.96,42.68,1.355,13355,177.26,3.8,1.0,3.8,8.6,1,0,8.52,43.85,1,0,1.59,8.63,1,38.94,1.23,45.55,10.96,Crecimiento
40068,Domingo García,Segovia,segovia,29,17.74,1.63,28.6,200.0,6.45,0.0,11.49,-11.49,16.0,3.57,-40.82,-1.918,15780,846.16,0.0,0.0,35.7,35.7,1,0,8.76,28.29,0,0,5.7,5.57,0,0,5.56,28.65,3.57,Crecimiento
40106,Juarros de Voltoya,Segovia,segovia,185,21.6,8.56,40.6,475.0,3.76,1.8,23.42,-21.62,-6.09,-22.27,-40.13,-1.651,12970,195.29,10.7,5.3,16.0,32.1,1,0,12.28,17.68,0,0,9.14,9.59,0,0,8.96,31.64,-22.27,Alta
40212,Valdevacas de Montejo,Segovia,segovia,29,17.5,1.66,46.4,650.0,0.0,0.0,7.66,-7.66,0.0,-9.38,-12.12,-0.45,16235,462.29,35.7,0.0,35.7,71.4,1,0,16.9,17.57,0,0,8.85,16.35,0,0,13.95,79.71,-9.38,Media
40003,Adrados,Segovia,segovia,113,18.17,6.22,50.0,950.0,8.13,0.98,36.38,-35.4,-11.02,-27.1,-46.7,-1.778,16860,248.31,8.8,17.5,26.3,52.6,1,0,7.91,46.01,0,0,7.11,17.95,0,0,15.57,48.99,-27.1,Alta
40082,Fuente de Santa Cruz,Segovia,segovia,105,17.6,5.97,45.7,600.0,2.02,4.23,26.46,-22.22,-4.55,-17.97,-45.88,-1.903,15780,572.44,9.5,0.0,0.0,9.5,1,0,9.36,19.5,0,0,8.61,8.48,0,0,8.58,49.74,-17.97,Alta
40149,Olombrada,Segovia,segovia,490,66.42,7.38,41.2,612.1,11.16,2.04,22.22,-20.18,-8.58,-19.01,-39.73,-1.606,13938,80.79,10.2,2.0,14.3,26.5,1,0,6.67,45.79,1,0,2.42,15.15,0,0,7.93,56.25,-19.01,Alta
40210,Urueñas,Segovia,segovia,105,32.82,3.2,50.5,883.3,0.0,5.29,35.98,-30.69,2.94,0.96,-13.93,-0.593,16235,270.5,9.5,9.5,38.1,57.1,1,0,6.44,35.27,0,0,10.32,17.88,1,228.57,1.3,58.58,0.96,Crecimiento
40216,Valverde del Majano,Segovia,segovia,1097,30.94,35.46,16.8,81.9,10.49,7.5,6.89,0.61,-1.61,3.2,118.96,5.795,15074,86.53,4.5,3.6,3.6,11.8,1,0,7.16,7.16,1,0,2.45,7.84,1,49.23,2.05,4.25,3.2,Crecimiento
40033,Brieva,Segovia,segovia,93,13.68,6.8,17.5,130.8,15.56,4.78,9.56,-4.78,0.0,0.0,30.99,1.292,16964,669.07,10.3,20.6,72.2,103.1,1,0,11.66,11.66,0,0,5.57,11.68,0,0,7.43,16.0,0.0,Leve
40036,Cabezuela,Segovia,segovia,655,35.21,18.6,25.8,143.2,12.04,6.11,14.76,-8.65,1.71,-2.82,-9.15,-0.466,14104,81.31,6.1,0.0,9.2,15.3,1,0,5.08,32.79,0,0,5.32,5.45,0,0,5.35,36.74,-2.82,Leve
40177,San Cristóbal de Cuéllar,Segovia,segovia,161,14.74,10.92,42.2,523.1,10.46,3.45,20.7,-17.25,12.59,1.26,-27.48,-1.374,15855,167.24,6.2,0.0,6.2,12.4,1,0,6.96,32.29,0,0,4.18,5.46,0,0,7.2,58.64,1.26,Crecimiento
40100,Hontalbilla,Segovia,segovia,277,38.31,7.23,37.0,309.1,9.4,7.22,19.66,-12.43,-8.58,-12.34,-35.43,-1.309,13735,501.62,21.7,0.0,7.2,29.0,1,0,11.15,42.69,0,0,9.68,18.31,0,0,12.24,45.64,-12.34,Media
40002,Adrada de Pirón,Segovia,segovia,39,10.71,3.64,25.6,166.7,0.0,2.85,8.55,-5.7,5.41,-4.88,-35.0,-1.365,16964,694.85,0.0,25.6,102.6,128.2,1,0,13.47,13.47,0,0,8.16,13.75,0,0,5.16,17.62,-4.88,Leve
40083,Fuente el Olmo de Fuentidueña,Segovia,segovia,396,31.14,12.72,7.9,129.2,83.21,3.65,6.73,-3.09,132.94,125.0,171.23,3.123,11824,,5.1,2.5,0.0,7.6,1,0,7.02,38.7,0,0,12.67,16.96,0,0,10.27,54.68,125.0,Crecimiento
40078,Fresneda de Cuéllar,Segovia,segovia,162,11.55,14.03,41.6,609.1,15.57,3.43,19.2,-15.78,-0.61,-8.99,-34.15,-1.331,16648,190.9,6.2,0.0,18.6,24.8,1,0,8.68,35.97,0,0,7.66,8.36,0,0,8.24,48.72,-8.99,Media
40051,Castroserracín,Segovia,segovia,24,21.02,1.14,62.5,750.0,4.17,4.63,23.15,-18.52,-40.0,-62.5,-64.18,-1.514,16235,1087.0,83.3,0.0,0.0,83.3,1,0,12.53,30.74,0,0,15.28,19.75,0,0,5.75,61.34,-62.5,Alta
40135,Muñopedro,Segovia,segovia,298,87.1,3.42,37.8,400.0,12.01,2.24,21.25,-19.02,-4.79,-10.24,-23.0,-0.929,12362,180.4,16.9,0.0,10.1,30.4,1,0,12.82,27.22,0,0,7.89,22.36,0,0,8.7,27.73,-10.24,Media
40006,Aldealcorvo,Segovia,segovia,15,6.07,2.47,46.7,0.0,5.56,7.41,29.63,-22.22,-25.0,-25.0,-50.0,-1.248,16235,1724.26,0.0,0.0,133.3,133.3,1,0,6.74,43.44,0,0,11.23,11.15,0,0,3.19,47.84,-25.0,Alta
42161,Salduero,Soria,soria,148,2.69,55.02,40.5,666.7,2.7,2.25,13.51,-11.26,-2.63,-4.52,-23.32,-1.176,15798,381.65,0.0,20.3,33.8,54.1,1,0,7.16,30.64,0,0,4.13,7.28,0,0,11.84,74.7,-4.52,Leve
42202,Velilla de los Ajos,Soria,soria,15,19.65,0.76,66.7,0.0,0.0,0.0,59.26,-59.26,-21.05,-40.0,-66.67,-2.748,18202,,,,,,1,0,13.69,33.91,0,0,14.9,20.76,0,0,6.34,36.0,-40.0,Alta
42056,Castilfrío de la Sierra,Soria,soria,35,12.77,2.74,29.7,1100.0,8.82,3.17,9.52,-6.35,-5.41,20.69,20.69,0.292,17967,1047.14,0.0,0.0,27.0,27.0,1,0,15.22,22.27,0,0,12.12,22.86,0,0,12.18,38.47,20.69,Crecimiento
42015,Alentisque,Soria,soria,23,34.92,0.66,56.5,0.0,0.0,0.0,19.32,-19.32,-23.33,-28.12,-46.51,-1.444,18177,,,,,,1,0,19.24,41.08,0,0,19.49,18.83,0,0,7.55,45.06,-28.12,Alta
42197,Valderrodilla,Soria,soria,59,32.13,1.84,49.2,2900.0,0.0,3.77,26.37,-22.6,-13.24,-25.32,-52.03,-1.929,15937,25.42,0.0,0.0,33.9,33.9,1,0,11.64,35.53,0,0,11.97,20.85,0,0,13.05,73.52,-25.32,Alta
42218,Yanguas,Soria,soria,104,54.21,1.92,22.9,109.1,28.3,8.55,3.21,5.34,0.97,-2.8,-23.53,-0.835,13881,353.46,19.0,28.6,47.6,95.2,1,0,14.92,39.06,0,0,12.26,39.98,0,0,12.61,55.45,-2.8,Leve
42173,Soria,Soria,soria,41025,271.37,151.18,22.4,116.9,13.48,7.33,10.33,-3.0,3.02,4.74,20.35,0.728,16027,,3.1,2.3,5.3,11.4,1,1,8.75,44.3,1,1,8.75,8.65,1,12.43,9.03,0.0,4.74,Crecimiento
42020,Almazán,Soria,soria,5544,166.3,33.34,25.1,136.8,12.6,7.17,11.92,-4.75,1.22,-3.31,-4.33,-0.269,14595,76.61,2.3,2.5,3.4,9.6,0,0,8.94,38.93,1,1,8.09,7.98,1,26.52,7.31,61.09,-3.31,Leve
42021,Almazul,Soria,soria,61,67.76,0.9,52.5,0.0,1.64,0.0,41.89,-41.89,-1.61,-27.38,-63.47,-2.571,18202,767.79,,,,,1,0,6.89,32.9,0,0,8.13,29.45,0,0,7.08,25.75,-27.38,Alta
42022,Almenar de Soria,Soria,soria,233,105.84,2.2,30.5,308.7,6.85,2.38,17.17,-14.78,0.43,-2.92,-39.79,-1.692,17748,346.33,8.6,8.6,25.8,42.9,1,0,13.46,33.71,0,0,13.02,14.42,0,0,12.57,12.17,-2.92,Leve
42024,Arancón,Soria,soria,73,77.65,0.94,47.9,3500.0,0.0,0.0,16.74,-16.74,-13.1,-19.78,-38.14,-1.297,18202,4.11,,,,,1,0,17.73,17.73,0,0,14.99,17.6,0,0,17.52,29.32,-19.78,Alta
42025,Arcos de Jalón,Soria,soria,1531,440.95,3.47,29.4,210.8,15.28,5.66,23.37,-17.71,5.3,-7.83,-17.51,-0.912,13342,264.54,4.6,3.3,7.8,15.7,0,0,15.94,53.13,1,1,9.94,9.94,1,94.71,10.06,54.53,-7.83,Media
42145,Quintanas de Gormaz,Soria,soria,119,29.92,3.98,35.0,860.0,15.62,2.8,25.21,-22.41,-16.2,-20.13,-40.2,-1.399,12829,50.42,0.0,8.1,16.3,24.4,1,0,9.24,49.72,0,0,9.44,12.5,0,0,9.62,87.37,-20.13,Alta
42076,Deza,Soria,soria,162,117.99,1.37,49.1,2000.0,6.02,3.43,30.86,-27.43,-25.35,-33.06,-58.25,-2.177,13754,69.75,0.0,12.3,18.4,30.7,1,0,22.61,49.01,0,0,23.6,33.01,0,0,15.14,25.55,-33.06,Alta
42185,Torreblacos,Soria,soria,28,17.43,1.61,64.3,1800.0,0.0,0.0,19.84,-19.84,16.67,7.69,-24.32,-1.199,15937,236.67,,,,,1,0,16.26,36.19,0,0,16.91,16.67,0,0,16.72,78.73,7.69,Crecimiento
42140,Portillo de Soria,Soria,soria,11,12.92,0.85,36.4,0.0,0.0,0.0,40.4,-40.4,-26.67,-26.67,-47.62,-1.619,18202,25.0,,,,,0,0,9.6,33.26,0,0,9.58,19.54,0,0,9.02,16.18,-26.67,Alta
42029,Baraona,Soria,soria,117,116.42,1.0,39.7,1150.0,5.69,1.9,29.44,-27.54,-12.03,-28.22,-49.57,-1.863,12188,185.97,0.0,8.6,17.2,25.9,1,0,17.75,48.13,0,0,17.06,16.68,0,0,14.37,64.82,-28.22,Alta
42035,Berlanga de Duero,Soria,soria,810,219.87,3.68,34.4,290.6,11.87,4.66,20.99,-16.32,-3.8,-14.1,-29.44,-1.135,14302,465.48,1.2,8.6,22.2,32.0,0,0,8.0,37.95,1,0,8.22,22.37,1,56.79,9.22,73.24,-14.1,Media
42171,Serón de Nágima,Soria,soria,125,60.08,2.08,43.4,430.8,16.8,2.67,75.56,-72.89,-2.34,-7.41,-51.92,-2.17,14554,714.2,7.8,7.8,15.5,31.0,1,0,12.15,36.64,0,0,13.47,27.45,1,464.0,1.15,30.4,-7.41,Media
42188,Trévago,Soria,soria,47,20.48,2.29,44.7,2100.0,21.28,4.73,21.28,-16.55,4.44,-14.55,-38.16,-1.67,17967,301.94,21.3,0.0,127.7,148.9,1,0,14.18,30.8,0,0,14.18,14.25,0,0,14.11,22.19,-14.55,Media
42094,Garray,Soria,soria,794,76.12,10.43,18.9,94.9,4.71,6.72,5.04,1.68,10.12,13.11,84.22,4.805,19511,291.07,3.8,7.6,22.7,34.0,1,0,9.08,9.08,1,0,7.83,10.23,0,0,9.94,50.65,13.11,Crecimiento
42043,Burgo de Osma-Ciudad de Osma,Soria,soria,5283,288.93,18.28,25.9,157.5,13.72,5.66,14.87,-9.21,4.86,4.28,6.38,0.046,14739,74.75,3.8,3.6,10.1,19.0,0,0,12.06,43.21,1,1,11.67,11.69,1,58.87,11.76,101.66,4.28,Crecimiento
42153,Rello,Soria,soria,21,24.35,0.86,40.0,0.0,0.0,0.0,31.75,-31.75,40.0,23.53,-50.0,-2.241,18177,,50.0,0.0,100.0,150.0,1,0,17.69,52.96,0,0,17.35,24.97,0,0,16.73,78.6,23.53,Crecimiento
42162,San Esteban de Gormaz,Soria,soria,2962,427.57,6.93,27.1,183.6,19.01,5.93,14.55,-8.63,0.2,-3.52,-11.53,-0.551,14700,150.44,5.4,3.0,9.4,18.8,0,0,6.16,43.75,1,1,6.36,6.45,1,30.38,6.39,106.96,-3.52,Leve
42155,Retortillo de Soria,Soria,soria,126,172.53,0.73,60.5,3900.0,5.34,2.65,50.26,-47.62,-19.23,-30.77,-47.72,-1.753,16622,238.1,0.0,15.5,38.8,54.3,1,0,20.93,66.83,0,0,20.68,29.56,1,404.76,4.02,99.18,-30.77,Alta
42085,Fuentearmegil,Soria,soria,148,60.45,2.45,63.5,4700.0,2.0,0.75,24.77,-24.02,-13.45,-24.87,-56.85,-2.188,14988,336.58,6.8,0.0,0.0,6.8,1,0,14.17,38.36,0,0,13.97,13.99,0,0,14.03,106.54,-24.87,Alta
42125,Muriel Viejo,Soria,soria,73,11.34,6.44,32.9,480.0,2.67,0.0,15.22,-15.22,-7.59,-25.51,-7.59,0.179,15127,116.07,0.0,13.7,13.7,27.4,1,0,14.22,35.95,0,0,10.46,13.61,0,0,20.04,80.14,-25.51,Alta
42134,Ólvega,Soria,soria,3782,98.63,38.35,20.2,116.9,19.65,6.2,8.99,-2.79,2.91,1.8,14.68,0.589,15401,95.33,2.9,1.6,2.4,7.7,0,0,1.66,41.82,1,1,1.66,1.58,1,10.05,1.83,7.26,1.8,Crecimiento
42034,Beratón,Soria,soria,38,41.09,0.92,36.8,1400.0,9.76,0.0,17.54,-17.54,0.0,2.7,11.76,0.117,18202,356.7,0.0,26.3,26.3,52.6,1,0,15.0,54.41,0,0,15.01,14.96,0,0,14.99,10.48,2.7,Crecimiento
42059,Centenera de Andaluz,Soria,soria,19,19.84,0.96,57.9,1100.0,0.0,5.85,17.54,-11.7,0.0,-9.52,-34.48,-1.123,18177,,,,,,1,0,11.07,36.53,0,0,11.15,17.52,0,0,8.01,69.49,-9.52,Media
42057,Castilruiz,Soria,soria,170,38.75,4.39,36.5,344.4,19.23,5.88,28.76,-22.88,5.59,-13.71,-47.37,-2.095,15493,104.53,5.9,0.0,5.9,11.8,1,0,6.59,41.35,0,0,6.46,6.3,0,0,6.06,19.94,-13.71,Media
42068,Coscurita,Soria,soria,69,54.88,1.26,47.8,0.0,0.0,1.61,25.76,-24.15,-10.39,-25.0,-51.06,-2.049,18177,20.65,0.0,0.0,43.5,43.5,1,0,8.11,33.5,0,0,8.36,7.8,0,0,5.89,48.79,-25.0,Alta
42071,Cubo de la Solana,Soria,soria,177,132.65,1.33,37.7,345.0,7.98,1.88,20.09,-18.2,-2.21,-8.29,-29.2,-1.274,16898,379.25,0.0,0.0,21.9,21.9,1,0,13.36,17.3,0,0,7.89,14.42,0,0,14.06,49.31,-8.29,Media
42080,Espeja de San Marcelino,Soria,soria,160,72.43,2.21,40.1,500.0,5.26,0.0,27.78,-27.78,6.67,-7.51,-38.22,-1.7,14396,157.71,12.3,0.0,30.9,43.2,1,0,12.73,37.48,0,0,12.81,18.33,0,0,13.31,108.46,-7.51,Media
42141,"Póveda de Soria, La",Soria,soria,108,64.2,1.68,38.9,525.0,0.92,7.2,16.46,-9.26,3.85,-6.09,-10.74,-0.45,15197,141.62,0.0,0.0,18.5,18.5,1,0,26.25,26.25,0,0,8.4,27.39,0,0,9.08,58.71,-6.09,Media
42139,Pinilla del Campo,Soria,soria,17,19.36,0.88,58.8,0.0,0.0,0.0,26.14,-26.14,-19.05,-26.09,-29.17,-0.748,18202,70.67,,,,,1,0,12.86,31.16,0,0,12.84,12.78,0,0,13.24,13.29,-26.09,Alta
42070,Cubilla,Soria,soria,22,20.18,1.09,31.8,0.0,0.0,0.0,45.45,-45.45,-29.03,-45.0,-69.86,-2.446,15127,2758.27,,,,,1,0,14.68,38.8,0,0,10.22,14.13,0,0,18.87,82.59,-45.0,Alta
42038,Borjabad,Soria,soria,29,23.36,1.24,55.2,0.0,0.0,0.0,30.65,-30.65,-12.12,-17.14,-52.46,-2.006,18177,33.97,,,,,1,0,12.73,22.87,0,0,12.87,13.47,0,0,13.54,41.27,-17.14,Alta
42032,Bayubas de Abajo,Soria,soria,148,44.03,3.36,50.7,1085.7,13.01,1.5,21.77,-20.27,4.96,-5.73,-46.76,-2.198,16243,349.56,6.7,6.7,40.0,53.3,1,0,6.44,45.19,0,0,6.77,15.18,0,0,7.45,82.52,-5.73,Media
42195,Valdenebro,Soria,soria,85,51.34,1.66,41.4,514.3,22.11,3.92,27.45,-23.53,-9.57,-28.57,-40.97,-1.547,15937,307.52,23.0,0.0,0.0,23.0,1,0,8.67,45.38,0,0,8.78,8.66,0,0,8.84,85.35,-28.57,Alta
42215,Vinuesa,Soria,soria,826,142.83,5.78,29.3,244.4,5.28,4.57,17.35,-12.78,-2.48,-11.94,-22.8,-0.948,13783,794.97,7.3,15.8,49.7,72.7,1,0,9.26,35.5,1,0,9.28,9.5,1,67.8,11.77,77.39,-11.94,Media
42177,Tajueco,Soria,soria,61,18.04,3.38,42.6,866.7,7.02,1.82,20.04,-18.21,5.17,-22.78,-50.0,-2.082,15937,14.75,16.4,0.0,16.4,32.8,1,0,7.67,39.82,0,0,8.03,18.78,0,0,9.09,77.06,-22.78,Alta
42159,Rollamienta,Soria,soria,49,18.59,2.64,38.8,1900.0,2.13,2.27,11.34,-9.07,22.5,25.64,8.89,-0.492,17967,398.8,20.4,0.0,20.4,40.8,1,0,17.35,17.35,0,0,4.64,18.51,0,0,3.88,54.64,25.64,Crecimiento
42127,Nafría de Ucero,Soria,soria,35,36.5,0.96,45.7,1600.0,0.0,0.0,15.87,-15.87,6.06,-10.26,-59.3,-2.725,14616,382.12,0.0,0.0,57.1,57.1,1,0,12.83,49.09,0,0,10.65,12.78,0,0,14.54,95.98,-10.26,Media
42069,Covaleda,Soria,soria,1560,104.22,14.97,35.3,351.6,1.65,4.34,16.17,-11.82,-5.11,-12.31,-23.64,-0.965,14012,166.97,3.2,3.2,12.8,19.8,0,0,1.79,37.76,1,1,2.05,1.99,0,0,5.02,81.27,-12.31,Media
42175,Suellacabras,Soria,soria,32,39.13,0.82,21.9,233.3,3.03,3.47,6.94,-3.47,33.33,28.0,-15.79,-1.045,17967,,0.0,0.0,62.5,62.5,1,0,19.98,24.02,0,0,19.17,20.31,0,0,19.02,27.34,28.0,Crecimiento
42010,Aldealices,Soria,soria,22,6.32,3.48,45.5,250.0,0.0,0.0,5.05,-5.05,-37.14,-12.0,-33.33,-0.429,17967,,0.0,0.0,45.5,45.5,1,0,14.49,23.26,0,0,11.91,23.76,0,0,11.9,36.63,-12.0,Media
42093,Fuentestrún,Soria,soria,55,9.17,6.0,28.6,400.0,23.08,0.0,20.2,-20.2,25.0,10.0,-28.57,-1.731,17967,775.42,0.0,17.9,0.0,17.9,1,0,13.06,32.66,0,0,13.06,13.14,0,0,12.95,21.36,10.0,Crecimiento
42018,Almaluez,Soria,soria,113,158.89,0.71,49.1,1400.0,5.6,4.92,28.52,-23.6,-13.08,-30.67,-62.71,-2.394,14242,310.11,,,,,1,0,22.17,45.96,0,0,17.07,17.07,0,0,9.31,48.76,-30.67,Alta
42012,Aldealseñor,Soria,soria,29,9.28,3.12,37.9,366.7,7.14,0.0,42.15,-42.15,0.0,-29.27,-43.14,-1.746,18202,110.34,,,,,1,0,17.67,17.67,0,0,13.7,18.11,0,0,14.58,36.18,-29.27,Alta
42200,Velamazán,Soria,soria,66,71.49,0.92,50.0,1650.0,0.0,1.68,21.89,-20.2,-9.59,-22.35,-55.1,-2.187,18177,695.76,0.0,0.0,30.3,30.3,1,0,7.25,39.58,0,0,7.34,21.14,0,0,8.12,73.3,-22.35,Alta
42130,Nepas,Soria,soria,49,25.09,1.95,53.1,0.0,0.0,2.27,18.14,-15.87,-5.77,-18.33,-43.68,-1.754,18177,605.64,0.0,0.0,20.4,20.4,1,0,9.96,28.14,0,0,10.17,10.33,0,0,10.6,43.92,-18.33,Alta
42064,Ciria,Soria,soria,67,52.56,1.27,48.5,3300.0,1.41,3.32,19.9,-16.58,-15.19,-27.96,-40.18,-1.416,18202,467.79,0.0,0.0,14.7,14.7,1,0,16.09,45.28,0,0,16.08,15.98,0,0,16.43,7.79,-27.96,Alta
42164,San Leonardo de Yagüe,Soria,soria,1954,60.49,32.3,28.2,207.5,13.95,5.12,12.79,-7.68,-4.87,-9.7,-5.6,-0.307,14131,126.68,4.1,4.6,9.7,19.9,0,0,3.21,49.29,1,1,3.08,3.42,0,0,8.55,93.88,-9.7,Media
42196,Valdeprado,Soria,soria,8,31.87,0.25,37.5,0.0,0.0,0.0,27.78,-27.78,14.29,-42.86,-57.89,-2.704,17967,123.12,,,,,0,0,10.35,34.34,0,0,12.11,20.08,0,0,11.8,31.42,-42.86,Alta
42119,Monteagudo de las Vicarías,Soria,soria,169,96.9,1.74,35.9,217.9,15.73,10.52,34.85,-24.33,-3.98,-22.48,-44.41,-1.632,14021,329.32,11.8,0.0,5.9,23.5,1,0,22.44,43.28,0,0,21.85,21.85,1,284.02,8.51,41.12,-22.48,Alta
42117,Molinos de Duero,Soria,soria,162,27.35,5.92,30.9,217.4,10.06,0.69,10.29,-9.6,2.53,-8.99,-15.62,-0.669,18135,99.81,0.0,24.7,123.5,148.1,1,0,7.4,31.32,0,0,6.34,7.45,0,0,11.8,75.65,-8.99,Media
42157,"Riba de Escalote, La",Soria,soria,9,23.41,0.38,66.7,0.0,22.22,0.0,37.04,-37.04,-18.18,-43.75,-68.97,-2.638,18177,67.24,,,,,1,0,15.1,53.99,0,0,14.74,27.52,0,0,13.96,81.52,-43.75,Alta
42092,Fuentes de Magaña,Soria,soria,47,11.2,4.2,40.4,475.0,0.0,4.73,35.46,-30.73,-20.34,-37.33,-52.53,-1.71,17967,,0.0,21.3,63.8,85.1,1,0,12.25,27.91,0,0,11.55,24.15,0,0,11.37,32.63,-37.33,Alta
42013,Aldehuela de Periáñez,Soria,soria,27,27.34,0.99,33.3,300.0,0.0,4.12,12.35,-8.23,-15.62,-34.15,-37.21,-0.862,18202,68.13,0.0,0.0,111.1,111.1,0,0,12.36,12.36,0,0,9.81,12.26,0,0,12.19,33.64,-34.15,Alta
42128,Narros,Soria,soria,68,13.2,5.15,34.3,766.7,1.41,3.27,8.17,-4.9,47.83,61.9,30.77,0.25,18202,215.32,,,,,1,0,17.92,17.92,0,0,14.49,18.07,0,0,18.15,32.07,61.9,Crecimiento
42144,Quintana Redonda,Soria,soria,499,183.66,2.72,33.4,227.4,11.74,5.12,18.04,-12.91,1.42,-1.58,-12.15,-0.586,14822,386.13,4.0,4.0,10.1,18.1,1,0,17.26,20.88,1,0,2.87,18.13,0,0,12.8,58.36,-1.58,Leve
42042,Buitrago,Soria,soria,68,5.14,13.23,20.6,127.3,0.0,6.54,3.27,3.27,-1.45,13.33,23.64,1.619,18202,184.1,0.0,29.4,14.7,44.1,0,0,8.85,8.85,0,0,4.71,9.48,0,0,9.96,40.97,13.33,Crecimiento
42120,Montejo de Tiermes,Soria,soria,134,167.03,0.8,38.2,371.4,12.59,4.15,25.7,-21.56,-11.26,-22.99,-46.61,-1.93,16953,321.96,0.0,22.1,73.5,95.6,1,0,19.38,52.84,0,0,17.5,17.58,0,0,17.38,107.46,-22.99,Alta
42106,"Losilla, La",Soria,soria,12,7.89,1.52,33.3,400.0,0.0,0.0,37.04,-37.04,-7.69,-25.0,-40.0,-1.249,18202,,,,,,1,0,19.43,20.29,0,0,16.63,20.54,0,0,17.42,32.33,-25.0,Alta
42187,Torrubia de Soria,Soria,soria,52,52.25,1.0,42.3,0.0,3.57,4.27,32.05,-27.78,-18.75,-30.67,-45.26,-1.54,18202,281.97,,,,,1,0,14.01,37.43,0,0,14.06,17.64,0,0,13.49,12.64,-30.67,Alta
42086,Fuentecambrón,Soria,soria,29,48.57,0.6,31.0,0.0,0.0,0.0,34.48,-34.48,-9.38,-29.27,-61.84,-2.284,14616,68.97,,,,,1,0,13.75,35.84,0,0,8.75,8.78,0,0,8.64,117.73,-29.27,Alta
42007,Alcubilla de Avellaneda,Soria,soria,111,60.47,1.84,46.5,530.0,12.26,0.0,24.02,-24.02,5.71,-14.62,-51.32,-2.116,15286,422.36,0.0,17.5,35.1,52.6,1,0,14.96,33.28,0,0,14.41,17.4,0,0,15.42,111.81,-14.62,Media
42165,San Pedro Manrique,Soria,soria,626,175.93,3.56,21.2,133.3,23.91,7.99,13.84,-5.86,0.48,5.39,28.54,1.053,13573,376.71,3.2,6.4,16.1,25.7,0,0,7.28,30.21,1,0,4.73,29.66,1,132.59,4.64,39.56,5.39,Crecimiento
42168,Santa María de las Hoyas,Soria,soria,112,45.34,2.47,46.9,662.5,4.42,1.98,22.82,-20.83,19.15,-5.88,-45.63,-2.31,15398,,8.8,8.8,26.5,44.2,1,0,11.64,44.14,0,0,11.4,11.97,0,0,9.49,102.07,-5.88,Media
42121,Montenegro de Cameros,Soria,soria,43,55.24,0.78,46.5,500.0,2.22,2.58,33.59,-31.01,-20.37,-38.57,-61.95,-2.367,15127,646.87,23.3,23.3,162.8,209.3,1,0,19.86,40.68,0,0,19.28,20.08,0,0,20.88,78.81,-38.57,Alta
42004,Ágreda,Soria,soria,3133,164.76,19.02,25.6,134.6,15.53,6.77,12.94,-6.17,3.54,2.62,-3.9,-0.376,15011,103.68,1.6,1.0,1.6,5.1,0,0,2.87,48.06,1,1,2.38,3.63,1,33.83,3.52,19.66,2.62,Crecimiento
42198,Valtajeros,Soria,soria,16,22.89,0.7,31.2,250.0,0.0,6.94,0.0,6.94,-11.11,-30.43,-46.67,-1.209,17967,2500.0,,,,,0,0,11.96,26.42,0,0,10.22,26.87,0,0,10.12,35.22,-30.43,Alta
42132,Noviercas,Soria,soria,156,84.98,1.84,34.4,441.7,6.06,2.85,22.08,-19.23,1.3,-1.27,-35.54,-1.487,13304,87.18,0.0,6.5,13.0,19.5,1,0,9.64,40.96,0,0,9.63,9.53,0,0,10.02,3.91,-1.27,Leve
42048,Caltojar,Soria,soria,53,84.24,0.63,39.6,0.0,0.0,0.0,39.83,-39.83,-5.36,-18.46,-57.26,-2.347,18177,392.26,18.9,18.9,18.9,56.6,1,0,12.29,45.75,0,0,12.04,20.08,0,0,11.84,74.23,-18.46,Alta
42219,Yelo,Soria,soria,40,24.92,1.61,40.0,800.0,2.7,2.78,19.44,-16.67,-11.11,-13.04,-36.51,-1.337,13692,399.62,,,,,1,0,29.19,60.67,0,0,11.61,22.37,0,0,10.49,73.25,-13.04,Media
42208,Villar del Campo,Soria,soria,29,25.25,1.15,41.4,0.0,6.67,3.83,15.33,-11.49,31.82,31.82,-19.44,-1.316,18202,527.72,,,,,1,0,13.91,26.89,0,0,13.89,13.92,0,0,14.06,19.65,31.82,Crecimiento
42191,Valdeavellano de Tera,Soria,soria,222,19.43,11.43,35.1,278.6,3.2,2.5,23.52,-21.02,9.9,9.36,-13.28,-0.878,18386,203.33,4.5,18.0,67.6,90.1,1,0,18.99,18.99,0,0,8.18,20.14,1,144.14,0.77,58.1,9.36,Crecimiento
42110,Matalebreras,Soria,soria,81,41.57,1.95,31.3,325.0,20.73,4.12,20.58,-16.46,20.9,5.19,-33.06,-1.932,18202,316.71,12.0,36.1,36.1,84.3,1,0,7.94,35.26,0,0,7.94,8.01,0,0,7.84,16.28,5.19,Crecimiento
42049,Candilichera,Soria,soria,99,44.76,2.21,45.5,0.0,2.88,1.12,23.57,-22.45,-8.33,-22.05,-57.87,-2.355,20450,21.87,0.0,0.0,10.1,10.1,1,0,13.73,14.18,0,0,13.11,13.51,0,0,13.31,30.16,-22.05,Alta
42001,Abejar,Soria,soria,287,23.4,12.26,33.0,313.3,38.12,3.87,20.13,-16.26,0.35,-14.58,-20.06,-0.802,15805,222.09,3.5,24.6,73.7,101.8,1,0,17.22,25.54,0,0,12.43,17.24,0,0,16.47,70.01,-14.58,Media
42060,Cerbón,Soria,soria,27,17.99,1.5,37.0,500.0,0.0,4.12,32.92,-28.81,0.0,-18.18,-46.0,-1.748,17967,599.32,,,,,1,0,9.24,31.62,0,0,9.74,23.19,0,0,9.48,33.47,-18.18,Alta
42082,Estepa de San Juan,Soria,soria,13,10.44,1.25,23.1,0.0,0.0,0.0,8.55,-8.55,44.44,85.71,-13.33,-1.259,17967,121.76,,,,,0,0,16.24,21.4,0,0,12.01,22.07,0,0,12.11,40.43,85.71,Crecimiento
42053,Carrascosa de Abajo,Soria,soria,18,23.51,0.77,50.0,0.0,0.0,6.17,24.69,-18.52,-10.0,-35.71,-53.85,-1.995,14616,41.35,,,,,1,0,18.15,56.46,0,0,17.7,17.9,0,0,16.2,100.08,-35.71,Alta
42090,Fuentepinilla,Soria,soria,73,52.45,1.39,45.2,3300.0,2.56,0.0,35.01,-35.01,-10.98,-24.74,-52.6,-1.957,15937,27.88,0.0,0.0,27.4,27.4,1,0,13.45,32.49,0,0,13.68,19.89,0,0,10.22,68.58,-24.74,Alta
42209,Villar del Río,Soria,soria,155,126.84,1.22,40.5,640.0,3.8,5.73,8.6,-2.87,7.64,-2.52,-13.89,-0.775,16025,614.34,6.3,19.0,57.0,82.3,1,0,18.44,31.07,0,0,13.26,32.07,0,0,13.67,54.23,-2.52,Leve
42078,Duruelo de la Sierra,Soria,soria,1035,44.77,23.12,35.4,464.6,2.14,4.4,16.96,-12.56,-4.87,-11.91,-28.72,-1.231,15520,257.86,1.9,4.8,11.6,18.3,1,0,5.02,42.57,1,0,1.26,4.93,1,50.24,1.28,86.13,-11.91,Media
42107,Magaña,Soria,soria,61,58.43,1.04,36.7,550.0,0.0,3.64,32.79,-29.14,-10.29,-29.89,-40.78,-1.652,17967,781.97,0.0,16.7,50.0,66.7,1,0,16.2,26.94,0,0,15.82,20.95,0,0,15.63,28.7,-29.89,Alta
42006,Alconaba,Soria,soria,198,52.21,3.79,29.4,252.2,4.48,3.37,8.98,-5.61,10.61,1.54,10.61,0.571,18220,342.15,5.1,0.0,0.0,5.1,1,0,6.33,6.67,0,0,5.88,6.21,0,0,5.96,38.12,1.54,Crecimiento
42087,Fuentecantos,Soria,soria,65,8.8,7.39,23.1,214.3,1.54,0.0,6.84,-6.84,3.17,22.64,22.64,0.851,18202,193.96,0.0,0.0,15.4,15.4,1,0,7.58,7.58,0,0,3.42,8.42,0,0,8.95,43.18,22.64,Crecimiento
42011,Aldealpozo,Soria,soria,18,11.85,1.52,33.3,600.0,22.22,0.0,12.35,-12.35,20.0,-10.0,-41.94,-1.927,18202,,0.0,0.0,111.1,111.1,1,0,17.62,23.07,0,0,17.6,17.62,0,0,17.8,22.7,-10.0,Media
42095,Golmayo,Soria,soria,3085,189.55,16.28,11.7,44.9,7.54,8.1,3.93,4.18,11.05,24.19,303.27,16.149,15658,100.36,1.6,3.2,6.5,12.6,1,0,4.97,4.97,1,0,3.23,4.95,1,10.37,1.27,49.17,24.19,Crecimiento
42096,Gómara,Soria,soria,286,68.17,4.2,29.3,265.6,17.24,6.6,24.48,-17.87,-2.72,-14.63,-40.04,-1.592,13848,178.86,6.9,6.9,3.4,17.2,0,0,3.43,23.07,1,0,2.92,22.73,1,66.43,3.51,27.82,-14.63,Media
42003,Adradas,Soria,soria,65,67.38,0.96,32.4,575.0,1.56,0.0,15.38,-15.38,10.17,27.45,-33.67,-1.697,18177,30.08,0.0,0.0,28.2,28.2,1,0,17.27,47.04,0,0,16.78,16.24,0,0,10.2,60.43,27.45,Crecimiento
42045,Cabrejas del Pinar,Soria,soria,288,138.96,2.07,36.9,382.1,10.0,5.02,30.09,-25.08,-18.18,-23.4,-38.2,-1.471,16042,215.99,0.0,6.9,13.8,20.7,1,0,16.51,33.31,0,0,12.4,15.91,0,0,20.04,77.54,-23.4,Alta
42181,Tardelcuende,Soria,soria,414,65.21,6.35,40.1,355.3,8.49,5.37,20.67,-15.3,0.0,-8.0,-34.91,-1.47,14713,698.03,4.8,4.8,2.4,12.0,1,0,18.2,22.68,0,0,4.89,18.98,0,0,12.54,60.56,-8.0,Media
42205,Villaciervos,Soria,soria,86,81.22,1.06,47.7,4100.0,0.0,0.0,11.63,-11.63,8.86,-9.47,-13.13,-1.069,15937,354.29,0.0,0.0,11.6,23.3,1,0,15.29,15.29,0,0,13.1,15.29,0,0,11.36,59.52,-9.47,Media
42184,Torlengua,Soria,soria,43,41.09,1.05,48.8,0.0,0.0,0.0,41.34,-41.34,-23.21,-39.44,-60.91,-2.279,18202,420.93,0.0,0.0,23.3,23.3,1,0,18.74,43.99,0,0,20.0,29.47,0,0,6.9,31.36,-39.44,Alta
42129,Navaleno,Soria,soria,698,24.99,27.93,29.4,288.7,4.09,3.82,14.65,-10.82,-9.11,-16.11,-27.22,-1.103,15728,277.63,7.2,10.0,21.5,38.7,1,0,5.3,44.74,1,0,1.48,4.91,0,0,9.97,89.33,-16.11,Alta
42105,Liceras,Soria,soria,49,24.35,2.01,43.8,700.0,0.0,2.27,20.41,-18.14,4.26,-14.04,-20.97,-0.949,14616,,0.0,20.8,0.0,20.8,1,0,17.03,48.49,0,0,12.4,12.47,0,0,12.28,112.16,-14.04,Media
42212,Villasayas,Soria,soria,59,61.67,0.96,39.0,328.6,1.67,3.77,24.48,-20.72,-10.61,-24.36,-40.4,-1.592,13692,320.97,,,,,1,0,16.14,45.99,0,0,15.29,15.17,0,0,14.49,67.18,-24.36,Alta
42041,Buberos,Soria,soria,27,18.51,1.46,48.1,0.0,0.0,0.0,16.46,-16.46,-12.9,-25.0,-44.9,-1.652,18202,,,,,,0,0,6.37,28.14,0,0,5.73,20.9,0,0,5.35,19.52,-25.0,Alta
42131,Nolay,Soria,soria,45,21.91,2.05,60.0,1350.0,0.0,2.47,24.69,-22.22,-18.18,-21.05,-52.63,-1.878,18177,62.22,,,,,1,0,14.1,28.87,0,0,14.97,15.67,0,0,12.33,38.89,-21.05,Alta
42183,Tejado,Soria,soria,100,77.85,1.28,47.5,1200.0,7.22,1.11,21.11,-20.0,-0.99,-20.0,-54.34,-2.054,18202,135.32,9.9,0.0,9.9,19.8,1,0,10.76,23.57,0,0,11.21,18.11,0,0,11.62,36.24,-20.0,Alta
42113,Medinaceli,Soria,soria,686,205.1,3.34,28.6,197.0,19.19,5.67,27.05,-21.38,0.59,-6.28,-2.14,-0.203,15697,326.41,5.9,20.5,32.2,64.4,1,0,23.42,73.22,1,0,7.27,19.32,1,142.86,7.63,78.84,-6.28,Media
42192,Valdegeña,Soria,soria,36,13.28,2.71,36.1,0.0,0.0,0.0,21.6,-21.6,5.88,-16.28,-25.0,-1.246,17967,283.33,0.0,0.0,27.8,27.8,1,0,15.62,25.94,0,0,15.61,15.64,0,0,15.71,22.03,-16.28,Alta
42167,Santa María de Huerta,Soria,soria,239,49.09,4.87,41.4,550.0,3.75,2.32,20.92,-18.6,-8.08,-25.08,-46.77,-1.875,13746,262.67,4.2,8.4,12.6,25.1,1,0,4.14,66.07,0,0,9.44,9.44,0,0,9.34,57.07,-25.08,Alta
42052,Caracena,Soria,soria,13,18.12,0.72,38.5,0.0,0.0,0.0,8.55,-8.55,-7.14,-13.33,-43.48,-1.913,14616,133.46,0.0,76.9,76.9,153.8,0,0,21.45,57.71,0,0,21.41,21.51,0,0,13.76,102.47,-13.33,Media
42194,Valdemaluque,Soria,soria,139,62.89,2.21,50.4,1400.0,8.03,2.4,27.98,-25.58,-5.44,-26.46,-54.43,-2.14,14974,133.09,7.2,7.2,43.2,57.6,1,0,13.5,44.6,0,0,9.3,13.11,0,0,14.55,88.15,-26.46,Alta
42149,"Rábanos, Los",Soria,soria,470,101.39,4.64,30.4,257.1,6.25,4.02,7.09,-3.07,5.62,-7.3,13.53,0.356,16499,169.95,0.0,6.3,4.2,10.5,1,0,8.2,8.23,0,0,7.81,8.03,0,0,8.07,40.95,-7.3,Media
42073,Cueva de Ágreda,Soria,soria,67,29.95,2.24,53.7,1800.0,2.9,0.0,23.22,-23.22,-5.63,-12.99,-33.66,-1.273,18202,45.52,0.0,14.9,59.7,74.6,1,0,8.77,49.23,0,0,8.78,8.75,0,0,8.67,8.21,-12.99,Media
42174,Sotillo del Rincón,Soria,soria,171,60.45,2.83,31.8,550.0,5.65,2.6,10.4,-7.8,-2.84,-13.64,-25.65,-0.915,20258,131.58,5.8,17.3,115.6,138.7,1,0,18.31,18.31,0,0,8.65,19.46,0,0,1.71,57.97,-13.64,Media
42178,Talveila,Soria,soria,105,52.9,1.98,52.8,1866.7,2.88,0.0,34.92,-34.92,9.38,-21.05,-47.24,-2.001,18396,361.59,18.9,0.0,28.3,47.2,1,0,13.7,40.41,0,0,13.84,14.21,0,0,14.2,83.42,-21.05,Alta
42190,Vadillo,Soria,soria,81,14.06,5.76,43.2,3500.0,0.0,0.0,20.58,-20.58,-8.99,-30.17,-44.9,-1.788,15127,329.55,0.0,0.0,61.7,61.7,1,0,5.32,43.95,0,0,2.52,4.71,0,0,13.85,88.41,-30.17,Alta
42097,Gormaz,Soria,soria,18,15.69,1.15,33.3,0.0,3.85,6.17,18.52,-12.35,-10.0,-35.71,5.88,0.626,15937,3106.29,55.6,0.0,166.7,222.2,1,0,10.0,52.87,0,0,9.42,9.52,0,0,9.46,91.34,-35.71,Alta
42016,Aliud,Soria,soria,20,17.63,1.13,20.0,0.0,0.0,0.0,22.22,-22.22,0.0,17.65,-47.37,-1.882,18202,90.25,,,,,0,0,4.86,22.48,0,0,3.57,22.03,0,0,3.99,25.45,17.65,Crecimiento
42211,"Villares de Soria, Los",Soria,soria,72,14.35,5.02,38.9,700.0,1.3,0.0,20.06,-20.06,-18.18,-20.88,-36.84,-1.385,18202,252.64,0.0,13.9,27.8,55.6,1,0,14.42,14.42,0,0,10.22,15.09,0,0,10.35,40.45,-20.88,Alta
42027,Arévalo de la Sierra,Soria,soria,71,40.02,1.77,36.6,1300.0,0.0,0.0,21.91,-21.91,-6.58,-6.58,-30.39,-1.086,17967,341.21,0.0,0.0,28.2,28.2,1,0,20.71,20.78,0,0,5.1,21.74,0,0,5.36,47.77,-6.58,Media
42111,Matamala de Almazán,Soria,soria,251,61.74,4.07,42.1,623.5,5.08,3.54,35.86,-32.32,-11.31,-23.71,-37.72,-1.432,14722,75.31,4.0,0.0,0.0,4.0,1,0,8.73,32.36,0,0,8.16,8.78,1,195.22,1.41,61.39,-23.71,Alta
42108,Maján,Soria,soria,10,30.35,0.33,60.0,0.0,0.0,0.0,22.22,-22.22,11.11,-23.08,-44.44,-2.042,18177,250.0,,,,,1,0,17.17,35.93,0,0,18.35,19.1,0,0,8.62,39.31,-23.08,Alta
42189,Ucero,Soria,soria,80,17.1,4.68,28.4,255.6,21.28,6.94,8.33,-1.39,60.0,31.15,-27.93,-1.61,14616,504.79,12.3,37.0,135.8,185.2,1,0,11.81,48.67,0,0,8.55,11.59,0,0,14.75,92.36,31.15,Crecimiento
42061,Cidones,Soria,soria,313,71.09,4.4,32.9,321.9,3.82,4.61,13.49,-8.87,4.33,-6.01,-8.21,-0.506,18736,19.6,9.6,6.4,63.9,79.9,1,0,17.06,17.06,0,0,12.05,17.76,0,0,9.43,61.61,-6.01,Media
42123,Morón de Almazán,Soria,soria,196,61.98,3.16,35.6,345.0,16.42,4.54,27.78,-23.24,1.03,-9.26,-30.25,-1.163,17181,122.48,5.2,5.2,10.3,20.6,1,0,15.64,40.23,0,0,15.8,15.09,1,336.73,3.16,48.43,-9.26,Media
42166,Santa Cruz de Yanguas,Soria,soria,56,33.47,1.67,41.1,460.0,0.0,3.97,19.84,-15.87,-13.85,-16.42,-8.2,-0.118,17967,855.43,0.0,17.9,0.0,17.9,1,0,24.14,31.46,0,0,13.09,32.55,0,0,13.49,58.95,-16.42,Alta
42142,Pozalmuro,Soria,soria,49,36.74,1.33,34.7,566.7,4.35,0.0,22.68,-22.68,-2.0,-27.94,-54.63,-2.429,18202,654.15,,,,,1,0,9.85,30.84,0,0,9.84,9.84,0,0,10.09,14.89,-27.94,Alta
42081,Espejón,Soria,soria,122,21.94,5.56,32.3,205.0,2.26,4.55,30.97,-26.41,-17.01,-35.11,-45.78,-1.567,11243,184.37,7.9,7.9,23.6,39.4,1,0,6.75,40.57,0,0,7.16,17.86,0,0,8.82,110.9,-35.11,Alta
42065,Cirujales del Río,Soria,soria,21,8.74,2.4,52.4,0.0,0.0,0.0,10.58,-10.58,-4.55,-8.7,-48.78,-2.122,18202,64.56,,,,,1,0,15.56,15.56,0,0,11.65,15.97,0,0,14.33,36.42,-8.7,Media
42026,Arenillas,Soria,soria,29,30.35,0.96,45.2,0.0,19.05,22.99,7.66,15.33,-38.3,0.0,-34.09,-0.277,18177,379.31,0.0,0.0,32.3,32.3,1,0,14.99,56.46,0,0,14.61,30.86,0,0,11.98,84.95,0.0,Leve
42046,Calatañazor,Soria,soria,43,64.73,0.66,39.5,850.0,4.65,0.0,18.09,-18.09,-15.69,-21.82,-42.67,-1.437,15937,520.06,23.3,139.5,209.3,372.1,1,0,23.96,27.3,0,0,18.31,23.92,0,0,23.48,70.92,-21.82,Alta
42213,Villaseca de Arciel,Soria,soria,23,21.53,1.07,56.5,650.0,0.0,0.0,24.15,-24.15,-14.81,-39.47,-47.73,-1.642,18202,,,,,,1,0,6.66,31.54,0,0,6.84,22.34,0,0,6.25,19.3,-39.47,Alta
42103,Langa de Duero,Soria,soria,696,189.63,3.67,32.4,252.8,17.43,4.79,18.04,-13.25,1.9,-7.94,-25.32,-1.013,14405,328.39,5.8,2.9,4.3,12.9,1,0,14.32,27.47,1,0,2.62,14.7,0,0,12.43,118.66,-7.94,Media
42014,"Aldehuelas, Las",Soria,soria,58,37.73,1.54,39.0,2300.0,3.28,0.0,21.07,-21.07,-3.33,-14.71,-51.67,-2.017,17967,291.22,0.0,0.0,16.9,16.9,1,0,16.65,25.71,0,0,9.67,26.63,0,0,10.02,48.38,-14.71,Media
42062,Cigudosa,Soria,soria,14,21.0,0.67,14.3,0.0,0.0,0.0,103.17,-103.17,-33.33,-50.0,-81.58,-2.999,17967,21.43,,,,,1,0,14.78,37.53,0,0,14.79,14.82,0,0,14.58,27.35,-50.0,Alta
42206,Villanueva de Gormaz,Soria,soria,6,21.4,0.28,50.0,0.0,0.0,0.0,18.52,-18.52,-25.0,-25.0,-68.42,-2.761,14616,388.24,,,,,1,0,13.14,57.02,0,0,12.4,12.58,0,0,12.09,95.67,-25.0,Alta
42050,Cañamaque,Soria,soria,29,22.91,1.27,31.0,225.0,3.7,0.0,19.16,-19.16,-14.71,-19.44,-35.56,-1.266,18202,292.59,,,,,1,0,18.04,40.44,0,0,19.35,25.39,0,0,5.38,36.46,-19.44,Alta
42182,Taroda,Soria,soria,45,36.86,1.22,48.9,1100.0,0.0,0.0,27.16,-27.16,-4.26,-11.76,-44.44,-1.875,18177,,,,,,1,0,20.27,48.87,0,0,17.61,17.71,0,0,9.97,58.32,-11.76,Media
42156,Reznos,Soria,soria,21,20.42,1.03,28.6,0.0,9.09,0.0,5.29,-5.29,-36.36,-36.36,-50.0,-1.652,18202,74.52,0.0,0.0,47.6,47.6,1,0,17.91,42.62,0,0,18.27,20.54,0,0,17.67,13.52,-36.36,Alta
42176,Tajahuerce,Soria,soria,22,20.84,1.06,54.5,0.0,0.0,0.0,15.15,-15.15,-15.38,-26.67,-53.19,-1.817,18202,340.91,,,,,1,0,14.82,26.29,0,0,14.8,14.79,0,0,15.06,18.27,-26.67,Alta
42118,Momblona,Soria,soria,19,22.88,0.83,63.2,0.0,0.0,0.0,46.78,-46.78,5.56,-17.39,-52.5,-2.193,18177,,,,,,1,0,17.71,37.97,0,0,17.97,17.46,0,0,7.86,43.02,-17.39,Alta
42031,Barcones,Soria,soria,25,55.35,0.45,36.0,300.0,0.0,8.89,44.44,-35.56,25.0,0.0,-45.65,-1.98,18177,212.0,,,,,1,0,20.3,59.28,0,0,19.93,31.6,0,0,14.69,85.07,0.0,Leve
42193,Valdelagua del Cerro,Soria,soria,13,4.84,2.69,30.8,200.0,0.0,0.0,17.09,-17.09,-7.14,-7.14,-51.85,-1.411,17967,3157.44,,,,,1,0,16.02,32.17,0,0,16.02,15.68,0,0,15.49,24.41,-7.14,Media
42051,Carabantes,Soria,soria,21,16.29,1.29,19.0,400.0,27.27,0.0,26.46,-26.46,50.0,-4.55,-43.24,-2.216,18202,14.29,,,,,1,0,20.94,46.66,0,0,21.56,25.32,0,0,18.5,17.62,-4.55,Leve
42023,Alpanseque,Soria,soria,52,54.55,0.95,48.1,0.0,0.0,2.14,32.05,-29.91,-7.14,-25.71,-50.48,-2.004,13692,192.31,,,,,1,0,25.81,57.44,0,0,25.48,27.2,0,0,24.17,78.64,-25.71,Alta
42083,Frechilla de Almazán,Soria,soria,20,25.64,0.78,52.4,0.0,4.76,0.0,77.78,-77.78,-13.04,-16.67,-59.18,-2.173,18177,,,,,,0,0,7.67,37.91,0,0,7.12,6.62,0,0,5.99,56.86,-16.67,Alta
42058,Castillejo de Robledo,Soria,soria,100,52.9,1.89,45.5,383.3,2.11,4.44,27.78,-23.33,-0.99,-13.04,-48.19,-1.876,14616,476.29,9.9,19.8,79.2,108.9,1,0,18.37,19.01,0,0,9.49,17.88,0,0,9.53,130.18,-13.04,Media
42089,Fuentelsaz de Soria,Soria,soria,65,26.31,2.47,31.8,350.0,3.08,6.84,13.68,-6.84,6.56,10.17,8.33,0.351,18202,402.74,,,,,0,0,10.38,10.38,0,0,6.29,11.27,0,0,9.02,43.79,10.17,Crecimiento
42044,Cabrejas del Campo,Soria,soria,48,17.84,2.69,41.7,1000.0,1.89,2.31,9.26,-6.94,-5.88,-20.0,-44.83,-1.719,18202,,,,,,1,0,9.53,18.3,0,0,8.29,17.78,0,0,8.73,27.42,-20.0,Alta
42030,Barca,Soria,soria,116,44.99,2.58,36.2,247.1,3.74,0.96,16.28,-15.33,12.62,7.41,-16.55,-0.855,18234,203.9,0.0,0.0,8.6,8.6,1,0,10.26,36.94,0,0,9.43,9.81,0,0,5.86,63.88,7.41,Crecimiento
42152,Recuerda,Soria,soria,61,67.21,0.91,30.2,475.0,4.69,0.0,30.97,-30.97,-14.08,-34.41,-46.96,-1.603,14616,36.07,15.9,15.9,15.9,47.6,1,0,13.63,58.98,0,0,13.51,19.99,0,0,11.63,94.1,-34.41,Alta
42075,Dévanos,Soria,soria,72,16.34,4.41,50.0,720.0,0.0,0.0,43.21,-43.21,-7.69,-21.74,-45.86,-1.658,18202,138.89,,,,,1,0,7.01,46.88,0,0,6.54,7.46,0,0,7.23,23.6,-21.74,Alta
42084,Fresno de Caracena,Soria,soria,16,16.75,0.96,62.5,0.0,0.0,6.94,55.56,-48.61,-20.0,-38.46,-70.91,-2.472,14616,254.9,,,,,1,0,14.78,54.01,0,0,14.63,14.74,0,0,13.99,100.11,-38.46,Alta
42201,Velilla de la Sierra,Soria,soria,26,18.55,1.4,69.2,0.0,0.0,,,,8.33,4.0,18.18,0.016,18202,42.31,,,,,0,0,6.08,6.08,0,0,4.14,6.08,0,0,6.14,39.17,4.0,Crecimiento
42028,Ausejo de la Sierra,Soria,soria,113,20.09,5.62,19.1,81.5,5.13,4.92,5.9,-0.98,29.89,34.52,85.25,3.513,13152,264.78,0.0,0.0,8.7,8.7,1,0,17.41,17.41,0,0,9.81,18.12,0,0,9.78,41.13,34.52,Crecimiento
42216,Vizmanos,Soria,soria,31,24.27,1.28,41.9,325.0,3.33,10.75,10.75,0.0,6.9,14.81,-24.39,-1.302,17967,1372.67,,,,,1,0,18.82,28.76,0,0,11.0,29.76,0,0,11.41,52.98,14.81,Crecimiento
42207,Villar del Ala,Soria,soria,50,11.69,4.28,22.0,366.7,0.0,0.0,15.56,-15.56,2.04,-1.96,-12.28,-0.749,17967,994.15,0.0,20.0,0.0,20.0,1,0,16.28,16.28,0,0,7.83,17.43,0,0,3.42,56.0,-1.96,Leve
42079,Escobosa de Almazán,Soria,soria,19,19.42,0.98,73.7,0.0,0.0,0.0,35.09,-35.09,-5.0,-32.14,-53.66,-2.169,18177,120.84,,,,,1,0,13.1,31.9,0,0,13.34,13.16,0,0,8.97,42.6,-32.14,Alta
42172,Soliedra,Soria,soria,37,19.45,1.9,40.5,250.0,0.0,0.0,12.01,-12.01,19.35,2.78,-7.5,-0.871,18177,35.95,,,,,1,0,11.73,34.51,0,0,11.98,11.5,0,0,5.31,46.04,2.78,Crecimiento
42008,Alcubilla de las Peñas,Soria,soria,61,85.95,0.71,29.5,257.1,6.78,0.0,16.39,-16.39,17.31,5.17,-40.78,-1.77,13692,393.98,0.0,0.0,16.4,16.4,1,0,23.8,53.96,0,0,14.52,21.0,0,0,13.46,66.77,5.17,Crecimiento
42039,Borobia,Soria,soria,218,62.48,3.49,36.4,395.0,7.46,5.61,29.05,-23.45,-11.38,-15.5,-42.78,-1.643,15368,881.56,9.2,9.2,13.8,32.3,1,0,13.45,50.09,0,0,13.45,13.36,0,0,13.61,5.92,-15.5,Alta
42163,San Felices,Soria,soria,55,21.06,2.61,25.5,280.0,1.69,2.02,22.22,-20.2,3.77,0.0,-35.29,-1.528,17967,217.91,0.0,36.4,54.5,90.9,1,0,10.87,41.07,0,0,10.59,10.83,0,0,10.57,24.93,0.0,Leve
42204,Viana de Duero,Soria,soria,47,56.09,0.84,31.9,0.0,0.0,7.09,30.73,-23.64,-12.96,-20.34,-38.96,-1.468,18177,95.43,0.0,0.0,21.3,21.3,0,0,6.3,26.24,0,0,6.45,7.05,0,0,7.1,47.46,-20.34,Alta
42116,Miño de San Esteban,Soria,soria,43,48.81,0.88,39.5,850.0,0.0,0.0,25.84,-25.84,13.16,-18.87,-54.26,-2.327,14616,1204.73,0.0,0.0,23.3,23.3,1,0,11.23,31.87,0,0,8.04,11.75,0,0,11.69,117.0,-18.87,Alta
42154,Renieblas,Soria,soria,107,36.18,2.96,32.7,700.0,8.18,3.12,6.23,-3.12,3.88,4.9,-12.3,-0.593,17266,150.84,0.0,9.3,18.7,28.0,1,0,10.47,10.82,0,0,9.52,10.17,0,0,10.05,33.88,4.9,Crecimiento
42160,"Royo, El",Soria,soria,248,125.87,1.97,39.8,707.1,1.59,1.34,30.91,-29.57,-8.82,-18.69,-25.97,-1.041,17730,344.29,0.0,12.0,48.2,60.2,1,0,16.89,16.89,0,0,11.46,17.99,1,338.71,3.39,58.52,-18.69,Alta
42217,Vozmediano,Soria,soria,29,16.59,1.75,34.5,1000.0,3.03,0.0,34.48,-34.48,-23.68,-21.62,-46.3,-1.261,18202,353.45,34.5,34.5,69.0,137.9,1,0,6.98,53.03,0,0,6.81,7.5,0,0,7.68,17.57,-21.62,Alta
42054,Carrascosa de la Sierra,Soria,soria,19,12.74,1.49,31.6,0.0,0.0,0.0,17.54,-17.54,11.76,-5.0,35.71,1.506,17967,936.84,,,,,1,0,15.4,23.04,0,0,13.28,23.45,0,0,13.22,34.62,-5.0,Media
42135,Oncala,Soria,soria,61,39.86,1.53,52.5,3200.0,3.28,3.64,25.5,-21.86,-14.08,-25.61,-42.45,-1.65,17967,537.78,0.0,0.0,32.8,32.8,1,0,12.06,25.58,0,0,8.54,26.24,0,0,8.65,40.5,-25.61,Alta
42033,Bayubas de Arriba,Soria,soria,56,20.59,2.72,46.4,433.3,1.67,1.98,15.87,-13.89,5.66,7.69,-30.86,-1.16,15937,429.96,17.9,0.0,17.9,35.7,1,0,10.5,41.46,0,0,10.87,14.26,0,0,11.77,80.32,7.69,Crecimiento
42063,Cihuela,Soria,soria,35,34.1,1.03,60.0,2100.0,5.13,3.17,38.1,-34.92,-27.08,-39.66,-66.67,-2.34,18202,737.14,28.6,0.0,0.0,28.6,1,0,29.82,56.06,0,0,30.91,32.57,0,0,16.06,32.39,-39.66,Alta
42036,Blacos,Soria,soria,36,17.54,2.05,52.8,0.0,0.0,0.0,30.86,-30.86,-18.18,-28.0,-40.98,-1.66,15937,796.12,27.8,0.0,0.0,27.8,1,0,18.89,34.11,0,0,17.19,19.33,0,0,19.36,77.12,-28.0,Alta
42088,Fuentelmonge,Soria,soria,58,42.18,1.38,51.7,3000.0,0.0,0.0,22.99,-22.99,-12.12,-23.68,-58.27,-2.251,18202,160.34,,,,,1,0,22.51,45.85,0,0,23.28,23.28,0,0,5.47,37.75,-23.68,Alta
42009,Aldealafuente,Soria,soria,85,45.66,1.86,36.9,387.5,6.98,6.54,11.76,-5.23,-3.41,-8.6,-44.44,-1.817,18202,139.75,,,,,1,0,10.62,16.24,0,0,9.96,16.0,0,0,10.56,33.36,-8.6,Media
42100,Hinojosa del Campo,Soria,soria,24,26.03,0.92,54.2,0.0,0.0,4.63,9.26,-4.63,-17.24,-25.0,-50.0,-1.742,18202,357.88,,,,,1,0,8.99,32.5,0,0,8.98,8.95,0,0,9.33,12.29,-25.0,Alta
42115,Miño de Medinaceli,Soria,soria,73,56.17,1.3,35.6,866.7,5.13,4.57,9.13,-4.57,-16.09,-3.95,-35.96,-1.225,13692,634.81,13.7,13.7,41.1,82.2,1,0,30.03,66.06,0,0,10.96,23.85,0,0,10.06,77.87,-3.95,Leve
42055,Casarejos,Soria,soria,145,28.04,5.17,41.4,750.0,2.05,3.83,19.16,-15.33,-9.94,-21.62,-43.8,-1.812,13914,146.62,0.0,13.8,69.0,82.8,1,0,1.52,47.94,1,0,1.83,0.98,0,0,9.9,92.4,-21.62,Alta
42151,Rebollar,Soria,soria,36,10.36,3.47,27.8,500.0,0.0,0.0,21.6,-21.6,-14.29,-7.69,-30.77,-1.329,17967,54.17,0.0,0.0,111.1,111.1,1,0,14.58,14.58,0,0,4.76,15.73,0,0,5.04,51.95,-7.69,Media
42158,Rioseco de Soria,Soria,soria,123,49.95,2.46,33.9,233.3,13.39,3.61,12.65,-9.03,-0.81,-6.11,-15.17,-0.636,17154,677.69,8.1,8.1,24.2,40.3,1,0,16.17,35.83,0,0,16.72,16.5,0,0,16.59,77.63,-6.11,Media
42019,Almarza,Soria,soria,601,100.98,5.95,31.1,263.4,11.62,3.88,18.12,-14.24,-0.17,2.39,-2.28,-0.128,16676,576.48,0.0,10.0,26.6,36.5,1,0,14.4,14.4,1,0,5.31,15.37,1,81.53,5.06,46.03,2.39,Crecimiento
42017,Almajano,Soria,soria,179,9.89,18.1,26.4,188.0,7.82,4.97,11.17,-6.21,-6.28,0.0,1.13,-0.351,15938,139.17,0.0,11.2,28.1,39.3,1,0,13.34,13.34,0,0,9.7,13.63,0,0,13.82,35.96,0.0,Leve
42037,Bliecos,Soria,soria,25,16.46,1.52,40.0,1000.0,0.0,0.0,8.89,-8.89,-19.35,-32.43,-56.14,-1.747,18202,,,,,,1,0,9.42,31.08,0,0,10.63,22.65,0,0,6.5,32.49,-32.43,Alta
42124,Muriel de la Fuente,Soria,soria,53,3.65,14.52,41.5,440.0,1.85,4.19,29.35,-25.16,-8.62,-19.7,-36.9,-1.41,15127,18.58,0.0,18.9,75.5,94.3,1,0,19.99,32.89,0,0,15.74,19.4,0,0,21.96,76.49,-19.7,Alta
42098,Herrera de Soria,Soria,soria,12,29.88,0.4,58.3,0.0,0.0,0.0,18.52,-18.52,33.33,9.09,-47.83,-2.315,15127,,,,,,1,0,7.82,47.02,0,0,4.13,7.5,0,0,14.08,91.08,9.09,Crecimiento
42148,Quiñonería,Soria,soria,10,38.42,0.26,40.0,0.0,0.0,0.0,11.11,-11.11,11.11,11.11,-33.33,-2.085,18202,25.0,,,,,1,0,15.79,41.79,0,0,16.49,25.1,0,0,14.09,18.6,11.11,Crecimiento
47168,Torrecilla de la Torre,Valladolid,valladolid,27,7.27,3.71,39.3,1100.0,3.57,4.12,0.0,4.12,-25.0,-15.62,-25.0,-0.625,15906,5445.74,,,,,1,0,11.34,23.57,0,0,3.73,19.01,0,0,7.12,27.18,-15.62,Alta
47184,Valoria la Buena,Valladolid,valladolid,740,43.25,17.11,29.3,198.2,9.75,5.86,14.11,-8.26,17.46,8.82,14.2,0.24,14428,1148.82,4.0,5.4,5.4,14.8,1,0,11.51,17.67,1,0,3.96,10.36,1,97.3,3.84,19.69,8.82,Crecimiento
47197,Villabrágima,Valladolid,valladolid,1075,67.03,16.04,26.2,162.1,7.91,5.27,12.51,-7.24,2.09,1.32,-12.1,-0.619,13870,939.51,7.4,0.9,1.9,10.2,1,0,5.81,42.09,1,0,6.85,8.43,0,0,8.86,42.85,1.32,Crecimiento
47112,Pedrajas de San Esteban,Valladolid,valladolid,3434,30.67,111.97,22.1,136.5,12.18,5.34,8.74,-3.4,3.62,0.06,6.09,0.127,12350,328.29,6.7,1.5,0.9,9.3,1,0,4.85,23.92,1,1,2.41,2.86,1,8.74,2.45,34.1,0.06,Crecimiento
47140,Saelices de Mayorga,Valladolid,valladolid,116,15.8,7.34,53.8,700.0,6.31,1.92,21.07,-19.16,7.41,-5.69,-40.82,-1.872,13900,2541.17,42.7,0.0,0.0,42.7,1,0,9.11,44.66,0,0,6.6,19.37,0,0,6.82,74.12,-5.69,Media
47209,Villalán de Campos,Valladolid,valladolid,36,18.32,1.97,22.2,800.0,3.12,15.43,55.56,-40.12,12.5,-21.74,-34.55,-1.787,14947,6045.63,,,,,1,0,12.93,38.47,0,0,9.17,16.41,0,0,13.73,57.07,-21.74,Alta
47075,Íscar,Valladolid,valladolid,6493,60.44,107.43,21.4,121.7,16.35,6.91,9.21,-2.29,2.4,-0.66,5.66,0.073,12610,340.15,5.6,1.4,0.3,8.2,0,0,2.01,29.67,1,1,1.8,1.83,1,7.55,1.7,38.04,-0.66,Leve
47193,Viana de Cega,Valladolid,valladolid,2282,17.95,127.13,17.3,95.2,2.92,5.45,5.02,0.44,10.67,13.25,45.91,2.171,16332,688.85,3.5,0.9,0.9,5.3,1,0,6.97,6.97,1,0,1.06,7.41,1,25.85,1.36,14.37,13.25,Crecimiento
47037,Castrejón de Trabancos,Valladolid,valladolid,171,30.15,5.67,46.8,810.0,2.82,2.6,21.44,-18.84,-3.39,-11.86,-34.23,-1.508,12095,1821.6,23.1,0.0,0.0,23.1,1,0,7.33,30.33,0,0,6.33,22.43,0,0,6.34,58.37,-11.86,Media
47062,Fombellida,Valladolid,valladolid,169,36.08,4.68,44.1,535.7,7.43,3.29,13.15,-9.86,-3.98,-8.65,-40.07,-1.562,16909,2530.65,17.6,0.0,0.0,17.6,1,0,15.93,38.66,0,0,16.03,16.88,0,0,15.87,46.09,-8.65,Media
47060,Encinas de Esgueva,Valladolid,valladolid,214,30.81,6.95,49.5,963.6,5.48,1.56,21.29,-19.73,-7.36,-23.3,-42.16,-1.614,15763,1907.22,9.3,0.0,4.7,14.0,1,0,14.8,34.15,0,0,14.53,14.55,0,0,8.19,54.83,-23.3,Alta
47043,Castromonte,Valladolid,valladolid,319,86.88,3.67,45.9,735.0,4.29,2.09,10.8,-8.71,0.31,-0.62,-29.27,-1.201,16244,1645.29,12.5,3.1,15.6,31.2,1,0,13.58,28.18,0,0,7.95,13.14,0,0,8.38,30.0,-0.62,Leve
47010,Arroyo de la Encomienda,Valladolid,valladolid,22800,11.7,1948.72,8.2,31.8,3.77,10.77,2.35,8.41,11.02,23.3,527.24,43.349,16480,6.2,2.2,2.0,0.7,5.1,0,0,1.44,1.44,1,1,0.61,0.49,1,10.7,1.37,6.02,23.3,Crecimiento
47057,Cubillas de Santa Marta,Valladolid,valladolid,394,23.51,16.76,24.1,250.0,7.39,4.51,7.9,-3.38,19.76,33.11,40.21,1.325,14415,1100.18,0.0,10.2,10.2,20.3,1,0,10.47,13.85,0,0,6.22,10.3,0,0,6.19,21.32,33.11,Crecimiento
47207,Villagarcía de Campos,Valladolid,valladolid,297,37.39,7.94,39.8,433.3,12.89,2.99,31.8,-28.81,-1.0,-11.08,-32.5,-1.49,13864,2760.4,23.8,0.0,0.0,23.8,1,0,14.84,36.49,0,0,7.21,15.82,0,0,16.12,38.89,-11.08,Media
47091,Monasterio de Vega,Valladolid,valladolid,79,29.89,2.64,38.0,375.0,3.75,2.81,18.28,-15.47,-3.66,-12.22,-24.76,-0.991,14947,3954.6,12.7,0.0,0.0,12.7,1,0,11.62,46.19,0,0,9.66,20.45,0,0,9.97,77.4,-12.22,Media
47006,Aldea de San Miguel,Valladolid,valladolid,212,19.9,10.65,27.4,175.8,2.29,3.14,14.15,-11.01,-0.47,-6.61,-6.61,-0.16,14421,2095.73,4.7,0.0,0.0,4.7,1,0,3.74,19.5,1,0,1.6,3.53,0,0,3.61,24.74,-6.61,Media
47087,Megeces,Valladolid,valladolid,419,19.03,22.02,33.2,280.0,10.61,3.45,12.73,-9.28,-1.87,-6.26,-9.31,-0.39,15708,718.28,4.7,0.0,0.0,4.7,1,0,6.98,23.6,0,0,6.32,6.57,0,0,6.72,29.46,-6.26,Media
47150,San Román de Hornija,Valladolid,valladolid,295,41.7,7.07,30.9,214.0,25.25,3.77,22.6,-18.83,-3.91,-14.74,-32.03,-1.375,10179,2050.89,6.7,3.4,3.4,13.4,1,0,17.57,35.97,0,0,7.55,9.27,0,0,7.04,50.89,-14.74,Media
47124,Pozaldez,Valladolid,valladolid,503,27.92,18.02,32.7,238.6,13.36,4.64,14.58,-9.94,5.23,0.8,-1.95,-0.262,12830,895.74,11.7,3.9,2.0,17.6,1,0,4.26,4.26,1,0,0.43,9.43,1,55.67,0.68,32.53,0.8,Crecimiento
47147,San Pablo de la Moraleja,Valladolid,valladolid,113,24.87,4.54,39.8,562.5,4.67,0.0,19.67,-19.67,0.89,-11.02,-36.52,-1.694,13206,2566.22,8.8,0.0,0.0,8.8,1,0,12.44,12.44,0,0,3.37,12.27,0,0,11.57,55.01,-11.02,Media
47169,Torre de Esgueva,Valladolid,valladolid,60,23.57,2.55,41.9,520.0,0.0,0.0,22.22,-22.22,-7.69,-17.81,-40.0,-1.643,15906,4865.3,,,,,1,0,10.73,31.37,0,0,10.91,23.43,0,0,14.44,41.54,-17.81,Alta
47215,Villamuriel de Campos,Valladolid,valladolid,55,18.23,3.02,38.2,2100.0,7.84,0.0,20.2,-20.2,12.24,-5.17,-40.86,-1.799,14947,5038.75,,,,,1,0,5.09,39.91,0,0,14.43,14.83,0,0,15.19,51.12,-5.17,Media
47005,Alcazarén,Valladolid,valladolid,623,47.97,12.99,31.2,240.7,7.5,6.06,13.38,-7.31,-1.11,-10.1,-12.01,-0.489,12522,1416.32,16.0,3.2,4.8,24.0,1,0,11.32,17.0,0,0,4.88,4.69,0,0,5.28,29.81,-10.1,Media
47084,Mayorga,Valladolid,valladolid,1354,150.37,9.0,31.8,293.9,21.73,4.51,17.48,-12.97,-8.39,-19.83,-18.97,-0.874,12924,671.12,7.4,3.7,0.7,11.8,0,0,9.67,33.22,1,0,6.25,13.35,1,73.86,9.64,66.27,-19.83,Alta
47186,Valladolid,Valladolid,valladolid,302614,197.12,1535.18,28.3,178.8,7.52,6.06,10.79,-4.73,1.12,-0.42,-5.18,-0.318,16356,,6.9,1.5,0.7,9.7,1,1,0.59,0.59,1,1,0.34,0.45,1,12.43,0.28,0.0,-0.42,Leve
47035,Carpio,Valladolid,valladolid,923,56.42,16.36,32.4,296.0,0.21,3.97,15.89,-11.92,-7.14,-12.68,-21.98,-0.727,12632,1020.96,7.6,1.1,1.1,9.7,1,0,12.56,28.54,1,0,0.14,19.21,1,44.42,0.2,58.12,-12.68,Media
47056,Corrales de Duero,Valladolid,valladolid,104,17.76,5.86,44.3,470.0,22.43,1.07,17.09,-16.03,-7.96,22.35,-25.18,-1.049,14950,2303.95,9.4,0.0,0.0,9.4,1,0,11.3,32.09,0,0,9.14,7.76,0,0,7.74,54.1,22.35,Crecimiento
47079,Llano de Olmedo,Valladolid,valladolid,49,15.2,3.22,36.7,0.0,3.92,2.27,20.41,-18.14,-18.33,-26.87,-48.96,-1.783,14950,5184.82,20.4,0.0,40.8,61.2,1,0,6.65,26.22,0,0,6.75,6.93,0,0,6.28,43.0,-26.87,Alta
47073,Herrín de Campos,Valladolid,valladolid,111,29.44,3.77,42.9,685.7,3.48,4.0,27.03,-23.02,-9.02,-13.95,-45.85,-1.931,14822,2495.18,,,,,1,0,7.44,34.12,0,0,7.31,7.46,0,0,10.31,56.4,-13.95,Media
47114,Peñafiel,Valladolid,valladolid,5143,76.02,67.65,23.6,136.2,14.14,6.72,12.01,-5.29,1.76,-5.09,0.86,-0.09,13840,668.7,7.2,5.6,7.0,20.5,0,0,5.58,38.82,1,1,3.95,5.29,1,57.17,3.25,50.29,-5.09,Media
47067,Fuente el Sol,Valladolid,valladolid,150,20.92,7.17,36.9,1833.3,3.9,1.48,25.93,-24.44,0.0,-17.13,-50.5,-2.178,15513,2091.53,6.7,6.7,0.0,13.4,1,0,10.59,22.2,0,0,8.11,15.17,0,0,14.93,55.95,-17.13,Alta
47224,Villarmentero de Esgueva,Valladolid,valladolid,99,13.43,7.37,28.0,280.0,0.97,3.37,14.59,-11.22,-6.6,-4.81,-22.05,-0.994,16264,2644.54,0.0,10.0,0.0,10.0,1,0,7.65,14.3,0,0,7.02,12.16,0,0,6.86,15.14,-4.81,Leve
47170,Torre de Peñafiel,Valladolid,valladolid,57,30.18,1.89,36.8,700.0,10.53,0.0,3.9,-3.9,18.75,35.71,7.55,-0.001,14950,4560.65,0.0,17.5,17.5,35.1,1,0,4.87,35.82,0,0,8.75,9.61,0,0,2.99,55.95,35.71,Crecimiento
47180,Valdearcos de la Vega,Valladolid,valladolid,56,14.63,3.83,41.0,357.1,13.43,1.98,31.75,-29.76,1.82,-38.46,-60.28,-2.363,14950,5027.64,,,,,1,0,7.71,30.7,0,0,7.18,5.91,0,0,5.88,55.69,-38.46,Alta
47196,Villabaruz de Campos,Valladolid,valladolid,31,16.95,1.83,51.6,800.0,3.12,3.58,25.09,-21.51,3.33,-18.42,-36.73,-1.669,14947,8726.34,,,,,1,0,7.97,31.0,0,0,8.17,9.77,0,0,7.31,45.8,-18.42,Alta
47138,Rubí de Bracamonte,Valladolid,valladolid,207,25.56,8.1,35.1,811.1,4.59,0.54,20.4,-19.86,-9.21,-12.29,-37.84,-1.538,15036,1692.06,24.0,0.0,0.0,24.0,1,0,9.83,19.82,0,0,8.84,9.7,0,0,9.45,50.17,-12.29,Media
47032,Camporredondo,Valladolid,valladolid,143,17.43,8.2,36.4,742.9,1.36,0.78,18.65,-17.87,-4.03,-13.86,-33.18,-1.218,22684,1626.63,21.0,0.0,0.0,21.0,1,0,6.19,21.55,0,0,5.23,6.21,0,0,6.42,26.89,-13.86,Media
47052,Cistérniga,Valladolid,valladolid,9489,31.68,299.53,12.5,54.9,3.23,7.7,3.18,4.52,5.25,7.96,151.03,10.012,15050,226.03,1.9,1.8,1.1,5.0,1,0,3.64,3.64,1,1,3.02,3.84,1,4.74,3.04,8.63,7.96,Crecimiento
47081,Marzales,Valladolid,valladolid,45,12.65,3.56,40.0,257.1,4.88,4.94,17.28,-12.35,4.65,-13.46,-43.04,-1.781,15906,5255.41,,,,,1,0,6.86,30.04,0,0,6.58,14.01,0,0,3.03,35.28,-13.46,Media
47101,Nava del Rey,Valladolid,valladolid,1924,125.92,15.28,29.2,196.9,9.18,6.41,17.04,-10.63,-2.58,-9.46,-15.13,-0.543,11520,1103.77,9.9,1.6,4.1,16.1,1,0,11.76,19.8,1,0,4.53,17.08,1,59.77,5.02,44.32,-9.46,Media
47085,Medina del Campo,Valladolid,valladolid,20215,152.96,132.16,24.1,142.1,8.61,6.36,10.1,-3.73,-0.98,-4.24,0.84,0.035,12984,17.05,6.3,1.1,0.7,8.5,1,1,1.06,11.04,1,1,0.7,0.66,1,11.92,0.58,41.73,-4.24,Leve
47004,Alaejos,Valladolid,valladolid,1427,102.41,13.93,30.0,244.6,13.35,6.15,14.48,-8.33,3.48,0.63,-11.59,-0.696,12247,1118.65,8.4,2.8,2.8,14.0,0,0,0.0,30.57,1,0,0.03,24.66,1,32.24,0.19,56.03,0.63,Crecimiento
47066,Fuensaldaña,Valladolid,valladolid,2146,25.11,85.46,15.5,76.6,5.35,8.44,5.9,2.54,9.83,41.37,114.17,4.968,15943,334.18,4.2,5.1,0.9,10.3,1,0,5.66,6.52,1,0,1.18,5.64,1,22.37,2.02,7.0,41.37,Crecimiento
47023,Boecillo,Valladolid,valladolid,4446,24.08,184.63,13.5,55.1,3.32,7.6,4.45,3.15,7.18,10.71,175.46,9.686,17499,270.79,2.2,2.5,1.3,6.1,1,0,4.13,6.31,1,0,1.98,5.14,1,8.32,2.06,12.48,10.71,Crecimiento
47163,Tiedra,Valladolid,valladolid,273,47.24,5.78,44.7,938.5,0.0,3.66,17.91,-14.25,-4.88,-14.42,-32.92,-1.386,17035,1450.14,11.0,7.3,14.7,33.0,1,0,4.8,37.37,0,0,5.19,19.51,0,0,13.62,41.64,-14.42,Media
47225,Villasexmir,Valladolid,valladolid,67,14.14,4.74,47.8,1600.0,1.49,1.66,13.27,-11.61,-6.94,-18.29,-44.63,-1.788,15906,3094.78,0.0,0.0,59.7,59.7,1,0,9.49,23.43,0,0,3.56,14.53,0,0,10.89,27.96,-18.29,Alta
47210,Villalar de los Comuneros,Valladolid,valladolid,469,42.68,10.99,38.1,372.9,10.47,4.5,19.19,-14.69,0.21,7.32,-5.82,-0.119,15351,1422.98,6.4,0.0,2.1,8.5,1,0,8.48,27.91,0,0,10.72,12.78,1,130.06,1.73,37.18,7.32,Crecimiento
47041,Castrodeza,Valladolid,valladolid,148,15.95,9.28,34.9,650.0,2.1,1.5,18.02,-16.52,-3.9,-15.91,-41.04,-1.64,16002,1933.37,6.7,0.0,6.7,13.4,1,0,14.22,14.44,0,0,6.4,13.98,0,0,7.67,18.49,-15.91,Alta
47099,"Mudarra, La",Valladolid,valladolid,167,19.04,8.77,38.7,722.2,6.43,0.67,13.31,-12.64,6.37,0.6,-35.77,-1.703,17523,1939.98,6.0,6.0,6.0,17.9,1,0,13.71,23.12,0,0,12.99,13.51,0,0,8.61,23.29,0.6,Crecimiento
47018,Berceruelo,Valladolid,valladolid,36,13.92,2.59,47.2,0.0,2.78,0.0,6.17,-6.17,2.86,-2.7,-18.18,-0.768,15906,6207.09,,,,,1,0,6.11,19.69,0,0,6.64,8.98,0,0,9.52,25.02,-2.7,Leve
47174,Trigueros del Valle,Valladolid,valladolid,320,37.75,8.48,30.9,267.6,2.23,3.47,10.76,-7.29,5.26,1.59,8.11,0.082,16044,1111.41,3.1,3.1,12.5,18.8,1,0,6.84,13.53,0,0,7.35,7.78,0,0,7.44,19.74,1.59,Crecimiento
47054,Cogeces del Monte,Valladolid,valladolid,640,73.41,8.72,39.4,406.5,8.07,2.26,16.84,-14.58,-2.88,-11.97,-30.13,-1.307,14917,1321.22,4.7,1.6,6.2,12.5,1,0,15.62,30.7,1,0,3.71,14.88,1,37.5,3.83,34.96,-11.97,Media
47171,Torrelobatón,Valladolid,valladolid,387,66.0,5.86,37.7,540.7,2.07,3.16,16.94,-13.78,-3.25,-15.13,-32.81,-1.432,14907,1058.01,5.2,0.0,5.2,10.3,1,0,13.28,24.84,1,0,6.97,18.97,0,0,5.9,27.74,-15.13,Alta
47125,Pozuelo de la Orden,Valladolid,valladolid,56,20.44,2.74,28.3,566.7,3.77,0.0,17.86,-17.86,21.74,-11.11,-29.11,-1.418,14947,4895.03,,,,,1,0,11.09,40.11,0,0,13.08,13.08,0,0,13.18,48.38,-11.11,Media
47116,Pesquera de Duero,Valladolid,valladolid,403,55.78,7.22,31.5,282.2,3.55,3.58,20.95,-17.37,-8.82,-14.98,-24.67,-0.951,16441,3094.14,9.9,7.4,22.3,39.7,1,0,15.25,40.28,0,0,9.85,9.59,0,0,9.6,43.02,-14.98,Media
47141,Salvador de Zapardiel,Valladolid,valladolid,99,26.28,3.77,44.4,4400.0,0.0,0.0,24.69,-24.69,-14.66,-28.78,-50.25,-1.961,13206,3319.98,20.2,0.0,0.0,20.2,1,0,14.57,16.18,0,0,4.91,16.24,0,0,12.6,55.45,-28.78,Alta
47030,Campaspero,Valladolid,valladolid,1001,46.72,21.43,37.6,335.1,11.58,5.22,19.43,-14.21,-5.57,-12.27,-31.06,-1.33,14548,652.35,10.8,3.9,4.9,19.7,1,0,13.47,40.8,1,0,2.34,13.68,1,40.96,2.28,45.16,-12.27,Media
47213,Villalbarba,Valladolid,valladolid,96,21.93,4.38,42.7,4100.0,5.0,1.16,24.31,-23.15,-16.52,-26.15,-42.51,-1.55,16113,2794.69,20.8,0.0,0.0,20.8,1,0,4.78,35.89,0,0,4.92,16.78,0,0,8.35,40.79,-26.15,Alta
47121,Pollos,Valladolid,valladolid,565,50.46,11.2,37.7,426.0,6.9,4.72,16.72,-12.0,-5.99,-9.31,-30.67,-1.238,13843,1544.91,7.1,0.0,5.3,12.4,1,0,13.13,22.01,0,0,12.12,13.26,0,0,12.54,40.91,-9.31,Media
47076,Laguna de Duero,Valladolid,valladolid,22965,29.09,789.45,20.2,107.3,3.83,6.18,5.62,0.56,0.88,1.61,35.27,1.793,15281,2.26,3.3,0.8,0.3,4.9,0,0,1.44,4.42,1,1,1.42,2.8,1,12.28,1.57,9.12,1.61,Crecimiento
47158,"Seca, La",Valladolid,valladolid,1015,65.8,15.43,25.9,177.2,12.13,8.1,16.97,-8.87,-4.15,-8.31,-3.33,-0.004,13255,739.36,7.9,2.9,4.9,15.7,1,0,6.24,6.24,1,0,3.56,9.16,1,51.23,4.17,28.3,-8.31,Media
47175,Tudela de Duero,Valladolid,valladolid,8861,60.43,146.63,19.1,103.6,5.89,5.68,7.72,-2.04,2.8,2.05,39.48,1.926,14121,387.7,4.8,1.0,1.1,6.9,0,0,4.14,6.51,1,1,2.48,5.6,1,20.31,2.63,11.66,2.05,Crecimiento
47029,Cabreros del Monte,Valladolid,valladolid,64,28.04,2.28,34.4,275.0,15.0,5.21,24.31,-19.1,-3.03,-4.48,-31.91,-1.523,14947,4848.15,15.6,0.0,15.6,31.2,1,0,8.92,37.11,0,0,10.7,10.68,0,0,10.7,51.0,-4.48,Leve
47105,Olmos de Esgueva,Valladolid,valladolid,187,24.81,7.54,30.9,327.8,3.52,3.57,10.1,-6.54,1.08,-17.26,0.54,-0.043,15750,1607.34,10.5,0.0,0.0,10.5,1,0,10.59,17.15,0,0,10.07,13.46,0,0,6.72,18.35,-17.26,Alta
47153,Santervás de Campos,Valladolid,valladolid,100,53.92,1.85,48.0,800.0,3.7,0.0,25.56,-25.56,-11.5,-18.03,-39.76,-1.484,15676,3733.53,10.0,0.0,0.0,10.0,1,0,7.5,48.42,0,0,14.24,14.52,0,0,7.73,71.29,-18.03,Alta
47022,Bocos de Duero,Valladolid,valladolid,79,6.19,12.76,36.4,2800.0,27.16,2.81,8.44,-5.63,9.72,38.6,-7.06,-0.301,14950,3459.11,,,,,1,0,5.68,31.14,0,0,5.93,4.87,0,0,4.85,55.64,38.6,Crecimiento
47064,Fontihoyuelo,Valladolid,valladolid,29,16.94,1.71,34.5,1000.0,0.0,7.66,15.33,-7.66,-25.64,-12.12,-30.95,-0.898,14947,7330.63,,,,,1,0,8.49,42.83,0,0,8.34,8.36,0,0,11.86,63.42,-12.12,Media
47189,Velascálvaro,Valladolid,valladolid,156,23.0,6.78,29.9,361.5,4.27,4.27,13.53,-9.26,-5.45,-8.77,-19.59,-0.802,13256,2133.2,6.4,0.0,0.0,6.4,1,0,8.96,19.32,0,0,5.93,8.65,0,0,8.49,50.02,-8.77,Media
47232,"Zarza, La",Valladolid,valladolid,109,23.95,4.55,30.6,566.7,5.88,3.06,16.31,-13.25,-0.91,-5.22,-30.13,-1.302,13061,3143.07,9.0,0.0,9.0,18.0,1,0,6.97,16.97,0,0,6.83,6.59,0,0,6.85,42.59,-5.22,Media
47230,Wamba,Valladolid,valladolid,289,38.11,7.58,37.8,375.9,0.67,1.54,12.69,-11.15,-6.77,-15.74,-23.14,-0.872,15646,782.23,6.9,0.0,0.0,6.9,1,0,11.19,12.95,0,0,6.83,12.21,0,0,6.59,15.67,-15.74,Alta
47172,Torrescárcela,Valladolid,valladolid,162,50.69,3.2,31.3,212.5,7.83,3.43,7.54,-4.12,1.89,-2.99,-0.61,-0.209,12994,1640.38,6.1,0.0,6.1,12.3,1,0,9.19,32.11,0,0,4.21,8.23,0,0,4.02,36.93,-2.99,Leve
47013,Barcial de la Loma,Valladolid,valladolid,98,27.09,3.62,48.5,1200.0,5.94,0.0,15.87,-15.87,7.69,-10.91,-38.75,-1.794,18661,3033.71,10.1,0.0,0.0,10.1,1,0,8.36,33.26,0,0,10.78,14.9,0,0,10.81,56.86,-10.91,Media
47092,Montealegre de Campos,Valladolid,valladolid,105,33.92,3.1,36.2,422.2,2.8,5.29,14.81,-9.52,-4.55,-17.32,-37.87,-1.502,14638,2303.29,19.0,19.0,19.0,57.1,1,0,11.28,23.19,0,0,10.85,11.56,0,0,11.14,30.76,-17.32,Alta
47061,Esguevillas de Esgueva,Valladolid,valladolid,257,41.46,6.2,40.7,328.1,3.11,3.89,14.27,-10.38,-3.02,-9.19,-39.24,-1.486,14241,1507.71,11.6,0.0,0.0,11.6,0,0,0.56,29.48,1,0,0.81,20.44,0,0,11.63,31.33,-9.19,Media
47044,Castronuevo de Esgueva,Valladolid,valladolid,412,29.16,14.13,24.7,188.9,1.52,3.24,6.47,-3.24,11.35,4.83,28.35,0.987,17257,1109.41,2.4,4.8,2.4,9.7,1,0,4.11,10.76,0,0,3.54,9.66,0,0,6.8,11.91,4.83,Crecimiento
47078,Lomoviejo,Valladolid,valladolid,155,27.53,5.63,35.4,400.0,3.7,2.15,17.92,-15.77,-12.92,-16.22,-41.73,-1.533,16082,2101.61,25.3,0.0,0.0,25.3,1,0,11.78,18.47,0,0,8.07,16.75,0,0,13.57,56.35,-16.22,Alta
47050,Cigales,Valladolid,valladolid,5454,60.88,89.59,13.9,62.6,6.63,7.72,5.13,2.59,2.36,7.55,94.65,4.269,13092,341.13,2.7,0.9,0.0,3.8,0,0,0.0,13.27,1,1,1.76,2.69,1,11.0,1.72,13.83,7.55,Crecimiento
47162,Tamariz de Campos,Valladolid,valladolid,85,37.72,2.25,29.8,227.3,10.71,5.23,13.07,-7.84,16.44,34.92,-12.37,-1.348,14947,3557.59,0.0,0.0,11.9,11.9,1,0,11.08,32.05,0,0,10.98,11.77,0,0,9.1,44.08,34.92,Crecimiento
47025,Brahojos de Medina,Valladolid,valladolid,96,27.41,3.5,49.0,4700.0,5.0,0.0,23.15,-23.15,-17.24,-25.58,-47.25,-1.769,14119,3407.63,20.8,0.0,0.0,20.8,1,0,14.6,24.29,0,0,2.89,14.22,0,0,5.63,54.61,-25.58,Alta
47031,"Campillo, El",Valladolid,valladolid,204,32.75,6.23,34.6,338.1,3.5,3.27,18.52,-15.25,-4.23,-8.52,-14.64,-0.673,14974,1876.77,19.5,4.9,19.5,43.9,1,0,7.19,17.14,0,0,6.21,6.81,0,0,6.73,47.73,-8.52,Media
47055,Corcos,Valladolid,valladolid,203,42.53,4.77,35.6,514.3,6.07,3.83,13.14,-9.3,0.0,-6.02,-24.81,-1.039,15759,1678.31,19.8,5.0,5.0,29.7,1,0,4.41,15.32,0,0,5.66,6.42,0,0,5.7,18.2,-6.02,Media
47068,Fuente-Olmedo,Valladolid,valladolid,42,13.59,3.09,19.0,200.0,36.59,2.65,13.23,-10.58,23.53,0.0,-38.24,-1.835,14950,6021.41,,,,,1,0,5.21,22.79,0,0,5.24,5.74,0,0,4.46,45.24,0.0,Leve
47086,Medina de Rioseco,Valladolid,valladolid,4617,115.0,40.15,24.9,156.3,8.25,5.82,11.84,-6.02,0.24,-4.23,-5.81,-0.382,13389,505.34,11.1,4.3,2.4,18.0,0,0,15.13,19.0,1,1,8.8,17.7,1,21.66,7.68,19.15,-4.23,Leve
47007,Aldeamayor de San Martín,Valladolid,valladolid,6290,53.49,117.59,9.5,36.7,3.22,10.02,3.64,6.38,11.64,26.61,338.02,16.503,15031,222.03,1.1,0.8,1.0,3.2,1,0,7.29,9.86,1,0,1.42,7.19,1,3.34,1.84,15.21,26.61,Crecimiento
47142,San Cebrián de Mazote,Valladolid,valladolid,99,35.45,2.79,52.5,0.0,1.94,2.24,33.67,-31.43,-23.26,-44.07,-54.59,-1.855,17173,2358.84,10.1,0.0,0.0,10.1,1,0,4.85,31.71,0,0,4.86,22.38,0,0,13.73,35.6,-44.07,Alta
47143,San Llorente,Valladolid,valladolid,93,24.85,3.74,56.5,1733.3,4.26,1.19,25.09,-23.89,-11.43,-31.11,-54.19,-2.118,14950,2723.31,21.7,10.9,0.0,32.6,1,0,10.82,30.65,0,0,9.43,8.06,0,0,8.04,55.53,-31.11,Alta
47077,Langayo,Valladolid,valladolid,246,48.3,5.09,42.3,547.4,5.18,1.81,18.07,-16.26,-1.6,-8.21,-46.75,-1.932,13501,1489.45,20.3,0.0,0.0,20.3,1,0,15.02,37.23,0,0,7.83,12.25,0,0,8.01,41.12,-8.21,Media
47123,Pozal de Gallinas,Valladolid,valladolid,556,35.05,15.86,26.8,156.8,1.67,5.0,9.59,-4.6,1.65,-0.89,11.42,0.4,13534,1520.51,7.2,3.6,3.6,14.4,1,0,7.59,8.71,1,0,4.93,7.77,0,0,5.42,37.06,-0.89,Leve
47046,Castroponce,Valladolid,valladolid,128,24.83,5.16,33.3,477.8,5.34,0.87,24.31,-23.44,-7.25,-11.11,-34.69,-1.197,12165,2098.3,23.3,7.8,0.0,31.0,1,0,11.36,43.02,0,0,3.81,11.67,0,0,8.73,63.95,-11.11,Media
47051,Ciguñuela,Valladolid,valladolid,361,30.32,11.91,22.9,184.4,1.12,6.46,11.39,-4.92,-2.7,-7.44,-2.96,-0.066,14665,1624.52,0.0,5.5,8.3,13.8,1,0,6.75,6.86,0,0,5.27,6.25,0,0,6.42,10.76,-7.44,Media
47048,Ceinos de Campos,Valladolid,valladolid,172,36.06,4.77,38.4,507.7,12.07,5.17,20.03,-14.86,-18.1,-30.36,-37.45,-1.373,14051,1451.04,5.8,11.6,0.0,17.4,1,0,11.36,43.48,0,0,9.72,11.35,0,0,8.38,54.44,-30.36,Alta
47208,Villagómez la Nueva,Valladolid,valladolid,46,12.26,3.75,44.7,700.0,7.84,2.42,19.32,-16.91,-28.12,-35.21,-53.06,-1.675,14947,5396.18,42.6,0.0,0.0,42.6,1,0,11.41,45.81,0,0,7.38,11.26,0,0,9.13,65.59,-35.21,Alta
47198,Villacarralón,Valladolid,valladolid,71,17.4,4.08,36.6,866.7,5.97,1.56,21.91,-20.34,-4.05,-8.97,-37.72,-1.474,14947,3612.25,14.1,0.0,0.0,14.1,1,0,9.04,43.91,0,0,11.1,11.14,0,0,9.43,65.68,-8.97,Media
47024,Bolaños de Campos,Valladolid,valladolid,244,29.87,8.17,37.4,455.0,14.96,4.55,15.03,-10.47,-15.57,-29.68,-35.96,-1.391,15106,1168.0,8.2,4.1,4.1,16.5,1,0,13.68,33.12,0,0,10.78,15.93,0,0,11.02,60.68,-29.68,Alta
47133,Renedo de Esgueva,Valladolid,valladolid,3993,29.01,137.64,10.8,41.3,1.49,7.23,2.7,4.54,4.69,10.3,327.06,14.301,15366,299.43,1.3,0.3,0.3,1.8,0,0,0.0,6.66,1,0,0.94,6.01,0,0,6.48,8.32,10.3,Crecimiento
47042,Castromembibre,Valladolid,valladolid,49,16.82,2.91,30.0,375.0,0.0,4.54,22.68,-18.14,-9.26,-24.62,-44.94,-1.743,15906,8800.57,20.0,0.0,0.0,20.0,1,0,12.08,39.17,0,0,12.47,18.0,0,0,13.44,48.57,-24.62,Alta
47026,Bustillo de Chaves,Valladolid,valladolid,66,21.88,3.02,26.1,128.6,31.34,5.05,13.47,-8.42,1.54,-27.47,-30.53,-1.448,14947,5383.29,,,,,1,0,6.77,44.13,0,0,6.72,6.62,0,0,8.34,61.32,-27.47,Alta
47074,Hornillos de Eresma,Valladolid,valladolid,182,34.65,5.25,26.4,192.0,11.49,1.83,15.26,-13.43,9.64,7.69,12.35,0.134,15827,1750.11,5.5,5.5,16.5,33.0,1,0,8.84,13.33,0,0,8.27,8.4,0,0,8.41,32.48,7.69,Crecimiento
47178,Urueña,Valladolid,valladolid,200,44.0,4.55,38.3,350.0,6.37,1.11,10.0,-8.89,5.82,4.71,-5.66,-0.486,14744,2265.12,5.0,29.9,24.9,69.7,1,0,11.41,35.91,0,0,10.9,19.47,0,0,16.85,38.89,4.71,Crecimiento
47226,Villavaquerín,Valladolid,valladolid,155,45.05,3.44,27.7,268.8,1.38,8.6,17.2,-8.6,-3.73,-14.36,-29.55,-1.218,13864,1920.92,19.4,0.0,0.0,19.4,1,0,11.4,21.57,0,0,7.63,14.67,0,0,7.33,24.06,-14.36,Media
47179,Valbuena de Duero,Valladolid,valladolid,385,46.5,8.28,36.9,357.5,13.24,2.02,16.45,-14.43,-16.67,-18.95,-26.1,-0.829,16111,1584.45,2.6,10.3,15.5,30.9,1,0,12.34,34.7,0,0,7.66,15.19,0,0,7.74,37.24,-18.95,Alta
47176,"Unión de Campos, La",Valladolid,valladolid,210,35.94,5.84,59.2,969.2,3.95,3.7,26.46,-22.75,-8.7,-22.79,-31.37,-1.426,12621,1433.3,4.7,0.0,0.0,4.7,1,0,8.55,29.18,0,0,6.66,8.81,0,0,8.38,70.89,-22.79,Alta
47219,Villanueva de la Condesa,Valladolid,valladolid,64,11.38,5.62,22.7,115.4,23.73,5.21,3.47,1.74,14.29,-7.25,60.0,1.816,14947,5291.87,0.0,15.2,15.2,30.3,1,0,8.07,44.69,0,0,7.97,7.92,0,0,10.58,63.36,-7.25,Media
47148,San Pedro de Latarce,Valladolid,valladolid,429,44.28,9.69,34.7,333.3,4.35,3.37,14.5,-11.14,-9.87,-17.82,-33.9,-1.305,11657,827.36,9.3,2.3,6.9,18.5,1,0,11.6,40.92,0,0,15.01,14.98,0,0,13.86,51.68,-17.82,Alta
47211,Villalba de la Loma,Valladolid,valladolid,56,14.14,3.96,26.8,300.0,1.72,3.97,17.86,-13.89,12.0,-9.68,19.15,0.826,14947,5211.84,17.9,0.0,0.0,17.9,1,0,8.78,43.91,0,0,5.79,15.75,0,0,5.73,69.99,-9.68,Media
47040,Castrobol,Valladolid,valladolid,43,16.85,2.55,60.5,0.0,0.0,0.0,56.85,-56.85,-23.21,-34.85,-51.14,-2.012,14947,5630.93,,,,,1,0,3.45,32.86,0,0,5.67,12.46,0,0,5.29,72.82,-34.85,Alta
47053,Cogeces de Íscar,Valladolid,valladolid,143,13.54,10.56,34.3,222.7,1.39,4.66,13.21,-8.55,5.15,0.7,-4.67,-0.343,14258,1785.42,14.0,0.0,7.0,21.0,1,0,5.87,25.05,0,0,6.06,6.05,0,0,6.17,30.42,0.7,Crecimiento
47119,Piñel de Arriba,Valladolid,valladolid,81,23.38,3.46,49.4,1000.0,4.55,6.86,19.2,-12.35,-10.99,-18.18,-45.64,-1.827,14950,2411.25,12.3,0.0,0.0,12.3,1,0,17.34,38.63,0,0,13.1,12.06,0,0,12.05,48.25,-18.18,Alta
47088,Melgar de Abajo,Valladolid,valladolid,117,22.99,5.09,45.6,650.0,5.26,2.85,18.99,-16.14,2.63,1.74,-33.14,-1.639,17907,3980.0,35.1,0.0,0.0,35.1,1,0,14.92,49.46,0,0,13.1,16.81,0,0,13.28,74.89,1.74,Crecimiento
47009,Amusquillo,Valladolid,valladolid,95,15.89,5.98,44.2,840.0,0.0,7.02,17.54,-10.53,-6.86,-12.84,-45.09,-1.781,15906,2710.18,42.1,0.0,0.0,42.1,1,0,7.45,33.14,0,0,7.55,21.54,0,0,14.61,37.93,-12.84,Media
47164,Tordehumos,Valladolid,valladolid,362,61.43,5.89,27.2,322.6,13.68,3.68,15.96,-12.28,-11.92,-18.28,-35.13,-1.239,14409,1851.0,8.2,5.4,8.2,21.8,1,0,11.37,37.92,0,0,4.32,12.62,0,0,12.97,39.75,-18.28,Alta
47205,Villafrechós,Valladolid,valladolid,473,60.4,7.83,26.6,196.9,23.39,8.46,13.39,-4.93,-1.46,-3.67,-11.09,-0.464,12284,1146.81,4.2,2.1,2.1,8.4,0,0,0.0,40.44,0,0,12.0,13.77,0,0,14.18,48.61,-3.67,Leve
47012,Bahabón,Valladolid,valladolid,97,20.68,4.69,39.6,542.9,6.25,3.44,28.64,-25.2,-5.83,-25.95,-52.22,-2.353,14950,3033.78,20.8,0.0,31.2,52.1,1,0,8.83,37.61,0,0,5.08,8.82,0,0,5.01,42.28,-25.95,Alta
47093,Montemayor de Pililla,Valladolid,valladolid,837,59.47,14.07,35.1,427.5,3.84,2.52,15.53,-13.01,-2.33,-8.82,-20.21,-0.845,14967,794.78,10.7,1.2,6.0,19.0,1,0,12.5,23.32,1,0,0.84,12.6,0,0,7.69,28.25,-8.82,Media
47173,Traspinedo,Valladolid,valladolid,1308,26.26,49.81,22.8,141.7,9.32,4.59,8.49,-3.91,17.73,21.56,57.4,1.894,13937,470.43,6.1,5.3,3.1,14.5,1,0,8.61,17.3,0,0,7.29,8.26,1,23.7,1.92,21.3,21.56,Crecimiento
47220,Villanueva de los Caballeros,Valladolid,valladolid,147,34.87,4.22,44.9,733.3,6.37,3.78,23.43,-19.65,-18.33,-21.81,-45.35,-1.691,18701,1959.59,13.6,13.6,6.8,34.0,1,0,12.57,41.73,0,0,14.62,14.59,0,0,14.78,48.07,-21.81,Alta
47100,Muriel,Valladolid,valladolid,106,22.49,4.71,54.7,0.0,1.8,2.1,25.16,-23.06,-13.11,-27.4,-50.47,-1.979,14229,2397.57,9.4,0.0,0.0,9.4,1,0,12.91,13.89,0,0,7.29,14.06,0,0,9.27,58.89,-27.4,Alta
47191,Velliza,Valladolid,valladolid,121,22.61,5.35,40.0,960.0,1.65,2.75,21.12,-18.37,8.04,-0.82,-29.24,-1.38,17364,2480.66,0.0,0.0,25.0,25.0,1,0,9.73,13.9,0,0,9.58,9.23,0,0,9.98,19.59,-0.82,Leve
47110,"Parrilla, La",Valladolid,valladolid,471,44.72,10.53,36.7,353.1,0.62,6.13,16.04,-9.91,-1.67,-6.18,-25.47,-1.142,14102,1451.67,6.4,0.0,8.5,17.0,1,0,6.21,14.54,1,0,0.85,5.62,0,0,5.28,19.65,-6.18,Media
47194,Viloria,Valladolid,valladolid,338,11.3,29.91,29.7,247.6,5.6,3.94,13.48,-9.53,-0.29,-6.89,-11.05,-0.55,13200,1090.16,5.7,0.0,8.6,14.3,1,0,7.99,31.21,0,0,6.66,6.6,0,0,8.05,36.29,-6.89,Media
47115,Peñaflor de Hornija,Valladolid,valladolid,350,66.11,5.29,32.1,329.4,4.26,4.13,15.24,-11.11,15.89,9.72,-22.91,-1.216,16217,781.58,8.6,0.0,0.0,8.6,1,0,17.73,20.33,0,0,9.48,18.1,1,102.86,1.58,22.17,9.72,Crecimiento
47021,Bocigas,Valladolid,valladolid,75,16.29,4.6,40.0,428.6,6.76,5.93,16.3,-10.37,-16.67,-12.79,-46.04,-1.768,14950,4872.85,0.0,13.3,40.0,53.3,1,0,4.57,21.43,0,0,4.49,4.81,0,0,3.91,45.31,-12.79,Media
47177,Urones de Castroponce,Valladolid,valladolid,94,18.71,5.02,48.9,920.0,3.0,2.36,16.55,-14.18,-14.55,-18.97,-37.75,-1.456,13364,5124.33,10.6,0.0,10.6,21.3,1,0,5.51,34.37,0,0,6.1,13.92,0,0,5.57,69.39,-18.97,Alta
47144,San Martín de Valvení,Valladolid,valladolid,78,58.13,1.34,26.6,420.0,7.14,5.7,18.52,-12.82,-3.7,-11.36,-27.78,-1.115,15906,3271.58,,,,,1,0,13.59,18.39,0,0,5.25,12.27,0,0,5.11,18.9,-11.36,Media
47034,Canillas de Esgueva,Valladolid,valladolid,71,23.48,3.02,53.5,3800.0,2.74,1.56,20.34,-18.78,-5.33,-13.41,-45.8,-1.849,15906,2991.4,14.1,0.0,0.0,14.1,1,0,19.24,38.8,0,0,18.64,17.5,0,0,11.67,50.28,-13.41,Media
47028,Cabezón de Valderaduey,Valladolid,valladolid,24,10.28,2.33,48.0,400.0,25.0,9.26,23.15,-13.89,-41.46,-31.43,-48.94,-1.649,14947,11948.37,40.0,0.0,40.0,80.0,1,0,11.0,45.78,0,0,8.03,13.63,0,0,7.92,68.3,-31.43,Alta
47117,Piña de Esgueva,Valladolid,valladolid,313,29.92,10.46,31.7,294.1,2.24,2.48,15.62,-13.13,-1.57,-5.15,-22.91,-0.869,15663,1883.06,6.3,3.2,6.3,15.9,1,0,5.1,24.89,0,0,4.91,20.5,0,0,11.38,25.76,-5.15,Media
47106,Olmos de Peñafiel,Valladolid,valladolid,35,16.1,2.17,54.3,1900.0,2.63,3.17,31.75,-28.57,-33.96,-46.15,-58.82,-2.085,14950,7085.2,0.0,0.0,57.1,57.1,1,0,3.46,30.26,0,0,8.7,8.68,0,0,8.33,59.02,-46.15,Alta
47187,Vega de Ruiponce,Valladolid,valladolid,81,31.32,2.59,42.5,485.7,11.11,2.74,17.83,-15.09,-8.99,-23.58,-40.88,-1.556,14947,2686.49,,,,,1,0,12.85,48.82,0,0,11.94,12.7,0,0,11.89,68.16,-23.58,Alta
47165,Tordesillas,Valladolid,valladolid,8773,141.48,62.01,22.6,135.1,8.59,6.6,9.35,-2.75,0.32,-1.82,8.77,0.374,13530,435.31,7.4,3.3,7.3,18.6,0,0,9.97,23.42,1,1,11.63,11.63,1,10.94,8.38,38.82,-1.82,Leve
47080,Manzanillo,Valladolid,valladolid,48,18.8,2.55,28.0,140.0,16.98,11.57,11.57,0.0,-11.11,-2.04,-32.39,-0.818,14950,4432.62,,,,,1,0,11.6,40.45,0,0,6.86,7.73,0,0,6.76,43.97,-2.04,Leve
47089,Melgar de Arriba,Valladolid,valladolid,161,34.98,4.6,38.0,885.7,12.27,2.76,17.94,-15.18,5.23,-11.05,-46.15,-2.091,17347,2754.58,12.3,0.0,0.0,12.3,1,0,11.16,50.3,0,0,12.06,12.3,0,0,11.27,75.66,-11.05,Media
47167,Torrecilla de la Orden,Valladolid,valladolid,226,59.79,3.78,41.4,783.3,3.52,0.98,20.65,-19.67,-8.87,-13.74,-40.21,-1.528,16485,1927.83,17.6,0.0,0.0,17.6,1,0,10.29,38.46,0,0,10.31,18.9,0,0,10.18,65.69,-13.74,Media
47001,Adalia,Valladolid,valladolid,50,16.24,3.08,34.0,1700.0,0.0,0.0,17.78,-17.78,-5.66,-15.25,-43.18,-1.51,15906,5201.12,,,,,1,0,4.34,28.78,0,0,4.02,18.15,0,0,10.21,33.15,-15.25,Alta
47131,Rábano,Valladolid,valladolid,169,27.61,6.12,43.2,663.6,1.14,3.29,26.96,-23.67,-2.87,-13.33,-32.13,-1.397,15553,1700.85,11.8,5.9,17.8,35.5,1,0,4.08,33.74,0,0,8.99,9.59,0,0,4.93,57.52,-13.33,Media
47145,San Miguel del Arroyo,Valladolid,valladolid,641,55.43,11.56,35.1,312.5,3.25,4.51,17.33,-12.83,-2.73,-8.95,-19.37,-0.851,14574,970.85,6.2,1.6,6.2,14.0,1,0,9.95,25.89,1,0,1.33,9.89,0,0,9.97,31.22,-8.95,Media
47126,Puras,Valladolid,valladolid,44,10.82,4.07,38.6,850.0,0.0,0.0,15.15,-15.15,2.33,-20.0,-26.67,-1.302,14950,5609.93,0.0,0.0,22.7,22.7,1,0,11.1,15.45,0,0,11.05,11.45,0,0,10.34,51.96,-20.0,Alta
47223,Villardefrades,Valladolid,valladolid,145,36.16,4.01,33.1,350.0,3.57,0.77,16.09,-15.33,-10.49,-20.77,-36.96,-1.549,13890,1621.91,20.3,20.3,13.5,54.1,1,0,12.07,41.53,0,0,12.39,19.88,0,0,20.1,44.93,-20.77,Alta
47195,Villabáñez,Valladolid,valladolid,516,50.96,10.13,30.0,263.3,3.91,3.66,12.06,-8.4,5.52,-6.01,8.18,0.26,15420,1086.88,1.9,3.8,5.7,11.4,1,0,7.15,14.11,0,0,6.45,7.16,1,52.33,0.39,17.3,-6.01,Media
47217,Villanubla,Valladolid,valladolid,2903,45.58,63.69,12.1,50.4,4.39,8.54,6.24,2.3,4.84,13.18,213.5,9.14,14457,304.02,2.1,2.8,1.7,6.5,1,0,6.41,10.5,1,0,0.09,9.3,1,31.35,0.29,10.58,13.18,Crecimiento
47214,Villalón de Campos,Valladolid,valladolid,1473,69.91,21.07,35.3,326.2,6.71,3.85,15.92,-12.07,-5.64,-14.16,-29.89,-1.224,13782,1628.33,6.8,3.4,2.7,12.8,0,0,2.75,38.46,1,1,2.58,2.64,0,0,6.4,57.66,-14.16,Media
47098,Mucientes,Valladolid,valladolid,690,63.73,10.83,25.5,184.4,2.89,5.48,10.63,-5.15,5.67,-1.29,11.83,0.372,15886,802.19,5.8,4.3,4.3,14.4,1,0,5.38,12.43,0,0,6.11,6.84,0,0,5.94,12.87,-1.29,Leve
47019,Berrueces,Valladolid,valladolid,85,15.83,5.37,40.7,1750.0,12.9,2.61,16.99,-14.38,-21.3,-14.14,-19.05,-0.411,14947,2746.6,,,,,1,0,8.65,38.33,0,0,8.19,8.9,0,0,9.08,45.18,-14.14,Media
47039,Castrillo-Tejeriego,Valladolid,valladolid,157,35.87,4.38,43.3,850.0,0.0,1.42,28.31,-26.89,-3.68,-20.3,-41.42,-1.517,16838,1749.56,19.1,0.0,0.0,19.1,1,0,6.67,28.3,0,0,6.45,21.69,0,0,6.82,30.28,-20.3,Alta
47206,Villafuerte,Valladolid,valladolid,80,26.16,3.06,51.2,820.0,0.0,2.78,23.61,-20.83,-5.88,-23.81,-48.05,-1.973,15906,2534.57,12.5,0.0,62.5,75.0,1,0,5.86,33.46,0,0,5.84,21.27,0,0,11.16,35.02,-23.81,Alta
47156,San Vicente del Palacio,Valladolid,valladolid,155,37.85,4.1,36.8,380.0,1.85,6.45,22.94,-16.49,-4.32,-12.92,-36.48,-1.503,13132,1636.24,19.4,12.9,6.5,38.7,1,0,8.97,18.33,0,0,8.15,8.94,0,0,8.68,48.31,-12.92,Media
47157,Sardón de Duero,Valladolid,valladolid,600,19.64,30.55,27.3,205.0,7.1,5.56,11.48,-5.93,3.63,-5.36,-4.61,-0.416,14557,875.3,6.7,5.0,11.6,23.3,1,0,14.49,22.85,0,0,5.56,14.18,0,0,5.43,26.37,-5.36,Media
47130,Quintanilla de Trigueros,Valladolid,valladolid,100,32.16,3.11,31.0,442.9,1.98,4.44,13.33,-8.89,-0.99,-13.04,-11.5,-0.396,14373,2446.12,10.0,0.0,0.0,10.0,1,0,8.23,8.23,0,0,8.94,12.98,0,0,9.12,24.99,-13.04,Media
47027,Cabezón de Pisuerga,Valladolid,valladolid,3910,45.32,86.28,13.1,59.0,4.96,7.67,6.11,1.56,3.91,8.46,115.31,5.206,13729,293.08,2.8,1.8,1.0,5.9,1,0,9.17,11.92,1,0,1.98,6.72,1,26.34,1.96,12.46,8.46,Crecimiento
47190,Velilla,Valladolid,valladolid,109,19.93,5.47,29.4,168.4,0.0,10.19,14.27,-4.08,-4.39,-1.8,-28.29,-1.156,12380,2628.1,0.0,0.0,18.3,18.3,1,0,4.9,18.88,0,0,6.87,6.38,0,0,6.99,24.57,-1.8,Leve
47111,"Pedraja de Portillo, La",Valladolid,valladolid,1186,56.69,20.92,28.2,233.3,3.63,4.87,9.37,-4.5,5.33,3.76,12.42,0.24,13830,890.69,9.2,0.8,0.0,10.1,1,0,9.01,13.46,1,0,4.07,6.18,1,35.41,4.14,19.41,3.76,Crecimiento
47203,Villafrades de Campos,Valladolid,valladolid,59,20.67,2.85,42.4,1250.0,3.39,0.0,24.48,-24.48,-4.84,-18.06,-48.25,-1.845,14947,4732.14,,,,,1,0,4.97,30.76,0,0,5.2,6.93,0,0,5.47,50.97,-18.06,Alta
47159,Serrada,Valladolid,valladolid,1117,24.16,46.23,26.2,158.1,14.2,5.87,8.36,-2.49,1.27,-4.77,5.48,0.298,12555,868.8,8.0,2.7,1.8,13.4,0,0,0.0,8.15,1,0,1.33,12.13,0,0,7.1,22.81,-4.77,Leve
47181,Valdenebro de los Valles,Valladolid,valladolid,187,42.01,4.45,27.1,192.6,11.29,5.35,14.26,-8.91,-6.03,-10.1,-20.43,-0.794,15594,1481.77,5.2,0.0,10.4,15.6,1,0,7.23,29.47,0,0,7.17,7.22,0,0,6.87,29.73,-10.1,Media
47154,Santibáñez de Valcorba,Valladolid,valladolid,195,24.13,8.08,42.6,592.9,4.81,3.42,6.27,-2.85,16.07,12.72,-8.88,-0.777,15829,1336.57,0.0,10.3,15.4,25.6,1,0,14.14,23.15,0,0,6.61,13.67,0,0,4.74,27.42,12.72,Crecimiento
47045,Castronuño,Valladolid,valladolid,737,124.27,5.93,39.1,409.9,6.47,5.13,21.41,-16.28,-11.52,-17.1,-31.25,-1.143,13125,1029.94,9.4,2.7,6.7,20.1,1,0,11.73,31.28,1,0,2.31,16.78,0,0,11.73,50.91,-17.1,Alta
47016,Benafarces,Valladolid,valladolid,68,16.52,4.12,47.8,1066.7,2.9,3.27,14.71,-11.44,-1.45,-15.0,-40.87,-1.666,15906,5401.5,0.0,0.0,14.9,14.9,1,0,8.61,39.21,0,0,8.95,13.96,0,0,9.49,45.97,-15.0,Alta
47069,Gallegos de Hornija,Valladolid,valladolid,104,11.2,9.29,40.4,4200.0,0.92,0.0,26.71,-26.71,-9.57,-24.09,-29.73,-1.101,15242,2010.57,9.6,0.0,0.0,9.6,1,0,7.95,25.42,0,0,6.83,13.15,0,0,7.53,30.34,-24.09,Alta
47071,Geria,Valladolid,valladolid,492,18.15,27.11,21.6,173.8,13.27,6.32,8.36,-2.03,-2.77,-5.2,4.24,0.265,16552,1041.16,6.1,2.0,6.1,14.3,1,0,9.41,9.41,0,0,4.9,9.72,0,0,8.35,15.45,-5.2,Media
47122,Portillo,Valladolid,valladolid,2377,64.33,36.95,27.5,179.6,5.86,5.84,12.06,-6.22,0.17,-2.62,-5.37,-0.296,14410,422.02,4.2,1.7,0.8,7.1,0,0,1.31,18.32,1,1,1.42,1.3,1,15.57,1.53,23.7,-2.62,Leve
47015,Becilla de Valderaduey,Valladolid,valladolid,206,38.18,5.4,37.9,487.5,15.35,1.62,21.04,-19.42,-11.97,-22.26,-51.3,-2.017,15101,1826.96,43.7,9.7,9.7,63.1,1,0,10.4,39.9,1,0,0.49,13.98,0,0,8.47,63.88,-22.26,Alta
47094,Moral de la Reina,Valladolid,valladolid,129,42.43,3.04,38.2,555.6,19.31,5.17,16.37,-11.2,-12.84,-32.46,-42.92,-1.649,12181,1814.49,7.6,0.0,0.0,7.6,1,0,10.34,37.37,0,0,9.89,10.67,0,0,10.21,46.25,-32.46,Alta
47160,Siete Iglesias de Trabancos,Valladolid,valladolid,413,61.17,6.75,37.0,364.3,3.33,4.04,21.25,-17.22,-4.18,-15.37,-32.41,-1.321,12592,1326.38,12.1,4.8,26.6,45.9,1,0,8.09,25.44,0,0,7.39,20.92,0,0,8.2,48.54,-15.37,Alta
47065,Fresno el Viejo,Valladolid,valladolid,825,64.37,12.82,36.1,513.8,1.19,2.83,19.39,-16.57,-6.04,-12.79,-34.89,-1.401,12516,2044.35,9.7,2.4,7.3,19.4,1,0,6.8,34.35,1,0,2.43,24.92,1,23.03,2.56,63.82,-12.79,Media
47097,Mota del Marqués,Valladolid,valladolid,342,31.29,10.93,38.1,393.9,3.31,5.52,14.94,-9.42,-2.01,-12.76,-23.66,-1.049,13565,1024.31,11.7,5.9,8.8,26.4,0,0,0.75,32.82,1,0,0.69,19.68,0,0,9.02,37.42,-12.76,Media
47166,Torrecilla de la Abadesa,Valladolid,valladolid,237,27.3,8.68,32.6,427.8,5.2,6.56,21.57,-15.0,-14.13,-19.93,-35.42,-1.253,13709,1223.96,16.9,0.0,0.0,16.9,1,0,6.45,20.95,0,0,7.8,7.77,0,0,7.2,34.95,-19.93,Alta
47155,Santovenia de Pisuerga,Valladolid,valladolid,4762,13.8,345.07,13.0,63.1,5.23,7.75,4.97,2.78,3.43,13.3,109.04,7.085,13428,242.38,2.7,1.0,0.4,4.2,1,0,5.36,6.65,1,0,1.47,5.78,1,18.06,1.44,7.21,13.3,Crecimiento
47070,Gatón de Campos,Valladolid,valladolid,46,20.48,2.25,27.7,92.9,7.14,2.42,12.08,-9.66,43.75,4.55,9.52,-0.745,14947,5064.18,0.0,21.3,0.0,21.3,1,0,5.56,30.85,0,0,5.81,7.31,0,0,5.89,48.44,4.55,Crecimiento
47231,Zaratán,Valladolid,valladolid,6386,20.18,316.45,10.1,40.2,4.05,7.29,4.23,3.06,2.42,4.28,356.14,18.295,15039,246.59,2.2,2.2,0.5,5.0,0,0,1.15,4.68,1,0,1.07,3.26,1,30.54,0.74,5.25,4.28,Crecimiento
47149,San Pelayo,Valladolid,valladolid,42,10.67,3.94,23.8,166.7,0.0,0.0,10.58,-10.58,-16.0,-4.55,-6.67,0.623,15906,5481.06,0.0,0.0,23.8,23.8,1,0,13.91,21.95,0,0,4.38,19.95,0,0,4.53,25.17,-4.55,Leve
47137,Roturas,Valladolid,valladolid,26,11.48,2.26,34.6,900.0,0.0,0.0,12.82,-12.82,-7.14,-18.75,-13.33,-0.289,14950,7902.41,0.0,0.0,76.9,76.9,0,0,9.67,30.99,0,0,8.33,6.97,0,0,6.95,55.2,-18.75,Alta
47199,Villacid de Campos,Valladolid,valladolid,83,24.05,3.45,37.2,640.0,14.63,4.02,16.06,-12.05,15.28,-3.49,-31.97,-1.399,14947,3228.41,34.9,0.0,0.0,34.9,1,0,6.57,42.92,0,0,6.64,6.49,0,0,5.71,57.81,-3.49,Leve
47047,Castroverde de Cerrato,Valladolid,valladolid,192,32.41,5.92,44.3,1700.0,3.19,0.58,15.05,-14.47,-10.7,-17.6,-27.82,-1.131,13873,2196.81,10.4,0.0,5.2,15.6,1,0,11.39,35.8,0,0,11.48,18.79,0,0,16.21,41.62,-17.6,Alta
47218,Villanueva de Duero,Valladolid,valladolid,1263,37.38,33.79,24.6,150.5,5.48,5.54,8.53,-2.99,6.22,5.87,25.55,1.095,13382,694.67,4.8,0.8,2.4,7.9,1,0,4.46,11.31,1,0,1.69,11.86,0,0,7.14,18.85,5.87,Crecimiento
47063,Fompedraza,Valladolid,valladolid,113,16.37,6.9,22.6,130.0,11.5,5.9,14.75,-8.85,13.0,-4.24,-20.98,-1.302,16004,2061.6,8.7,0.0,26.1,34.8,1,0,8.76,41.55,0,0,5.11,10.42,0,0,3.06,50.63,-4.24,Leve
47090,Mojados,Valladolid,valladolid,3415,46.15,74.0,18.9,100.3,10.75,6.57,9.5,-2.93,4.82,8.93,33.14,1.253,13438,423.82,3.2,1.7,2.3,7.8,1,0,8.49,17.54,1,1,0.59,0.43,1,11.13,1.0,25.65,8.93,Crecimiento
47011,Ataquines,Valladolid,valladolid,580,42.54,13.63,36.6,421.6,2.59,3.07,14.75,-11.69,1.93,-2.68,-33.33,-1.604,12705,1862.64,8.5,5.1,3.4,17.0,1,0,13.57,15.41,1,0,1.99,13.53,0,0,13.15,51.92,-2.68,Leve
47127,Quintanilla de Arriba,Valladolid,valladolid,161,28.04,5.74,35.6,252.2,8.75,6.21,14.49,-8.28,-0.62,8.05,-28.76,-1.443,11764,1967.62,12.3,0.0,18.4,30.7,1,0,15.96,36.36,0,0,8.71,11.48,0,0,8.99,39.71,8.05,Crecimiento
47229,Villavicencio de los Caballeros,Valladolid,valladolid,215,36.0,5.97,61.9,2216.7,3.18,1.55,26.87,-25.32,-7.73,-11.52,-34.05,-1.226,16905,1469.62,9.3,4.7,4.7,18.6,1,0,14.11,37.31,0,0,5.63,16.23,0,0,13.07,60.69,-11.52,Media
47129,Quintanilla de Onésimo,Valladolid,valladolid,1043,55.09,18.93,28.0,187.8,5.32,5.11,12.57,-7.46,1.66,-3.25,-11.54,-0.576,14756,827.36,7.6,3.8,4.8,16.3,1,0,16.04,28.0,1,0,2.33,19.23,1,42.19,2.56,31.45,-3.25,Leve
47059,Curiel de Duero,Valladolid,valladolid,111,18.98,5.85,28.8,228.6,15.97,6.01,20.02,-14.01,-5.93,0.0,-13.28,-0.103,15960,2655.17,18.0,9.0,72.1,99.1,1,0,9.49,30.28,0,0,8.6,7.27,0,0,7.24,55.92,0.0,Leve
47192,Ventosa de la Cuesta,Valladolid,valladolid,110,16.18,6.8,39.3,440.0,3.96,2.02,18.18,-16.16,14.58,-2.65,-28.57,-1.471,14177,2515.47,26.8,0.0,0.0,26.8,1,0,3.97,3.97,0,0,3.51,13.69,0,0,3.56,27.46,-2.65,Leve
47113,Pedrosa del Rey,Valladolid,valladolid,147,51.85,2.84,36.9,687.5,5.41,1.51,21.16,-19.65,-6.96,-25.76,-37.71,-1.396,14536,3978.12,20.1,13.4,13.4,47.0,1,0,12.07,31.59,0,0,8.16,14.73,0,0,6.38,42.22,-25.76,Alta
47227,Villavellid,Valladolid,valladolid,51,21.79,2.34,41.2,350.0,5.66,2.18,17.43,-15.25,2.0,-25.0,-30.14,-1.264,14947,3868.31,39.2,0.0,0.0,39.2,1,0,10.88,42.0,0,0,11.25,21.3,0,0,17.48,45.74,-25.0,Alta
47161,Simancas,Valladolid,valladolid,5533,42.51,130.16,17.5,77.1,3.4,5.16,4.48,0.68,5.05,5.09,60.24,2.9,19813,274.96,2.3,2.7,3.4,8.8,1,0,4.04,4.04,1,0,0.45,4.62,0,0,2.89,10.26,5.09,Crecimiento
47102,Nueva Villa de las Torres,Valladolid,valladolid,265,35.76,7.41,39.6,525.0,0.36,3.35,23.9,-20.55,-2.57,-16.14,-34.89,-1.498,19133,1156.19,18.9,0.0,3.8,22.6,1,0,10.37,23.52,0,0,6.48,15.61,0,0,6.4,52.23,-16.14,Alta
47183,Valdunquillo,Valladolid,valladolid,111,30.79,3.61,54.1,1500.0,3.33,2.0,32.03,-30.03,-22.92,-29.75,-51.32,-1.852,13152,2691.31,36.0,0.0,0.0,36.0,1,0,10.98,28.97,0,0,8.49,10.57,0,0,8.84,66.15,-29.75,Alta
47014,Barruelo del Valle,Valladolid,valladolid,51,12.94,3.94,43.1,1100.0,13.46,0.0,13.07,-13.07,6.25,-23.88,-32.89,-1.365,15906,4746.0,,,,,1,0,8.89,26.05,0,0,5.58,19.6,0,0,9.53,29.8,-23.88,Alta
47095,Moraleja de las Panaderas,Valladolid,valladolid,42,15.28,2.75,35.7,1500.0,0.0,2.65,10.58,-7.94,-2.33,5.0,31.25,1.447,,5546.43,,,,,1,0,8.1,13.46,0,0,7.93,8.39,0,0,7.44,41.95,5.0,Crecimiento
47212,Villalba de los Alcores,Valladolid,valladolid,383,100.52,3.81,29.4,305.3,6.0,1.74,19.15,-17.41,4.08,-8.81,-34.08,-1.478,15140,1042.95,2.5,7.6,7.6,17.7,1,0,14.42,21.95,0,0,10.5,15.58,0,0,15.18,24.13,-8.81,Media
47221,Villanueva de los Infantes,Valladolid,valladolid,116,19.15,6.06,34.5,307.7,0.0,0.96,7.66,-6.7,17.17,2.65,-21.09,-1.192,17646,2350.9,8.6,8.6,0.0,17.2,1,0,9.51,20.5,0,0,9.32,16.65,0,0,9.56,21.41,2.65,Crecimiento
47139,Rueda,Valladolid,valladolid,1118,90.38,12.37,28.7,234.5,10.38,5.17,15.01,-9.84,-9.62,-14.79,-22.14,-0.878,14332,1287.62,9.7,7.9,14.1,32.6,1,0,7.75,7.75,1,0,0.36,9.63,0,0,5.74,32.35,-14.79,Media
47118,Piñel de Abajo,Valladolid,valladolid,165,21.24,7.77,37.2,406.7,6.67,0.67,23.57,-22.9,3.77,-9.84,-23.61,-0.974,17095,1958.14,18.3,0.0,6.1,24.4,1,0,16.37,40.03,0,0,11.67,10.8,0,0,10.79,46.45,-9.84,Media
47002,Aguasal,Valladolid,valladolid,18,26.98,0.67,38.9,0.0,5.26,0.0,18.52,-18.52,0.0,-30.77,-25.0,-1.239,14950,13463.97,,,,,0,0,5.03,22.81,0,0,5.07,4.94,0,0,5.14,39.3,-30.77,Alta
47083,Matilla de los Caños,Valladolid,valladolid,116,12.27,9.45,27.4,320.0,12.39,1.92,8.62,-6.7,16.0,23.4,10.48,-0.02,14193,2147.65,0.0,8.5,0.0,8.5,1,0,7.79,16.12,0,0,5.6,5.4,0,0,6.14,22.2,23.4,Crecimiento
47182,Valdestillas,Valladolid,valladolid,1634,36.24,45.09,21.4,132.3,5.71,6.66,10.88,-4.22,0.12,-5.66,5.49,0.077,13153,648.42,6.7,1.8,0.6,9.7,1,0,5.99,11.47,1,0,1.09,12.07,1,55.08,1.23,19.02,-5.66,Media
47103,Olivares de Duero,Valladolid,valladolid,328,29.29,11.2,25.4,259.4,13.27,7.11,12.87,-5.76,10.81,3.47,-1.8,-0.321,14208,1414.01,9.2,3.1,6.1,18.3,1,0,11.52,27.23,0,0,2.31,19.41,0,0,2.02,30.02,3.47,Crecimiento
47228,Villaverde de Medina,Valladolid,valladolid,497,58.12,8.55,24.3,150.0,8.41,4.69,12.07,-7.38,-3.12,-5.69,-14.6,-0.52,11457,1489.45,2.0,0.0,7.9,9.9,1,0,8.52,14.19,0,0,6.07,8.2,0,0,5.16,43.2,-5.69,Media
47134,Roales de Campos,Valladolid,valladolid,155,22.66,6.84,35.7,785.7,6.75,0.72,23.66,-22.94,-3.73,-10.92,-40.38,-1.71,13749,1335.5,6.5,0.0,0.0,6.5,1,0,2.35,16.67,0,0,10.18,3.99,0,0,4.29,77.28,-10.92,Media
47222,Villanueva de San Mancio,Valladolid,valladolid,96,15.14,6.34,30.2,290.0,0.0,5.79,6.94,-1.16,17.07,11.63,-16.52,-1.081,17587,2085.44,0.0,0.0,20.8,20.8,1,0,5.27,31.21,0,0,5.09,5.76,0,0,5.54,38.41,11.63,Crecimiento
47128,Quintanilla del Molar,Valladolid,valladolid,43,14.57,2.95,31.1,350.0,6.25,10.34,28.42,-18.09,-29.51,-31.75,-49.41,-1.643,14947,5563.67,,,,,1,0,8.12,17.97,0,0,4.81,9.81,0,0,4.68,71.49,-31.75,Alta
47038,Castrillo de Duero,Valladolid,valladolid,108,25.77,4.19,35.8,354.5,10.66,2.06,16.46,-14.4,-0.92,-18.8,-45.73,-1.69,14296,2016.49,9.2,9.2,36.7,55.0,1,0,4.97,28.36,0,0,9.33,8.95,0,0,8.93,59.94,-18.8,Alta
47058,Cuenca de Campos,Valladolid,valladolid,179,47.79,3.75,41.1,462.5,6.25,2.48,27.31,-24.83,-16.74,-26.34,-38.7,-1.227,15029,1679.94,5.6,16.7,5.6,27.8,1,0,5.28,36.61,0,0,5.45,5.37,1,134.08,1.67,51.52,-26.34,Alta
47204,Villafranca de Duero,Valladolid,valladolid,247,10.37,23.82,40.8,536.8,8.68,3.6,26.09,-22.49,-7.49,-19.54,-33.78,-1.471,12400,1012.07,12.0,0.0,0.0,12.0,1,0,16.71,35.09,0,0,7.11,10.65,0,0,10.25,54.64,-19.54,Alta
47033,Canalejas de Peñafiel,Valladolid,valladolid,248,32.06,7.74,30.0,248.4,13.04,3.58,19.71,-16.13,4.2,-6.06,-15.07,-0.918,13706,1124.02,3.9,7.8,35.0,46.7,1,0,7.13,39.25,0,0,7.39,10.17,1,233.87,1.21,53.11,-6.06,Media
47152,Santa Eufemia del Arroyo,Valladolid,valladolid,78,24.96,3.12,31.6,500.0,2.7,4.27,24.22,-19.94,8.33,-27.78,-42.22,-2.171,14947,4123.84,0.0,0.0,25.3,25.3,1,0,5.52,35.4,0,0,11.93,11.92,0,0,11.77,52.97,-27.78,Alta
47132,Ramiro,Valladolid,valladolid,44,21.17,2.08,40.9,300.0,2.17,0.0,2.53,-2.53,2.33,-4.35,-45.68,-1.768,14950,4547.77,,,,,1,0,10.33,19.76,0,0,5.8,10.1,0,0,10.18,46.77,-4.35,Leve
47151,San Salvador,Valladolid,valladolid,20,10.63,1.88,40.0,0.0,0.0,5.56,27.78,-22.22,-20.0,-37.5,-59.18,-2.222,15906,10631.56,,,,,1,0,8.56,24.45,0,0,5.37,13.6,0,0,8.99,29.23,-37.5,Alta
47185,Valverde de Campos,Valladolid,valladolid,89,21.26,4.19,38.5,500.0,8.79,8.74,18.73,-9.99,-2.2,-16.04,-25.21,-0.99,14947,2719.38,,,,,1,0,6.22,31.82,0,0,5.92,5.83,0,0,5.82,32.24,-16.04,Alta
47104,Olmedo,Valladolid,valladolid,3592,129.21,27.8,24.5,149.1,10.88,6.0,11.54,-5.54,-1.48,-4.06,4.6,0.157,13996,348.36,5.2,4.1,4.1,13.8,0,0,1.74,18.53,1,1,1.64,1.18,1,36.47,1.63,40.02,-4.06,Leve
47017,Bercero,Valladolid,valladolid,170,41.31,4.12,46.5,1580.0,1.13,1.96,21.57,-19.61,-13.27,-22.02,-39.93,-1.386,17799,1516.08,5.9,0.0,0.0,5.9,1,0,2.84,24.37,0,0,8.36,7.93,0,0,5.56,30.46,-22.02,Alta
47096,Morales de Campos,Valladolid,valladolid,128,15.86,8.07,42.4,560.0,9.02,2.6,16.49,-13.89,-9.22,-17.42,-34.69,-1.343,17349,2477.85,22.7,0.0,0.0,22.7,1,0,5.48,42.51,0,0,6.73,11.09,0,0,11.51,43.72,-17.42,Alta
47036,Casasola de Arión,Valladolid,valladolid,205,27.69,7.4,39.4,666.7,9.3,4.34,27.1,-22.76,-18.0,-25.45,-45.19,-1.665,14206,2162.27,9.9,0.0,4.9,14.8,1,0,8.35,37.65,0,0,6.55,13.14,0,0,6.65,44.08,-25.45,Alta
47082,Matapozuelos,Valladolid,valladolid,977,50.44,19.37,25.8,185.3,12.41,6.14,11.15,-5.0,-5.42,-3.84,-2.79,0.035,12597,1208.45,5.1,6.2,10.3,21.5,1,0,8.72,9.13,1,0,2.05,8.85,1,50.15,2.11,25.46,-3.84,Leve
47003,Aguilar de Campos,Valladolid,valladolid,258,49.76,5.18,36.2,369.2,15.13,4.31,19.81,-15.5,1.57,-9.15,-29.7,-1.265,13599,1200.53,7.5,3.8,0.0,11.3,1,0,8.4,39.73,0,0,13.83,16.52,0,0,15.07,53.1,-9.15,Media
47200,Villaco,Valladolid,valladolid,72,15.91,4.53,36.1,866.7,8.0,0.0,16.98,-16.98,-2.7,-13.25,-45.04,-1.82,15906,3104.0,27.8,0.0,0.0,27.8,1,0,9.62,35.9,0,0,9.67,18.73,0,0,13.78,39.34,-13.25,Media
47146,San Miguel del Pino,Valladolid,valladolid,365,7.44,49.06,17.6,89.0,4.58,7.0,6.7,0.3,6.1,15.51,58.01,2.344,12637,1282.08,5.4,5.4,13.6,24.4,1,0,6.85,13.5,0,0,3.39,7.21,0,0,8.07,21.36,15.51,Crecimiento
47135,Robladillo,Valladolid,valladolid,86,8.83,9.74,37.2,355.6,0.0,0.0,12.92,-12.92,-5.49,-13.13,-18.87,-0.74,15906,1566.29,0.0,0.0,11.6,11.6,1,0,10.17,10.17,0,0,6.67,10.06,0,0,9.4,15.45,-13.13,Media
47188,Vega de Valdetronco,Valladolid,valladolid,88,17.47,5.04,55.7,980.0,3.3,2.53,29.04,-26.52,-25.42,-26.67,-53.68,-2.004,15906,3717.14,34.1,22.7,11.4,68.2,1,0,6.98,27.52,0,0,6.61,13.25,0,0,5.18,32.62,-26.67,Alta
47109,Palazuelo de Vedija,Valladolid,valladolid,164,32.15,5.1,31.3,510.0,1.86,4.07,23.04,-18.97,-8.38,-20.39,-35.43,-1.526,14074,2213.68,6.1,6.1,12.3,24.5,1,0,6.93,41.43,0,0,8.73,9.21,0,0,9.53,45.75,-20.39,Alta
47049,Cervillego de la Cruz,Valladolid,valladolid,87,21.3,4.08,50.6,4400.0,0.0,0.0,24.27,-24.27,0.0,-8.42,-44.23,-1.755,,3037.9,11.5,0.0,0.0,11.5,1,0,10.08,25.55,0,0,4.68,15.11,0,0,12.24,56.44,-8.42,Media
47216,Villán de Tordesillas,Valladolid,valladolid,122,12.22,9.98,29.5,257.1,2.46,7.29,17.3,-10.02,4.27,0.0,-32.97,-1.466,15593,1070.44,8.2,0.0,0.0,8.2,1,0,11.89,11.89,0,0,7.91,11.37,0,0,11.02,17.43,0.0,Leve
47008,Almenara de Adaja,Valladolid,valladolid,24,17.14,1.4,50.0,0.0,0.0,0.0,13.89,-13.89,9.09,-22.58,-22.58,-1.439,14950,9342.2,,,,,0,0,8.73,17.37,0,0,8.66,9.02,0,0,8.0,49.55,-22.58,Alta
47020,Bobadilla del Campo,Valladolid,valladolid,279,32.66,8.54,36.2,505.0,1.41,2.79,17.52,-14.74,-4.45,-10.29,-31.62,-1.287,15271,1632.36,14.3,0.0,0.0,14.3,1,0,10.63,27.8,1,0,3.07,17.28,0,0,7.58,58.4,-10.29,Media
49275,Zamora,Zamora,zamora,59815,149.07,401.25,28.8,190.8,5.13,5.67,12.14,-6.47,-1.92,-6.29,-8.3,-0.357,15058,15.05,5.0,1.7,4.4,12.0,1,1,0.36,0.69,1,1,0.42,0.21,1,13.37,0.74,0.0,-6.29,Media
49149,Peñausende,Zamora,zamora,386,94.89,4.07,29.5,265.1,7.93,7.48,24.47,-16.98,0.52,-11.67,-32.99,-1.399,13311,1241.88,10.4,2.6,2.6,15.5,1,0,12.14,23.08,0,0,12.85,19.05,0,0,13.16,22.7,-11.67,Media
49154,Pías,Zamora,zamora,91,43.85,2.08,46.2,1050.0,1.08,2.44,36.63,-34.19,-18.02,-36.36,-61.6,-2.275,13151,2740.22,22.0,0.0,0.0,22.0,1,0,10.36,55.57,0,0,10.12,28.04,0,0,25.92,121.42,-36.36,Alta
49166,Puebla de Sanabria,Zamora,zamora,1378,81.27,16.96,29.3,244.6,4.96,4.68,11.61,-6.93,1.62,-7.14,-16.23,-0.763,15119,1234.37,6.5,15.1,31.7,58.4,0,0,1.8,52.5,1,1,1.52,1.36,0,0,2.44,96.06,-7.14,Media
49152,Pereruela,Zamora,zamora,499,160.47,3.11,36.6,389.4,3.82,4.01,26.94,-22.93,-3.11,-15.57,-32.66,-1.319,13242,1003.94,8.0,2.0,22.0,34.0,1,0,14.19,23.62,0,0,11.99,13.17,0,0,12.1,23.53,-15.57,Alta
49256,Villanázar,Zamora,zamora,256,18.26,14.02,41.8,535.0,4.76,1.74,23.44,-21.7,-5.19,-14.38,-32.98,-1.329,13139,1021.57,3.9,7.8,7.8,19.5,1,0,10.46,10.62,0,0,3.1,10.34,0,0,7.53,48.77,-14.38,Media
49075,Fresno de la Polvorosa,Zamora,zamora,117,4.07,28.75,48.7,950.0,0.88,0.0,36.09,-36.09,-11.36,-23.53,-45.83,-1.833,11411,1040.53,,,,,1,0,11.46,11.46,0,0,2.67,12.39,0,0,11.2,63.85,-23.53,Alta
49194,San Pedro de la Nave-Almendra,Zamora,zamora,313,22.67,13.81,46.1,811.1,4.56,2.84,28.04,-25.2,-7.12,-17.41,-40.94,-1.591,12163,791.08,6.3,3.2,0.0,9.5,1,0,11.67,14.33,0,0,8.07,14.68,0,0,10.92,15.32,-17.41,Alta
49202,Santa Eufemia del Barco,Zamora,zamora,169,51.76,3.27,42.6,1200.0,2.37,1.31,27.61,-26.3,-3.43,-14.21,-43.1,-1.886,12037,1496.02,11.8,0.0,0.0,11.8,1,0,12.53,22.18,0,0,12.51,22.97,0,0,7.72,23.23,-14.21,Media
49205,Santibáñez de Tera,Zamora,zamora,351,18.95,18.52,47.4,572.4,1.94,2.22,31.66,-29.44,-4.62,-14.6,-41.98,-1.832,13934,1217.86,8.6,0.0,5.7,14.3,1,0,11.02,18.65,0,0,10.84,10.84,1,168.09,3.31,56.83,-14.6,Media
49199,Santa Colomba de las Monjas,Zamora,zamora,236,6.78,34.81,46.8,555.0,2.56,4.24,20.72,-16.48,-7.45,-16.01,-28.7,-1.134,12858,610.99,8.4,0.0,0.0,8.4,1,0,5.21,5.71,0,0,4.18,4.14,0,0,4.74,49.7,-16.01,Alta
49120,Molezuelas de la Carballeda,Zamora,zamora,47,34.51,1.36,61.7,2900.0,4.35,0.0,68.56,-68.56,-6.0,-45.35,-60.17,-2.013,13151,,,,,,1,0,12.81,43.86,0,0,10.86,16.56,0,0,12.26,73.5,-45.35,Alta
49044,Cazurra,Zamora,zamora,72,8.38,8.59,45.8,1100.0,1.33,1.54,30.86,-29.32,-5.26,-19.1,-25.77,-0.887,14225,2286.23,13.9,0.0,0.0,13.9,1,0,6.78,11.57,0,0,4.45,10.84,0,0,2.24,11.72,-19.1,Alta
49232,Vega de Villalobos,Zamora,zamora,88,10.16,8.66,39.8,1166.7,2.2,2.53,20.2,-17.68,-4.35,-21.43,-45.0,-1.871,14600,1812.33,11.4,0.0,0.0,11.4,1,0,9.9,17.2,0,0,6.05,11.67,0,0,5.82,56.08,-21.43,Alta
49023,Bermillo de Sayago,Zamora,zamora,1028,189.29,5.43,35.7,340.4,6.19,3.67,21.08,-17.4,2.09,-6.88,-28.41,-1.27,14017,1113.87,8.7,2.9,7.7,19.3,0,0,7.3,28.62,1,1,6.69,6.69,0,0,11.52,28.95,-6.88,Media
49257,Villanueva de Azoague,Zamora,zamora,398,19.16,20.77,23.8,143.9,2.09,6.98,6.98,0.0,11.17,20.97,8.15,0.014,13108,1492.1,5.0,2.5,0.0,10.0,1,0,6.27,6.8,0,0,4.96,4.96,0,0,6.4,50.88,20.97,Crecimiento
49189,San Justo,Zamora,zamora,207,75.0,2.76,39.6,410.0,7.34,1.61,27.38,-25.76,-0.48,-16.19,-44.05,-1.914,13746,1576.2,24.2,0.0,72.5,96.6,1,0,16.7,38.5,0,0,7.62,16.48,0,0,13.28,109.25,-16.19,Alta
49066,Ferreras de Abajo,Zamora,zamora,461,88.01,5.24,41.2,380.0,1.77,3.13,35.91,-32.78,-3.76,-18.41,-26.71,-1.104,13878,1107.14,4.3,2.2,2.2,8.7,1,0,5.96,29.37,1,0,5.9,10.4,1,156.18,5.92,48.76,-18.41,Alta
49067,Ferreras de Arriba,Zamora,zamora,350,47.92,7.3,42.8,457.6,1.4,2.54,23.81,-21.27,0.57,-15.46,-33.33,-1.468,14352,761.25,11.3,0.0,31.2,42.5,1,0,17.43,44.45,0,0,5.29,17.62,0,0,9.6,56.01,-15.46,Alta
49068,Ferreruela,Zamora,zamora,409,94.14,4.34,55.3,982.6,0.95,3.8,27.44,-23.63,-8.3,-21.04,-38.59,-1.431,12616,1093.45,7.3,4.9,0.0,12.2,1,0,7.69,35.8,0,0,5.24,23.51,0,0,5.16,36.87,-21.04,Alta
49052,Coomonte,Zamora,zamora,180,10.24,17.58,37.2,515.4,0.0,1.23,25.31,-24.07,-9.09,-11.33,-46.11,-1.861,12025,1214.77,16.7,0.0,11.1,27.8,1,0,16.09,16.29,0,0,3.38,17.23,0,0,15.63,66.79,-11.33,Media
49225,Uña de Quintana,Zamora,zamora,119,29.73,4.0,48.3,518.2,1.65,5.6,34.55,-28.94,-9.16,-24.2,-48.48,-2.0,12411,1428.17,25.4,0.0,0.0,25.4,1,0,11.0,39.37,0,0,7.56,14.08,0,0,10.81,72.66,-24.2,Alta
49219,Toro,Zamora,zamora,8336,359.85,23.17,27.3,190.3,7.5,5.54,15.1,-9.56,-3.8,-9.53,-10.61,-0.442,13082,204.1,4.2,2.8,4.0,12.2,0,0,11.11,28.79,1,1,3.98,3.71,1,26.27,3.81,29.68,-9.53,Media
49223,Trabazos,Zamora,zamora,848,93.01,9.12,45.4,720.8,14.13,2.49,18.74,-16.25,1.56,-15.37,-10.64,-0.467,13821,1124.64,8.3,3.6,3.6,15.5,1,0,12.44,64.15,0,0,12.39,12.63,0,0,12.39,65.04,-15.37,Alta
49224,Trefacio,Zamora,zamora,163,25.44,6.41,32.9,360.0,6.59,4.09,10.91,-6.82,-11.89,-15.1,-32.08,-1.255,13402,2560.38,12.2,12.2,237.8,262.2,1,0,5.69,48.64,0,0,2.18,5.44,0,0,2.41,99.78,-15.1,Alta
49148,Peleas de Abajo,Zamora,zamora,248,11.99,20.68,51.8,609.5,1.96,4.48,27.33,-22.85,-13.89,5.53,-6.42,-0.087,13249,1145.76,4.0,0.0,0.0,4.0,1,0,5.55,14.1,0,0,4.76,13.4,1,455.65,0.57,14.3,5.53,Crecimiento
49177,Rionegro del Puente,Zamora,zamora,224,53.36,4.2,44.6,1666.7,4.31,2.98,24.8,-21.83,-13.85,-26.8,-44.28,-1.641,13065,1225.9,8.9,8.9,4.5,22.3,1,0,5.35,49.72,0,0,16.89,20.57,0,0,4.34,72.41,-26.8,Alta
49179,Robleda-Cervantes,Zamora,zamora,375,32.42,11.57,34.9,356.8,13.0,5.93,18.37,-12.44,-5.06,-19.18,-16.11,-0.606,13232,1414.0,10.6,2.6,74.1,87.3,1,0,7.28,47.55,0,0,5.16,6.81,0,0,5.45,97.46,-19.18,Alta
49028,Brime de Urz,Zamora,zamora,96,14.86,6.46,49.5,4800.0,2.02,1.16,31.25,-30.09,-9.43,-25.58,-37.66,-1.518,13325,2009.13,10.3,0.0,0.0,10.3,1,0,11.83,16.59,0,0,7.29,14.27,0,0,7.86,60.02,-25.58,Alta
49004,Alcubilla de Nogales,Zamora,zamora,108,13.65,7.91,51.4,933.3,0.0,2.06,27.78,-25.72,-6.09,-20.0,-47.06,-1.863,13935,1191.68,,,,,1,0,10.41,23.95,0,0,6.54,18.51,0,0,10.24,70.72,-20.0,Alta
49029,Burganes de Valverde,Zamora,zamora,593,32.98,17.98,38.8,534.9,1.78,3.75,16.86,-13.12,-9.33,-14.68,-34.69,-1.355,12337,612.51,11.8,0.0,1.7,13.5,1,0,13.17,13.43,1,0,0.78,12.74,0,0,10.53,45.21,-14.68,Media
49206,Santibáñez de Vidriales,Zamora,zamora,846,75.76,11.17,39.9,386.4,8.62,3.94,26.14,-22.2,-8.24,-18.97,-39.74,-1.548,13716,1065.14,15.3,2.3,2.3,20.0,0,0,4.06,25.37,1,0,4.15,12.02,1,39.01,4.02,66.9,-18.97,Alta
49032,Calzadilla de Tera,Zamora,zamora,278,27.19,10.22,55.0,805.3,4.5,2.4,36.37,-33.97,-7.02,-20.57,-45.28,-1.834,12745,1228.63,3.6,3.6,18.0,25.2,1,0,5.88,35.26,0,0,6.07,6.07,0,0,5.89,59.61,-20.57,Alta
49150,Peque,Zamora,zamora,111,38.82,2.86,55.9,1550.0,0.82,2.0,40.04,-38.04,-12.6,-27.92,-49.08,-1.611,13526,2175.61,27.0,0.0,9.0,36.0,1,0,8.06,48.9,0,0,15.75,20.89,0,0,7.77,75.97,-27.92,Alta
49078,Friera de Valverde,Zamora,zamora,121,19.9,6.08,49.6,1200.0,0.79,3.67,36.73,-33.06,-15.97,-34.59,-56.16,-2.119,12861,1119.01,16.5,0.0,0.0,16.5,1,0,10.52,19.63,0,0,7.76,17.19,0,0,10.1,44.62,-34.59,Alta
49085,Galende,Zamora,zamora,1019,90.12,11.31,35.0,357.0,7.12,3.49,20.72,-17.23,3.77,-14.37,-25.24,-1.275,13754,1474.84,21.5,19.6,65.6,110.7,1,0,11.27,45.28,1,0,7.87,11.21,1,60.84,7.92,106.17,-14.37,Media
49071,Fonfría,Zamora,zamora,794,132.04,6.01,42.3,700.0,7.33,2.24,18.61,-16.37,5.87,-5.14,-33.22,-1.535,14359,802.56,12.6,1.3,2.5,16.4,1,0,8.19,30.01,1,0,4.83,23.35,0,0,8.31,30.96,-5.14,Media
49077,Fresno de Sayago,Zamora,zamora,137,64.42,2.13,35.5,700.0,0.0,3.24,34.87,-31.63,-14.91,-32.84,-48.88,-1.725,13822,1493.52,7.2,0.0,0.0,7.2,1,0,15.22,23.16,0,0,13.17,15.58,0,0,13.27,22.95,-32.84,Alta
49087,Gallegos del Río,Zamora,zamora,455,77.68,5.86,55.4,1938.5,0.85,1.47,26.86,-25.4,-2.36,-17.27,-46.47,-1.87,11887,1282.27,6.6,0.0,0.0,6.6,1,0,11.48,44.66,0,0,11.32,11.3,0,0,5.98,45.68,-17.27,Alta
49091,Granja de Moreruela,Zamora,zamora,228,41.21,5.53,42.2,746.2,11.07,2.92,25.34,-22.42,-15.87,-21.38,-40.78,-1.367,13250,1354.26,8.7,8.7,21.7,39.1,1,0,6.33,20.24,0,0,6.25,18.6,0,0,17.89,35.17,-21.38,Alta
49092,Granucillo,Zamora,zamora,105,32.43,3.24,51.4,1080.0,3.85,1.06,38.1,-37.04,-11.76,-27.08,-59.14,-2.338,13354,1921.56,9.5,0.0,0.0,9.5,1,0,9.93,18.46,0,0,8.51,13.25,0,0,8.18,61.43,-27.08,Alta
49094,Hermisende,Zamora,zamora,207,108.58,1.91,53.8,1614.3,3.7,0.54,30.06,-29.52,-6.33,-24.18,-53.38,-2.07,14194,1718.94,23.8,9.5,14.3,47.6,1,0,6.31,63.89,0,0,2.89,22.72,0,0,22.08,110.81,-24.18,Alta
49104,Mahide,Zamora,zamora,299,108.7,2.75,62.2,2066.7,0.96,1.49,34.19,-32.7,-5.38,-21.52,-47.27,-1.855,13461,1863.81,20.1,0.0,16.7,36.8,1,0,11.06,56.24,0,0,16.82,26.11,0,0,5.35,68.87,-21.52,Alta
49108,Manganeses de la Lampreana,Zamora,zamora,438,59.93,7.31,41.1,565.6,2.92,2.79,29.93,-27.14,-5.81,-15.61,-44.27,-1.764,13794,1360.86,9.1,0.0,11.4,22.7,1,0,11.71,27.52,0,0,11.74,26.61,0,0,13.77,28.41,-15.61,Alta
49110,Manzanal de Arriba,Zamora,zamora,332,129.97,2.55,51.2,1416.7,1.7,2.68,27.44,-24.77,-7.26,-16.58,-27.83,-1.095,14294,1384.47,9.0,6.0,36.1,51.2,1,0,15.74,66.64,0,0,12.44,15.75,0,0,17.17,80.18,-16.58,Alta
49112,Manzanal de los Infantes,Zamora,zamora,133,64.44,2.06,43.6,580.0,4.38,2.51,22.56,-20.05,10.83,-6.34,-31.44,-1.388,11843,1916.57,0.0,0.0,52.6,52.6,1,0,4.68,56.76,0,0,10.83,19.57,0,0,5.87,80.94,-6.34,Media
49024,"Bóveda de Toro, La",Zamora,zamora,682,59.37,11.49,36.6,408.2,7.26,2.44,21.99,-19.55,-2.43,-12.68,-32.0,-1.287,12688,870.29,8.8,4.4,0.0,13.2,1,0,13.68,34.12,1,0,1.91,13.91,0,0,5.13,34.82,-12.68,Media
49013,Argujillo,Zamora,zamora,215,23.06,9.32,51.2,733.3,1.38,4.13,27.39,-23.26,-6.52,-24.03,-43.42,-1.801,12041,1104.87,9.3,0.0,0.0,9.3,1,0,10.61,26.02,0,0,11.34,11.22,1,97.67,1.07,26.4,-24.03,Alta
49047,Cerecinos del Carrizal,Zamora,zamora,111,17.21,6.45,33.9,223.5,12.5,6.01,34.03,-28.03,0.0,-8.26,-27.92,-1.301,13812,1443.93,8.9,0.0,0.0,8.9,1,0,12.96,19.53,0,0,13.1,18.4,0,0,12.78,20.07,-8.26,Media
49109,Manganeses de la Polvorosa,Zamora,zamora,637,16.34,38.98,26.9,173.7,2.34,5.76,20.93,-15.18,2.08,-11.4,-27.28,-1.168,12474,1022.08,6.2,0.0,0.0,6.2,1,0,6.83,6.83,0,0,4.93,7.73,0,0,5.81,58.54,-11.4,Media
49114,Matilla la Seca,Zamora,zamora,33,12.11,2.73,54.5,1800.0,0.0,0.0,30.3,-30.3,-21.43,-28.26,-52.86,-2.07,14600,2614.96,,,,,1,0,8.91,20.92,0,0,10.34,11.0,0,0,5.45,21.76,-28.26,Alta
49008,Almeida de Sayago,Zamora,zamora,411,76.26,5.39,50.0,981.0,2.37,2.43,31.36,-28.93,-5.95,-17.8,-40.78,-1.596,14081,980.19,9.7,4.9,4.9,19.4,1,0,12.06,39.32,1,0,0.29,11.84,1,92.46,0.6,39.21,-17.8,Alta
49184,Samir de los Caños,Zamora,zamora,158,36.53,4.33,44.3,1000.0,0.64,0.7,29.54,-28.83,-8.14,-17.28,-32.48,-1.318,16046,1283.81,12.7,0.0,0.0,12.7,1,0,13.34,37.95,0,0,4.37,15.94,0,0,12.81,38.94,-17.28,Alta
49105,Maire de Castroponce,Zamora,zamora,138,14.41,9.58,47.4,722.2,0.0,2.42,16.1,-13.69,-2.13,-15.85,-44.8,-1.834,13247,1444.11,21.9,0.0,0.0,21.9,1,0,14.7,14.7,0,0,4.89,15.63,0,0,14.11,67.11,-15.85,Alta
49172,Rabanales,Zamora,zamora,497,79.92,6.22,44.4,884.0,4.09,2.24,29.51,-27.27,-0.8,-13.72,-41.32,-1.716,13593,1125.04,6.0,8.0,6.0,20.1,1,0,7.65,51.07,0,0,6.69,7.59,1,223.34,0.51,52.08,-13.72,Media
49220,"Torre del Valle, La",Zamora,zamora,122,16.45,7.42,39.3,800.0,2.38,0.91,24.59,-23.68,-17.57,-21.29,-36.46,-1.321,14689,1543.53,8.2,16.4,8.2,32.8,1,0,9.72,9.72,0,0,7.16,10.55,0,0,7.75,64.53,-21.29,Alta
49186,San Cebrián de Castro,Zamora,zamora,250,66.05,3.79,49.0,1757.1,6.4,1.78,28.0,-26.22,5.49,-8.09,-34.04,-1.498,13216,1868.74,12.0,4.0,4.0,23.9,1,0,16.26,24.08,0,0,16.32,24.45,0,0,9.58,25.05,-8.09,Media
49168,Quintanilla del Monte,Zamora,zamora,93,21.69,4.29,47.3,880.0,8.33,8.36,17.92,-9.56,-4.12,-7.0,-38.41,-1.391,14600,1394.09,10.8,0.0,0.0,10.8,1,0,7.6,32.13,0,0,5.93,5.91,0,0,5.87,51.11,-7.0,Media
49181,Rosinos de la Requejada,Zamora,zamora,292,154.54,1.89,53.4,1418.2,0.66,2.66,23.59,-20.93,-16.09,-26.63,-44.7,-1.618,14036,1447.91,13.7,0.0,6.8,20.5,1,0,13.7,41.36,0,0,11.03,13.25,0,0,11.32,100.6,-26.63,Alta
49266,Villárdiga,Zamora,zamora,60,16.9,3.55,51.6,1066.7,3.23,3.7,31.48,-27.78,-17.81,-31.03,-45.45,-1.53,14600,2782.03,16.1,0.0,0.0,16.1,1,0,5.56,25.84,0,0,7.31,7.34,0,0,6.1,40.66,-31.03,Alta
49021,Benavente,Zamora,zamora,17309,45.05,384.22,22.9,134.4,7.78,5.98,11.46,-5.48,-2.69,-6.69,3.26,0.192,12722,327.25,5.6,1.8,1.1,9.1,1,1,0.0,0.0,1,1,0.18,0.93,1,2.08,0.54,55.41,-6.69,Media
49125,Moraleja del Vino,Zamora,zamora,1796,19.46,92.29,21.2,116.8,3.25,6.25,10.83,-4.58,3.7,8.19,42.65,1.82,13015,486.64,1.7,1.1,0.6,3.9,1,0,8.71,8.71,1,0,0.96,8.55,1,90.76,0.58,9.37,8.19,Crecimiento
49157,Pino del Oro,Zamora,zamora,173,29.53,5.86,41.6,1200.0,0.0,3.21,21.84,-18.63,-5.46,-25.11,-29.96,-0.958,14486,1159.5,5.8,0.0,5.8,11.6,1,0,13.03,31.75,0,0,6.24,22.56,0,0,9.07,32.62,-25.11,Alta
49129,Morales de Toro,Zamora,zamora,918,53.37,17.2,28.3,216.5,12.29,7.26,21.18,-13.92,-3.77,-7.83,-15.16,-0.632,10912,394.97,6.5,2.2,0.0,9.7,1,0,15.25,35.57,1,0,0.82,7.12,1,91.5,0.35,36.46,-7.83,Media
49169,Quintanilla del Olmo,Zamora,zamora,38,12.69,2.99,44.7,0.0,6.67,0.0,23.39,-23.39,-2.56,18.75,-38.71,-1.396,14600,4279.96,,,,,1,0,9.33,24.5,0,0,5.18,5.21,0,0,4.87,51.85,18.75,Crecimiento
49131,Moralina,Zamora,zamora,211,20.87,10.11,41.7,1760.0,3.65,1.05,25.8,-24.75,-12.45,-30.13,-44.18,-1.657,15426,888.58,4.7,9.5,14.2,28.4,1,0,15.46,32.82,0,0,13.82,15.58,0,0,8.04,33.47,-30.13,Alta
49036,Carbajales de Alba,Zamora,zamora,463,53.61,8.64,53.0,1240.0,2.34,1.92,30.48,-28.56,-8.5,-20.99,-31.71,-1.339,13462,1711.8,12.8,2.1,0.0,15.0,0,0,1.45,24.56,1,0,1.16,25.05,1,110.15,1.18,25.6,-20.99,Alta
49096,Jambrina,Zamora,zamora,149,16.61,8.97,42.3,630.0,0.68,1.49,31.32,-29.83,-0.67,-16.76,-44.61,-1.722,13287,1521.71,6.7,0.0,0.0,6.7,1,0,7.99,15.52,0,0,3.71,14.97,0,0,3.22,15.88,-16.76,Alta
49107,Malva,Zamora,zamora,92,27.29,3.37,54.3,0.0,0.0,2.42,41.06,-38.65,-24.59,-34.29,-59.65,-2.149,11766,1616.21,10.9,10.9,0.0,21.7,1,0,17.18,25.3,0,0,17.0,17.17,0,0,8.61,26.02,-34.29,Alta
49116,Melgar de Tera,Zamora,zamora,331,40.85,8.1,50.6,1126.7,3.12,3.69,26.85,-23.16,-9.56,-23.02,-44.37,-1.689,13656,960.78,12.0,0.0,0.0,12.0,1,0,4.22,30.17,0,0,4.32,4.32,0,0,4.17,55.13,-23.02,Alta
49197,Santa Clara de Avedillo,Zamora,zamora,153,16.79,9.11,49.0,576.9,0.0,6.54,26.87,-20.33,-3.16,-15.0,-41.38,-1.657,12236,1579.83,0.0,0.0,26.1,26.1,1,0,5.88,19.69,0,0,5.4,18.91,0,0,5.33,19.9,-15.0,Alta
49138,Olmillos de Castro,Zamora,zamora,182,71.29,2.55,56.6,2575.0,1.04,1.83,36.02,-34.19,-14.55,-27.2,-57.38,-2.257,12653,1793.46,5.5,0.0,0.0,5.5,1,0,6.09,28.41,0,0,6.32,29.05,0,0,6.28,29.49,-27.2,Alta
49134,Muelas de los Caballeros,Zamora,zamora,184,71.47,2.57,44.6,1025.0,1.59,2.42,16.91,-14.49,4.55,-10.24,-27.84,-1.305,13877,1250.92,10.9,0.0,16.3,32.6,1,0,11.89,48.79,0,0,14.87,22.32,0,0,11.89,79.18,-10.24,Media
49017,Asturianos,Zamora,zamora,252,42.53,5.93,48.8,1025.0,4.98,1.76,21.16,-19.4,-3.08,-8.36,-30.19,-1.057,17330,1978.97,7.9,4.0,27.8,43.7,1,0,11.07,56.76,0,0,4.18,12.56,0,0,12.1,84.72,-8.36,Media
49097,Justel,Zamora,zamora,75,50.83,1.48,52.0,3900.0,0.0,0.0,31.11,-31.11,17.19,-24.24,-55.88,-2.398,13151,3090.8,40.0,0.0,0.0,40.0,1,0,16.17,47.72,0,0,11.68,23.15,0,0,8.64,81.23,-24.24,Alta
49098,Losacino,Zamora,zamora,189,44.16,4.28,53.7,918.2,0.53,3.53,21.75,-18.22,-10.0,-21.58,-45.38,-1.752,13384,1740.13,5.3,5.3,5.3,16.0,1,0,8.94,34.21,0,0,5.83,20.54,0,0,9.29,35.24,-21.58,Alta
49100,Lubián,Zamora,zamora,296,94.24,3.14,46.8,479.3,3.79,4.88,15.02,-10.14,-2.63,-14.2,-21.69,-0.913,15485,1384.4,0.0,10.1,23.6,33.7,0,0,7.7,62.05,1,0,3.74,26.7,0,0,25.4,116.85,-14.2,Media
49121,Mombuey,Zamora,zamora,395,39.05,10.12,34.8,388.6,4.92,3.66,27.29,-23.63,-1.5,-7.49,-17.02,-0.655,14166,1029.0,7.7,5.1,7.7,20.5,0,0,4.66,53.41,0,0,17.89,23.99,1,316.46,3.72,72.04,-7.49,Media
49127,Morales del Vino,Zamora,zamora,3040,23.65,128.54,19.2,97.7,2.85,5.99,7.46,-1.46,2.32,2.88,86.05,4.366,15653,343.42,1.0,1.0,0.7,3.0,1,0,8.9,8.9,1,0,2.81,8.23,1,16.12,2.12,9.13,2.88,Crecimiento
49135,Muelas del Pan,Zamora,zamora,592,72.51,8.16,42.6,494.1,3.41,3.75,23.09,-19.33,-3.74,-16.03,-35.79,-1.425,14925,988.48,5.1,6.8,18.6,32.1,1,0,10.63,21.23,1,0,4.66,21.05,0,0,5.9,22.09,-16.03,Alta
49235,Vezdemarbán,Zamora,zamora,423,47.82,8.85,36.9,371.4,2.97,5.78,18.12,-12.35,-5.58,-4.08,-39.57,-1.726,12579,1220.37,2.4,0.0,2.4,7.1,1,0,16.58,34.85,0,0,15.87,16.68,0,0,10.17,35.63,-4.08,Leve
49065,Fermoselle,Zamora,zamora,1131,68.04,16.62,40.2,401.8,10.69,3.24,27.9,-24.66,-2.84,-15.28,-31.29,-1.26,12417,959.16,2.7,4.4,24.8,32.7,1,0,19.28,58.93,1,0,0.72,25.22,1,114.06,1.01,59.24,-15.28,Alta
49145,Pedralba de la Pradería,Zamora,zamora,198,104.95,1.89,45.5,360.0,8.04,1.68,23.01,-21.32,-10.81,-35.29,-35.08,-1.239,13573,1958.76,30.3,0.0,5.1,35.4,1,0,8.58,61.07,0,0,8.93,9.1,0,0,10.62,96.46,-35.29,Alta
49113,Matilla de Arzón,Zamora,zamora,150,30.2,4.97,46.3,6900.0,0.64,1.48,23.7,-22.22,-8.54,-18.48,-42.53,-1.706,14712,1272.92,6.7,0.0,0.0,6.7,1,0,5.55,15.15,0,0,9.44,6.15,0,0,6.57,65.83,-18.48,Alta
49240,Villadepera,Zamora,zamora,165,30.06,5.49,49.1,900.0,1.12,4.04,30.98,-26.94,-16.24,-31.82,-40.65,-1.494,13286,1399.58,12.1,6.1,30.3,48.5,1,0,17.45,32.76,0,0,10.79,19.56,0,0,8.0,33.52,-31.82,Alta
49015,Arrabalde,Zamora,zamora,186,15.67,11.87,60.8,2260.0,1.55,1.79,32.26,-30.47,-12.26,-26.19,-52.43,-1.994,12626,1189.59,5.4,0.0,0.0,5.4,1,0,10.46,22.0,0,0,5.73,17.84,0,0,10.37,68.82,-26.19,Alta
49255,Villamor de los Escuderos,Zamora,zamora,362,55.7,6.5,49.6,1292.9,2.96,3.99,19.64,-15.65,-2.43,-14.22,-38.33,-1.581,12249,1203.71,8.2,0.0,2.7,11.0,1,0,5.96,31.8,0,0,6.62,6.46,0,0,6.15,32.15,-14.22,Media
49221,Torregamones,Zamora,zamora,225,37.02,6.08,39.2,387.0,3.07,4.44,24.69,-20.25,-11.07,-25.99,-32.02,-1.241,11877,981.35,13.2,13.2,22.0,48.5,1,0,16.33,39.18,0,0,11.8,16.83,0,0,11.32,39.82,-25.99,Alta
49188,San Esteban del Molar,Zamora,zamora,117,24.99,4.68,34.7,585.7,9.17,0.0,15.19,-15.19,-4.1,-6.4,-36.07,-1.632,18577,1273.31,8.5,8.5,0.0,16.9,1,0,12.34,12.81,0,0,11.08,11.13,0,0,12.49,49.72,-6.4,Media
49139,Otero de Bodas,Zamora,zamora,164,49.87,3.29,57.8,1200.0,3.01,0.0,20.33,-20.33,9.33,-9.89,-42.05,-1.676,15490,1244.09,6.0,6.0,30.1,48.2,1,0,13.12,44.21,0,0,13.5,14.89,0,0,7.0,63.88,-9.89,Media
49192,San Miguel del Valle,Zamora,zamora,123,10.71,11.48,40.3,357.1,5.08,5.42,18.97,-13.55,-8.89,-21.15,-45.33,-1.914,13091,1221.88,16.1,0.0,0.0,16.1,1,0,4.87,14.66,0,0,9.72,6.7,0,0,6.91,61.35,-21.15,Alta
49006,Algodre,Zamora,zamora,131,18.15,7.22,41.2,1350.0,1.48,2.54,27.14,-24.6,-7.09,-21.56,-32.82,-1.24,14650,1453.3,7.6,0.0,0.0,7.6,1,0,11.37,12.78,0,0,9.38,11.37,0,0,2.97,13.56,-21.56,Alta
49020,Belver de los Montes,Zamora,zamora,252,68.45,3.68,46.0,892.3,2.37,0.88,23.37,-22.49,-4.91,-20.0,-46.72,-1.917,12382,1097.43,4.0,0.0,0.0,4.0,1,0,12.19,32.61,0,0,16.31,16.3,0,0,7.25,33.28,-20.0,Alta
49231,Vega de Tera,Zamora,zamora,265,44.08,6.01,44.7,536.4,4.18,2.94,28.09,-25.16,-17.45,-31.17,-49.33,-1.731,12795,984.11,15.2,0.0,0.0,15.2,1,0,11.92,41.32,0,0,9.16,12.07,0,0,11.91,66.32,-31.17,Alta
49122,Monfarracinos,Zamora,zamora,998,21.99,45.38,17.5,79.5,2.51,8.02,8.13,-0.11,4.94,0.6,69.73,2.918,12799,538.57,4.0,2.0,3.0,10.0,1,0,5.76,5.76,1,0,1.05,4.55,1,98.2,0.72,6.34,0.6,Crecimiento
49022,Benegiles,Zamora,zamora,266,23.3,11.42,39.7,757.1,2.24,3.34,20.47,-17.13,-12.5,-19.88,-36.36,-1.335,13555,931.62,7.5,0.0,0.0,7.5,1,0,16.01,16.01,0,0,11.45,14.61,0,0,8.83,16.65,-19.88,Alta
49143,Palacios de Sanabria,Zamora,zamora,233,36.95,6.31,38.1,409.1,4.78,2.86,10.49,-7.63,1.3,-10.73,-34.55,-1.354,13208,1605.04,8.5,0.0,38.1,46.6,1,0,4.79,55.73,1,0,4.56,4.54,0,0,7.46,91.03,-10.73,Media
49151,"Perdigón, El",Zamora,zamora,673,51.15,13.16,29.8,215.1,1.85,3.47,21.3,-17.83,0.0,-9.05,-12.94,-0.638,13251,684.65,10.4,4.5,4.5,19.3,1,0,6.95,14.73,0,0,7.23,12.92,0,0,7.24,14.35,-9.05,Media
49271,Villaveza del Agua,Zamora,zamora,162,26.28,6.16,55.2,3000.0,1.84,0.69,23.32,-22.63,-7.95,-25.69,-42.14,-1.692,13527,905.84,12.3,0.0,6.1,18.4,1,0,10.59,11.12,0,0,8.21,9.35,0,0,10.16,44.43,-25.69,Alta
49031,Cabañas de Sayago,Zamora,zamora,143,49.7,2.88,44.8,800.0,2.61,2.33,21.76,-19.43,-5.3,-6.54,-27.04,-1.149,14343,1377.54,14.0,0.0,0.0,14.0,1,0,7.54,22.29,0,0,8.31,20.62,0,0,8.72,21.97,-6.54,Media
49216,Tapioles,Zamora,zamora,128,27.6,4.64,51.6,1320.0,3.23,1.74,19.1,-17.36,-15.23,-22.89,-48.18,-1.881,14474,1121.42,7.8,0.0,0.0,7.8,1,0,6.61,23.28,0,0,6.45,6.5,0,0,6.62,43.08,-22.89,Alta
49270,Villavendimio,Zamora,zamora,150,15.6,9.62,28.9,244.4,14.02,4.44,22.22,-17.78,-15.25,-7.98,-26.11,-1.033,13347,786.6,,,,,1,0,14.55,33.49,0,0,4.85,7.32,0,0,4.98,34.36,-7.98,Media
49247,Villalcampo,Zamora,zamora,380,64.68,5.88,58.7,1311.8,0.26,0.88,28.65,-27.78,-9.31,-20.17,-43.87,-1.719,15185,827.14,13.2,0.0,2.6,15.8,1,0,15.34,25.63,0,0,7.3,17.94,1,163.16,0.7,26.35,-20.17,Alta
49080,Fuentelapeña,Zamora,zamora,589,58.12,10.13,43.8,626.8,4.34,3.21,26.41,-23.2,-11.96,-24.29,-43.96,-1.614,12438,1497.15,10.2,1.7,0.0,13.6,1,0,9.2,38.8,1,0,0.45,8.98,0,0,8.97,41.34,-24.29,Alta
49064,Fariza,Zamora,zamora,487,90.27,5.39,50.1,697.1,3.02,2.51,31.94,-29.43,-1.62,-14.56,-32.55,-1.383,14239,1108.7,0.0,2.1,26.7,30.8,1,0,12.85,42.26,0,0,6.33,13.66,0,0,5.78,42.76,-14.56,Media
49055,Cotanes del Monte,Zamora,zamora,79,14.8,5.34,41.2,1650.0,2.35,1.41,16.88,-15.47,-19.39,-32.48,-51.23,-1.818,14600,2106.34,12.5,0.0,0.0,12.5,1,0,8.9,37.22,0,0,10.05,10.02,0,0,10.17,48.69,-32.48,Alta
49241,Villaescusa,Zamora,zamora,237,43.04,5.51,48.5,966.7,8.02,1.41,19.69,-18.28,-3.66,-14.13,-37.47,-1.582,12333,1022.11,12.6,0.0,0.0,12.6,1,0,6.1,30.4,0,0,5.37,5.48,0,0,6.02,42.79,-14.13,Media
49163,Pozoantiguo,Zamora,zamora,188,37.26,5.05,54.0,1275.0,1.52,1.18,30.73,-29.55,-7.84,-28.24,-43.54,-1.693,13568,1771.17,10.6,0.0,0.0,10.6,1,0,10.55,25.08,0,0,8.33,8.51,1,63.83,1.3,25.93,-28.24,Alta
49170,Quintanilla de Urz,Zamora,zamora,98,10.09,9.71,41.8,683.3,5.15,1.13,19.27,-18.14,-7.55,-10.09,-35.95,-1.615,13325,1261.91,0.0,30.6,0.0,30.6,1,0,13.77,14.65,0,0,6.0,15.44,0,0,8.53,59.1,-10.09,Media
49214,Tábara,Zamora,zamora,743,112.52,6.6,36.4,292.5,4.24,4.34,23.03,-18.69,0.41,-10.7,-22.93,-1.055,14109,897.1,8.0,4.0,6.7,18.7,0,0,0.0,30.1,1,0,2.99,16.32,1,68.64,2.97,42.82,-10.7,Media
49233,Vegalatrave,Zamora,zamora,79,18.52,4.27,53.2,700.0,0.0,4.22,25.32,-21.1,-5.95,-15.05,-47.33,-1.976,,3289.85,0.0,12.7,0.0,12.7,1,0,11.04,36.58,0,0,8.67,19.94,0,0,11.41,37.62,-15.05,Alta
49057,Cubo de Benavente,Zamora,zamora,115,31.24,3.68,47.0,1375.0,4.17,0.97,24.15,-23.19,-0.86,-0.86,-36.11,-1.456,15307,3493.16,8.5,0.0,0.0,8.5,1,0,13.87,42.08,0,0,11.8,18.38,0,0,7.0,77.1,-0.86,Leve
49208,San Vicente de la Cabeza,Zamora,zamora,309,52.95,5.84,50.0,1400.0,1.54,2.52,35.6,-33.08,-13.45,-27.63,-50.8,-1.877,13933,1446.68,16.2,0.0,3.2,19.5,1,0,14.92,51.82,0,0,5.73,14.9,0,0,7.76,53.12,-27.63,Alta
49039,Casaseca de las Chanas,Zamora,zamora,373,12.54,29.74,27.6,202.0,2.95,7.45,16.98,-9.53,-2.1,-1.32,0.54,0.126,14178,924.74,5.4,0.0,0.0,5.4,1,0,9.71,10.78,0,0,1.98,10.27,0,0,1.84,11.18,-1.32,Leve
49063,Faramontanos de Tábara,Zamora,zamora,318,54.31,5.86,41.3,503.8,3.55,4.19,26.21,-22.01,-0.31,-12.88,-37.52,-1.569,12256,782.93,12.6,0.0,3.2,15.8,1,0,9.19,22.63,0,0,8.91,20.33,0,0,9.04,40.16,-12.88,Media
49117,Micereces de Tera,Zamora,zamora,404,33.99,11.89,46.5,752.0,1.21,3.58,21.73,-18.15,-7.13,-17.55,-37.75,-1.459,13132,1068.56,12.4,0.0,9.9,22.3,1,0,14.07,15.78,0,0,10.03,13.91,0,0,4.76,53.46,-17.55,Alta
49164,Pozuelo de Tábara,Zamora,zamora,150,25.36,5.91,40.0,750.0,8.28,2.96,21.48,-18.52,-2.6,-12.79,-39.02,-1.471,12258,997.1,6.7,6.7,13.3,26.7,1,0,10.41,31.4,0,0,7.62,26.32,0,0,7.69,32.62,-12.79,Media
49242,Villafáfila,Zamora,zamora,429,73.89,5.81,42.6,700.0,1.59,3.63,18.91,-15.28,-8.53,-15.22,-36.26,-1.383,11552,835.06,7.0,4.7,2.3,14.1,1,0,5.83,19.8,1,0,1.6,15.47,0,0,11.08,38.36,-15.22,Alta
49272,Villaveza de Valverde,Zamora,zamora,72,12.35,5.83,54.2,3900.0,2.78,0.0,30.86,-30.86,1.41,-19.1,-51.35,-2.111,13325,1718.71,13.9,0.0,0.0,13.9,1,0,13.28,16.99,0,0,6.71,16.1,0,0,7.74,47.86,-19.1,Alta
49204,Santa María de Valverde,Zamora,zamora,50,9.73,5.14,63.3,0.0,3.92,0.0,40.0,-40.0,-15.25,-23.08,-49.49,-2.13,13325,2810.52,20.4,0.0,0.0,20.4,1,0,10.18,22.34,0,0,10.44,10.44,0,0,4.86,50.09,-23.08,Alta
49265,Villardiegua de la Ribera,Zamora,zamora,106,28.81,3.68,45.5,625.0,5.17,4.19,25.16,-20.96,-7.02,-20.9,-40.11,-1.427,12396,1649.33,9.1,0.0,9.1,18.2,1,0,20.3,37.83,0,0,12.41,20.63,0,0,12.93,38.57,-20.9,Alta
49167,Pueblica de Valverde,Zamora,zamora,172,25.7,6.69,56.1,1385.7,1.12,2.58,27.13,-24.55,-8.99,-23.89,-46.91,-1.747,11535,1233.02,5.8,5.8,5.8,17.3,1,0,8.01,24.47,0,0,10.45,10.45,0,0,6.95,48.99,-23.89,Alta
49171,Quiruelas de Vidriales,Zamora,zamora,615,27.95,22.0,43.2,468.4,1.73,4.52,20.23,-15.72,-5.67,-13.38,-37.31,-1.539,13021,1241.97,9.7,0.0,1.6,12.9,1,0,10.0,10.0,0,0,6.89,10.67,0,0,7.37,55.32,-13.38,Media
49173,Rábano de Aliste,Zamora,zamora,313,56.07,5.58,44.9,482.8,2.52,1.42,26.27,-24.85,-11.33,-24.4,-34.79,-1.278,11812,1578.37,16.0,6.4,3.2,25.6,1,0,9.95,62.9,0,0,9.84,10.16,0,0,9.84,63.82,-24.4,Alta
49176,Riofrío de Aliste,Zamora,zamora,589,111.53,5.28,49.9,1050.0,1.67,2.08,28.49,-26.41,-7.24,-21.15,-45.86,-1.892,14136,1029.78,8.5,1.7,3.4,13.6,1,0,19.88,50.4,1,0,6.06,19.92,0,0,9.02,57.9,-21.15,Alta
49201,Santa Croya de Tera,Zamora,zamora,253,21.13,11.97,53.1,642.9,0.38,6.15,31.62,-25.47,-14.81,-22.39,-47.73,-1.805,14831,777.49,11.8,3.9,0.0,15.7,1,0,5.71,24.66,0,0,5.6,5.6,0,0,4.18,54.76,-22.39,Alta
49207,Santovenia,Zamora,zamora,219,32.81,6.67,42.7,775.0,2.21,3.55,30.44,-26.89,-6.81,-22.06,-49.19,-1.804,14065,1460.87,4.6,4.6,0.0,9.2,1,0,9.5,16.16,0,0,8.12,14.58,0,0,14.44,39.32,-22.06,Alta
49209,San Vitero,Zamora,zamora,419,64.13,6.53,45.7,643.3,1.17,4.51,24.13,-19.62,-14.84,-25.58,-42.37,-1.56,15417,1043.64,19.0,7.1,16.6,42.7,1,0,11.39,57.4,1,0,2.84,11.49,0,0,7.53,58.43,-25.58,Alta
49156,Pinilla de Toro,Zamora,zamora,186,24.32,7.65,50.5,4700.0,1.02,1.19,33.45,-32.26,-14.29,-26.19,-51.18,-1.92,14981,1206.27,5.4,0.0,0.0,5.4,1,0,14.85,33.39,0,0,10.23,11.34,0,0,7.09,34.23,-26.19,Alta
49136,Muga de Sayago,Zamora,zamora,313,36.37,8.61,35.8,438.5,9.23,2.48,27.33,-24.85,-11.33,-16.31,-37.9,-1.472,14974,984.33,6.3,3.1,0.0,9.4,1,0,8.48,42.79,1,0,2.96,9.5,1,153.35,3.19,43.1,-16.31,Alta
49128,Morales de Rey,Zamora,zamora,529,20.1,26.32,39.8,439.6,2.5,4.2,19.53,-15.33,-7.03,-14.4,-30.39,-1.223,11877,1245.73,1.9,1.9,1.9,5.7,1,0,10.05,10.05,1,0,1.75,10.98,0,0,9.32,61.58,-14.4,Media
49187,San Cristóbal de Entreviñas,Zamora,zamora,1328,42.46,31.28,31.5,239.4,1.59,4.69,15.23,-10.54,-2.99,-10.33,-18.68,-0.81,11609,1794.64,9.8,2.3,2.3,14.3,1,0,9.4,9.4,1,0,4.56,9.46,1,34.64,3.64,63.12,-10.33,Media
49011,Arcos de la Polvorosa,Zamora,zamora,211,12.22,17.27,33.2,500.0,2.78,1.58,21.06,-19.48,-2.76,-12.81,-29.9,-1.153,14005,879.75,9.5,4.7,0.0,14.2,1,0,7.38,7.8,0,0,6.07,6.54,0,0,5.85,47.89,-12.81,Media
49090,Gema,Zamora,zamora,201,17.82,11.28,44.1,523.5,4.52,3.87,21.01,-17.14,-6.51,-7.37,-25.56,-1.039,14191,775.77,5.0,0.0,0.0,5.0,1,0,10.5,14.79,1,0,2.47,14.39,1,154.23,2.73,15.28,-7.37,Media
49040,Castrillo de la Guareña,Zamora,zamora,133,21.88,6.08,29.4,285.7,10.74,4.18,14.2,-10.03,13.68,3.1,-16.35,-1.124,14171,1178.66,14.7,7.4,7.4,44.1,1,0,11.92,41.3,0,0,6.79,14.89,0,0,11.77,47.19,3.1,Crecimiento
49027,Brime de Sog,Zamora,zamora,114,17.9,6.37,50.0,1140.0,4.27,0.0,46.78,-46.78,-12.31,-26.45,-54.76,-2.155,13473,952.81,8.8,0.0,0.0,8.8,1,0,3.9,31.51,0,0,2.67,7.52,0,0,3.99,66.3,-26.45,Alta
49238,Villabrázaro,Zamora,zamora,255,23.24,10.97,35.8,575.0,2.22,3.49,16.56,-13.07,2.82,7.14,-32.54,-1.498,16123,1080.33,15.6,3.9,11.7,31.1,1,0,7.87,7.87,0,0,6.17,8.68,0,0,6.05,62.92,7.14,Crecimiento
49137,Navianos de Valverde,Zamora,zamora,157,14.1,11.13,41.4,722.2,4.88,1.42,24.77,-23.35,-9.77,-23.41,-39.15,-1.509,13896,753.51,6.4,0.0,0.0,6.4,1,0,12.82,12.88,0,0,4.74,12.9,0,0,9.49,49.52,-23.41,Alta
49183,Salce,Zamora,zamora,83,34.82,2.38,43.4,900.0,1.18,6.69,32.13,-25.44,-10.75,-20.19,-44.3,-1.506,12781,1702.27,12.0,0.0,12.0,24.1,1,0,13.46,48.1,0,0,9.89,14.2,0,0,0.83,48.22,-20.19,Alta
49102,"Maderal, El",Zamora,zamora,172,29.67,5.8,40.9,875.0,1.75,1.94,23.26,-21.32,-2.82,-19.63,-43.05,-1.824,13738,1302.88,5.8,0.0,0.0,5.8,1,0,11.99,28.03,0,0,6.75,12.48,0,0,6.18,28.26,-19.63,Alta
49239,Villabuena del Puente,Zamora,zamora,574,26.03,22.05,47.6,634.9,2.56,2.9,25.94,-23.04,-11.56,-26.97,-41.84,-1.551,12110,993.39,8.7,0.0,0.0,8.7,1,0,16.36,32.01,0,0,4.75,15.14,1,76.66,2.34,32.79,-26.97,Alta
49111,Manzanal del Barco,Zamora,zamora,118,26.37,4.47,41.7,625.0,1.54,1.88,27.31,-25.42,-2.48,-16.9,-41.0,-1.66,12869,1556.53,16.7,0.0,8.3,25.0,1,0,5.79,19.82,0,0,5.53,20.37,0,0,5.42,20.87,-16.9,Alta
49190,San Martín de Valderaduey,Zamora,zamora,47,23.9,1.97,46.8,2200.0,4.44,0.0,26.0,-26.0,-9.62,-27.69,-52.04,-2.008,14600,3163.28,,,,,1,0,5.88,28.52,0,0,9.0,9.01,0,0,3.53,38.47,-27.69,Alta
49175,Revellinos,Zamora,zamora,223,27.6,8.08,37.8,314.8,12.13,8.97,24.91,-15.94,-10.44,-20.07,-34.8,-1.212,12650,930.97,17.8,0.0,0.0,17.8,1,0,11.16,17.75,0,0,5.81,11.9,0,0,11.91,43.35,-20.07,Alta
49244,Villageriz,Zamora,zamora,63,7.17,8.79,34.9,2200.0,3.17,0.0,26.46,-26.46,31.25,26.0,-12.5,-0.895,13325,1578.91,,,,,1,0,6.42,25.7,0,0,6.6,14.94,0,0,6.22,69.38,26.0,Crecimiento
49191,San Miguel de la Ribera,Zamora,zamora,244,26.21,9.31,45.8,644.4,1.99,4.1,24.13,-20.04,-15.86,-19.74,-39.3,-1.428,13530,1044.33,4.0,0.0,7.9,11.9,1,0,12.53,23.91,0,0,11.1,13.15,0,0,3.68,24.41,-19.74,Alta
49037,Carbellino,Zamora,zamora,174,32.74,5.31,42.7,760.0,5.41,1.28,22.35,-21.07,-2.79,-15.53,-36.03,-1.416,13929,1296.67,5.6,11.2,11.2,28.1,1,0,15.55,46.38,0,0,7.13,15.79,0,0,7.41,46.3,-15.53,Alta
49237,Videmala,Zamora,zamora,131,25.83,5.07,52.3,1150.0,0.0,2.54,24.6,-22.05,-9.03,-27.22,-36.1,-1.34,13880,1602.68,15.2,0.0,0.0,15.2,1,0,5.87,27.07,0,0,5.79,26.32,0,0,5.89,28.04,-27.22,Alta
49123,Montamarta,Zamora,zamora,549,56.73,9.68,35.7,316.1,1.1,4.86,18.21,-13.36,-3.51,-9.11,-19.85,-0.726,12553,1165.48,5.5,5.5,12.8,25.5,1,0,14.91,16.4,0,0,14.66,17.16,1,49.18,1.78,17.43,-9.11,Media
49069,Figueruela de Arriba,Zamora,zamora,310,152.73,2.03,56.8,1353.8,1.25,2.15,32.97,-30.82,-7.74,-23.46,-45.8,-1.811,14498,1768.76,12.9,3.2,9.7,25.8,1,0,15.94,62.7,0,0,14.69,23.49,0,0,12.06,71.19,-23.46,Alta
49034,Cañizal,Zamora,zamora,410,35.24,11.63,43.8,542.4,2.37,4.61,20.05,-15.45,-7.87,-15.46,-34.5,-1.418,12679,895.45,7.3,0.0,0.0,7.3,1,0,12.89,33.48,0,0,9.2,12.32,0,0,8.26,48.83,-15.46,Alta
49118,Milles de la Polvorosa,Zamora,zamora,206,18.09,11.39,38.8,571.4,1.51,4.85,22.11,-17.26,-3.29,-10.43,-26.16,-1.117,12941,1018.59,14.6,0.0,0.0,14.6,1,0,10.54,10.9,0,0,2.88,9.88,0,0,8.39,45.69,-10.43,Media
49016,Aspariegos,Zamora,zamora,223,42.1,5.3,40.1,684.6,4.44,1.49,26.91,-25.41,-8.98,-22.03,-39.73,-1.465,11688,1446.74,9.0,0.0,4.5,13.5,1,0,14.95,20.8,0,0,15.09,19.42,0,0,13.3,21.43,-22.03,Alta
49262,Villardeciervos,Zamora,zamora,383,85.42,4.48,41.7,679.2,4.56,3.19,24.37,-21.18,-4.01,-17.46,-25.49,-1.049,16021,1090.37,5.1,10.2,30.7,48.6,1,0,11.91,50.08,0,0,12.94,21.06,1,130.55,1.02,64.84,-17.46,Alta
49250,Villalpando,Zamora,zamora,1433,126.73,11.31,33.8,242.7,9.53,4.03,21.32,-17.29,-1.65,-5.91,-17.22,-0.697,12585,475.15,11.9,7.0,6.3,26.6,0,0,0.0,29.5,1,1,4.15,4.13,1,66.99,4.47,43.89,-5.91,Media
49018,Ayoó de Vidriales,Zamora,zamora,264,59.88,4.41,58.0,900.0,2.19,4.21,42.93,-38.72,-8.65,-27.27,-44.19,-1.638,14466,960.31,7.6,3.8,3.8,15.2,1,0,8.65,36.1,0,0,8.85,15.67,0,0,8.22,74.44,-27.27,Alta
49099,Losacio,Zamora,zamora,90,21.64,4.16,37.8,242.9,0.0,7.41,32.1,-24.69,-5.26,-37.5,-44.1,-1.508,,2254.99,0.0,11.1,11.1,33.3,1,0,7.98,32.82,0,0,8.29,25.42,0,0,8.33,33.89,-37.5,Alta
49147,Peleagonzalo,Zamora,zamora,286,13.27,21.55,40.4,348.5,10.88,5.44,24.09,-18.65,3.62,5.54,-35.87,-1.653,12508,677.72,7.0,0.0,0.0,7.0,1,0,2.52,20.89,0,0,7.45,8.69,1,41.96,0.56,21.76,5.54,Crecimiento
49251,Villalube,Zamora,zamora,143,39.79,3.59,47.6,1700.0,0.68,3.89,27.97,-24.09,-15.88,-17.82,-55.03,-2.029,12468,926.01,7.0,0.0,0.0,7.0,1,0,13.31,19.29,0,0,15.37,16.58,0,0,9.6,20.03,-17.82,Alta
49059,Cuelgamures,Zamora,zamora,77,14.65,5.26,51.3,0.0,1.23,0.0,25.97,-25.97,-4.94,-17.2,-46.15,-1.9,14225,1644.67,,,,,1,0,8.68,24.39,0,0,6.48,15.85,0,0,6.39,24.56,-17.2,Alta
49048,Cernadilla,Zamora,zamora,105,36.07,2.91,56.2,2950.0,2.73,3.17,23.28,-20.11,-11.76,-23.91,-40.68,-1.93,16582,1796.49,9.5,0.0,0.0,9.5,1,0,7.46,60.62,0,0,9.17,17.13,0,0,8.21,79.71,-23.91,Alta
49203,Santa María de la Vega,Zamora,zamora,259,17.85,14.51,45.2,991.7,3.79,2.15,29.6,-27.46,-11.6,-26.42,-48.51,-1.827,12248,1222.98,11.4,3.8,0.0,15.2,1,0,13.79,13.79,0,0,2.12,14.71,0,0,12.76,63.6,-26.42,Alta
49043,Castroverde de Campos,Zamora,zamora,240,68.21,3.52,44.7,778.6,4.31,1.85,16.67,-14.81,-11.76,-31.23,-42.17,-1.514,14310,978.76,12.3,4.1,8.2,24.6,1,0,12.52,27.59,0,0,4.86,12.99,0,0,5.04,62.58,-31.23,Alta
49267,Villardondiego,Zamora,zamora,110,24.31,4.52,29.7,235.7,15.08,6.06,10.1,-4.04,3.77,11.11,-16.03,-0.62,14509,1479.39,9.0,0.0,0.0,9.0,1,0,11.3,28.11,0,0,5.64,5.42,0,0,3.66,28.98,11.11,Crecimiento
49185,San Agustín del Pozo,Zamora,zamora,163,14.45,11.28,36.6,545.5,10.65,3.41,15.0,-11.59,-6.86,-15.54,-22.75,-0.769,13457,945.74,24.4,0.0,0.0,24.4,1,0,11.28,13.62,0,0,5.45,11.68,0,0,13.13,44.13,-15.54,Alta
49259,Villanueva de las Peras,Zamora,zamora,85,16.94,5.02,58.3,816.7,10.11,1.31,41.83,-40.52,7.59,-11.46,-55.5,-2.435,13325,1231.79,11.9,0.0,11.9,23.8,1,0,8.2,27.21,0,0,7.84,8.21,0,0,7.96,50.73,-11.46,Media
49264,Villar del Buey,Zamora,zamora,483,134.05,3.6,48.5,903.8,2.9,2.07,32.9,-30.83,-13.13,-26.03,-44.1,-1.624,12936,841.26,10.3,8.2,18.6,37.1,1,0,21.41,54.84,0,0,5.8,22.42,1,62.11,5.56,55.25,-26.03,Alta
49200,Santa Cristina de la Polvorosa,Zamora,zamora,1034,38.88,26.59,32.9,241.8,3.29,4.51,14.51,-9.99,-3.63,-6.43,-19.16,-0.809,12972,585.61,4.8,0.0,1.0,6.8,1,0,5.35,5.35,1,0,2.51,5.79,1,41.59,2.27,53.3,-6.43,Media
49230,Vallesa de la Guareña,Zamora,zamora,67,27.98,2.39,56.7,1900.0,0.0,0.0,51.41,-51.41,-17.28,-36.79,-63.39,-2.56,14225,2478.32,14.9,0.0,14.9,29.9,1,0,9.19,36.02,0,0,10.85,17.24,0,0,10.52,53.22,-36.79,Alta
49273,Viñas,Zamora,zamora,148,39.9,3.71,55.4,1366.7,2.47,0.75,30.78,-30.03,-11.38,-29.86,-49.49,-1.805,12819,2775.49,20.3,0.0,0.0,20.3,1,0,13.11,66.37,0,0,10.42,13.37,0,0,12.92,67.35,-29.86,Alta
49258,Villanueva de Campeán,Zamora,zamora,115,12.02,9.57,39.1,1500.0,0.85,3.86,20.29,-16.43,-3.36,-5.74,-39.15,-1.564,15088,1290.98,8.7,0.0,17.4,26.1,1,0,3.69,18.58,0,0,4.4,17.14,0,0,4.73,18.36,-5.74,Media
49160,Pobladura de Valderaduey,Zamora,zamora,34,12.54,2.71,44.1,750.0,0.0,9.8,29.41,-19.61,-15.0,-17.07,-57.5,-2.336,14600,,,,,,1,0,14.23,25.86,0,0,14.35,21.19,0,0,8.89,26.51,-17.07,Alta
49046,Cerecinos de Campos,Zamora,zamora,231,28.53,8.1,38.8,1125.0,4.29,0.96,19.72,-18.76,-10.12,-25.0,-46.53,-1.867,14602,946.79,4.3,0.0,0.0,4.3,1,0,9.52,20.33,0,0,6.83,6.89,0,0,6.75,47.82,-25.0,Alta
49124,Moral de Sayago,Zamora,zamora,265,66.95,3.96,36.8,363.0,1.9,3.77,20.55,-16.77,3.11,-4.68,-31.35,-1.384,11819,1156.82,3.8,3.8,7.5,15.0,1,0,12.12,25.88,0,0,9.53,11.64,0,0,6.53,26.36,-4.68,Leve
49210,Sanzoles,Zamora,zamora,454,25.62,17.72,36.6,463.9,3.83,5.14,18.11,-12.97,-6.58,-18.35,-35.79,-1.399,11585,748.3,6.6,0.0,11.0,17.5,1,0,10.19,16.76,0,0,7.03,16.69,0,0,6.97,17.47,-18.35,Alta
49025,Bretó,Zamora,zamora,163,21.66,7.53,47.2,1100.0,3.61,2.04,25.9,-23.86,1.88,-11.41,-33.74,-1.451,13984,1089.0,18.4,0.0,0.0,18.4,1,0,11.82,16.76,0,0,6.62,15.43,0,0,14.55,39.44,-11.41,Media
49126,Moraleja de Sayago,Zamora,zamora,300,33.65,8.92,39.9,413.8,1.34,4.44,26.67,-22.22,3.09,12.78,1.01,-0.219,11461,1171.5,6.6,0.0,0.0,6.6,1,0,9.57,33.73,1,0,2.2,9.74,1,33.33,2.09,42.68,12.78,Crecimiento
49054,Corrales del Vino,Zamora,zamora,930,75.51,12.32,33.0,282.6,3.98,3.94,17.8,-13.86,-3.02,-11.6,-18.49,-0.702,12475,1058.93,5.4,2.1,2.1,9.6,0,0,7.16,24.62,1,0,3.99,19.71,1,82.8,7.88,24.63,-11.6,Media
49246,Villalba de la Lampreana,Zamora,zamora,212,28.18,7.52,44.1,470.0,0.0,2.62,19.92,-17.3,-2.75,-17.51,-34.37,-1.329,13256,821.47,14.1,0.0,4.7,18.8,1,0,5.24,27.89,0,0,5.39,21.24,0,0,10.24,28.42,-17.51,Alta
49042,Castronuevo,Zamora,zamora,216,48.02,4.5,44.0,1055.6,1.38,3.09,25.72,-22.63,-4.0,-12.55,-38.64,-1.787,12113,1012.11,9.3,0.0,0.0,9.3,1,0,11.03,27.59,0,0,11.15,19.28,0,0,6.75,28.21,-12.55,Media
49101,Luelmo,Zamora,zamora,148,36.29,4.08,41.2,469.2,4.7,3.0,21.02,-18.02,0.68,-13.45,-41.96,-1.759,13688,1243.99,0.0,0.0,13.5,13.5,1,0,7.55,34.0,0,0,7.01,7.81,0,0,6.93,34.43,-13.45,Media
49180,Roelos de Sayago,Zamora,zamora,133,54.92,2.42,46.3,1260.0,2.17,3.34,25.06,-21.72,-8.28,-25.28,-18.9,-0.416,15780,1401.99,14.7,0.0,0.0,14.7,1,0,12.18,45.7,0,0,8.86,12.71,1,240.6,3.07,45.75,-25.28,Alta
49226,Vadillo de la Guareña,Zamora,zamora,240,44.1,5.44,40.0,800.0,1.22,1.39,19.91,-18.52,-4.0,-15.79,-36.51,-1.524,13401,1401.33,8.3,0.0,4.2,12.5,1,0,10.43,40.22,0,0,6.52,14.72,0,0,10.24,40.91,-15.79,Alta
49007,Almaraz de Duero,Zamora,zamora,386,45.54,8.48,44.6,409.5,1.01,2.3,19.86,-17.56,-3.74,-3.02,-18.05,-0.69,12957,793.22,5.2,0.0,5.2,13.0,1,0,13.62,13.62,1,0,1.74,12.58,1,93.26,1.62,14.1,-3.02,Leve
49086,Gallegos del Pan,Zamora,zamora,118,15.63,7.55,36.4,614.3,6.03,2.82,22.6,-19.77,6.31,-8.53,-29.34,-1.38,13978,1444.29,8.5,0.0,0.0,8.5,1,0,12.75,15.68,0,0,11.76,14.23,0,0,6.27,16.4,-8.53,Media
49178,Roales,Zamora,zamora,1019,10.77,94.61,17.4,85.6,3.72,8.94,4.69,4.25,8.17,20.17,159.95,6.54,14023,728.24,1.0,1.0,0.0,2.9,1,0,4.42,4.42,0,0,4.31,5.1,1,39.25,0.95,5.5,20.17,Crecimiento
49252,Villamayor de Campos,Zamora,zamora,330,26.28,12.56,33.2,440.0,7.96,2.02,19.53,-17.51,-2.37,-2.08,-40.75,-1.795,14239,1243.32,6.0,0.0,6.0,12.1,1,0,10.42,28.19,0,0,6.67,6.68,0,0,6.39,54.14,-2.08,Leve
49115,Mayalde,Zamora,zamora,140,43.65,3.21,45.7,914.3,0.0,2.38,31.75,-29.37,-20.9,-32.37,-42.86,-1.429,11788,2017.15,0.0,0.0,0.0,7.1,1,0,13.36,30.41,0,0,7.38,24.46,0,0,14.51,30.21,-32.37,Alta
49159,Pobladura del Valle,Zamora,zamora,269,14.13,19.04,36.6,466.7,5.47,3.3,22.3,-19.0,-6.92,-14.06,-19.46,-0.705,13516,897.69,11.2,7.5,11.2,29.9,1,0,11.31,11.31,0,0,6.14,12.19,0,0,9.77,65.56,-14.06,Media
49033,Camarzana de Tera,Zamora,zamora,740,47.55,15.56,38.4,408.6,7.17,3.15,24.17,-21.02,-1.99,-16.76,-29.99,-1.269,14031,1304.68,16.1,4.0,4.0,24.2,0,0,3.17,30.65,1,1,3.14,3.14,1,90.54,3.22,62.08,-16.76,Alta
49076,Fresno de la Ribera,Zamora,zamora,326,13.11,24.87,28.4,273.5,5.28,5.79,17.38,-11.59,-13.07,-14.44,-22.2,-0.77,14090,833.54,3.1,0.0,0.0,3.1,1,0,6.99,14.27,0,0,11.41,13.09,0,0,4.52,15.14,-14.44,Media
49010,Arcenillas,Zamora,zamora,450,12.06,37.31,17.0,84.6,1.34,7.16,8.4,-1.23,5.14,8.43,47.54,2.399,13731,615.94,2.2,0.0,0.0,2.2,1,0,5.74,5.74,0,0,2.88,5.27,0,0,2.92,6.17,8.43,Crecimiento
49061,Entrala,Zamora,zamora,133,9.99,13.31,39.8,662.5,4.69,3.34,19.21,-15.87,-13.64,-19.39,-19.39,-0.587,13445,1796.86,0.0,15.0,7.5,22.6,1,0,8.63,8.98,0,0,2.5,7.44,0,0,2.62,8.69,-19.39,Alta
49132,Moreruela de los Infanzones,Zamora,zamora,318,31.21,10.19,39.7,484.6,2.15,3.14,18.52,-15.37,-4.79,-14.52,-33.75,-1.308,11039,907.2,3.2,0.0,3.2,6.3,1,0,12.62,12.62,0,0,8.98,12.28,0,0,6.13,13.4,-14.52,Media
49162,Porto,Zamora,zamora,147,200.51,0.73,41.1,1200.0,2.58,1.51,35.53,-34.01,-5.77,-24.23,-56.51,-2.198,17472,3414.4,20.5,6.8,27.4,54.8,1,0,11.5,46.57,0,0,15.36,21.18,0,0,18.32,116.53,-24.23,Alta
49093,Guarrate,Zamora,zamora,313,31.56,9.92,34.9,343.8,6.96,2.48,14.2,-11.71,-5.44,-10.83,-16.98,-0.7,13347,1105.95,3.2,0.0,0.0,3.2,1,0,7.71,30.43,1,0,4.27,8.23,0,0,7.64,30.98,-10.83,Media
49012,Argañín,Zamora,zamora,79,12.62,6.26,41.8,412.5,6.25,2.81,21.1,-18.28,8.22,-3.66,-21.0,-0.971,12781,2325.84,,,,,1,0,11.85,39.94,0,0,6.32,12.55,0,0,5.82,40.45,-3.66,Leve
49058,"Cubo de Tierra del Vino, El",Zamora,zamora,294,34.26,8.58,37.3,407.4,1.34,5.29,20.79,-15.5,-8.7,-17.18,-38.11,-1.492,12916,,6.8,3.4,10.2,20.3,1,0,11.42,28.91,1,0,0.31,18.44,0,0,12.17,28.92,-17.18,Alta
49053,Coreses,Zamora,zamora,1054,43.1,24.45,28.5,218.8,4.63,4.95,18.45,-13.49,0.96,-2.41,-12.09,-0.568,12886,628.87,5.7,3.8,3.8,13.2,1,0,10.0,10.28,0,0,7.75,9.07,1,157.5,1.31,11.14,-2.41,Leve
49268,Villarrín de Campos,Zamora,zamora,387,50.02,7.74,52.6,1127.8,4.83,1.15,30.15,-29.0,-0.77,-14.0,-40.55,-1.725,14784,869.18,7.8,0.0,10.4,18.1,0,0,1.77,24.28,1,0,1.83,21.77,0,0,13.11,31.7,-14.0,Media
49119,Molacillos,Zamora,zamora,223,23.65,9.43,29.0,237.0,1.29,2.99,21.92,-18.93,-7.85,-17.1,-27.36,-0.908,14206,959.25,0.0,4.5,4.5,9.0,1,0,9.65,9.65,0,0,5.03,8.31,0,0,4.57,10.27,-17.1,Alta
49003,Alcañices,Zamora,zamora,1062,54.68,19.42,32.7,312.9,15.52,4.39,13.39,-9.0,-0.28,-4.15,-6.02,-0.355,13465,904.16,10.8,1.8,4.5,18.0,0,0,5.9,58.89,1,1,5.82,6.11,1,67.8,5.82,59.82,-4.15,Leve
49083,Fuentesecas,Zamora,zamora,43,14.59,2.95,48.8,1050.0,2.27,0.0,28.42,-28.42,-4.44,-32.81,-51.69,-2.142,14600,3704.12,,,,,1,0,13.98,24.36,0,0,13.52,13.74,0,0,5.35,25.14,-32.81,Alta
49229,Valdescorriel,Zamora,zamora,131,27.8,4.71,42.7,509.1,4.58,2.54,18.66,-16.12,4.8,-11.49,-33.84,-1.67,13557,1173.62,15.3,0.0,0.0,15.3,1,0,6.45,12.68,0,0,9.25,8.11,0,0,8.41,60.99,-11.49,Media
49263,Villar de Fallaves,Zamora,zamora,50,20.89,2.39,46.0,575.0,6.12,4.44,20.0,-15.56,13.64,-1.96,-53.7,-2.525,14600,2218.63,,,,,1,0,11.62,28.86,0,0,8.55,8.86,0,0,8.35,56.32,-1.96,Leve
49234,Venialbo,Zamora,zamora,439,41.99,10.45,31.2,259.3,10.71,5.32,23.29,-17.97,4.52,-8.54,-19.3,-0.86,12012,1364.94,2.2,2.2,2.2,6.7,1,0,13.17,20.88,0,0,9.64,18.03,0,0,9.42,21.54,-8.54,Media
49260,Villanueva del Campo,Zamora,zamora,736,40.03,18.39,40.1,338.6,8.42,5.74,23.55,-17.81,-10.57,-19.47,-32.17,-1.222,11829,639.73,9.4,1.3,0.0,10.8,1,0,10.26,25.8,1,0,3.54,10.77,1,84.24,3.85,62.95,-19.47,Alta
49236,Vidayanes,Zamora,zamora,74,12.47,5.93,37.8,311.1,6.49,7.51,22.52,-15.02,-12.94,-19.57,-36.21,-1.196,14600,1725.15,,,,,1,0,11.74,12.28,0,0,8.13,10.39,0,0,11.85,46.9,-19.57,Alta
49133,Moreruela de Tábara,Zamora,zamora,290,68.05,4.26,44.5,614.3,3.82,2.3,29.12,-26.82,-4.92,-15.2,-45.39,-1.901,13431,900.19,13.8,3.4,6.9,24.1,1,0,13.42,25.59,0,0,11.62,24.48,0,0,11.74,33.6,-15.2,Alta
49035,Cañizo,Zamora,zamora,197,41.79,4.71,47.7,1342.9,1.0,2.82,36.1,-33.28,-13.6,-20.88,-39.94,-1.457,15362,1866.25,5.1,5.1,5.1,15.2,1,0,11.05,31.39,0,0,11.65,14.54,1,131.98,2.05,32.94,-20.88,Alta
49243,Villaferrueña,Zamora,zamora,105,20.58,5.1,55.2,1450.0,5.56,0.0,24.34,-24.34,-3.67,-10.26,-33.96,-1.456,13361,1777.35,9.5,0.0,0.0,9.5,1,0,11.28,18.78,0,0,6.17,17.02,0,0,11.34,65.5,-10.26,Media
49158,"Piñero, El",Zamora,zamora,210,19.68,10.67,39.6,381.8,4.17,4.23,22.22,-17.99,-9.48,-12.5,-32.69,-1.173,12567,969.24,,,,,1,0,12.05,19.92,0,0,7.58,17.03,0,0,5.86,20.41,-12.5,Media
49174,Requejo,Zamora,zamora,107,46.03,2.32,46.2,816.7,13.79,2.08,31.15,-29.08,-28.19,-31.41,-49.77,-1.453,12380,1604.77,37.7,9.4,66.0,113.2,1,0,8.3,59.3,0,0,11.45,12.46,0,0,12.27,102.82,-31.41,Alta
49050,Cobreros,Zamora,zamora,543,77.58,7.0,35.7,346.4,4.59,3.07,21.89,-18.83,-4.4,-8.12,-31.87,-1.213,13503,951.35,11.0,9.2,25.8,46.0,1,0,8.43,56.08,0,0,8.55,8.86,0,0,8.27,101.73,-8.12,Media
49062,Espadañedo,Zamora,zamora,109,77.23,1.41,42.2,766.7,0.0,4.08,23.45,-19.37,-1.8,-15.5,-50.9,-2.19,12313,2610.59,9.2,0.0,0.0,9.2,1,0,10.26,50.26,0,0,13.06,21.02,0,0,11.27,86.0,-15.5,Alta
49081,Fuentesaúco,Zamora,zamora,1593,67.76,23.51,29.8,197.5,8.77,5.51,15.69,-10.18,0.38,-3.1,-15.62,-0.79,12034,617.02,5.0,1.9,1.9,8.8,0,0,0.95,33.27,1,1,1.68,1.57,1,24.48,1.06,35.75,-3.1,Leve
49056,Cubillos,Zamora,zamora,294,24.66,11.92,36.2,353.3,1.7,4.54,25.32,-20.79,-2.0,-8.7,-25.94,-1.12,12871,659.27,3.4,0.0,0.0,3.4,1,0,7.22,7.22,0,0,4.79,7.36,0,0,3.9,8.09,-8.7,Media
49130,Morales de Valverde,Zamora,zamora,156,17.98,8.68,59.0,1314.3,1.33,1.42,27.78,-26.35,-4.29,-21.21,-48.34,-2.037,13706,1239.95,6.4,0.0,0.0,6.4,1,0,12.25,18.58,0,0,8.86,13.98,0,0,5.95,48.89,-21.21,Alta
49019,Barcial del Barco,Zamora,zamora,254,18.98,13.38,37.8,417.4,5.43,2.19,15.31,-13.12,2.83,-7.97,-17.53,-0.893,11290,664.97,3.9,3.9,3.9,11.8,1,0,7.99,8.55,0,0,6.65,6.63,0,0,8.04,47.63,-7.97,Media
49269,Villaseco del Pan,Zamora,zamora,201,34.51,5.82,46.5,783.3,3.86,3.87,34.27,-30.4,-11.84,-21.48,-37.96,-1.285,11722,1244.05,5.0,0.0,19.8,29.7,1,0,15.7,21.27,0,0,5.88,15.03,0,0,6.72,21.77,-21.48,Alta
49141,Pajares de la Lampreana,Zamora,zamora,282,27.95,10.09,46.5,770.6,0.36,1.97,21.67,-19.7,-7.84,-26.37,-43.6,-1.845,9819,1412.33,7.1,3.5,3.5,14.2,1,0,10.27,22.04,0,0,10.4,21.24,0,0,12.45,22.7,-26.37,Alta
49079,Fuente Encalada,Zamora,zamora,92,20.97,4.39,41.9,975.0,3.33,1.21,39.86,-38.65,-9.8,-22.69,-39.07,-1.38,13325,,0.0,0.0,10.8,10.8,1,0,5.36,29.66,0,0,5.62,14.5,0,0,4.95,71.33,-22.69,Alta
49142,Palacios del Pan,Zamora,zamora,249,31.71,7.85,44.6,444.0,0.83,3.57,18.74,-15.17,-3.86,-4.96,0.4,0.067,13435,863.46,4.0,0.0,0.0,4.0,1,0,10.13,15.5,0,0,9.87,16.07,0,0,8.19,16.56,-4.96,Leve
49261,Villaralbo,Zamora,zamora,1782,22.02,80.93,24.7,157.3,2.6,3.93,12.03,-8.11,-1.55,-5.86,10.2,0.553,13615,1171.64,2.8,1.1,1.7,7.3,1,0,5.32,5.32,1,0,1.38,4.88,1,164.98,2.2,6.17,-5.86,Media
49155,Piedrahita de Castro,Zamora,zamora,104,20.94,4.97,37.5,557.1,0.0,1.07,19.23,-18.16,13.04,11.83,-30.67,-1.519,14813,1828.41,9.6,0.0,9.6,19.2,1,0,16.53,16.53,0,0,12.98,16.28,0,0,6.0,17.35,11.83,Crecimiento
49222,Torres del Carrizal,Zamora,zamora,413,30.3,13.63,27.5,178.1,3.16,8.07,12.38,-4.3,3.25,-4.18,-20.73,-0.944,13082,555.63,2.4,2.4,2.4,7.2,1,0,13.45,13.45,0,0,8.83,12.37,0,0,8.54,13.99,-4.18,Leve
49002,Abezames,Zamora,zamora,58,23.23,2.5,40.7,400.0,1.67,7.66,24.9,-17.24,-1.69,-12.12,-47.27,-1.886,14600,1852.84,,,,,1,0,16.15,28.68,0,0,13.19,12.99,0,0,4.74,29.48,-12.12,Media
49014,Arquillinos,Zamora,zamora,105,17.61,5.96,40.7,488.9,3.57,5.29,20.11,-14.81,-11.76,-7.89,-41.34,-1.574,13213,2996.71,9.3,0.0,0.0,18.5,1,0,9.44,23.28,0,0,9.58,22.12,0,0,13.18,23.81,-7.89,Media
49095,"Hiniesta, La",Zamora,zamora,293,33.1,8.85,31.0,303.3,4.84,4.17,17.82,-13.65,-6.39,-12.01,-23.5,-0.839,12778,853.85,6.8,3.4,0.0,10.2,1,0,8.2,8.2,0,0,8.15,8.77,0,0,4.37,9.26,-12.01,Media
49165,Prado,Zamora,zamora,53,10.88,4.87,60.4,0.0,3.7,0.0,10.48,-10.48,0.0,-11.67,-48.54,-2.172,14600,2051.8,0.0,0.0,18.9,18.9,1,0,11.15,22.85,0,0,7.06,7.09,0,0,6.77,52.93,-11.67,Media
49248,Villalobos,Zamora,zamora,200,43.12,4.64,38.1,308.0,25.52,7.78,15.56,-7.78,-14.89,-23.37,-37.11,-1.377,13222,1443.95,9.9,0.0,9.9,19.8,1,0,13.24,16.96,0,0,8.54,11.33,0,0,8.23,52.66,-23.37,Alta
49146,"Pego, El",Zamora,zamora,268,26.77,10.01,41.0,687.5,4.2,2.49,25.7,-23.22,-5.63,-18.04,-41.23,-1.6,13662,1557.45,,,,,1,0,13.28,27.25,0,0,5.72,13.77,0,0,6.18,27.91,-18.04,Alta
49038,Casaseca de Campeán,Zamora,zamora,88,12.23,7.2,35.6,640.0,6.67,1.26,31.57,-30.3,-7.37,-16.19,-44.3,-1.644,14225,1174.45,0.0,11.1,0.0,11.1,1,0,3.06,15.8,0,0,3.31,14.49,0,0,3.36,15.63,-16.19,Alta
49228,Valdefinjas,Zamora,zamora,60,16.28,3.69,45.0,675.0,1.69,1.85,27.78,-25.93,11.11,5.26,-41.75,-2.111,14225,2254.5,,,,,1,0,8.54,23.66,0,0,10.57,11.88,0,0,6.03,24.47,5.26,Crecimiento
49103,Madridanos,Zamora,zamora,461,32.05,14.38,35.6,261.9,4.38,5.54,13.26,-7.71,1.99,-3.56,-18.55,-0.821,12177,1108.77,6.5,0.0,0.0,6.5,1,0,7.91,12.84,0,0,6.23,12.42,0,0,5.99,13.66,-3.56,Leve
49227,Valcabado,Zamora,zamora,414,10.09,41.03,20.0,109.2,3.61,6.44,9.13,-2.68,2.48,14.68,15.0,0.616,13709,1094.96,4.8,0.0,4.8,9.6,1,0,3.19,3.19,0,0,2.86,3.79,0,0,2.25,4.09,14.68,Crecimiento
49082,Fuentes de Ropel,Zamora,zamora,369,48.65,7.58,38.9,480.0,2.21,3.91,16.56,-12.65,-1.86,-11.3,-35.83,-1.627,13346,1139.77,0.0,2.7,0.0,2.7,1,0,8.91,8.98,0,0,6.18,8.38,0,0,6.14,58.57,-11.3,Media
49041,Castrogonzalo,Zamora,zamora,432,24.99,17.29,35.3,463.6,5.07,3.86,17.75,-13.89,-7.1,-12.02,-24.34,-0.842,12782,598.09,6.9,2.3,2.3,18.5,1,0,5.74,6.1,0,0,4.87,4.9,0,0,5.93,54.02,-12.02,Media
49030,Bustillo del Oro,Zamora,zamora,75,15.34,4.89,45.3,1133.3,0.0,2.96,23.7,-20.74,-6.25,-12.79,-52.23,-1.975,14600,1387.65,13.3,0.0,0.0,13.3,1,0,16.89,29.06,0,0,17.77,17.66,0,0,9.1,29.78,-12.79,Media
49026,Bretocino,Zamora,zamora,192,12.92,14.86,49.5,1371.4,4.57,0.0,29.51,-29.51,-7.69,-22.58,-41.64,-1.615,11857,1210.62,10.3,0.0,0.0,10.3,1,0,14.51,16.08,0,0,4.45,15.01,0,0,13.53,41.22,-22.58,Alta
49009,Andavías,Zamora,zamora,404,23.11,17.48,40.7,402.4,1.19,4.13,20.08,-15.95,-10.62,-9.82,-20.78,-0.584,12518,1043.6,4.9,2.5,4.9,12.3,1,0,11.87,11.87,0,0,11.79,12.48,0,0,7.08,12.94,-9.82,Media
49088,Gamones,Zamora,zamora,89,13.47,6.61,48.9,628.6,2.15,1.25,11.24,-9.99,0.0,-11.88,-10.1,-0.277,12781,1658.2,11.1,0.0,22.2,33.3,1,0,12.39,36.39,0,0,9.05,12.81,0,0,8.67,36.95,-11.88,Media
49245,Villalazán,Zamora,zamora,241,15.02,16.05,36.9,635.7,0.4,2.31,24.9,-22.59,-7.31,-16.03,-38.83,-1.583,13745,1076.77,8.3,4.1,0.0,12.4,1,0,7.51,11.65,0,0,6.97,10.88,0,0,5.75,12.53,-16.03,Alta
49249,Villalonso,Zamora,zamora,80,14.88,5.38,35.8,207.1,13.25,4.17,22.22,-18.06,9.59,-20.79,-37.01,-1.725,14600,2746.08,12.3,0.0,12.3,24.7,1,0,11.23,36.68,0,0,5.85,10.48,0,0,6.2,37.55,-20.79,Alta
49153,Perilla de Castro,Zamora,zamora,150,32.98,4.55,48.7,1460.0,1.34,2.22,24.44,-22.22,-6.83,-17.58,-43.18,-1.674,14893,1026.82,20.0,0.0,6.7,26.7,1,0,15.2,24.55,0,0,15.03,25.17,0,0,9.86,25.56,-17.58,Alta
49084,Fuentespreadas,Zamora,zamora,267,20.04,13.32,44.6,661.1,6.16,4.99,14.98,-9.99,-4.64,-17.08,-34.4,-1.269,12841,707.25,7.5,0.0,3.7,11.2,1,0,9.17,21.77,0,0,8.7,15.85,0,0,4.07,22.08,-17.08,Alta
49193,San Pedro de Ceque,Zamora,zamora,417,48.93,8.52,43.9,968.4,5.66,4.8,23.45,-18.65,-4.79,-18.71,-40.68,-1.699,12523,784.18,14.3,0.0,2.4,16.7,1,0,8.58,35.89,1,0,2.7,8.63,0,0,8.62,67.03,-18.71,Alta
49005,Alfaraz de Sayago,Zamora,zamora,120,72.92,1.65,38.3,460.0,0.0,1.85,31.48,-29.63,-4.0,-19.46,-42.86,-1.71,13763,2034.73,,,,,1,0,15.03,37.39,0,0,6.43,15.2,0,0,6.27,37.51,-19.46,Alta
