Código INE,Municipio,Provincia,Clúster (nº),Clúster (nombre),Índice 2025 (base 100=1996),Variación total (%)
9001,Abajas,Burgos,0,C2: Despoblacion moderada,75.7,-24.3
9009,Albillos,Burgos,0,C2: Despoblacion moderada,135.8,35.8
9018,Aranda de Duero,Burgos,0,C2: Despoblacion moderada,116.2,16.2
9019,Arandilla,Burgos,0,C2: Despoblacion moderada,79.3,-20.7
9026,Arlanzón,Burgos,0,C2: Despoblacion moderada,96.8,-3.2
9027,Arraya de Oca,Burgos,0,C2: Despoblacion moderada,92.5,-7.5
9029,Atapuerca,Burgos,0,C2: Despoblacion moderada,88.1,-11.9
9030,"Ausines, Los",Burgos,0,C2: Despoblacion moderada,102.1,2.1
9041,Barrio de Muñó,Burgos,0,C2: Despoblacion moderada,91.4,-8.6
9047,Belbimbre,Burgos,0,C2: Despoblacion moderada,70.7,-29.3
9048,Belorado,Burgos,0,C2: Despoblacion moderada,85.4,-14.6
9054,Bozoó,Burgos,0,C2: Despoblacion moderada,96.2,-3.8
9056,Briviesca,Burgos,0,C2: Despoblacion moderada,110.3,10.3
9057,Bugedo,Burgos,0,C2: Despoblacion moderada,185.6,85.6
9059,Burgos,Burgos,0,C2: Despoblacion moderada,108.7,8.7
9064,Caleruega,Burgos,0,C2: Despoblacion moderada,86.9,-13.1
9065,Campillo de Aranda,Burgos,0,C2: Despoblacion moderada,87.5,-12.5
9070,Carazo,Burgos,0,C2: Despoblacion moderada,87.5,-12.5
9071,Carcedo de Bureba,Burgos,0,C2: Despoblacion moderada,78.3,-21.7
9075,Cardeñuela Riopico,Burgos,0,C2: Despoblacion moderada,135.9,35.9
9078,Cascajares de la Sierra,Burgos,0,C2: Despoblacion moderada,100.0,0.0
9085,Castrillo de la Vega,Burgos,0,C2: Despoblacion moderada,104.7,4.7
9063,Cavia,Burgos,0,C2: Despoblacion moderada,102.9,2.9
9093,Cayuela,Burgos,0,C2: Despoblacion moderada,147.6,47.6
9095,Celada del Camino,Burgos,0,C2: Despoblacion moderada,98.9,-1.1
9100,Cerratón de Juarros,Burgos,0,C2: Despoblacion moderada,59.2,-40.8
9112,Coruña del Conde,Burgos,0,C2: Despoblacion moderada,57.2,-42.8
9113,Covarrubias,Burgos,0,C2: Despoblacion moderada,76.5,-23.5
9114,Cubillo del Campo,Burgos,0,C2: Despoblacion moderada,135.5,35.5
9120,Encío,Burgos,0,C2: Despoblacion moderada,63.8,-36.2
9128,Frandovínez,Burgos,0,C2: Despoblacion moderada,111.8,11.8
9129,Fresneda de la Sierra Tirón,Burgos,0,C2: Despoblacion moderada,91.6,-8.4
9131,Fresnillo de las Dueñas,Burgos,0,C2: Despoblacion moderada,230.5,130.5
9133,Fresno de Rodilla,Burgos,0,C2: Despoblacion moderada,140.0,40.0
9137,Fuentelcésped,Burgos,0,C2: Despoblacion moderada,141.5,41.5
9138,Fuentelisendo,Burgos,0,C2: Despoblacion moderada,81.4,-18.6
9141,Fuentespina,Burgos,0,C2: Despoblacion moderada,141.4,41.4
9143,Galbarros,Burgos,0,C2: Despoblacion moderada,87.5,-12.5
9151,Gumiel de Izán,Burgos,0,C2: Despoblacion moderada,90.0,-10.0
9162,Hontoria de la Cantera,Burgos,0,C2: Despoblacion moderada,135.4,35.4
9169,Hortigüela,Burgos,0,C2: Despoblacion moderada,82.4,-17.6
9174,Huerta de Rey,Burgos,0,C2: Despoblacion moderada,73.9,-26.1
9176,Hurones,Burgos,0,C2: Despoblacion moderada,98.3,-1.7
9177,Ibeas de Juarros,Burgos,0,C2: Despoblacion moderada,154.5,54.5
9183,Jaramillo de la Fuente,Burgos,0,C2: Despoblacion moderada,132.4,32.4
9190,Junta de Villalba de Losa,Burgos,0,C2: Despoblacion moderada,81.4,-18.6
9192,Jurisdicción de San Zadornil,Burgos,0,C2: Despoblacion moderada,72.1,-27.9
9194,Lerma,Burgos,0,C2: Despoblacion moderada,105.4,5.4
9196,Madrigal del Monte,Burgos,0,C2: Despoblacion moderada,73.8,-26.2
9197,Madrigalejo del Monte,Burgos,0,C2: Despoblacion moderada,91.4,-8.6
9198,Mahamud,Burgos,0,C2: Despoblacion moderada,63.7,-36.3
9209,Medina de Pomar,Burgos,0,C2: Despoblacion moderada,112.3,12.3
9211,Melgar de Fernamental,Burgos,0,C2: Despoblacion moderada,72.7,-27.3
9906,Merindad de Río Ubierna,Burgos,0,C2: Despoblacion moderada,111.7,11.7
9218,Milagros,Burgos,0,C2: Despoblacion moderada,89.5,-10.5
9219,Miranda de Ebro,Burgos,0,C2: Despoblacion moderada,103.2,3.2
9224,Monasterio de Rodilla,Burgos,0,C2: Despoblacion moderada,78.8,-21.2
9223,Monasterio de la Sierra,Burgos,0,C2: Despoblacion moderada,102.7,2.7
9227,Montorio,Burgos,0,C2: Despoblacion moderada,77.1,-22.9
9248,Palazuelos de la Sierra,Burgos,0,C2: Despoblacion moderada,141.8,41.8
9253,Pardilla,Burgos,0,C2: Despoblacion moderada,88.6,-11.4
9261,Peñaranda de Duero,Burgos,0,C2: Despoblacion moderada,76.2,-23.8
9268,Pinilla de los Barruecos,Burgos,0,C2: Despoblacion moderada,75.2,-24.8
9272,Poza de la Sal,Burgos,0,C2: Despoblacion moderada,71.5,-28.5
9277,Puentedura,Burgos,0,C2: Despoblacion moderada,88.0,-12.0
9279,Quemada,Burgos,0,C2: Despoblacion moderada,92.0,-8.0
9281,Quintana del Pidio,Burgos,0,C2: Despoblacion moderada,78.1,-21.9
9280,Quintanabureba,Burgos,0,C2: Despoblacion moderada,76.3,-23.7
9292,Quintanavides,Burgos,0,C2: Despoblacion moderada,75.6,-24.4
9297,"Quintanillas, Las",Burgos,0,C2: Despoblacion moderada,108.4,8.4
9304,Rabé de las Calzadas,Burgos,0,C2: Despoblacion moderada,146.3,46.3
9312,"Revilla y Ahedo, La",Burgos,0,C2: Despoblacion moderada,74.6,-25.4
9321,Roa,Burgos,0,C2: Despoblacion moderada,97.7,-2.3
9326,Rubena,Burgos,0,C2: Despoblacion moderada,131.8,31.8
9303,Rábanos,Burgos,0,C2: Despoblacion moderada,75.3,-24.7
9330,Salas de los Infantes,Burgos,0,C2: Despoblacion moderada,94.4,-5.6
9335,San Adrián de Juarros,Burgos,0,C2: Despoblacion moderada,190.9,90.9
9337,San Juan del Monte,Burgos,0,C2: Despoblacion moderada,97.6,-2.4
9360,San Vicente del Valle,Burgos,0,C2: Despoblacion moderada,66.7,-33.3
9350,Santa María del Campo,Burgos,0,C2: Despoblacion moderada,69.6,-30.4
9351,Santa María del Invierno,Burgos,0,C2: Despoblacion moderada,129.6,29.6
9354,Santa Olalla de Bureba,Burgos,0,C2: Despoblacion moderada,102.7,2.7
9356,Santibáñez del Val,Burgos,0,C2: Despoblacion moderada,100.0,0.0
9358,Santo Domingo de Silos,Burgos,0,C2: Despoblacion moderada,77.7,-22.3
9368,Sordillos,Burgos,0,C2: Despoblacion moderada,65.7,-34.3
9369,Sotillo de la Ribera,Burgos,0,C2: Despoblacion moderada,74.8,-25.2
9372,Sotragero,Burgos,0,C2: Despoblacion moderada,191.1,91.1
9374,Susinos del Páramo,Burgos,0,C2: Despoblacion moderada,109.5,9.5
9375,Tamarón,Burgos,0,C2: Despoblacion moderada,106.1,6.1
9377,Tardajos,Burgos,0,C2: Despoblacion moderada,121.1,21.1
9381,Tinieblas de la Sierra,Burgos,0,C2: Despoblacion moderada,51.3,-48.7
9386,Torrecilla del Monte,Burgos,0,C2: Despoblacion moderada,102.6,2.6
9390,Torresandino,Burgos,0,C2: Despoblacion moderada,68.1,-31.9
9395,Tubilla del Agua,Burgos,0,C2: Despoblacion moderada,75.0,-25.0
9409,Valle de Manzanedo,Burgos,0,C2: Despoblacion moderada,91.3,-8.7
9410,Valle de Mena,Burgos,0,C2: Despoblacion moderada,119.7,19.7
9411,Valle de Oca,Burgos,0,C2: Despoblacion moderada,72.4,-27.6
9905,Valle de Sedano,Burgos,0,C2: Despoblacion moderada,75.8,-24.2
9412,Valle de Tobalina,Burgos,0,C2: Despoblacion moderada,80.0,-20.0
9904,Valle de las Navas,Burgos,0,C2: Despoblacion moderada,86.5,-13.5
9417,Vallejera,Burgos,0,C2: Despoblacion moderada,64.4,-35.6
9429,Villaescusa la Sombría,Burgos,0,C2: Despoblacion moderada,103.4,3.4
9438,Villalba de Duero,Burgos,0,C2: Despoblacion moderada,128.3,28.3
9442,Villalmanzo,Burgos,0,C2: Despoblacion moderada,83.5,-16.5
9447,Villamiel de la Sierra,Burgos,0,C2: Despoblacion moderada,110.3,10.3
9449,Villanueva de Argaño,Burgos,0,C2: Despoblacion moderada,100.0,0.0
9450,Villanueva de Carazo,Burgos,0,C2: Despoblacion moderada,100.0,0.0
9451,Villanueva de Gumiel,Burgos,0,C2: Despoblacion moderada,89.8,-10.2
9903,Villarcayo de Merindad de Castilla la Vieja,Burgos,0,C2: Despoblacion moderada,104.3,4.3
9463,Villasur de Herreros,Burgos,0,C2: Despoblacion moderada,83.5,-16.5
9471,Villayerno Morquillas,Burgos,0,C2: Despoblacion moderada,147.5,47.5
9476,Villoruebo,Burgos,0,C2: Despoblacion moderada,114.8,14.8
24007,Arganza,León,0,C2: Despoblacion moderada,83.2,-16.8
24008,Astorga,León,0,C2: Despoblacion moderada,82.0,-18.0
24010,"Bañeza, La",León,0,C2: Despoblacion moderada,97.2,-2.8
24015,Benavides,León,0,C2: Despoblacion moderada,75.0,-25.0
24016,Benuza,León,0,C2: Despoblacion moderada,62.8,-37.2
24027,Cabañas Raras,León,0,C2: Despoblacion moderada,98.5,-1.5
24030,Cacabelos,León,0,C2: Despoblacion moderada,97.7,-2.3
24034,Camponaraya,León,0,C2: Despoblacion moderada,125.9,25.9
24038,Carracedelo,León,0,C2: Despoblacion moderada,96.9,-3.1
24041,Carucedo,León,0,C2: Despoblacion moderada,71.1,-28.9
24049,Castropodame,León,0,C2: Despoblacion moderada,83.8,-16.2
24065,Chozas de Abajo,León,0,C2: Despoblacion moderada,122.5,22.5
24057,Congosto,León,0,C2: Despoblacion moderada,79.3,-20.7
24061,Cuadros,León,0,C2: Despoblacion moderada,124.9,24.9
24064,Cubillos del Sil,León,0,C2: Despoblacion moderada,113.5,13.5
24076,Garrafe de Torío,León,0,C2: Despoblacion moderada,150.3,50.3
24095,Mansilla Mayor,León,0,C2: Despoblacion moderada,76.5,-23.5
24094,Mansilla de las Mulas,León,0,C2: Despoblacion moderada,95.6,-4.4
24100,Molinaseca,León,0,C2: Despoblacion moderada,106.7,6.7
24105,Onzonilla,León,0,C2: Despoblacion moderada,137.6,37.6
24115,Ponferrada,León,0,C2: Despoblacion moderada,102.6,2.6
24116,Posada de Valdeón,León,0,C2: Despoblacion moderada,76.7,-23.3
24121,Puebla de Lillo,León,0,C2: Despoblacion moderada,90.8,-9.2
24130,Riaño,León,0,C2: Despoblacion moderada,88.1,-11.9
24142,San Andrés del Rabanedo,León,0,C2: Despoblacion moderada,128.9,28.9
24149,San Millán de los Caballeros,León,0,C2: Despoblacion moderada,95.0,-5.0
24152,Santa Colomba de Somoza,León,0,C2: Despoblacion moderada,95.4,-4.6
24157,Santa María del Páramo,León,0,C2: Despoblacion moderada,95.0,-5.0
24161,Santiago Millas,León,0,C2: Despoblacion moderada,97.5,-2.5
24162,Santovenia de la Valdoncina,León,0,C2: Despoblacion moderada,135.1,35.1
24175,Valdefresno,León,0,C2: Despoblacion moderada,146.9,46.9
24177,Valdelugueros,León,0,C2: Despoblacion moderada,98.6,-1.4
24179,Valdepiélago,León,0,C2: Despoblacion moderada,72.3,-27.7
24188,Valencia de Don Juan,León,0,C2: Despoblacion moderada,133.4,33.4
24189,Valverde de la Virgen,León,0,C2: Despoblacion moderada,192.8,92.8
24197,Vega de Infanzones,León,0,C2: Despoblacion moderada,96.9,-3.1
24205,Villadangos del Páramo,León,0,C2: Despoblacion moderada,127.3,27.3
24221,Villaquejida,León,0,C2: Despoblacion moderada,68.7,-31.3
24225,Villasabariego,León,0,C2: Despoblacion moderada,95.9,-4.1
24227,Villaturiel,León,0,C2: Despoblacion moderada,100.8,0.8
34004,Aguilar de Campoo,Palencia,0,C2: Despoblacion moderada,89.3,-10.7
34018,Autilla del Pino,Palencia,0,C2: Despoblacion moderada,88.1,-11.9
34042,Calzada de los Molinos,Palencia,0,C2: Despoblacion moderada,77.0,-23.0
34056,Cervera de Pisuerga,Palencia,0,C2: Despoblacion moderada,81.3,-18.7
34063,Cordovilla la Real,Palencia,0,C2: Despoblacion moderada,106.6,6.6
34069,Dueñas,Palencia,0,C2: Despoblacion moderada,87.3,-12.7
34073,Fresno del Río,Palencia,0,C2: Despoblacion moderada,82.8,-17.2
34077,Fuentes de Valdepero,Palencia,0,C2: Despoblacion moderada,194.8,94.8
34088,Husillos,Palencia,0,C2: Despoblacion moderada,180.3,80.3
34096,Lomas,Palencia,0,C2: Despoblacion moderada,67.8,-32.2
34098,Magaz de Pisuerga,Palencia,0,C2: Despoblacion moderada,144.1,44.1
34120,Palencia,Palencia,0,C2: Despoblacion moderada,98.3,-1.7
34129,Pino del Río,Palencia,0,C2: Despoblacion moderada,60.2,-39.8
34133,Población de Cerrato,Palencia,0,C2: Despoblacion moderada,79.1,-20.9
34135,Pomar de Valdivia,Palencia,0,C2: Despoblacion moderada,89.9,-10.1
34157,Saldaña,Palencia,0,C2: Despoblacion moderada,89.3,-10.7
34158,Salinas de Pisuerga,Palencia,0,C2: Despoblacion moderada,117.6,17.6
34176,Sotobañado y Priorato,Palencia,0,C2: Despoblacion moderada,82.4,-17.6
34181,Tariego de Cerrato,Palencia,0,C2: Despoblacion moderada,88.0,-12.0
34023,Venta de Baños,Palencia,0,C2: Despoblacion moderada,98.6,-1.4
34214,Villalba de Guardo,Palencia,0,C2: Despoblacion moderada,81.5,-18.5
34218,Villaluenga de la Vega,Palencia,0,C2: Despoblacion moderada,75.7,-24.3
34220,Villamartín de Campos,Palencia,0,C2: Despoblacion moderada,99.4,-0.6
34225,Villamuriel de Cerrato,Palencia,0,C2: Despoblacion moderada,149.5,49.5
37002,Agallas,Salamanca,0,C2: Despoblacion moderada,65.2,-34.8
37008,Alba de Tormes,Salamanca,0,C2: Despoblacion moderada,109.7,9.7
37010,"Alberca, La",Salamanca,0,C2: Despoblacion moderada,93.5,-6.5
37016,Aldealengua,Salamanca,0,C2: Despoblacion moderada,142.3,42.3
37018,Aldeanueva de la Sierra,Salamanca,0,C2: Despoblacion moderada,85.4,-14.6
37020,Aldearrubia,Salamanca,0,C2: Despoblacion moderada,98.5,-1.5
37024,Aldeavieja de Tormes,Salamanca,0,C2: Despoblacion moderada,75.2,-24.8
37027,Almenara de Tormes,Salamanca,0,C2: Despoblacion moderada,119.4,19.4
37032,Arapiles,Salamanca,0,C2: Despoblacion moderada,143.1,43.1
37033,Arcediano,Salamanca,0,C2: Despoblacion moderada,84.8,-15.2
37035,Armenteros,Salamanca,0,C2: Despoblacion moderada,45.1,-54.9
37038,Babilafuente,Salamanca,0,C2: Despoblacion moderada,91.2,-8.8
37047,Beleña,Salamanca,0,C2: Despoblacion moderada,168.6,68.6
37069,Calvarrasa de Abajo,Salamanca,0,C2: Despoblacion moderada,124.4,24.4
37070,Calvarrasa de Arriba,Salamanca,0,C2: Despoblacion moderada,91.4,-8.6
37073,Calzada de Valdunciel,Salamanca,0,C2: Despoblacion moderada,114.4,14.4
37080,Cantagallo,Salamanca,0,C2: Despoblacion moderada,96.9,-3.1
37086,Carpio de Azaba,Salamanca,0,C2: Despoblacion moderada,95.7,-4.3
37185,Castellanos de Villiquera,Salamanca,0,C2: Despoblacion moderada,128.7,28.7
37107,Ciudad Rodrigo,Salamanca,0,C2: Despoblacion moderada,78.9,-21.1
37115,Dios le Guarde,Salamanca,0,C2: Despoblacion moderada,67.4,-32.6
37120,Encina de San Silvestre,Salamanca,0,C2: Despoblacion moderada,86.7,-13.3
37121,Encinas de Abajo,Salamanca,0,C2: Despoblacion moderada,89.3,-10.7
37129,Florida de Liébana,Salamanca,0,C2: Despoblacion moderada,98.4,-1.6
37130,Forfoleda,Salamanca,0,C2: Despoblacion moderada,82.1,-17.9
37138,Fuenterroble de Salvatierra,Salamanca,0,C2: Despoblacion moderada,91.9,-8.1
37148,Garcihernández,Salamanca,0,C2: Despoblacion moderada,67.0,-33.0
37150,Gejuelo del Barro,Salamanca,0,C2: Despoblacion moderada,60.8,-39.2
37156,Guijuelo,Salamanca,0,C2: Despoblacion moderada,108.5,8.5
37163,"Hoya, La",Salamanca,0,C2: Despoblacion moderada,139.1,39.1
37164,Huerta,Salamanca,0,C2: Despoblacion moderada,104.4,4.4
37167,Juzbado,Salamanca,0,C2: Despoblacion moderada,97.2,-2.8
37170,Ledesma,Salamanca,0,C2: Despoblacion moderada,73.7,-26.3
37171,Ledrada,Salamanca,0,C2: Despoblacion moderada,78.3,-21.7
37175,Machacón,Salamanca,0,C2: Despoblacion moderada,81.4,-18.6
37176,Madroñal,Salamanca,0,C2: Despoblacion moderada,75.3,-24.7
37187,Matilla de los Caños del Río,Salamanca,0,C2: Despoblacion moderada,86.5,-13.5
37189,Membribe de la Sierra,Salamanca,0,C2: Despoblacion moderada,99.0,-1.0
37192,Miranda de Azán,Salamanca,0,C2: Despoblacion moderada,128.5,28.5
37196,Monforte de la Sierra,Salamanca,0,C2: Despoblacion moderada,44.2,-55.8
37198,Monleras,Salamanca,0,C2: Despoblacion moderada,87.0,-13.0
37200,Montejo,Salamanca,0,C2: Despoblacion moderada,77.2,-22.8
37203,Monterrubio de la Sierra,Salamanca,0,C2: Despoblacion moderada,86.7,-13.3
37205,Morille,Salamanca,0,C2: Despoblacion moderada,109.4,9.4
37209,Mozárbez,Salamanca,0,C2: Despoblacion moderada,127.2,27.2
37215,Nava de Sotrobal,Salamanca,0,C2: Despoblacion moderada,69.3,-30.7
37212,Navacarros,Salamanca,0,C2: Despoblacion moderada,114.6,14.6
37230,Parada de Arriba,Salamanca,0,C2: Despoblacion moderada,106.5,6.5
37238,Pedrosillo el Ralo,Salamanca,0,C2: Despoblacion moderada,100.7,0.7
37240,Pelabravo,Salamanca,0,C2: Despoblacion moderada,200.4,100.4
37242,Pelayos,Salamanca,0,C2: Despoblacion moderada,80.0,-20.0
37246,Peñaranda de Bracamonte,Salamanca,0,C2: Despoblacion moderada,97.9,-2.1
37253,"Pino de Tormes, El",Salamanca,0,C2: Despoblacion moderada,81.2,-18.8
37270,Robliza de Cojos,Salamanca,0,C2: Despoblacion moderada,95.4,-4.6
37274,Salamanca,Salamanca,0,C2: Despoblacion moderada,91.8,-8.2
37277,Salvatierra de Tormes,Salamanca,0,C2: Despoblacion moderada,103.1,3.1
37286,San Martín del Castañar,Salamanca,0,C2: Despoblacion moderada,82.3,-17.7
37288,San Morales,Salamanca,0,C2: Despoblacion moderada,170.4,70.4
37290,San Pedro del Valle,Salamanca,0,C2: Despoblacion moderada,106.7,6.7
37294,Santa Marta de Tormes,Salamanca,0,C2: Despoblacion moderada,159.5,59.5
37305,Sequeros,Salamanca,0,C2: Despoblacion moderada,82.8,-17.2
37310,Sieteiglesias de Tormes,Salamanca,0,C2: Despoblacion moderada,106.6,6.6
37313,Sotoserrano,Salamanca,0,C2: Despoblacion moderada,69.6,-30.4
37322,Terradillos,Salamanca,0,C2: Despoblacion moderada,116.6,16.6
37323,Topas,Salamanca,0,C2: Despoblacion moderada,71.7,-28.3
37328,Trabanca,Salamanca,0,C2: Despoblacion moderada,60.9,-39.1
37335,Valdelosa,Salamanca,0,C2: Despoblacion moderada,75.5,-24.5
37343,Vallejera de Riofrío,Salamanca,0,C2: Despoblacion moderada,124.1,24.1
37342,Valverdón,Salamanca,0,C2: Despoblacion moderada,98.5,-1.5
37344,Vecinos,Salamanca,0,C2: Despoblacion moderada,75.2,-24.8
37346,"Veguillas, Las",Salamanca,0,C2: Despoblacion moderada,87.6,-12.4
37356,Villar de Argañán,Salamanca,0,C2: Despoblacion moderada,83.3,-16.7
37374,Villoria,Salamanca,0,C2: Despoblacion moderada,87.6,-12.4
37375,Villoruela,Salamanca,0,C2: Despoblacion moderada,71.1,-28.9
37376,Vitigudino,Salamanca,0,C2: Despoblacion moderada,73.6,-26.4
37379,Zamayón,Salamanca,0,C2: Despoblacion moderada,90.6,-9.4
37380,Zarapicos,Salamanca,0,C2: Despoblacion moderada,71.4,-28.6
40001,Abades,Segovia,0,C2: Despoblacion moderada,96.9,-3.1
40017,Anaya,Segovia,0,C2: Despoblacion moderada,84.7,-15.3
40019,Arahuetes,Segovia,0,C2: Despoblacion moderada,68.9,-31.1
40021,Arevalillo de Cega,Segovia,0,C2: Despoblacion moderada,47.4,-52.6
40024,Ayllón,Segovia,0,C2: Despoblacion moderada,89.7,-10.3
40029,Bercimuel,Segovia,0,C2: Despoblacion moderada,44.7,-55.3
40032,Boceguillas,Segovia,0,C2: Despoblacion moderada,121.5,21.5
40033,Brieva,Segovia,0,C2: Despoblacion moderada,129.2,29.2
40035,Cabañas de Polendos,Segovia,0,C2: Despoblacion moderada,169.7,69.7
40036,Cabezuela,Segovia,0,C2: Despoblacion moderada,89.0,-11.0
40040,Cantalejo,Segovia,0,C2: Despoblacion moderada,102.8,2.8
40041,Cantimpalos,Segovia,0,C2: Despoblacion moderada,117.4,17.4
40043,Carbonero el Mayor,Segovia,0,C2: Despoblacion moderada,104.9,4.9
40045,Casla,Segovia,0,C2: Despoblacion moderada,100.0,0.0
40065,Chañe,Segovia,0,C2: Despoblacion moderada,99.5,-0.5
40057,Coca,Segovia,0,C2: Despoblacion moderada,84.2,-15.8
40059,Collado Hermoso,Segovia,0,C2: Despoblacion moderada,79.5,-20.5
40063,Cuéllar,Segovia,0,C2: Despoblacion moderada,104.5,4.5
40073,Escalona del Prado,Segovia,0,C2: Despoblacion moderada,79.3,-20.7
40075,Escobar de Polendos,Segovia,0,C2: Despoblacion moderada,75.4,-24.6
40076,"Espinar, El",Segovia,0,C2: Despoblacion moderada,177.8,77.8
40079,Fresno de Cantespino,Segovia,0,C2: Despoblacion moderada,123.4,23.4
40080,Fresno de la Fuente,Segovia,0,C2: Despoblacion moderada,96.2,-3.8
40086,Fuentepelayo,Segovia,0,C2: Despoblacion moderada,75.9,-24.1
40091,Fuentesoto,Segovia,0,C2: Despoblacion moderada,55.8,-44.2
40094,Garcillán,Segovia,0,C2: Despoblacion moderada,147.0,47.0
40095,Gomezserracín,Segovia,0,C2: Despoblacion moderada,92.5,-7.5
40103,"Huertos, Los",Segovia,0,C2: Despoblacion moderada,102.4,2.4
40106,Juarros de Voltoya,Segovia,0,C2: Despoblacion moderada,64.2,-35.8
40111,Lastras del Pozo,Segovia,0,C2: Despoblacion moderada,67.1,-32.9
40113,"Losa, La",Segovia,0,C2: Despoblacion moderada,150.0,50.0
40115,Maderuelo,Segovia,0,C2: Despoblacion moderada,65.4,-34.6
40119,Martín Miguel,Segovia,0,C2: Despoblacion moderada,131.4,31.4
40120,Martín Muñoz de la Dehesa,Segovia,0,C2: Despoblacion moderada,160.9,60.9
40124,Mata de Cuéllar,Segovia,0,C2: Despoblacion moderada,78.9,-21.1
40123,Matabuena,Segovia,0,C2: Despoblacion moderada,94.4,-5.6
40131,Monterrubio,Segovia,0,C2: Despoblacion moderada,71.8,-28.2
40134,Mozoncillo,Segovia,0,C2: Despoblacion moderada,87.1,-12.9
40138,Nava de la Asunción,Segovia,0,C2: Despoblacion moderada,104.2,4.2
40141,Navalmanzano,Segovia,0,C2: Despoblacion moderada,90.0,-10.0
40144,Navares de las Cuevas,Segovia,0,C2: Despoblacion moderada,84.6,-15.4
40145,Navas de Oro,Segovia,0,C2: Despoblacion moderada,87.7,-12.3
40904,Navas de Riofrío,Segovia,0,C2: Despoblacion moderada,164.1,64.1
40146,Navas de San Antonio,Segovia,0,C2: Despoblacion moderada,123.9,23.9
40151,Ortigosa de Pestaño,Segovia,0,C2: Despoblacion moderada,58.6,-41.4
40152,Otero de Herreros,Segovia,0,C2: Despoblacion moderada,121.6,21.6
40155,Palazuelos de Eresma,Segovia,0,C2: Despoblacion moderada,244.4,144.4
40156,Pedraza,Segovia,0,C2: Despoblacion moderada,71.7,-28.3
40157,Pelayos del Arroyo,Segovia,0,C2: Despoblacion moderada,81.8,-18.2
40162,Prádena,Segovia,0,C2: Despoblacion moderada,81.4,-18.6
40181,Real Sitio de San Ildefonso,Segovia,0,C2: Despoblacion moderada,102.1,2.1
40170,Riaza,Segovia,0,C2: Despoblacion moderada,127.2,27.2
40172,Riofrío de Riaza,Segovia,0,C2: Despoblacion moderada,56.9,-43.1
40173,Roda de Eresma,Segovia,0,C2: Despoblacion moderada,245.3,145.3
40174,Sacramenia,Segovia,0,C2: Despoblacion moderada,58.3,-41.7
40179,Sanchonuño,Segovia,0,C2: Despoblacion moderada,139.3,39.3
40186,Santa Marta del Cerro,Segovia,0,C2: Despoblacion moderada,88.2,-11.8
40188,Santiuste de Pedraza,Segovia,0,C2: Despoblacion moderada,75.0,-25.0
40190,Santo Domingo de Pirón,Segovia,0,C2: Despoblacion moderada,91.1,-8.9
40191,Santo Tomé del Puerto,Segovia,0,C2: Despoblacion moderada,67.6,-32.4
40194,Segovia,Segovia,0,C2: Despoblacion moderada,96.5,-3.5
40195,Sepúlveda,Segovia,0,C2: Despoblacion moderada,72.9,-27.1
40199,Sotosalbos,Segovia,0,C2: Despoblacion moderada,115.8,15.8
40205,Torreiglesias,Segovia,0,C2: Despoblacion moderada,65.4,-34.6
40208,Turégano,Segovia,0,C2: Despoblacion moderada,90.6,-9.4
40211,Valdeprados,Segovia,0,C2: Despoblacion moderada,112.5,12.5
40219,Vallelado,Segovia,0,C2: Despoblacion moderada,87.2,-12.8
40220,Valleruela de Pedraza,Segovia,0,C2: Despoblacion moderada,78.2,-21.8
40222,Veganzones,Segovia,0,C2: Despoblacion moderada,69.9,-30.1
40223,Vegas de Matute,Segovia,0,C2: Despoblacion moderada,148.6,48.6
40224,Ventosilla y Tejadilla,Segovia,0,C2: Despoblacion moderada,58.6,-41.4
40225,Villacastín,Segovia,0,C2: Despoblacion moderada,101.8,1.8
40230,Villeguillo,Segovia,0,C2: Despoblacion moderada,91.5,-8.5
40233,Zarzuela del Monte,Segovia,0,C2: Despoblacion moderada,95.3,-4.7
42001,Abejar,Soria,0,C2: Despoblacion moderada,79.9,-20.1
42006,Alconaba,Soria,0,C2: Despoblacion moderada,113.1,13.1
42017,Almajano,Soria,0,C2: Despoblacion moderada,91.3,-8.7
42019,Almarza,Soria,0,C2: Despoblacion moderada,93.8,-6.2
42020,Almazán,Soria,0,C2: Despoblacion moderada,94.3,-5.7
42028,Ausejo de la Sierra,Soria,0,C2: Despoblacion moderada,205.5,105.5
42042,Buitrago,Soria,0,C2: Despoblacion moderada,138.8,38.8
42043,Burgo de Osma-Ciudad de Osma,Soria,0,C2: Despoblacion moderada,104.6,4.6
42061,Cidones,Soria,0,C2: Despoblacion moderada,92.1,-7.9
42064,Ciria,Soria,0,C2: Despoblacion moderada,65.7,-34.3
42069,Covaleda,Soria,0,C2: Despoblacion moderada,76.0,-24.0
42087,Fuentecantos,Soria,0,C2: Despoblacion moderada,122.6,22.6
42089,Fuentelsaz de Soria,Soria,0,C2: Despoblacion moderada,104.8,4.8
42113,Medinaceli,Soria,0,C2: Despoblacion moderada,93.6,-6.4
42129,Navaleno,Soria,0,C2: Despoblacion moderada,74.5,-25.5
42142,Pozalmuro,Soria,0,C2: Despoblacion moderada,48.5,-51.5
42141,"Póveda de Soria, La",Soria,0,C2: Despoblacion moderada,85.7,-14.3
42151,Rebollar,Soria,0,C2: Despoblacion moderada,76.6,-23.4
42149,"Rábanos, Los",Soria,0,C2: Despoblacion moderada,108.0,8.0
42161,Salduero,Soria,0,C2: Despoblacion moderada,76.7,-23.3
42162,San Esteban de Gormaz,Soria,0,C2: Despoblacion moderada,86.5,-13.5
42163,San Felices,Soria,0,C2: Despoblacion moderada,70.5,-29.5
42164,San Leonardo de Yagüe,Soria,0,C2: Despoblacion moderada,92.9,-7.1
42165,San Pedro Manrique,Soria,0,C2: Despoblacion moderada,125.0,25.0
42166,Santa Cruz de Yanguas,Soria,0,C2: Despoblacion moderada,86.2,-13.8
42173,Soria,Soria,0,C2: Despoblacion moderada,122.1,22.1
42174,Sotillo del Rincón,Soria,0,C2: Despoblacion moderada,79.9,-20.1
42191,Valdeavellano de Tera,Soria,0,C2: Despoblacion moderada,94.5,-5.5
42201,Velilla de la Sierra,Soria,0,C2: Despoblacion moderada,108.3,8.3
42205,Villaciervos,Soria,0,C2: Despoblacion moderada,85.1,-14.9
42207,Villar del Ala,Soria,0,C2: Despoblacion moderada,86.2,-13.8
42134,Ólvega,Soria,0,C2: Despoblacion moderada,114.8,14.8
47002,Aguasal,Valladolid,0,C2: Despoblacion moderada,72.0,-28.0
47005,Alcazarén,Valladolid,0,C2: Despoblacion moderada,84.3,-15.7
47008,Almenara de Adaja,Valladolid,0,C2: Despoblacion moderada,72.7,-27.3
47018,Berceruelo,Valladolid,0,C2: Despoblacion moderada,102.9,2.9
47019,Berrueces,Valladolid,0,C2: Despoblacion moderada,75.9,-24.1
47024,Bolaños de Campos,Valladolid,0,C2: Despoblacion moderada,63.5,-36.5
47031,"Campillo, El",Valladolid,0,C2: Despoblacion moderada,82.3,-17.7
47040,Castrobol,Valladolid,0,C2: Despoblacion moderada,47.8,-52.2
47044,Castronuevo de Esgueva,Valladolid,0,C2: Despoblacion moderada,135.1,35.1
47048,Ceinos de Campos,Valladolid,0,C2: Despoblacion moderada,63.5,-36.5
47051,Ciguñuela,Valladolid,0,C2: Despoblacion moderada,98.1,-1.9
47053,Cogeces de Íscar,Valladolid,0,C2: Despoblacion moderada,91.7,-8.3
47057,Cubillas de Santa Marta,Valladolid,0,C2: Despoblacion moderada,148.7,48.7
47063,Fompedraza,Valladolid,0,C2: Despoblacion moderada,77.9,-22.1
47064,Fontihoyuelo,Valladolid,0,C2: Despoblacion moderada,69.0,-31.0
47071,Geria,Valladolid,0,C2: Despoblacion moderada,103.1,3.1
47074,Hornillos de Eresma,Valladolid,0,C2: Despoblacion moderada,119.0,19.0
47076,Laguna de Duero,Valladolid,0,C2: Despoblacion moderada,161.3,61.3
47082,Matapozuelos,Valladolid,0,C2: Despoblacion moderada,96.1,-3.9
47083,Matilla de los Caños,Valladolid,0,C2: Despoblacion moderada,118.4,18.4
47084,Mayorga,Valladolid,0,C2: Despoblacion moderada,79.1,-20.9
47086,Medina de Rioseco,Valladolid,0,C2: Despoblacion moderada,92.1,-7.9
47085,Medina del Campo,Valladolid,0,C2: Despoblacion moderada,100.2,0.2
47087,Megeces,Valladolid,0,C2: Despoblacion moderada,88.8,-11.2
47090,Mojados,Valladolid,0,C2: Despoblacion moderada,140.9,40.9
47091,Monasterio de Vega,Valladolid,0,C2: Despoblacion moderada,90.8,-9.2
47093,Montemayor de Pililla,Valladolid,0,C2: Despoblacion moderada,77.1,-22.9
47095,Moraleja de las Panaderas,Valladolid,0,C2: Despoblacion moderada,144.8,44.8
47098,Mucientes,Valladolid,0,C2: Despoblacion moderada,112.6,12.6
47101,Nava del Rey,Valladolid,0,C2: Despoblacion moderada,83.3,-16.7
47103,Olivares de Duero,Valladolid,0,C2: Despoblacion moderada,93.7,-6.3
47104,Olmedo,Valladolid,0,C2: Despoblacion moderada,102.6,2.6
47105,Olmos de Esgueva,Valladolid,0,C2: Despoblacion moderada,101.6,1.6
47109,Palazuelo de Vedija,Valladolid,0,C2: Despoblacion moderada,69.8,-30.2
47111,"Pedraja de Portillo, La",Valladolid,0,C2: Despoblacion moderada,107.6,7.6
47112,Pedrajas de San Esteban,Valladolid,0,C2: Despoblacion moderada,106.8,6.8
47116,Pesquera de Duero,Valladolid,0,C2: Despoblacion moderada,75.5,-24.5
47114,Peñafiel,Valladolid,0,C2: Despoblacion moderada,99.7,-0.3
47122,Portillo,Valladolid,0,C2: Despoblacion moderada,92.8,-7.2
47123,Pozal de Gallinas,Valladolid,0,C2: Despoblacion moderada,110.5,10.5
47124,Pozaldez,Valladolid,0,C2: Despoblacion moderada,93.8,-6.2
47126,Puras,Valladolid,0,C2: Despoblacion moderada,69.8,-30.2
47129,Quintanilla de Onésimo,Valladolid,0,C2: Despoblacion moderada,88.8,-11.2
47130,Quintanilla de Trigueros,Valladolid,0,C2: Despoblacion moderada,97.1,-2.9
47135,Robladillo,Valladolid,0,C2: Despoblacion moderada,78.2,-21.8
47137,Roturas,Valladolid,0,C2: Despoblacion moderada,89.7,-10.3
47139,Rueda,Valladolid,0,C2: Despoblacion moderada,73.8,-26.2
47146,San Miguel del Pino,Valladolid,0,C2: Despoblacion moderada,147.8,47.8
47149,San Pelayo,Valladolid,0,C2: Despoblacion moderada,100.0,0.0
47152,Santa Eufemia del Arroyo,Valladolid,0,C2: Despoblacion moderada,60.0,-40.0
47157,Sardón de Duero,Valladolid,0,C2: Despoblacion moderada,92.7,-7.3
47158,"Seca, La",Valladolid,0,C2: Despoblacion moderada,95.2,-4.8
47159,Serrada,Valladolid,0,C2: Despoblacion moderada,109.2,9.2
47165,Tordesillas,Valladolid,0,C2: Despoblacion moderada,110.4,10.4
47170,Torre de Peñafiel,Valladolid,0,C2: Despoblacion moderada,114.0,14.0
47173,Traspinedo,Valladolid,0,C2: Despoblacion moderada,156.8,56.8
47174,Trigueros del Valle,Valladolid,0,C2: Despoblacion moderada,113.5,13.5
47175,Tudela de Duero,Valladolid,0,C2: Despoblacion moderada,154.2,54.2
47178,Urueña,Valladolid,0,C2: Despoblacion moderada,98.0,-2.0
47179,Valbuena de Duero,Valladolid,0,C2: Despoblacion moderada,74.3,-25.7
47182,Valdestillas,Valladolid,0,C2: Despoblacion moderada,105.0,5.0
47186,Valladolid,Valladolid,0,C2: Despoblacion moderada,94.6,-5.4
47184,Valoria la Buena,Valladolid,0,C2: Despoblacion moderada,108.3,8.3
47189,Velascálvaro,Valladolid,0,C2: Despoblacion moderada,77.6,-22.4
47191,Velliza,Valladolid,0,C2: Despoblacion moderada,75.2,-24.8
47193,Viana de Cega,Valladolid,0,C2: Despoblacion moderada,170.7,70.7
47197,Villabrágima,Valladolid,0,C2: Despoblacion moderada,86.1,-13.9
47195,Villabáñez,Valladolid,0,C2: Despoblacion moderada,106.4,6.4
47205,Villafrechós,Valladolid,0,C2: Despoblacion moderada,86.9,-13.1
47210,Villalar de los Comuneros,Valladolid,0,C2: Despoblacion moderada,92.0,-8.0
47211,Villalba de la Loma,Valladolid,0,C2: Despoblacion moderada,112.0,12.0
47209,Villalán de Campos,Valladolid,0,C2: Despoblacion moderada,66.7,-33.3
47218,Villanueva de Duero,Valladolid,0,C2: Despoblacion moderada,134.6,34.6
47222,Villanueva de San Mancio,Valladolid,0,C2: Despoblacion moderada,97.0,-3.0
47219,Villanueva de la Condesa,Valladolid,0,C2: Despoblacion moderada,145.5,45.5
47227,Villavellid,Valladolid,0,C2: Despoblacion moderada,73.9,-26.1
47230,Wamba,Valladolid,0,C2: Despoblacion moderada,74.1,-25.9
47075,Íscar,Valladolid,0,C2: Despoblacion moderada,105.9,5.9
49010,Arcenillas,Zamora,0,C2: Despoblacion moderada,160.1,60.1
49019,Barcial del Barco,Zamora,0,C2: Despoblacion moderada,84.4,-15.6
49021,Benavente,Zamora,0,C2: Despoblacion moderada,107.8,7.8
49039,Casaseca de las Chanas,Zamora,0,C2: Despoblacion moderada,97.1,-2.9
49041,Castrogonzalo,Zamora,0,C2: Despoblacion moderada,80.4,-19.6
49048,Cernadilla,Zamora,0,C2: Despoblacion moderada,66.0,-34.0
49061,Entrala,Zamora,0,C2: Despoblacion moderada,82.1,-17.9
49076,Fresno de la Ribera,Zamora,0,C2: Despoblacion moderada,75.8,-24.2
49081,Fuentesaúco,Zamora,0,C2: Despoblacion moderada,84.0,-16.0
49085,Galende,Zamora,0,C2: Despoblacion moderada,72.0,-28.0
49115,Mayalde,Zamora,0,C2: Despoblacion moderada,56.9,-43.1
49122,Monfarracinos,Zamora,0,C2: Despoblacion moderada,175.1,75.1
49126,Moraleja de Sayago,Zamora,0,C2: Despoblacion moderada,97.4,-2.6
49125,Moraleja del Vino,Zamora,0,C2: Despoblacion moderada,142.4,42.4
49134,Muelas de los Caballeros,Zamora,0,C2: Despoblacion moderada,75.4,-24.6
49142,Palacios del Pan,Zamora,0,C2: Despoblacion moderada,94.0,-6.0
49148,Peleas de Abajo,Zamora,0,C2: Despoblacion moderada,110.2,10.2
49151,"Perdigón, El",Zamora,0,C2: Despoblacion moderada,87.1,-12.9
49159,Pobladura del Valle,Zamora,0,C2: Despoblacion moderada,78.4,-21.6
49170,Quintanilla de Urz,Zamora,0,C2: Despoblacion moderada,65.3,-34.7
49179,Robleda-Cervantes,Zamora,0,C2: Despoblacion moderada,79.3,-20.7
49187,San Cristóbal de Entreviñas,Zamora,0,C2: Despoblacion moderada,80.7,-19.3
49200,Santa Cristina de la Polvorosa,Zamora,0,C2: Despoblacion moderada,78.7,-21.3
49219,Toro,Zamora,0,C2: Despoblacion moderada,84.9,-15.1
49221,Torregamones,Zamora,0,C2: Despoblacion moderada,65.4,-34.6
49223,Trabazos,Zamora,0,C2: Despoblacion moderada,84.5,-15.5
49214,Tábara,Zamora,0,C2: Despoblacion moderada,75.3,-24.7
49226,Vadillo de la Guareña,Zamora,0,C2: Despoblacion moderada,64.7,-35.3
49227,Valcabado,Zamora,0,C2: Despoblacion moderada,117.9,17.9
49228,Valdefinjas,Zamora,0,C2: Despoblacion moderada,62.5,-37.5
49261,Villaralbo,Zamora,0,C2: Despoblacion moderada,111.7,11.7
49271,Villaveza del Agua,Zamora,0,C2: Despoblacion moderada,58.5,-41.5
49275,Zamora,Zamora,0,C2: Despoblacion moderada,93.8,-6.2
5001,Adanero,Ávila,0,C2: Despoblacion moderada,62.3,-37.7
5002,"Adrada, La",Ávila,0,C2: Despoblacion moderada,142.4,42.4
5013,"Arenal, El",Ávila,0,C2: Despoblacion moderada,86.7,-13.3
5014,Arenas de San Pedro,Ávila,0,C2: Despoblacion moderada,97.7,-2.3
5016,Arévalo,Ávila,0,C2: Despoblacion moderada,106.7,6.7
5021,"Barco de Ávila, El",Ávila,0,C2: Despoblacion moderada,90.0,-10.0
5022,"Barraco, El",Ávila,0,C2: Despoblacion moderada,103.8,3.8
5030,Berrocalejo de Aragona,Ávila,0,C2: Despoblacion moderada,134.1,34.1
5041,Burgohondo,Ávila,0,C2: Despoblacion moderada,101.3,1.3
5047,Candeleda,Ávila,0,C2: Despoblacion moderada,96.7,-3.3
5049,Cardeñosa,Ávila,0,C2: Despoblacion moderada,75.6,-24.4
5052,Casas del Puerto,Ávila,0,C2: Despoblacion moderada,72.1,-27.9
5057,Cebreros,Ávila,0,C2: Despoblacion moderada,96.0,-4.0
5061,"Colilla, La",Ávila,0,C2: Despoblacion moderada,191.3,91.3
5072,Espinosa de los Caballeros,Ávila,0,C2: Despoblacion moderada,91.2,-8.8
5076,"Fresno, El",Ávila,0,C2: Despoblacion moderada,131.3,31.3
5093,Herradón de Pinares,Ávila,0,C2: Despoblacion moderada,103.1,3.1
5095,Higuera de las Dueñas,Ávila,0,C2: Despoblacion moderada,78.1,-21.9
5105,Hoyos del Espino,Ávila,0,C2: Despoblacion moderada,87.5,-12.5
5110,Lanzahíta,Ávila,0,C2: Despoblacion moderada,82.6,-17.4
5115,Maello,Ávila,0,C2: Despoblacion moderada,108.5,8.5
5121,Martiherrero,Ávila,0,C2: Despoblacion moderada,178.8,78.8
5123,Mediana de Voltoya,Ávila,0,C2: Despoblacion moderada,105.4,5.4
5130,Mironcillo,Ávila,0,C2: Despoblacion moderada,81.5,-18.5
5141,Muñopepe,Ávila,0,C2: Despoblacion moderada,89.6,-10.4
5148,Narros del Puerto,Ávila,0,C2: Despoblacion moderada,63.4,-36.6
5163,Navaluenga,Ávila,0,C2: Despoblacion moderada,105.0,5.0
5164,Navaquesera,Ávila,0,C2: Despoblacion moderada,86.4,-13.6
5165,Navarredonda de Gredos,Ávila,0,C2: Despoblacion moderada,93.6,-6.4
5168,"Navas del Marqués, Las",Ávila,0,C2: Despoblacion moderada,130.5,30.5
5173,Ojos-Albos,Ávila,0,C2: Despoblacion moderada,167.9,67.9
5176,Padiernos,Ávila,0,C2: Despoblacion moderada,106.5,6.5
5177,Pajares de Adaja,Ávila,0,C2: Despoblacion moderada,62.8,-37.2
5181,Pascualcobo,Ávila,0,C2: Despoblacion moderada,79.2,-20.8
5184,Peguerinos,Ávila,0,C2: Despoblacion moderada,86.8,-13.2
5187,Piedralaves,Ávila,0,C2: Despoblacion moderada,100.5,0.5
5190,Pozanco,Ávila,0,C2: Despoblacion moderada,98.3,-1.7
5192,Puerto Castilla,Ávila,0,C2: Despoblacion moderada,68.8,-31.2
5197,Salobral,Ávila,0,C2: Despoblacion moderada,82.6,-17.4
5220,San Pedro del Arroyo,Ávila,0,C2: Despoblacion moderada,107.9,7.9
5204,Sanchidrián,Ávila,0,C2: Despoblacion moderada,90.8,-9.2
5902,Santa María del Cubillo,Ávila,0,C2: Despoblacion moderada,76.4,-23.6
5227,Santa María del Tiétar,Ávila,0,C2: Despoblacion moderada,154.0,54.0
5239,Sotalbo,Ávila,0,C2: Despoblacion moderada,88.0,-12.0
5240,Sotillo de la Adrada,Ávila,0,C2: Despoblacion moderada,144.9,44.9
5241,"Tiemblo, El",Ávila,0,C2: Despoblacion moderada,120.7,20.7
5242,Tiñosillos,Ávila,0,C2: Despoblacion moderada,95.7,-4.3
5245,Tornadizos de Ávila,Ávila,0,C2: Despoblacion moderada,126.9,26.9
5258,Villanueva de Gómez,Ávila,0,C2: Despoblacion moderada,77.8,-22.2
5019,Ávila,Ávila,0,C2: Despoblacion moderada,125.3,25.3
9907,Alfoz de Quintanadueñas,Burgos,1,C3: Crecimiento moderado,372.7,272.7
9016,Ameyugo,Burgos,1,C3: Crecimiento moderado,209.8,109.8
9058,Buniel,Burgos,1,C3: Crecimiento moderado,365.3,265.3
9072,Carcedo de Burgos,Burgos,1,C3: Crecimiento moderado,369.1,269.1
9073,Cardeñadijo,Burgos,1,C3: Crecimiento moderado,309.4,209.4
9074,Cardeñajimeno,Burgos,1,C3: Crecimiento moderado,335.7,235.7
9086,Castrillo del Val,Burgos,1,C3: Crecimiento moderado,247.3,147.3
9108,Cogollos,Burgos,1,C3: Crecimiento moderado,304.0,204.0
9109,Condado de Treviño,Burgos,1,C3: Crecimiento moderado,172.3,72.3
9221,Modúbar de la Emparedada,Burgos,1,C3: Crecimiento moderado,322.1,222.1
9241,Orbaneja Riopico,Burgos,1,C3: Crecimiento moderado,248.9,148.9
9276,"Puebla de Arganzón, La",Burgos,1,C3: Crecimiento moderado,213.2,113.2
9287,Quintanaortuño,Burgos,1,C3: Crecimiento moderado,272.5,172.5
9301,Quintanilla Vivar,Burgos,1,C3: Crecimiento moderado,241.2,141.2
9315,Revillarruz,Burgos,1,C3: Crecimiento moderado,419.6,319.6
9332,Saldaña de Burgos,Burgos,1,C3: Crecimiento moderado,195.2,95.2
9338,San Mamés de Burgos,Burgos,1,C3: Crecimiento moderado,192.3,92.3
9362,Sarracín,Burgos,1,C3: Crecimiento moderado,174.0,74.0
9406,Valdorros,Burgos,1,C3: Crecimiento moderado,304.0,204.0
9434,Villagonzalo Pedernales,Burgos,1,C3: Crecimiento moderado,289.2,189.2
9439,Villalbilla de Burgos,Burgos,1,C3: Crecimiento moderado,238.7,138.7
9458,Villariezo,Burgos,1,C3: Crecimiento moderado,432.5,332.5
24163,Sariegos,León,1,C3: Crecimiento moderado,257.1,157.1
24222,Villaquilambre,León,1,C3: Crecimiento moderado,268.2,168.2
34079,Grijota,Palencia,1,C3: Crecimiento moderado,357.6,257.6
37023,Aldeatejada,Salamanca,1,C3: Crecimiento moderado,452.7,352.7
37060,Buenavista,Salamanca,1,C3: Crecimiento moderado,460.0,360.0
37067,Cabrerizos,Salamanca,1,C3: Crecimiento moderado,294.1,194.1
37087,Carrascal de Barregas,Salamanca,1,C3: Crecimiento moderado,387.2,287.2
37117,Doñinos de Salamanca,Salamanca,1,C3: Crecimiento moderado,332.3,232.3
37142,Galindo y Perahuy,Salamanca,1,C3: Crecimiento moderado,294.6,194.6
37202,Monterrubio de Armuña,Salamanca,1,C3: Crecimiento moderado,389.7,289.7
37207,Moriscos,Salamanca,1,C3: Crecimiento moderado,403.5,303.5
37278,San Cristóbal de la Cuesta,Salamanca,1,C3: Crecimiento moderado,346.9,246.9
37354,Villamayor,Salamanca,1,C3: Crecimiento moderado,330.7,230.7
37362,Villares de la Reina,Salamanca,1,C3: Crecimiento moderado,353.3,253.3
40026,Basardilla,Segovia,1,C3: Crecimiento moderado,149.5,49.5
40031,Bernuy de Porreros,Segovia,1,C3: Crecimiento moderado,399.4,299.4
40072,Encinillas,Segovia,1,C3: Crecimiento moderado,436.6,336.6
40097,Grajera,Segovia,1,C3: Crecimiento moderado,262.5,162.5
40112,"Lastrilla, La",Segovia,1,C3: Crecimiento moderado,347.7,247.7
40122,Marugán,Segovia,1,C3: Crecimiento moderado,230.0,130.0
40901,Ortigosa del Monte,Segovia,1,C3: Crecimiento moderado,206.8,106.8
40203,Torrecaballeros,Segovia,1,C3: Crecimiento moderado,339.7,239.7
40207,Trescasas,Segovia,1,C3: Crecimiento moderado,482.9,382.9
40216,Valverde del Majano,Segovia,1,C3: Crecimiento moderado,226.2,126.2
42094,Garray,Soria,1,C3: Crecimiento moderado,236.3,136.3
42095,Golmayo,Soria,1,C3: Crecimiento moderado,518.5,418.5
42218,Yanguas,Soria,1,C3: Crecimiento moderado,123.8,23.8
47007,Aldeamayor de San Martín,Valladolid,1,C3: Crecimiento moderado,493.3,393.3
47023,Boecillo,Valladolid,1,C3: Crecimiento moderado,358.0,258.0
47027,Cabezón de Pisuerga,Valladolid,1,C3: Crecimiento moderado,231.1,131.1
47050,Cigales,Valladolid,1,C3: Crecimiento moderado,208.2,108.2
47052,Cistérniga,Valladolid,1,C3: Crecimiento moderado,381.4,281.4
47066,Fuensaldaña,Valladolid,1,C3: Crecimiento moderado,243.6,143.6
47133,Renedo de Esgueva,Valladolid,1,C3: Crecimiento moderado,428.0,328.0
47155,Santovenia de Pisuerga,Valladolid,1,C3: Crecimiento moderado,306.0,206.0
47161,Simancas,Valladolid,1,C3: Crecimiento moderado,190.8,90.8
47217,Villanubla,Valladolid,1,C3: Crecimiento moderado,312.8,212.8
49127,Morales del Vino,Zamora,1,C3: Crecimiento moderado,211.1,111.1
49178,Roales,Zamora,1,C3: Crecimiento moderado,254.8,154.8
5156,Navahondilla,Ávila,1,C3: Crecimiento moderado,264.0,164.0
9003,Adrada de Haza,Burgos,2,C1: Despoblacion severa,65.1,-34.9
9006,Aguas Cándidas,Burgos,2,C1: Despoblacion severa,63.5,-36.5
9007,Aguilar de Bureba,Burgos,2,C1: Despoblacion severa,47.4,-52.6
9010,Alcocero de Mola,Burgos,2,C1: Despoblacion severa,63.5,-36.5
9011,Alfoz de Bricia,Burgos,2,C1: Despoblacion severa,46.6,-53.4
9012,Alfoz de Santa Gadea,Burgos,2,C1: Despoblacion severa,65.4,-34.6
9013,Altable,Burgos,2,C1: Despoblacion severa,69.8,-30.2
9014,"Altos, Los",Burgos,2,C1: Despoblacion severa,72.2,-27.8
9017,Anguix,Burgos,2,C1: Despoblacion severa,102.5,2.5
9020,Arauzo de Miel,Burgos,2,C1: Despoblacion severa,63.6,-36.4
9021,Arauzo de Salce,Burgos,2,C1: Despoblacion severa,53.0,-47.0
9022,Arauzo de Torre,Burgos,2,C1: Despoblacion severa,48.7,-51.3
9024,Arenillas de Riopisuerga,Burgos,2,C1: Despoblacion severa,66.4,-33.6
9025,Arija,Burgos,2,C1: Despoblacion severa,44.1,-55.9
9032,Avellanosa de Muñó,Burgos,2,C1: Despoblacion severa,54.3,-45.7
9033,Bahabón de Esgueva,Burgos,2,C1: Despoblacion severa,51.3,-48.7
9034,"Balbases, Los",Burgos,2,C1: Despoblacion severa,76.4,-23.6
9037,Barbadillo de Herreros,Burgos,2,C1: Despoblacion severa,61.3,-38.7
9038,Barbadillo del Mercado,Burgos,2,C1: Despoblacion severa,73.2,-26.8
9039,Barbadillo del Pez,Burgos,2,C1: Despoblacion severa,54.2,-45.8
9043,"Barrios de Bureba, Los",Burgos,2,C1: Despoblacion severa,63.9,-36.1
9044,Barrios de Colina,Burgos,2,C1: Despoblacion severa,68.8,-31.2
9045,Basconcillos del Tozo,Burgos,2,C1: Despoblacion severa,68.5,-31.5
9046,Bascuñana,Burgos,2,C1: Despoblacion severa,27.0,-73.0
9035,Baños de Valdearados,Burgos,2,C1: Despoblacion severa,62.9,-37.1
9036,Bañuelos de Bureba,Burgos,2,C1: Despoblacion severa,62.7,-37.3
9050,Berberana,Burgos,2,C1: Despoblacion severa,59.1,-40.9
9051,Berlangas de Roa,Burgos,2,C1: Despoblacion severa,72.3,-27.7
9052,Berzosa de Bureba,Burgos,2,C1: Despoblacion severa,43.3,-56.7
9055,Brazacorta,Burgos,2,C1: Despoblacion severa,38.4,-61.6
9060,Busto de Bureba,Burgos,2,C1: Despoblacion severa,52.4,-47.6
9061,Cabañes de Esgueva,Burgos,2,C1: Despoblacion severa,47.9,-52.1
9062,Cabezón de la Sierra,Burgos,2,C1: Despoblacion severa,41.2,-58.8
9066,Campolara,Burgos,2,C1: Despoblacion severa,43.4,-56.6
9067,Canicosa de la Sierra,Burgos,2,C1: Despoblacion severa,61.3,-38.7
9068,Cantabrana,Burgos,2,C1: Despoblacion severa,36.1,-63.9
9076,Carrias,Burgos,2,C1: Despoblacion severa,51.0,-49.0
9077,Cascajares de Bureba,Burgos,2,C1: Despoblacion severa,37.3,-62.7
9079,Castellanos de Castro,Burgos,2,C1: Despoblacion severa,67.6,-32.4
9083,Castil de Peones,Burgos,2,C1: Despoblacion severa,70.3,-29.7
9082,Castildelgado,Burgos,2,C1: Despoblacion severa,41.0,-59.0
9090,Castrillo Mota de Judíos,Burgos,2,C1: Despoblacion severa,57.1,-42.9
9088,Castrillo de Riopisuerga,Burgos,2,C1: Despoblacion severa,57.7,-42.3
9084,Castrillo de la Reina,Burgos,2,C1: Despoblacion severa,51.1,-48.9
9091,Castrojeriz,Burgos,2,C1: Despoblacion severa,71.9,-28.1
9094,Cebrecos,Burgos,2,C1: Despoblacion severa,75.9,-24.1
9098,Cerezo de Río Tirón,Burgos,2,C1: Despoblacion severa,57.1,-42.9
9101,Ciadoncha,Burgos,2,C1: Despoblacion severa,55.4,-44.6
9102,Cillaperlata,Burgos,2,C1: Despoblacion severa,36.5,-63.5
9103,Cilleruelo de Abajo,Burgos,2,C1: Despoblacion severa,56.6,-43.4
9104,Cilleruelo de Arriba,Burgos,2,C1: Despoblacion severa,62.7,-37.3
9105,Ciruelos de Cervera,Burgos,2,C1: Despoblacion severa,51.7,-48.3
9110,Contreras,Burgos,2,C1: Despoblacion severa,68.1,-31.9
9115,Cubo de Bureba,Burgos,2,C1: Despoblacion severa,75.0,-25.0
9117,"Cueva de Roa, La",Burgos,2,C1: Despoblacion severa,73.0,-27.0
9119,Cuevas de San Clemente,Burgos,2,C1: Despoblacion severa,74.3,-25.7
9122,Espinosa de Cervera,Burgos,2,C1: Despoblacion severa,67.5,-32.5
9124,Espinosa de los Monteros,Burgos,2,C1: Despoblacion severa,70.6,-29.4
9123,Espinosa del Camino,Burgos,2,C1: Despoblacion severa,82.7,-17.3
9125,Estépar,Burgos,2,C1: Despoblacion severa,75.8,-24.2
9127,Fontioso,Burgos,2,C1: Despoblacion severa,50.5,-49.5
9130,Fresneña,Burgos,2,C1: Despoblacion severa,55.3,-44.7
9132,Fresno de Río Tirón,Burgos,2,C1: Despoblacion severa,57.1,-42.9
9134,Frías,Burgos,2,C1: Despoblacion severa,78.2,-21.8
9135,Fuentebureba,Burgos,2,C1: Despoblacion severa,64.4,-35.6
9136,Fuentecén,Burgos,2,C1: Despoblacion severa,80.1,-19.9
9139,Fuentemolinos,Burgos,2,C1: Despoblacion severa,67.4,-32.6
9140,Fuentenebro,Burgos,2,C1: Despoblacion severa,66.5,-33.5
9144,"Gallega, La",Burgos,2,C1: Despoblacion severa,34.7,-65.3
9148,Grijalba,Burgos,2,C1: Despoblacion severa,82.0,-18.0
9149,Grisaleña,Burgos,2,C1: Despoblacion severa,109.4,9.4
9152,Gumiel de Mercado,Burgos,2,C1: Despoblacion severa,92.6,-7.4
9154,Hacinas,Burgos,2,C1: Despoblacion severa,64.4,-35.6
9155,Haza,Burgos,2,C1: Despoblacion severa,73.3,-26.7
9159,Hontanas,Burgos,2,C1: Despoblacion severa,86.2,-13.8
9160,Hontangas,Burgos,2,C1: Despoblacion severa,59.0,-41.0
9164,Hontoria de Valdearados,Burgos,2,C1: Despoblacion severa,62.8,-37.2
9163,Hontoria del Pinar,Burgos,2,C1: Despoblacion severa,65.0,-35.0
9166,"Hormazas, Las",Burgos,2,C1: Despoblacion severa,59.6,-40.4
9167,Hornillos del Camino,Burgos,2,C1: Despoblacion severa,54.3,-45.7
9168,"Horra, La",Burgos,2,C1: Despoblacion severa,61.8,-38.2
9170,Hoyales de Roa,Burgos,2,C1: Despoblacion severa,64.2,-35.8
9173,Huerta de Arriba,Burgos,2,C1: Despoblacion severa,61.4,-38.6
9175,Humada,Burgos,2,C1: Despoblacion severa,46.3,-53.7
9172,Huérmeces,Burgos,2,C1: Despoblacion severa,100.0,0.0
9178,Ibrillos,Burgos,2,C1: Despoblacion severa,28.8,-71.2
9179,Iglesiarrubia,Burgos,2,C1: Despoblacion severa,66.2,-33.8
9180,Iglesias,Burgos,2,C1: Despoblacion severa,69.7,-30.3
9181,Isar,Burgos,2,C1: Despoblacion severa,64.0,-36.0
9182,Itero del Castillo,Burgos,2,C1: Despoblacion severa,58.3,-41.7
9189,Junta de Traslaloma,Burgos,2,C1: Despoblacion severa,54.1,-45.9
9191,Jurisdicción de Lara,Burgos,2,C1: Despoblacion severa,46.4,-53.6
9195,Llano de Bureba,Burgos,2,C1: Despoblacion severa,66.2,-33.8
9199,Mambrilla de Castrejón,Burgos,2,C1: Despoblacion severa,63.3,-36.7
9200,Mambrillas de Lara,Burgos,2,C1: Despoblacion severa,66.7,-33.3
9201,Mamolar,Burgos,2,C1: Despoblacion severa,36.5,-63.5
9202,Manciles,Burgos,2,C1: Despoblacion severa,42.9,-57.1
9206,Mazuela,Burgos,2,C1: Despoblacion severa,62.5,-37.5
9208,Mecerreyes,Burgos,2,C1: Despoblacion severa,55.2,-44.8
9213,Merindad de Cuesta-Urria,Burgos,2,C1: Despoblacion severa,50.2,-49.8
9214,Merindad de Montija,Burgos,2,C1: Despoblacion severa,71.7,-28.3
9215,Merindad de Sotoscueva,Burgos,2,C1: Despoblacion severa,61.2,-38.8
9216,Merindad de Valdeporres,Burgos,2,C1: Despoblacion severa,76.2,-23.8
9217,Merindad de Valdivielso,Burgos,2,C1: Despoblacion severa,66.1,-33.9
9220,Miraveche,Burgos,2,C1: Despoblacion severa,76.0,-24.0
9225,Moncalvillo,Burgos,2,C1: Despoblacion severa,57.5,-42.5
9226,Monterrubio de la Demanda,Burgos,2,C1: Despoblacion severa,57.9,-42.1
9228,Moradillo de Roa,Burgos,2,C1: Despoblacion severa,71.4,-28.6
9229,Nava de Roa,Burgos,2,C1: Despoblacion severa,68.5,-31.5
9230,Navas de Bureba,Burgos,2,C1: Despoblacion severa,44.4,-55.6
9231,Nebreda,Burgos,2,C1: Despoblacion severa,44.2,-55.8
9232,Neila,Burgos,2,C1: Despoblacion severa,46.3,-53.7
9235,Olmedillo de Roa,Burgos,2,C1: Despoblacion severa,78.0,-22.0
9236,Olmillos de Muñó,Burgos,2,C1: Despoblacion severa,79.2,-20.8
9239,Oquillas,Burgos,2,C1: Despoblacion severa,64.2,-35.8
9238,Oña,Burgos,2,C1: Despoblacion severa,52.2,-47.8
9242,Padilla de Abajo,Burgos,2,C1: Despoblacion severa,67.0,-33.0
9243,Padilla de Arriba,Burgos,2,C1: Despoblacion severa,62.3,-37.7
9244,Padrones de Bureba,Burgos,2,C1: Despoblacion severa,57.0,-43.0
9247,Palacios de Riopisuerga,Burgos,2,C1: Despoblacion severa,54.3,-45.7
9246,Palacios de la Sierra,Burgos,2,C1: Despoblacion severa,72.0,-28.0
9249,Palazuelos de Muñó,Burgos,2,C1: Despoblacion severa,69.3,-30.7
9250,Pampliega,Burgos,2,C1: Despoblacion severa,64.9,-35.1
9251,Pancorbo,Burgos,2,C1: Despoblacion severa,83.0,-17.0
9255,Partido de la Sierra en Tobalina,Burgos,2,C1: Despoblacion severa,83.3,-16.7
9256,Pedrosa de Duero,Burgos,2,C1: Despoblacion severa,75.5,-24.5
9259,Pedrosa de Río Úrbel,Burgos,2,C1: Despoblacion severa,87.0,-13.0
9258,Pedrosa del Príncipe,Burgos,2,C1: Despoblacion severa,50.2,-49.8
9257,Pedrosa del Páramo,Burgos,2,C1: Despoblacion severa,75.2,-24.8
9262,Peral de Arlanza,Burgos,2,C1: Despoblacion severa,60.6,-39.4
9267,Pineda Trasmonte,Burgos,2,C1: Despoblacion severa,47.0,-53.0
9266,Pineda de la Sierra,Burgos,2,C1: Despoblacion severa,71.3,-28.7
9270,Pinilla Trasmonte,Burgos,2,C1: Despoblacion severa,63.9,-36.1
9269,Pinilla de los Moros,Burgos,2,C1: Despoblacion severa,60.0,-40.0
9265,Piérnigas,Burgos,2,C1: Despoblacion severa,89.6,-10.4
9274,Pradoluengo,Burgos,2,C1: Despoblacion severa,62.4,-37.6
9275,Presencio,Burgos,2,C1: Despoblacion severa,74.1,-25.9
9273,Prádanos de Bureba,Burgos,2,C1: Despoblacion severa,69.2,-30.8
9288,Quintanapalla,Burgos,2,C1: Despoblacion severa,97.6,-2.4
9289,Quintanar de la Sierra,Burgos,2,C1: Despoblacion severa,66.4,-33.6
9283,Quintanaélez,Burgos,2,C1: Despoblacion severa,35.5,-64.5
9298,Quintanilla San García,Burgos,2,C1: Despoblacion severa,55.0,-45.0
9294,Quintanilla de la Mata,Burgos,2,C1: Despoblacion severa,61.6,-38.4
9901,Quintanilla del Agua y Tordueles,Burgos,2,C1: Despoblacion severa,54.2,-45.8
9295,Quintanilla del Coco,Burgos,2,C1: Despoblacion severa,38.8,-61.2
9302,Rabanera del Pinar,Burgos,2,C1: Despoblacion severa,64.4,-35.6
9306,Rebolledo de la Torre,Burgos,2,C1: Despoblacion severa,56.8,-43.2
9307,Redecilla del Camino,Burgos,2,C1: Despoblacion severa,62.8,-37.2
9308,Redecilla del Campo,Burgos,2,C1: Despoblacion severa,61.9,-38.1
9309,Regumiel de la Sierra,Burgos,2,C1: Despoblacion severa,59.3,-40.7
9310,Reinoso,Burgos,2,C1: Despoblacion severa,80.8,-19.2
9311,Retuerta,Burgos,2,C1: Despoblacion severa,72.7,-27.3
9316,Revilla Vallejera,Burgos,2,C1: Despoblacion severa,61.2,-38.8
9314,Revilla del Campo,Burgos,2,C1: Despoblacion severa,68.6,-31.4
9317,Rezmondo,Burgos,2,C1: Despoblacion severa,69.2,-30.8
9318,Riocavado de la Sierra,Burgos,2,C1: Despoblacion severa,71.1,-28.9
9323,Rojas,Burgos,2,C1: Despoblacion severa,57.4,-42.6
9325,Royuela de Río Franco,Burgos,2,C1: Despoblacion severa,47.7,-52.3
9327,Rublacedo de Abajo,Burgos,2,C1: Despoblacion severa,88.1,-11.9
9328,Rucandio,Burgos,2,C1: Despoblacion severa,58.5,-41.5
9329,Salas de Bureba,Burgos,2,C1: Despoblacion severa,70.9,-29.1
9334,Salinillas de Bureba,Burgos,2,C1: Despoblacion severa,75.3,-24.7
9339,San Martín de Rubiales,Burgos,2,C1: Despoblacion severa,48.9,-51.1
9340,San Millán de Lara,Burgos,2,C1: Despoblacion severa,69.3,-30.7
9343,Santa Cecilia,Burgos,2,C1: Despoblacion severa,77.0,-23.0
9345,Santa Cruz de la Salceda,Burgos,2,C1: Despoblacion severa,70.8,-29.2
9346,Santa Cruz del Valle Urbión,Burgos,2,C1: Despoblacion severa,70.7,-29.3
9347,Santa Gadea del Cid,Burgos,2,C1: Despoblacion severa,90.9,-9.1
9348,Santa Inés,Burgos,2,C1: Despoblacion severa,73.9,-26.1
9353,Santa María Ribarredonda,Burgos,2,C1: Despoblacion severa,67.4,-32.6
9352,Santa María del Mercadillo,Burgos,2,C1: Despoblacion severa,56.7,-43.3
9355,Santibáñez de Esgueva,Burgos,2,C1: Despoblacion severa,38.5,-61.5
9361,Sargentes de la Lora,Burgos,2,C1: Despoblacion severa,66.0,-34.0
9363,Sasamón,Burgos,2,C1: Despoblacion severa,56.4,-43.6
9365,"Sequera de Haza, La",Burgos,2,C1: Despoblacion severa,40.0,-60.0
9366,Solarana,Burgos,2,C1: Despoblacion severa,60.8,-39.2
9373,Sotresgudo,Burgos,2,C1: Despoblacion severa,51.6,-48.4
9378,Tejada,Burgos,2,C1: Despoblacion severa,63.6,-36.4
9380,Terradillos de Esgueva,Burgos,2,C1: Despoblacion severa,43.3,-56.7
9382,Tobar,Burgos,2,C1: Despoblacion severa,55.1,-44.9
9384,Tordómar,Burgos,2,C1: Despoblacion severa,68.2,-31.8
9387,Torregalindo,Burgos,2,C1: Despoblacion severa,82.8,-17.2
9388,Torrelara,Burgos,2,C1: Despoblacion severa,103.0,3.0
9389,Torrepadre,Burgos,2,C1: Despoblacion severa,41.2,-58.8
9392,Tosantos,Burgos,2,C1: Despoblacion severa,60.0,-40.0
9394,Trespaderne,Burgos,2,C1: Despoblacion severa,61.6,-38.4
9396,Tubilla del Lago,Burgos,2,C1: Despoblacion severa,74.2,-25.8
9391,Tórtoles de Esgueva,Burgos,2,C1: Despoblacion severa,62.4,-37.6
9400,Vadocondes,Burgos,2,C1: Despoblacion severa,76.0,-24.0
9403,Valdeande,Burgos,2,C1: Despoblacion severa,57.5,-42.5
9405,Valdezate,Burgos,2,C1: Despoblacion severa,54.8,-45.2
9408,Vallarta de Bureba,Burgos,2,C1: Despoblacion severa,53.9,-46.1
9908,Valle de Losa,Burgos,2,C1: Despoblacion severa,67.3,-32.7
9902,Valle de Santibáñez,Burgos,2,C1: Despoblacion severa,73.1,-26.9
9413,Valle de Valdebezana,Burgos,2,C1: Despoblacion severa,59.3,-40.7
9414,Valle de Valdelaguna,Burgos,2,C1: Despoblacion severa,72.5,-27.5
9415,Valle de Valdelucio,Burgos,2,C1: Despoblacion severa,88.1,-11.9
9416,Valle de Zamanzas,Burgos,2,C1: Despoblacion severa,54.1,-45.9
9418,Valles de Palenzuela,Burgos,2,C1: Despoblacion severa,64.9,-35.1
9419,Valluércanes,Burgos,2,C1: Despoblacion severa,52.6,-47.4
9407,Valmala,Burgos,2,C1: Despoblacion severa,68.6,-31.4
9422,"Vid de Bureba, La",Burgos,2,C1: Despoblacion severa,59.1,-40.9
9421,"Vid y Barrios, La",Burgos,2,C1: Despoblacion severa,67.1,-32.9
9423,Vileña,Burgos,2,C1: Despoblacion severa,50.0,-50.0
9427,Villadiego,Burgos,2,C1: Despoblacion severa,69.5,-30.5
9428,Villaescusa de Roa,Burgos,2,C1: Despoblacion severa,52.2,-47.8
9430,Villaespasa,Burgos,2,C1: Despoblacion severa,63.6,-36.4
9431,Villafranca Montes de Oca,Burgos,2,C1: Despoblacion severa,55.5,-44.5
9432,Villafruela,Burgos,2,C1: Despoblacion severa,44.0,-56.0
9433,Villagalijo,Burgos,2,C1: Despoblacion severa,63.4,-36.6
9437,Villahoz,Burgos,2,C1: Despoblacion severa,60.4,-39.6
9440,Villalbilla de Gumiel,Burgos,2,C1: Despoblacion severa,50.7,-49.3
9441,Villaldemiro,Burgos,2,C1: Despoblacion severa,94.8,-5.2
9444,Villamayor de Treviño,Burgos,2,C1: Despoblacion severa,50.9,-49.1
9443,Villamayor de los Montes,Burgos,2,C1: Despoblacion severa,58.6,-41.4
9445,Villambistia,Burgos,2,C1: Despoblacion severa,53.7,-46.3
9446,Villamedianilla,Burgos,2,C1: Despoblacion severa,31.0,-69.0
9448,Villangómez,Burgos,2,C1: Despoblacion severa,66.0,-34.0
9454,Villanueva de Teba,Burgos,2,C1: Despoblacion severa,55.1,-44.9
9455,Villaquirán de la Puebla,Burgos,2,C1: Despoblacion severa,57.7,-42.3
9456,Villaquirán de los Infantes,Burgos,2,C1: Despoblacion severa,69.4,-30.6
9460,Villasandino,Burgos,2,C1: Despoblacion severa,65.1,-34.9
9464,Villatuelda,Burgos,2,C1: Despoblacion severa,53.2,-46.8
9466,Villaverde del Monte,Burgos,2,C1: Despoblacion severa,54.1,-45.9
9467,Villaverde-Mogina,Burgos,2,C1: Despoblacion severa,48.9,-51.1
9472,Villazopeque,Burgos,2,C1: Despoblacion severa,51.0,-49.0
9473,Villegas,Burgos,2,C1: Despoblacion severa,61.5,-38.5
9424,Viloria de Rioja,Burgos,2,C1: Despoblacion severa,53.5,-46.5
9425,Vilviestre del Pinar,Burgos,2,C1: Despoblacion severa,63.1,-36.9
9478,Vizcaínos,Burgos,2,C1: Despoblacion severa,56.9,-43.1
9480,Zael,Burgos,2,C1: Despoblacion severa,75.0,-25.0
9482,Zarzosa de Río Pisuerga,Burgos,2,C1: Despoblacion severa,43.9,-56.1
9483,Zazuar,Burgos,2,C1: Despoblacion severa,69.0,-31.0
9485,Zuñeda,Burgos,2,C1: Despoblacion severa,65.9,-34.1
9398,Úrbel del Castillo,Burgos,2,C1: Despoblacion severa,51.5,-48.5
24001,Acebedo,León,2,C1: Despoblacion severa,59.3,-40.7
24002,Algadefe,León,2,C1: Despoblacion severa,80.4,-19.6
24003,Alija del Infantado,León,2,C1: Despoblacion severa,52.7,-47.3
24004,Almanza,León,2,C1: Despoblacion severa,70.6,-29.4
24005,"Antigua, La",León,2,C1: Despoblacion severa,48.5,-51.5
24006,Ardón,León,2,C1: Despoblacion severa,73.2,-26.8
24009,Balboa,León,2,C1: Despoblacion severa,53.7,-46.3
24011,Barjas,León,2,C1: Despoblacion severa,30.6,-69.4
24012,"Barrios de Luna, Los",León,2,C1: Despoblacion severa,81.5,-18.5
24014,Bembibre,León,2,C1: Despoblacion severa,72.4,-27.6
24017,Bercianos del Páramo,León,2,C1: Despoblacion severa,56.7,-43.3
24018,Bercianos del Real Camino,León,2,C1: Despoblacion severa,74.0,-26.0
24019,Berlanga del Bierzo,León,2,C1: Despoblacion severa,67.8,-32.2
24020,Boca de Huérgano,León,2,C1: Despoblacion severa,62.1,-37.9
24022,Borrenes,León,2,C1: Despoblacion severa,53.9,-46.1
24021,Boñar,León,2,C1: Despoblacion severa,65.0,-35.0
24023,Brazuelo,León,2,C1: Despoblacion severa,82.2,-17.8
24024,"Burgo Ranero, El",León,2,C1: Despoblacion severa,69.6,-30.4
24025,Burón,León,2,C1: Despoblacion severa,68.0,-32.0
24026,Bustillo del Páramo,León,2,C1: Despoblacion severa,52.9,-47.1
24028,Cabreros del Río,León,2,C1: Despoblacion severa,62.8,-37.2
24029,Cabrillanes,León,2,C1: Despoblacion severa,56.8,-43.2
24031,Calzada del Coto,León,2,C1: Despoblacion severa,68.7,-31.3
24032,Campazas,León,2,C1: Despoblacion severa,60.4,-39.6
24033,Campo de Villavidel,León,2,C1: Despoblacion severa,58.1,-41.9
24039,Carrizo,León,2,C1: Despoblacion severa,79.3,-20.7
24040,Carrocera,León,2,C1: Despoblacion severa,67.5,-32.5
24042,Castilfalé,León,2,C1: Despoblacion severa,54.2,-45.8
24043,Castrillo de Cabrera,León,2,C1: Despoblacion severa,49.3,-50.7
24044,Castrillo de la Valduerna,León,2,C1: Despoblacion severa,52.9,-47.1
24046,Castrocalbón,León,2,C1: Despoblacion severa,62.0,-38.0
24047,Castrocontrigo,León,2,C1: Despoblacion severa,51.5,-48.5
24050,Castrotierra de Valmadrigal,León,2,C1: Despoblacion severa,61.6,-38.4
24051,Cea,León,2,C1: Despoblacion severa,47.4,-52.6
24052,Cebanico,León,2,C1: Despoblacion severa,52.9,-47.1
24053,Cebrones del Río,León,2,C1: Despoblacion severa,58.2,-41.8
24054,Cimanes de la Vega,León,2,C1: Despoblacion severa,59.4,-40.6
24055,Cimanes del Tejar,León,2,C1: Despoblacion severa,63.8,-36.2
24056,Cistierna,León,2,C1: Despoblacion severa,63.4,-36.6
24058,Corbillos de los Oteros,León,2,C1: Despoblacion severa,54.7,-45.3
24059,Corullón,León,2,C1: Despoblacion severa,60.6,-39.4
24060,Crémenes,León,2,C1: Despoblacion severa,37.7,-62.3
24063,Cubillas de Rueda,León,2,C1: Despoblacion severa,57.6,-42.4
24062,Cubillas de los Oteros,León,2,C1: Despoblacion severa,60.3,-39.7
24037,Cármenes,León,2,C1: Despoblacion severa,77.7,-22.3
24066,Destriana,León,2,C1: Despoblacion severa,45.1,-54.9
24067,Encinedo,León,2,C1: Despoblacion severa,54.1,-45.9
24068,"Ercina, La",León,2,C1: Despoblacion severa,54.3,-45.7
24069,Escobar de Campos,León,2,C1: Despoblacion severa,36.0,-64.0
24070,Fabero,León,2,C1: Despoblacion severa,65.3,-34.7
24071,Folgoso de la Ribera,León,2,C1: Despoblacion severa,67.5,-32.5
24073,Fresno de la Vega,León,2,C1: Despoblacion severa,64.8,-35.2
24074,Fuentes de Carbajal,León,2,C1: Despoblacion severa,47.7,-52.3
24077,Gordaliza del Pino,León,2,C1: Despoblacion severa,61.8,-38.2
24078,Gordoncillo,León,2,C1: Despoblacion severa,45.3,-54.7
24079,Gradefes,León,2,C1: Despoblacion severa,63.8,-36.2
24080,Grajal de Campos,León,2,C1: Despoblacion severa,64.9,-35.1
24081,Gusendos de los Oteros,León,2,C1: Despoblacion severa,50.0,-50.0
24082,Hospital de Órbigo,León,2,C1: Despoblacion severa,79.3,-20.7
24083,Igüeña,León,2,C1: Despoblacion severa,47.1,-52.9
24084,Izagre,León,2,C1: Despoblacion severa,47.8,-52.2
24086,Joarilla de las Matas,León,2,C1: Despoblacion severa,50.7,-49.3
24087,Laguna Dalga,León,2,C1: Despoblacion severa,62.6,-37.4
24088,Laguna de Negrillos,León,2,C1: Despoblacion severa,63.8,-36.2
24089,León,León,2,C1: Despoblacion severa,85.0,-15.0
24092,Llamas de la Ribera,León,2,C1: Despoblacion severa,60.4,-39.6
24090,Lucillo,León,2,C1: Despoblacion severa,64.3,-35.7
24091,Luyego,León,2,C1: Despoblacion severa,52.1,-47.9
24093,Magaz de Cepeda,León,2,C1: Despoblacion severa,59.6,-40.4
24096,Maraña,León,2,C1: Despoblacion severa,53.9,-46.1
24097,Matadeón de los Oteros,León,2,C1: Despoblacion severa,65.0,-35.0
24098,Matallana de Torío,León,2,C1: Despoblacion severa,68.3,-31.7
24099,Matanza,León,2,C1: Despoblacion severa,47.1,-52.9
24101,Murias de Paredes,León,2,C1: Despoblacion severa,44.3,-55.7
24102,Noceda del Bierzo,León,2,C1: Despoblacion severa,59.6,-40.4
24103,Oencia,León,2,C1: Despoblacion severa,47.9,-52.1
24104,"Omañas, Las",León,2,C1: Despoblacion severa,54.0,-46.0
24106,Oseja de Sajambre,León,2,C1: Despoblacion severa,60.1,-39.9
24107,Pajares de los Oteros,León,2,C1: Despoblacion severa,60.8,-39.2
24108,Palacios de la Valduerna,León,2,C1: Despoblacion severa,59.8,-40.2
24109,Palacios del Sil,León,2,C1: Despoblacion severa,54.9,-45.1
24112,Peranzanes,León,2,C1: Despoblacion severa,74.0,-26.0
24113,Pobladura de Pelayo García,León,2,C1: Despoblacion severa,59.8,-40.2
24114,"Pola de Gordón, La",León,2,C1: Despoblacion severa,51.8,-48.2
24117,Pozuelo del Páramo,León,2,C1: Despoblacion severa,52.9,-47.1
24118,Prado de la Guzpeña,León,2,C1: Despoblacion severa,59.7,-40.3
24119,Priaranza del Bierzo,León,2,C1: Despoblacion severa,65.8,-34.2
24120,Prioro,León,2,C1: Despoblacion severa,66.4,-33.6
24122,Puente de Domingo Flórez,León,2,C1: Despoblacion severa,68.1,-31.9
24110,Páramo del Sil,León,2,C1: Despoblacion severa,58.2,-41.8
24123,Quintana del Castillo,León,2,C1: Despoblacion severa,59.0,-41.0
24124,Quintana del Marco,León,2,C1: Despoblacion severa,51.6,-48.4
24125,Quintana y Congosto,León,2,C1: Despoblacion severa,44.7,-55.3
24127,Regueras de Arriba,León,2,C1: Despoblacion severa,61.2,-38.8
24129,Reyero,León,2,C1: Despoblacion severa,72.7,-27.3
24131,Riego de la Vega,León,2,C1: Despoblacion severa,59.5,-40.5
24132,Riello,León,2,C1: Despoblacion severa,52.2,-47.8
24133,Rioseco de Tapia,León,2,C1: Despoblacion severa,66.5,-33.5
24134,"Robla, La",León,2,C1: Despoblacion severa,68.4,-31.6
24136,Roperuelos del Páramo,León,2,C1: Despoblacion severa,57.9,-42.1
24137,Sabero,León,2,C1: Despoblacion severa,50.3,-49.7
24139,Sahagún,León,2,C1: Despoblacion severa,72.2,-27.8
24141,San Adrián del Valle,León,2,C1: Despoblacion severa,47.4,-52.6
24144,San Cristóbal de la Polantera,León,2,C1: Despoblacion severa,51.9,-48.1
24145,San Emiliano,León,2,C1: Despoblacion severa,56.8,-43.2
24146,San Esteban de Nogales,León,2,C1: Despoblacion severa,61.3,-38.7
24148,San Justo de la Vega,León,2,C1: Despoblacion severa,74.0,-26.0
24150,San Pedro Bercianos,León,2,C1: Despoblacion severa,54.5,-45.5
24143,Sancedo,León,2,C1: Despoblacion severa,85.8,-14.2
24151,Santa Colomba de Curueño,León,2,C1: Despoblacion severa,70.5,-29.5
24153,Santa Cristina de Valmadrigal,León,2,C1: Despoblacion severa,68.3,-31.7
24154,Santa Elena de Jamuz,León,2,C1: Despoblacion severa,70.0,-30.0
24159,Santa Marina del Rey,León,2,C1: Despoblacion severa,63.9,-36.1
24158,Santa María de Ordás,León,2,C1: Despoblacion severa,67.7,-32.3
24155,Santa María de la Isla,León,2,C1: Despoblacion severa,57.5,-42.5
24156,Santa María del Monte de Cea,León,2,C1: Despoblacion severa,49.1,-50.9
24160,Santas Martas,León,2,C1: Despoblacion severa,71.2,-28.8
24164,Sena de Luna,León,2,C1: Despoblacion severa,68.2,-31.8
24165,Sobrado,León,2,C1: Despoblacion severa,48.2,-51.8
24166,Soto de la Vega,León,2,C1: Despoblacion severa,70.5,-29.5
24167,Soto y Amío,León,2,C1: Despoblacion severa,61.4,-38.6
24168,Toral de los Guzmanes,León,2,C1: Despoblacion severa,66.7,-33.3
24206,Toral de los Vados,León,2,C1: Despoblacion severa,72.7,-27.3
24169,Toreno,León,2,C1: Despoblacion severa,63.2,-36.8
24170,Torre del Bierzo,León,2,C1: Despoblacion severa,56.8,-43.2
24171,Trabadelo,León,2,C1: Despoblacion severa,50.7,-49.3
24172,Truchas,León,2,C1: Despoblacion severa,43.0,-57.0
24173,Turcia,León,2,C1: Despoblacion severa,67.9,-32.1
24174,Urdiales del Páramo,León,2,C1: Despoblacion severa,57.7,-42.3
24185,Val de San Lorenzo,León,2,C1: Despoblacion severa,58.2,-41.8
24176,Valdefuentes del Páramo,León,2,C1: Despoblacion severa,63.7,-36.3
24178,Valdemora,León,2,C1: Despoblacion severa,44.3,-55.7
24180,Valdepolo,León,2,C1: Despoblacion severa,69.9,-30.1
24181,Valderas,León,2,C1: Despoblacion severa,64.2,-35.8
24182,Valderrey,León,2,C1: Despoblacion severa,61.3,-38.7
24183,Valderrueda,León,2,C1: Despoblacion severa,57.5,-42.5
24184,Valdesamario,León,2,C1: Despoblacion severa,53.2,-46.8
24187,Valdevimbre,León,2,C1: Despoblacion severa,69.3,-30.7
24036,Valle de Ancares,León,2,C1: Despoblacion severa,57.7,-42.3
24191,Vallecillo,León,2,C1: Despoblacion severa,52.1,-47.9
24190,Valverde-Enrique,León,2,C1: Despoblacion severa,59.0,-41.0
24193,"Vecilla, La",León,2,C1: Despoblacion severa,79.1,-20.9
24196,Vega de Espinareda,León,2,C1: Despoblacion severa,64.2,-35.8
24198,Vega de Valcarce,León,2,C1: Despoblacion severa,55.6,-44.4
24194,Vegacervera,León,2,C1: Despoblacion severa,66.3,-33.7
24199,Vegaquemada,León,2,C1: Despoblacion severa,71.3,-28.7
24201,Vegas del Condado,León,2,C1: Despoblacion severa,80.9,-19.1
24202,Villablino,León,2,C1: Despoblacion severa,49.6,-50.4
24203,Villabraz,León,2,C1: Despoblacion severa,46.6,-53.4
24207,Villademor de la Vega,León,2,C1: Despoblacion severa,58.7,-41.3
24209,Villafranca del Bierzo,León,2,C1: Despoblacion severa,62.7,-37.3
24210,Villagatón,León,2,C1: Despoblacion severa,67.0,-33.0
24211,Villamandos,León,2,C1: Despoblacion severa,57.3,-42.7
24901,Villamanín,León,2,C1: Despoblacion severa,63.4,-36.6
24213,Villamartín de Don Sancho,León,2,C1: Despoblacion severa,59.6,-40.4
24212,Villamañán,León,2,C1: Despoblacion severa,72.8,-27.2
24214,Villamejil,León,2,C1: Despoblacion severa,63.8,-36.2
24215,Villamol,León,2,C1: Despoblacion severa,49.6,-50.4
24216,Villamontán de la Valduerna,León,2,C1: Despoblacion severa,57.9,-42.1
24217,Villamoratiel de las Matas,León,2,C1: Despoblacion severa,60.2,-39.8
24218,Villanueva de las Manzanas,León,2,C1: Despoblacion severa,73.8,-26.2
24219,Villaobispo de Otero,León,2,C1: Despoblacion severa,67.4,-32.6
24902,Villaornate y Castro,León,2,C1: Despoblacion severa,59.6,-40.4
24223,Villarejo de Órbigo,León,2,C1: Despoblacion severa,79.0,-21.0
24224,Villares de Órbigo,León,2,C1: Despoblacion severa,54.2,-45.8
24226,Villaselán,León,2,C1: Despoblacion severa,51.7,-48.3
24228,Villazala,León,2,C1: Despoblacion severa,50.9,-49.1
24229,Villazanzo de Valderaduey,León,2,C1: Despoblacion severa,48.4,-51.6
24230,Zotes del Páramo,León,2,C1: Despoblacion severa,52.3,-47.7
34001,Abarca de Campos,Palencia,2,C1: Despoblacion severa,74.5,-25.5
34003,Abia de las Torres,Palencia,2,C1: Despoblacion severa,70.8,-29.2
34005,Alar del Rey,Palencia,2,C1: Despoblacion severa,68.2,-31.8
34006,Alba de Cerrato,Palencia,2,C1: Despoblacion severa,69.6,-30.4
34009,Amayuelas de Arriba,Palencia,2,C1: Despoblacion severa,81.8,-18.2
34010,Ampudia,Palencia,2,C1: Despoblacion severa,81.8,-18.2
34011,Amusco,Palencia,2,C1: Despoblacion severa,67.5,-32.5
34012,Antigüedad,Palencia,2,C1: Despoblacion severa,72.1,-27.9
34015,Arconada,Palencia,2,C1: Despoblacion severa,55.6,-44.4
34017,Astudillo,Palencia,2,C1: Despoblacion severa,77.7,-22.3
34019,Autillo de Campos,Palencia,2,C1: Despoblacion severa,63.1,-36.9
34020,Ayuela,Palencia,2,C1: Despoblacion severa,53.3,-46.7
34022,Baltanás,Palencia,2,C1: Despoblacion severa,75.3,-24.7
34024,Baquerín de Campos,Palencia,2,C1: Despoblacion severa,48.8,-51.2
34027,Barruelo de Santullán,Palencia,2,C1: Despoblacion severa,56.7,-43.3
34029,Becerril de Campos,Palencia,2,C1: Despoblacion severa,62.4,-37.6
34031,Belmonte de Campos,Palencia,2,C1: Despoblacion severa,44.4,-55.6
34032,Berzosilla,Palencia,2,C1: Despoblacion severa,58.4,-41.6
34033,Boada de Campos,Palencia,2,C1: Despoblacion severa,58.6,-41.4
34035,Boadilla de Rioseco,Palencia,2,C1: Despoblacion severa,48.0,-52.0
34034,Boadilla del Camino,Palencia,2,C1: Despoblacion severa,54.4,-45.6
34036,Brañosera,Palencia,2,C1: Despoblacion severa,79.8,-20.2
34037,Buenavista de Valdavia,Palencia,2,C1: Despoblacion severa,62.1,-37.9
34038,Bustillo de la Vega,Palencia,2,C1: Despoblacion severa,67.3,-32.7
34039,Bustillo del Páramo de Carrión,Palencia,2,C1: Despoblacion severa,56.3,-43.7
34025,Bárcena de Campos,Palencia,2,C1: Despoblacion severa,73.6,-26.4
34028,Báscones de Ojeda,Palencia,2,C1: Despoblacion severa,60.4,-39.6
34041,Calahorra de Boedo,Palencia,2,C1: Despoblacion severa,54.3,-45.7
34045,Capillas,Palencia,2,C1: Despoblacion severa,53.5,-46.5
34046,Cardeñosa de Volpejera,Palencia,2,C1: Despoblacion severa,110.3,10.3
34047,Carrión de los Condes,Palencia,2,C1: Despoblacion severa,78.5,-21.5
34048,Castil de Vela,Palencia,2,C1: Despoblacion severa,46.2,-53.8
34049,Castrejón de la Peña,Palencia,2,C1: Despoblacion severa,48.9,-51.1
34050,Castrillo de Don Juan,Palencia,2,C1: Despoblacion severa,48.8,-51.2
34051,Castrillo de Onielo,Palencia,2,C1: Despoblacion severa,46.0,-54.0
34052,Castrillo de Villavega,Palencia,2,C1: Despoblacion severa,50.8,-49.2
34053,Castromocho,Palencia,2,C1: Despoblacion severa,69.7,-30.3
34055,Cervatos de la Cueza,Palencia,2,C1: Despoblacion severa,57.7,-42.3
34058,Cevico Navero,Palencia,2,C1: Despoblacion severa,56.5,-43.5
34057,Cevico de la Torre,Palencia,2,C1: Despoblacion severa,62.8,-37.2
34059,Cisneros,Palencia,2,C1: Despoblacion severa,64.0,-36.0
34060,Cobos de Cerrato,Palencia,2,C1: Despoblacion severa,48.0,-52.0
34061,Collazos de Boedo,Palencia,2,C1: Despoblacion severa,50.6,-49.4
34062,Congosto de Valdavia,Palencia,2,C1: Despoblacion severa,47.3,-52.7
34066,Cubillas de Cerrato,Palencia,2,C1: Despoblacion severa,54.1,-45.9
34067,Dehesa de Montejo,Palencia,2,C1: Despoblacion severa,49.2,-50.8
34068,Dehesa de Romanos,Palencia,2,C1: Despoblacion severa,73.6,-26.4
34070,Espinosa de Cerrato,Palencia,2,C1: Despoblacion severa,43.0,-57.0
34071,Espinosa de Villagonzalo,Palencia,2,C1: Despoblacion severa,56.6,-43.4
34072,Frechilla,Palencia,2,C1: Despoblacion severa,50.0,-50.0
34074,Frómista,Palencia,2,C1: Despoblacion severa,69.8,-30.2
34076,Fuentes de Nava,Palencia,2,C1: Despoblacion severa,68.3,-31.7
34080,Guardo,Palencia,2,C1: Despoblacion severa,62.7,-37.3
34081,Guaza de Campos,Palencia,2,C1: Despoblacion severa,67.1,-32.9
34083,Herrera de Pisuerga,Palencia,2,C1: Despoblacion severa,67.9,-32.1
34084,Herrera de Valdecañas,Palencia,2,C1: Despoblacion severa,74.0,-26.0
34086,Hontoria de Cerrato,Palencia,2,C1: Despoblacion severa,80.6,-19.4
34087,Hornillos de Cerrato,Palencia,2,C1: Despoblacion severa,115.5,15.5
34082,Hérmedes de Cerrato,Palencia,2,C1: Despoblacion severa,46.5,-53.5
34089,Itero de la Vega,Palencia,2,C1: Despoblacion severa,57.0,-43.0
34091,Lagartos,Palencia,2,C1: Despoblacion severa,65.7,-34.3
34092,Lantadilla,Palencia,2,C1: Despoblacion severa,48.4,-51.6
34094,Ledigos,Palencia,2,C1: Despoblacion severa,51.8,-48.2
34903,Loma de Ucieza,Palencia,2,C1: Despoblacion severa,51.1,-48.9
34099,Manquillos,Palencia,2,C1: Despoblacion severa,76.5,-23.5
34100,Mantinos,Palencia,2,C1: Despoblacion severa,67.3,-32.7
34101,Marcilla de Campos,Palencia,2,C1: Despoblacion severa,72.3,-27.7
34102,Mazariegos,Palencia,2,C1: Despoblacion severa,69.2,-30.8
34103,Mazuecos de Valdeginate,Palencia,2,C1: Despoblacion severa,52.7,-47.3
34104,Melgar de Yuso,Palencia,2,C1: Despoblacion severa,63.1,-36.9
34106,Meneses de Campos,Palencia,2,C1: Despoblacion severa,66.9,-33.1
34107,Micieces de Ojeda,Palencia,2,C1: Despoblacion severa,58.3,-41.7
34108,Monzón de Campos,Palencia,2,C1: Despoblacion severa,75.3,-24.7
34109,Moratinos,Palencia,2,C1: Despoblacion severa,57.9,-42.1
34110,Mudá,Palencia,2,C1: Despoblacion severa,57.0,-43.0
34112,Nogal de las Huertas,Palencia,2,C1: Despoblacion severa,57.5,-42.5
34113,Olea de Boedo,Palencia,2,C1: Despoblacion severa,77.6,-22.4
34114,Olmos de Ojeda,Palencia,2,C1: Despoblacion severa,45.5,-54.5
34116,Osornillo,Palencia,2,C1: Despoblacion severa,53.8,-46.2
34901,Osorno la Mayor,Palencia,2,C1: Despoblacion severa,64.2,-35.8
34121,Palenzuela,Palencia,2,C1: Despoblacion severa,61.6,-38.4
34123,Paredes de Nava,Palencia,2,C1: Despoblacion severa,75.6,-24.4
34124,Payo de Ojeda,Palencia,2,C1: Despoblacion severa,58.4,-41.6
34125,Pedraza de Campos,Palencia,2,C1: Despoblacion severa,50.0,-50.0
34126,Pedrosa de la Vega,Palencia,2,C1: Despoblacion severa,69.6,-30.4
34127,Perales,Palencia,2,C1: Despoblacion severa,81.8,-18.2
34904,"Pernía, La",Palencia,2,C1: Despoblacion severa,60.2,-39.8
34130,Piña de Campos,Palencia,2,C1: Despoblacion severa,58.4,-41.6
34131,Población de Arroyo,Palencia,2,C1: Despoblacion severa,45.8,-54.2
34132,Población de Campos,Palencia,2,C1: Despoblacion severa,52.4,-47.6
34134,Polentinos,Palencia,2,C1: Despoblacion severa,41.8,-58.2
34136,Poza de la Vega,Palencia,2,C1: Despoblacion severa,55.2,-44.8
34137,Pozo de Urama,Palencia,2,C1: Despoblacion severa,48.8,-51.2
34139,Prádanos de Ojeda,Palencia,2,C1: Despoblacion severa,68.0,-32.0
34140,"Puebla de Valdavia, La",Palencia,2,C1: Despoblacion severa,45.4,-54.6
34122,Páramo de Boedo,Palencia,2,C1: Despoblacion severa,84.4,-15.6
34141,Quintana del Puente,Palencia,2,C1: Despoblacion severa,87.0,-13.0
34143,Quintanilla de Onsoña,Palencia,2,C1: Despoblacion severa,61.4,-38.6
34146,Reinoso de Cerrato,Palencia,2,C1: Despoblacion severa,67.4,-32.6
34147,Renedo de la Vega,Palencia,2,C1: Despoblacion severa,65.6,-34.4
34149,Requena de Campos,Palencia,2,C1: Despoblacion severa,48.2,-51.8
34151,Respenda de la Peña,Palencia,2,C1: Despoblacion severa,45.9,-54.1
34152,Revenga de Campos,Palencia,2,C1: Despoblacion severa,63.5,-36.5
34154,Revilla de Collazos,Palencia,2,C1: Despoblacion severa,72.8,-27.2
34155,Ribas de Campos,Palencia,2,C1: Despoblacion severa,65.8,-34.2
34156,Riberos de la Cueza,Palencia,2,C1: Despoblacion severa,53.6,-46.4
34159,San Cebrián de Campos,Palencia,2,C1: Despoblacion severa,70.5,-29.5
34160,San Cebrián de Mudá,Palencia,2,C1: Despoblacion severa,65.1,-34.9
34161,San Cristóbal de Boedo,Palencia,2,C1: Despoblacion severa,37.0,-63.0
34163,San Mamés de Campos,Palencia,2,C1: Despoblacion severa,35.8,-64.2
34165,San Román de la Cuba,Palencia,2,C1: Despoblacion severa,38.7,-61.3
34167,Santa Cecilia del Alcor,Palencia,2,C1: Despoblacion severa,49.5,-50.5
34168,Santa Cruz de Boedo,Palencia,2,C1: Despoblacion severa,69.9,-30.1
34169,Santervás de la Vega,Palencia,2,C1: Despoblacion severa,67.1,-32.9
34170,Santibáñez de Ecla,Palencia,2,C1: Despoblacion severa,38.5,-61.5
34171,Santibáñez de la Peña,Palencia,2,C1: Despoblacion severa,54.5,-45.5
34174,Santoyo,Palencia,2,C1: Despoblacion severa,62.8,-37.2
34175,"Serna, La",Palencia,2,C1: Despoblacion severa,66.7,-33.3
34177,Soto de Cerrato,Palencia,2,C1: Despoblacion severa,68.3,-31.7
34178,Tabanera de Cerrato,Palencia,2,C1: Despoblacion severa,73.1,-26.9
34179,Tabanera de Valdavia,Palencia,2,C1: Despoblacion severa,35.1,-64.9
34182,Torquemada,Palencia,2,C1: Despoblacion severa,76.1,-23.9
34184,Torremormojón,Palencia,2,C1: Despoblacion severa,48.8,-51.2
34185,Triollo,Palencia,2,C1: Despoblacion severa,71.6,-28.4
34180,Támara de Campos,Palencia,2,C1: Despoblacion severa,64.8,-35.2
34186,Valbuena de Pisuerga,Palencia,2,C1: Despoblacion severa,62.8,-37.2
34192,Valde-Ucieza,Palencia,2,C1: Despoblacion severa,55.4,-44.6
34189,Valdeolmillos,Palencia,2,C1: Despoblacion severa,58.3,-41.7
34190,Valderrábano,Palencia,2,C1: Despoblacion severa,56.6,-43.4
34196,Valle de Cerrato,Palencia,2,C1: Despoblacion severa,57.0,-43.0
34902,Valle del Retortillo,Palencia,2,C1: Despoblacion severa,66.0,-34.0
34199,Velilla del Río Carrión,Palencia,2,C1: Despoblacion severa,55.9,-44.1
34201,Vertavillo,Palencia,2,C1: Despoblacion severa,62.5,-37.5
34093,"Vid de Ojeda, La",Palencia,2,C1: Despoblacion severa,56.2,-43.8
34202,Villabasta de Valdavia,Palencia,2,C1: Despoblacion severa,75.0,-25.0
34204,Villacidaler,Palencia,2,C1: Despoblacion severa,55.7,-44.3
34205,Villaconancio,Palencia,2,C1: Despoblacion severa,50.0,-50.0
34206,Villada,Palencia,2,C1: Despoblacion severa,61.6,-38.4
34208,Villaeles de Valdavia,Palencia,2,C1: Despoblacion severa,52.2,-47.8
34211,Villaherreros,Palencia,2,C1: Despoblacion severa,69.4,-30.6
34210,Villahán,Palencia,2,C1: Despoblacion severa,65.3,-34.7
34213,Villalaco,Palencia,2,C1: Despoblacion severa,74.4,-25.6
34215,Villalcázar de Sirga,Palencia,2,C1: Despoblacion severa,65.3,-34.7
34216,Villalcón,Palencia,2,C1: Despoblacion severa,44.1,-55.9
34221,Villamediana,Palencia,2,C1: Despoblacion severa,71.1,-28.9
34222,Villameriel,Palencia,2,C1: Despoblacion severa,64.1,-35.9
34223,Villamoronta,Palencia,2,C1: Despoblacion severa,67.4,-32.6
34224,Villamuera de la Cueza,Palencia,2,C1: Despoblacion severa,46.8,-53.2
34227,Villanueva del Rebollar,Palencia,2,C1: Despoblacion severa,57.8,-42.2
34228,Villanuño de Valdavia,Palencia,2,C1: Despoblacion severa,65.9,-34.1
34229,Villaprovedo,Palencia,2,C1: Despoblacion severa,41.8,-58.2
34231,Villarrabé,Palencia,2,C1: Despoblacion severa,58.8,-41.2
34232,Villarramiel,Palencia,2,C1: Despoblacion severa,69.7,-30.3
34233,Villasarracino,Palencia,2,C1: Despoblacion severa,40.6,-59.4
34234,Villasila de Valdavia,Palencia,2,C1: Despoblacion severa,54.7,-45.3
34236,Villaturde,Palencia,2,C1: Despoblacion severa,52.7,-47.3
34237,Villaumbrales,Palencia,2,C1: Despoblacion severa,68.9,-31.1
34238,Villaviudas,Palencia,2,C1: Despoblacion severa,69.8,-30.2
34240,Villerías de Campos,Palencia,2,C1: Despoblacion severa,52.2,-47.8
34241,Villodre,Palencia,2,C1: Despoblacion severa,44.0,-56.0
34242,Villodrigo,Palencia,2,C1: Despoblacion severa,69.6,-30.4
34243,Villoldo,Palencia,2,C1: Despoblacion severa,63.9,-36.1
34245,Villota del Páramo,Palencia,2,C1: Despoblacion severa,59.6,-40.4
34246,Villovieco,Palencia,2,C1: Despoblacion severa,44.0,-56.0
37001,Abusejo,Salamanca,2,C1: Despoblacion severa,52.9,-47.1
37004,Ahigal de Villarino,Salamanca,2,C1: Despoblacion severa,61.2,-38.8
37003,Ahigal de los Aceiteros,Salamanca,2,C1: Despoblacion severa,43.1,-56.9
37005,"Alameda de Gardón, La",Salamanca,2,C1: Despoblacion severa,36.4,-63.6
37006,"Alamedilla, La",Salamanca,2,C1: Despoblacion severa,39.3,-60.7
37007,Alaraz,Salamanca,2,C1: Despoblacion severa,63.6,-36.4
37009,Alba de Yeltes,Salamanca,2,C1: Despoblacion severa,66.6,-33.4
37011,"Alberguería de Argañán, La",Salamanca,2,C1: Despoblacion severa,45.2,-54.8
37012,Alconada,Salamanca,2,C1: Despoblacion severa,54.6,-45.4
37015,Aldea del Obispo,Salamanca,2,C1: Despoblacion severa,56.5,-43.5
37013,Aldeacipreste,Salamanca,2,C1: Despoblacion severa,32.2,-67.8
37014,Aldeadávila de la Ribera,Salamanca,2,C1: Despoblacion severa,62.8,-37.2
37017,Aldeanueva de Figueroa,Salamanca,2,C1: Despoblacion severa,65.7,-34.3
37019,Aldearrodrigo,Salamanca,2,C1: Despoblacion severa,63.0,-37.0
37021,Aldeaseca de Alba,Salamanca,2,C1: Despoblacion severa,43.6,-56.4
37022,Aldeaseca de la Frontera,Salamanca,2,C1: Despoblacion severa,64.6,-35.4
37026,Aldehuela de Yeltes,Salamanca,2,C1: Despoblacion severa,49.6,-50.4
37025,Aldehuela de la Bóveda,Salamanca,2,C1: Despoblacion severa,65.8,-34.2
37028,Almendra,Salamanca,2,C1: Despoblacion severa,60.6,-39.4
37029,Anaya de Alba,Salamanca,2,C1: Despoblacion severa,56.2,-43.8
37031,Arabayona de Mógica,Salamanca,2,C1: Despoblacion severa,57.7,-42.3
37034,"Arco, El",Salamanca,2,C1: Despoblacion severa,75.2,-24.8
37037,"Atalaya, La",Salamanca,2,C1: Despoblacion severa,63.7,-36.3
37030,Añover de Tormes,Salamanca,2,C1: Despoblacion severa,68.3,-31.7
37040,Barbadillo,Salamanca,2,C1: Despoblacion severa,66.2,-33.8
37041,Barbalos,Salamanca,2,C1: Despoblacion severa,56.9,-43.1
37042,Barceo,Salamanca,2,C1: Despoblacion severa,59.2,-40.8
37044,Barruecopardo,Salamanca,2,C1: Despoblacion severa,67.5,-32.5
37045,"Bastida, La",Salamanca,2,C1: Despoblacion severa,47.8,-52.2
37039,Bañobárez,Salamanca,2,C1: Despoblacion severa,58.2,-41.8
37049,Bermellar,Salamanca,2,C1: Despoblacion severa,56.8,-43.2
37050,Berrocal de Huebra,Salamanca,2,C1: Despoblacion severa,55.6,-44.4
37051,Berrocal de Salvatierra,Salamanca,2,C1: Despoblacion severa,49.3,-50.7
37052,Boada,Salamanca,2,C1: Despoblacion severa,53.5,-46.5
37054,"Bodón, El",Salamanca,2,C1: Despoblacion severa,69.6,-30.4
37055,Bogajo,Salamanca,2,C1: Despoblacion severa,55.9,-44.1
37056,"Bouza, La",Salamanca,2,C1: Despoblacion severa,66.7,-33.3
37058,Brincones,Salamanca,2,C1: Despoblacion severa,45.2,-54.8
37059,Buenamadre,Salamanca,2,C1: Despoblacion severa,57.8,-42.2
37046,Béjar,Salamanca,2,C1: Despoblacion severa,72.0,-28.0
37057,Bóveda del Río Almar,Salamanca,2,C1: Despoblacion severa,59.4,-40.6
37061,"Cabaco, El",Salamanca,2,C1: Despoblacion severa,72.3,-27.7
37063,"Cabeza de Béjar, La",Salamanca,2,C1: Despoblacion severa,45.5,-54.5
37065,Cabeza del Caballo,Salamanca,2,C1: Despoblacion severa,44.4,-55.6
37062,Cabezabellosa de la Calzada,Salamanca,2,C1: Despoblacion severa,50.7,-49.3
37068,Cabrillas,Salamanca,2,C1: Despoblacion severa,55.4,-44.6
37071,"Calzada de Béjar, La",Salamanca,2,C1: Despoblacion severa,74.8,-25.2
37072,Calzada de Don Diego,Salamanca,2,C1: Despoblacion severa,48.5,-51.5
37074,Campillo de Azaba,Salamanca,2,C1: Despoblacion severa,50.3,-49.7
37077,"Campo de Peñaranda, El",Salamanca,2,C1: Despoblacion severa,56.4,-43.6
37078,Candelario,Salamanca,2,C1: Despoblacion severa,71.9,-28.1
37079,Canillas de Abajo,Salamanca,2,C1: Despoblacion severa,53.8,-46.2
37081,Cantalapiedra,Salamanca,2,C1: Despoblacion severa,62.6,-37.4
37082,Cantalpino,Salamanca,2,C1: Despoblacion severa,65.0,-35.0
37083,Cantaracillo,Salamanca,2,C1: Despoblacion severa,62.5,-37.5
37088,Carrascal del Obispo,Salamanca,2,C1: Despoblacion severa,68.3,-31.7
37089,Casafranca,Salamanca,2,C1: Despoblacion severa,77.5,-22.5
37090,"Casas del Conde, Las",Salamanca,2,C1: Despoblacion severa,68.5,-31.5
37091,Casillas de Flores,Salamanca,2,C1: Despoblacion severa,57.6,-42.4
37096,Castillejo de Martín Viejo,Salamanca,2,C1: Despoblacion severa,54.2,-45.8
37097,Castraz,Salamanca,2,C1: Despoblacion severa,45.8,-54.2
37098,Cepeda,Salamanca,2,C1: Despoblacion severa,51.8,-48.2
37099,Cereceda de la Sierra,Salamanca,2,C1: Despoblacion severa,50.5,-49.5
37100,Cerezal de Peñahorcada,Salamanca,2,C1: Despoblacion severa,43.2,-56.8
37101,Cerralbo,Salamanca,2,C1: Despoblacion severa,39.0,-61.0
37102,"Cerro, El",Salamanca,2,C1: Despoblacion severa,61.1,-38.9
37103,Cespedosa de Tormes,Salamanca,2,C1: Despoblacion severa,66.9,-33.1
37114,Chagarcía Medianero,Salamanca,2,C1: Despoblacion severa,41.5,-58.5
37104,Cilleros de la Bastida,Salamanca,2,C1: Despoblacion severa,44.7,-55.3
37106,Cipérez,Salamanca,2,C1: Despoblacion severa,48.9,-51.1
37108,Coca de Alba,Salamanca,2,C1: Despoblacion severa,57.1,-42.9
37109,Colmenar de Montemayor,Salamanca,2,C1: Despoblacion severa,61.2,-38.8
37110,Cordovilla,Salamanca,2,C1: Despoblacion severa,71.4,-28.6
37112,Cristóbal,Salamanca,2,C1: Despoblacion severa,61.0,-39.0
37113,"Cubo de Don Sancho, El",Salamanca,2,C1: Despoblacion severa,60.2,-39.8
37116,Doñinos de Ledesma,Salamanca,2,C1: Despoblacion severa,56.4,-43.6
37119,"Encina, La",Salamanca,2,C1: Despoblacion severa,41.9,-58.1
37122,Encinas de Arriba,Salamanca,2,C1: Despoblacion severa,74.6,-25.4
37123,Encinasola de los Comendadores,Salamanca,2,C1: Despoblacion severa,46.3,-53.7
37124,Endrinal,Salamanca,2,C1: Despoblacion severa,64.6,-35.4
37125,Escurial de la Sierra,Salamanca,2,C1: Despoblacion severa,72.8,-27.2
37126,Espadaña,Salamanca,2,C1: Despoblacion severa,55.2,-44.8
37127,Espeja,Salamanca,2,C1: Despoblacion severa,66.5,-33.5
37128,Espino de la Orbada,Salamanca,2,C1: Despoblacion severa,62.1,-37.9
37131,Frades de la Sierra,Salamanca,2,C1: Despoblacion severa,54.5,-45.5
37132,"Fregeneda, La",Salamanca,2,C1: Despoblacion severa,49.3,-50.7
37133,Fresnedoso,Salamanca,2,C1: Despoblacion severa,68.1,-31.9
37134,Fresno Alhándiga,Salamanca,2,C1: Despoblacion severa,55.0,-45.0
37135,"Fuente de San Esteban, La",Salamanca,2,C1: Despoblacion severa,81.1,-18.9
37136,Fuenteguinaldo,Salamanca,2,C1: Despoblacion severa,62.7,-37.3
37137,Fuenteliante,Salamanca,2,C1: Despoblacion severa,48.5,-51.5
37139,Fuentes de Béjar,Salamanca,2,C1: Despoblacion severa,68.5,-31.5
37140,Fuentes de Oñoro,Salamanca,2,C1: Despoblacion severa,66.6,-33.4
37141,Gajates,Salamanca,2,C1: Despoblacion severa,47.9,-52.1
37143,Galinduste,Salamanca,2,C1: Despoblacion severa,68.2,-31.8
37144,Galisancho,Salamanca,2,C1: Despoblacion severa,51.3,-48.7
37145,Gallegos de Argañán,Salamanca,2,C1: Despoblacion severa,60.1,-39.9
37146,Gallegos de Solmirón,Salamanca,2,C1: Despoblacion severa,50.9,-49.1
37147,Garcibuey,Salamanca,2,C1: Despoblacion severa,61.4,-38.6
37149,Garcirrey,Salamanca,2,C1: Despoblacion severa,46.0,-54.0
37151,Golpejas,Salamanca,2,C1: Despoblacion severa,63.5,-36.5
37152,Gomecello,Salamanca,2,C1: Despoblacion severa,70.5,-29.5
37154,Guadramiro,Salamanca,2,C1: Despoblacion severa,50.0,-50.0
37155,Guijo de Ávila,Salamanca,2,C1: Despoblacion severa,66.9,-33.1
37157,Herguijuela de Ciudad Rodrigo,Salamanca,2,C1: Despoblacion severa,39.2,-60.8
37158,Herguijuela de la Sierra,Salamanca,2,C1: Despoblacion severa,63.1,-36.9
37159,Herguijuela del Campo,Salamanca,2,C1: Despoblacion severa,43.5,-56.5
37160,Hinojosa de Duero,Salamanca,2,C1: Despoblacion severa,62.9,-37.1
37162,Horcajo Medianero,Salamanca,2,C1: Despoblacion severa,50.6,-49.4
37161,Horcajo de Montemayor,Salamanca,2,C1: Despoblacion severa,51.4,-48.6
37165,Iruelos,Salamanca,2,C1: Despoblacion severa,40.3,-59.7
37166,Ituero de Azaba,Salamanca,2,C1: Despoblacion severa,60.6,-39.4
37168,Lagunilla,Salamanca,2,C1: Despoblacion severa,60.5,-39.5
37169,Larrodrigo,Salamanca,2,C1: Despoblacion severa,53.6,-46.4
37172,Linares de Riofrío,Salamanca,2,C1: Despoblacion severa,85.2,-14.8
37173,Lumbrales,Salamanca,2,C1: Despoblacion severa,65.1,-34.9
37174,Macotera,Salamanca,2,C1: Despoblacion severa,55.5,-44.5
37178,Malpartida,Salamanca,2,C1: Despoblacion severa,42.3,-57.7
37179,Mancera de Abajo,Salamanca,2,C1: Despoblacion severa,48.6,-51.4
37180,"Manzano, El",Salamanca,2,C1: Despoblacion severa,50.0,-50.0
37181,Martiago,Salamanca,2,C1: Despoblacion severa,61.2,-38.8
37182,Martinamor,Salamanca,2,C1: Despoblacion severa,104.6,4.6
37183,Martín de Yeltes,Salamanca,2,C1: Despoblacion severa,65.7,-34.3
37184,Masueco,Salamanca,2,C1: Despoblacion severa,47.9,-52.1
37186,"Mata de Ledesma, La",Salamanca,2,C1: Despoblacion severa,63.2,-36.8
37188,"Maya, La",Salamanca,2,C1: Despoblacion severa,59.9,-40.1
37177,"Maíllo, El",Salamanca,2,C1: Despoblacion severa,59.6,-40.4
37190,Mieza,Salamanca,2,C1: Despoblacion severa,44.9,-55.1
37191,"Milano, El",Salamanca,2,C1: Despoblacion severa,45.6,-54.4
37193,Miranda del Castañar,Salamanca,2,C1: Despoblacion severa,55.3,-44.7
37194,Mogarraz,Salamanca,2,C1: Despoblacion severa,62.3,-37.7
37195,Molinillo,Salamanca,2,C1: Despoblacion severa,53.8,-46.2
37197,Monleón,Salamanca,2,C1: Despoblacion severa,65.2,-34.8
37199,Monsagro,Salamanca,2,C1: Despoblacion severa,51.6,-48.4
37201,Montemayor del Río,Salamanca,2,C1: Despoblacion severa,64.8,-35.2
37204,Morasverdes,Salamanca,2,C1: Despoblacion severa,48.6,-51.4
37208,Moronta,Salamanca,2,C1: Despoblacion severa,49.7,-50.3
37206,Moríñigo,Salamanca,2,C1: Despoblacion severa,63.3,-36.7
37211,Narros de Matalayegua,Salamanca,2,C1: Despoblacion severa,58.4,-41.6
37213,Nava de Béjar,Salamanca,2,C1: Despoblacion severa,59.2,-40.8
37214,Nava de Francia,Salamanca,2,C1: Despoblacion severa,69.5,-30.5
37216,Navales,Salamanca,2,C1: Despoblacion severa,75.0,-25.0
37217,Navalmoral de Béjar,Salamanca,2,C1: Despoblacion severa,69.5,-30.5
37218,Navamorales,Salamanca,2,C1: Despoblacion severa,23.4,-76.6
37219,Navarredonda de la Rinconada,Salamanca,2,C1: Despoblacion severa,55.4,-44.6
37221,Navasfrías,Salamanca,2,C1: Despoblacion severa,48.5,-51.5
37222,Negrilla de Palencia,Salamanca,2,C1: Despoblacion severa,55.3,-44.7
37223,Olmedo de Camaces,Salamanca,2,C1: Despoblacion severa,40.8,-59.2
37224,"Orbada, La",Salamanca,2,C1: Despoblacion severa,59.4,-40.6
37225,Pajares de la Laguna,Salamanca,2,C1: Despoblacion severa,72.4,-27.6
37226,Palacios del Arzobispo,Salamanca,2,C1: Despoblacion severa,57.1,-42.9
37228,Palaciosrubios,Salamanca,2,C1: Despoblacion severa,49.6,-50.4
37229,Palencia de Negrilla,Salamanca,2,C1: Despoblacion severa,64.8,-35.2
37231,Parada de Rubiales,Salamanca,2,C1: Despoblacion severa,65.3,-34.7
37232,Paradinas de San Juan,Salamanca,2,C1: Despoblacion severa,57.3,-42.7
37233,Pastores,Salamanca,2,C1: Despoblacion severa,80.0,-20.0
37234,"Payo, El",Salamanca,2,C1: Despoblacion severa,56.8,-43.2
37235,Pedraza de Alba,Salamanca,2,C1: Despoblacion severa,70.4,-29.6
37236,Pedrosillo de Alba,Salamanca,2,C1: Despoblacion severa,42.3,-57.7
37237,Pedrosillo de los Aires,Salamanca,2,C1: Despoblacion severa,66.2,-33.8
37239,"Pedroso de la Armuña, El",Salamanca,2,C1: Despoblacion severa,60.8,-39.2
37241,Pelarrodríguez,Salamanca,2,C1: Despoblacion severa,76.3,-23.7
37248,Peralejos de Abajo,Salamanca,2,C1: Despoblacion severa,75.7,-24.3
37249,Peralejos de Arriba,Salamanca,2,C1: Despoblacion severa,50.0,-50.0
37250,Pereña de la Ribera,Salamanca,2,C1: Despoblacion severa,54.2,-45.8
37251,Peromingo,Salamanca,2,C1: Despoblacion severa,72.5,-27.5
37243,"Peña, La",Salamanca,2,C1: Despoblacion severa,41.3,-58.7
37244,Peñacaballera,Salamanca,2,C1: Despoblacion severa,64.5,-35.5
37245,Peñaparda,Salamanca,2,C1: Despoblacion severa,58.1,-41.9
37247,Peñarandilla,Salamanca,2,C1: Despoblacion severa,59.2,-40.8
37252,Pinedas,Salamanca,2,C1: Despoblacion severa,41.3,-58.7
37254,Pitiegua,Salamanca,2,C1: Despoblacion severa,63.8,-36.2
37255,Pizarral,Salamanca,2,C1: Despoblacion severa,72.2,-27.8
37256,Poveda de las Cintas,Salamanca,2,C1: Despoblacion severa,54.1,-45.9
37257,Pozos de Hinojo,Salamanca,2,C1: Despoblacion severa,50.5,-49.5
37258,Puebla de Azaba,Salamanca,2,C1: Despoblacion severa,45.9,-54.1
37259,Puebla de San Medel,Salamanca,2,C1: Despoblacion severa,43.2,-56.8
37260,Puebla de Yeltes,Salamanca,2,C1: Despoblacion severa,50.6,-49.4
37261,Puente del Congosto,Salamanca,2,C1: Despoblacion severa,63.8,-36.2
37262,Puertas,Salamanca,2,C1: Despoblacion severa,56.4,-43.6
37264,Puerto Seguro,Salamanca,2,C1: Despoblacion severa,42.6,-57.4
37263,Puerto de Béjar,Salamanca,2,C1: Despoblacion severa,66.3,-33.7
37266,"Redonda, La",Salamanca,2,C1: Despoblacion severa,49.6,-50.4
37267,Retortillo,Salamanca,2,C1: Despoblacion severa,62.5,-37.5
37268,"Rinconada de la Sierra, La",Salamanca,2,C1: Despoblacion severa,54.2,-45.8
37269,Robleda,Salamanca,2,C1: Despoblacion severa,75.2,-24.8
37271,Rollán,Salamanca,2,C1: Despoblacion severa,52.2,-47.8
37265,Rágama,Salamanca,2,C1: Despoblacion severa,60.1,-39.9
37272,Saelices el Chico,Salamanca,2,C1: Despoblacion severa,85.8,-14.2
37273,"Sagrada, La",Salamanca,2,C1: Despoblacion severa,37.7,-62.3
37303,"Sahugo, El",Salamanca,2,C1: Despoblacion severa,58.0,-42.0
37275,Saldeana,Salamanca,2,C1: Despoblacion severa,48.7,-51.3
37276,Salmoral,Salamanca,2,C1: Despoblacion severa,28.8,-71.2
37284,San Esteban de la Sierra,Salamanca,2,C1: Despoblacion severa,73.1,-26.9
37285,San Felices de los Gallegos,Salamanca,2,C1: Despoblacion severa,52.0,-48.0
37287,San Miguel de Valero,Salamanca,2,C1: Despoblacion severa,68.9,-31.1
37036,San Miguel del Robledo,Salamanca,2,C1: Despoblacion severa,51.5,-48.5
37289,San Muñoz,Salamanca,2,C1: Despoblacion severa,50.5,-49.5
37291,San Pedro de Rozados,Salamanca,2,C1: Despoblacion severa,70.2,-29.8
37292,San Pelayo de Guareña,Salamanca,2,C1: Despoblacion severa,75.4,-24.6
37282,Sanchotello,Salamanca,2,C1: Despoblacion severa,59.7,-40.3
37280,Sanchón de la Ribera,Salamanca,2,C1: Despoblacion severa,50.0,-50.0
37281,Sanchón de la Sagrada,Salamanca,2,C1: Despoblacion severa,72.9,-27.1
37279,Sancti-Spíritus,Salamanca,2,C1: Despoblacion severa,57.4,-42.6
37283,Sando,Salamanca,2,C1: Despoblacion severa,58.1,-41.9
37293,Santa María de Sando,Salamanca,2,C1: Despoblacion severa,43.1,-56.9
37296,Santiago de la Puebla,Salamanca,2,C1: Despoblacion severa,46.0,-54.0
37297,Santibáñez de Béjar,Salamanca,2,C1: Despoblacion severa,62.0,-38.0
37298,Santibáñez de la Sierra,Salamanca,2,C1: Despoblacion severa,53.8,-46.2
37299,Santiz,Salamanca,2,C1: Despoblacion severa,74.5,-25.5
37300,"Santos, Los",Salamanca,2,C1: Despoblacion severa,70.5,-29.5
37301,Sardón de los Frailes,Salamanca,2,C1: Despoblacion severa,92.5,-7.5
37302,Saucelle,Salamanca,2,C1: Despoblacion severa,50.0,-50.0
37304,Sepulcro-Hilario,Salamanca,2,C1: Despoblacion severa,45.9,-54.1
37306,Serradilla del Arroyo,Salamanca,2,C1: Despoblacion severa,50.3,-49.7
37307,Serradilla del Llano,Salamanca,2,C1: Despoblacion severa,45.6,-54.4
37309,"Sierpe, La",Salamanca,2,C1: Despoblacion severa,71.9,-28.1
37311,Sobradillo,Salamanca,2,C1: Despoblacion severa,42.2,-57.8
37312,Sorihuela,Salamanca,2,C1: Despoblacion severa,62.0,-38.0
37314,Tabera de Abajo,Salamanca,2,C1: Despoblacion severa,80.8,-19.2
37315,"Tala, La",Salamanca,2,C1: Despoblacion severa,51.0,-49.0
37316,Tamames,Salamanca,2,C1: Despoblacion severa,72.7,-27.3
37317,Tarazona de Guareña,Salamanca,2,C1: Despoblacion severa,58.0,-42.0
37318,Tardáguila,Salamanca,2,C1: Despoblacion severa,71.2,-28.8
37319,"Tejado, El",Salamanca,2,C1: Despoblacion severa,44.6,-55.4
37320,Tejeda y Segoyuela,Salamanca,2,C1: Despoblacion severa,73.5,-26.5
37321,Tenebrón,Salamanca,2,C1: Despoblacion severa,51.2,-48.8
37324,Tordillos,Salamanca,2,C1: Despoblacion severa,50.3,-49.7
37325,"Tornadizo, El",Salamanca,2,C1: Despoblacion severa,57.1,-42.9
37327,Torresmenudas,Salamanca,2,C1: Despoblacion severa,78.4,-21.6
37329,Tremedal de Tormes,Salamanca,2,C1: Despoblacion severa,59.6,-40.4
37330,Valdecarros,Salamanca,2,C1: Despoblacion severa,63.0,-37.0
37331,Valdefuentes de Sangusín,Salamanca,2,C1: Despoblacion severa,52.9,-47.1
37332,Valdehijaderos,Salamanca,2,C1: Despoblacion severa,64.6,-35.4
37333,Valdelacasa,Salamanca,2,C1: Despoblacion severa,50.3,-49.7
37334,Valdelageve,Salamanca,2,C1: Despoblacion severa,48.5,-51.5
37336,Valdemierque,Salamanca,2,C1: Despoblacion severa,75.3,-24.7
37337,Valderrodrigo,Salamanca,2,C1: Despoblacion severa,67.9,-32.1
37338,Valdunciel,Salamanca,2,C1: Despoblacion severa,101.6,1.6
37339,Valero,Salamanca,2,C1: Despoblacion severa,54.5,-45.5
37340,Valsalabroso,Salamanca,2,C1: Despoblacion severa,51.1,-48.9
37341,Valverde de Valdelacasa,Salamanca,2,C1: Despoblacion severa,69.5,-30.5
37345,Vega de Tirados,Salamanca,2,C1: Despoblacion severa,59.1,-40.9
37347,"Vellés, La",Salamanca,2,C1: Despoblacion severa,110.8,10.8
37348,Ventosa del Río Almar,Salamanca,2,C1: Despoblacion severa,55.4,-44.6
37351,Villaflores,Salamanca,2,C1: Despoblacion severa,52.8,-47.2
37352,Villagonzalo de Tormes,Salamanca,2,C1: Despoblacion severa,84.5,-15.5
37353,Villalba de los Llanos,Salamanca,2,C1: Despoblacion severa,52.5,-47.5
37355,Villanueva del Conde,Salamanca,2,C1: Despoblacion severa,65.2,-34.8
37357,Villar de Ciervo,Salamanca,2,C1: Despoblacion severa,58.3,-41.7
37358,Villar de Gallimazo,Salamanca,2,C1: Despoblacion severa,82.1,-17.9
37360,Villar de Peralonso,Salamanca,2,C1: Despoblacion severa,57.9,-42.1
37361,Villar de Samaniego,Salamanca,2,C1: Despoblacion severa,59.8,-40.2
37359,Villar de la Yegua,Salamanca,2,C1: Despoblacion severa,45.3,-54.7
37363,Villares de Yeltes,Salamanca,2,C1: Despoblacion severa,54.5,-45.5
37364,Villarino de los Aires,Salamanca,2,C1: Despoblacion severa,62.1,-37.9
37365,Villarmayor,Salamanca,2,C1: Despoblacion severa,55.2,-44.8
37366,Villarmuerto,Salamanca,2,C1: Despoblacion severa,54.3,-45.7
37367,Villasbuenas,Salamanca,2,C1: Despoblacion severa,47.7,-52.3
37368,Villasdardo,Salamanca,2,C1: Despoblacion severa,84.6,-15.4
37369,Villaseco de los Gamitos,Salamanca,2,C1: Despoblacion severa,65.4,-34.6
37370,Villaseco de los Reyes,Salamanca,2,C1: Despoblacion severa,63.0,-37.0
37371,Villasrubias,Salamanca,2,C1: Despoblacion severa,57.5,-42.5
37372,Villaverde de Guareña,Salamanca,2,C1: Despoblacion severa,63.1,-36.9
37373,Villavieja de Yeltes,Salamanca,2,C1: Despoblacion severa,56.0,-44.0
37350,Vilvestre,Salamanca,2,C1: Despoblacion severa,57.8,-42.2
37349,"Vídola, La",Salamanca,2,C1: Despoblacion severa,47.0,-53.0
37377,Yecla de Yeltes,Salamanca,2,C1: Despoblacion severa,57.9,-42.1
37378,Zamarra,Salamanca,2,C1: Despoblacion severa,40.9,-59.1
37381,"Zarza de Pumareda, La",Salamanca,2,C1: Despoblacion severa,59.8,-40.2
37382,Zorita de la Frontera,Salamanca,2,C1: Despoblacion severa,46.2,-53.8
37118,Éjeme,Salamanca,2,C1: Despoblacion severa,65.6,-34.4
40002,Adrada de Pirón,Segovia,2,C1: Despoblacion severa,63.9,-36.1
40003,Adrados,Segovia,2,C1: Despoblacion severa,47.9,-52.1
40004,Aguilafuente,Segovia,2,C1: Despoblacion severa,69.4,-30.6
40005,Alconada de Maderuelo,Segovia,2,C1: Despoblacion severa,38.3,-61.7
40012,Aldea Real,Segovia,2,C1: Despoblacion severa,67.2,-32.8
40006,Aldealcorvo,Segovia,2,C1: Despoblacion severa,42.9,-57.1
40007,Aldealengua de Pedraza,Segovia,2,C1: Despoblacion severa,74.3,-25.7
40008,Aldealengua de Santa María,Segovia,2,C1: Despoblacion severa,51.5,-48.5
40009,Aldeanueva de la Serrezuela,Segovia,2,C1: Despoblacion severa,71.2,-28.8
40010,Aldeanueva del Codonal,Segovia,2,C1: Despoblacion severa,47.1,-52.9
40013,Aldeasoña,Segovia,2,C1: Despoblacion severa,48.4,-51.6
40014,Aldehorno,Segovia,2,C1: Despoblacion severa,76.2,-23.8
40015,Aldehuela del Codonal,Segovia,2,C1: Despoblacion severa,40.0,-60.0
40016,Aldeonte,Segovia,2,C1: Despoblacion severa,57.3,-42.7
40020,Arcones,Segovia,2,C1: Despoblacion severa,68.8,-31.2
40022,Armuña,Segovia,2,C1: Despoblacion severa,90.0,-10.0
40018,Añe,Segovia,2,C1: Despoblacion severa,52.8,-47.2
40025,Barbolla,Segovia,2,C1: Despoblacion severa,59.7,-40.3
40028,Bercial,Segovia,2,C1: Despoblacion severa,73.9,-26.1
40030,Bernardos,Segovia,2,C1: Despoblacion severa,59.5,-40.5
40034,Caballar,Segovia,2,C1: Despoblacion severa,69.0,-31.0
40037,Calabazas de Fuentidueña,Segovia,2,C1: Despoblacion severa,28.0,-72.0
40039,Campo de San Pedro,Segovia,2,C1: Despoblacion severa,64.6,-35.4
40161,Carabias,Segovia,2,C1: Despoblacion severa,67.1,-32.9
40044,Carrascal del Río,Segovia,2,C1: Despoblacion severa,65.9,-34.1
40046,Castillejo de Mesleón,Segovia,2,C1: Despoblacion severa,82.1,-17.9
40047,Castro de Fuentidueña,Segovia,2,C1: Despoblacion severa,43.2,-56.8
40048,Castrojimeno,Segovia,2,C1: Despoblacion severa,54.0,-46.0
40049,Castroserna de Abajo,Segovia,2,C1: Despoblacion severa,49.2,-50.8
40051,Castroserracín,Segovia,2,C1: Despoblacion severa,40.0,-60.0
40052,Cedillo de la Torre,Segovia,2,C1: Despoblacion severa,57.6,-42.4
40053,Cerezo de Abajo,Segovia,2,C1: Despoblacion severa,76.1,-23.9
40054,Cerezo de Arriba,Segovia,2,C1: Despoblacion severa,49.6,-50.4
40055,Cilleruelo de San Mamés,Segovia,2,C1: Despoblacion severa,74.5,-25.5
40056,Cobos de Fuentidueña,Segovia,2,C1: Despoblacion severa,34.2,-65.8
40058,Codorniz,Segovia,2,C1: Despoblacion severa,58.0,-42.0
40060,Condado de Castilnovo,Segovia,2,C1: Despoblacion severa,45.7,-54.3
40061,Corral de Ayllón,Segovia,2,C1: Despoblacion severa,67.3,-32.7
40902,Cozuelos de Fuentidueña,Segovia,2,C1: Despoblacion severa,47.0,-53.0
40062,Cubillo,Segovia,2,C1: Despoblacion severa,112.1,12.1
40905,Cuevas de Provanco,Segovia,2,C1: Despoblacion severa,57.5,-42.5
40068,Domingo García,Segovia,2,C1: Despoblacion severa,59.2,-40.8
40069,Donhierro,Segovia,2,C1: Despoblacion severa,62.9,-37.1
40070,Duruelo,Segovia,2,C1: Despoblacion severa,111.0,11.0
40071,Encinas,Segovia,2,C1: Despoblacion severa,54.2,-45.8
40074,Escarabajosa de Cabezas,Segovia,2,C1: Despoblacion severa,69.0,-31.0
40078,Fresneda de Cuéllar,Segovia,2,C1: Despoblacion severa,62.3,-37.7
40081,Frumales,Segovia,2,C1: Despoblacion severa,50.2,-49.8
40082,Fuente de Santa Cruz,Segovia,2,C1: Despoblacion severa,53.0,-47.0
40083,Fuente el Olmo de Fuentidueña,Segovia,2,C1: Despoblacion severa,242.9,142.9
40084,Fuente el Olmo de Íscar,Segovia,2,C1: Despoblacion severa,42.9,-57.1
40087,Fuentepiñel,Segovia,2,C1: Despoblacion severa,32.8,-67.2
40088,Fuenterrebollo,Segovia,2,C1: Despoblacion severa,69.1,-30.9
40089,Fuentesaúco de Fuentidueña,Segovia,2,C1: Despoblacion severa,61.5,-38.5
40092,Fuentidueña,Segovia,2,C1: Despoblacion severa,64.1,-35.9
40093,Gallegos,Segovia,2,C1: Despoblacion severa,85.0,-15.0
40099,Honrubia de la Cuesta,Segovia,2,C1: Despoblacion severa,54.4,-45.6
40100,Hontalbilla,Segovia,2,C1: Despoblacion severa,58.8,-41.2
40105,Juarros de Riomoros,Segovia,2,C1: Despoblacion severa,70.7,-29.3
40107,Labajos,Segovia,2,C1: Despoblacion severa,65.2,-34.8
40108,Laguna de Contreras,Segovia,2,C1: Despoblacion severa,58.1,-41.9
40109,Languilla,Segovia,2,C1: Despoblacion severa,56.0,-44.0
40110,Lastras de Cuéllar,Segovia,2,C1: Despoblacion severa,50.7,-49.3
40903,Marazoleja,Segovia,2,C1: Despoblacion severa,61.3,-38.7
40118,Marazuela,Segovia,2,C1: Despoblacion severa,63.0,-37.0
40121,Martín Muñoz de las Posadas,Segovia,2,C1: Despoblacion severa,45.9,-54.1
40125,"Matilla, La",Segovia,2,C1: Despoblacion severa,59.0,-41.0
40126,Melque de Cercos,Segovia,2,C1: Despoblacion severa,43.9,-56.1
40127,Membibre de la Hoz,Segovia,2,C1: Despoblacion severa,51.2,-48.8
40128,Migueláñez,Segovia,2,C1: Despoblacion severa,74.3,-25.7
40129,Montejo de Arévalo,Segovia,2,C1: Despoblacion severa,51.3,-48.7
40130,Montejo de la Vega de la Serrezuela,Segovia,2,C1: Despoblacion severa,57.9,-42.1
40132,Moral de Hornuez,Segovia,2,C1: Despoblacion severa,31.4,-68.6
40135,Muñopedro,Segovia,2,C1: Despoblacion severa,70.6,-29.4
40136,Muñoveros,Segovia,2,C1: Despoblacion severa,63.3,-36.7
40139,Navafría,Segovia,2,C1: Despoblacion severa,72.1,-27.9
40140,Navalilla,Segovia,2,C1: Despoblacion severa,52.9,-47.1
40142,Navares de Ayuso,Segovia,2,C1: Despoblacion severa,66.7,-33.3
40143,Navares de Enmedio,Segovia,2,C1: Despoblacion severa,48.1,-51.9
40148,Nieva,Segovia,2,C1: Despoblacion severa,67.4,-32.6
40149,Olombrada,Segovia,2,C1: Despoblacion severa,58.0,-42.0
40150,Orejana,Segovia,2,C1: Despoblacion severa,50.0,-50.0
40154,Pajarejos,Segovia,2,C1: Despoblacion severa,46.8,-53.2
40158,Perosillo,Segovia,2,C1: Despoblacion severa,60.0,-40.0
40159,Pinarejos,Segovia,2,C1: Despoblacion severa,99.0,-1.0
40160,Pinarnegrillo,Segovia,2,C1: Despoblacion severa,47.8,-52.2
40163,Puebla de Pedraza,Segovia,2,C1: Despoblacion severa,58.9,-41.1
40164,Rapariegos,Segovia,2,C1: Despoblacion severa,64.7,-35.3
40165,Rebollo,Segovia,2,C1: Despoblacion severa,50.0,-50.0
40166,Remondo,Segovia,2,C1: Despoblacion severa,86.6,-13.4
40168,Riaguas de San Bartolomé,Segovia,2,C1: Despoblacion severa,34.1,-65.9
40171,Ribota,Segovia,2,C1: Despoblacion severa,97.6,-2.4
40176,Samboal,Segovia,2,C1: Despoblacion severa,72.5,-27.5
40177,San Cristóbal de Cuéllar,Segovia,2,C1: Despoblacion severa,64.1,-35.9
40178,San Cristóbal de la Vega,Segovia,2,C1: Despoblacion severa,50.3,-49.7
40182,San Martín y Mudrián,Segovia,2,C1: Despoblacion severa,85.1,-14.9
40183,San Miguel de Bernuy,Segovia,2,C1: Despoblacion severa,59.8,-40.2
40184,San Pedro de Gaíllos,Segovia,2,C1: Despoblacion severa,82.7,-17.3
40180,Sangarcía,Segovia,2,C1: Despoblacion severa,59.4,-40.6
40185,Santa María la Real de Nieva,Segovia,2,C1: Despoblacion severa,58.6,-41.4
40189,Santiuste de San Juan Bautista,Segovia,2,C1: Despoblacion severa,67.9,-32.1
40192,Sauquillo de Cabezas,Segovia,2,C1: Despoblacion severa,54.0,-46.0
40193,Sebúlcor,Segovia,2,C1: Despoblacion severa,80.2,-19.8
40196,Sequera de Fresno,Segovia,2,C1: Despoblacion severa,73.7,-26.3
40198,Sotillo,Segovia,2,C1: Despoblacion severa,63.3,-36.7
40200,Tabanera la Luenga,Segovia,2,C1: Despoblacion severa,63.0,-37.0
40201,Tolocirio,Segovia,2,C1: Despoblacion severa,59.4,-40.6
40206,Torre Val de San Pedro,Segovia,2,C1: Despoblacion severa,80.9,-19.1
40202,Torreadrada,Segovia,2,C1: Despoblacion severa,36.3,-63.7
40204,Torrecilla del Pinar,Segovia,2,C1: Despoblacion severa,54.5,-45.5
40210,Urueñas,Segovia,2,C1: Despoblacion severa,80.8,-19.2
40212,Valdevacas de Montejo,Segovia,2,C1: Despoblacion severa,82.9,-17.1
40213,Valdevacas y Guijar,Segovia,2,C1: Despoblacion severa,53.2,-46.8
40218,Valle de Tabladillo,Segovia,2,C1: Despoblacion severa,43.8,-56.2
40221,Valleruela de Sepúlveda,Segovia,2,C1: Despoblacion severa,61.5,-38.5
40214,Valseca,Segovia,2,C1: Despoblacion severa,65.2,-34.8
40215,Valtiendas,Segovia,2,C1: Despoblacion severa,36.4,-63.6
40229,Villaverde de Montejo,Segovia,2,C1: Despoblacion severa,26.5,-73.5
40228,Villaverde de Íscar,Segovia,2,C1: Despoblacion severa,75.9,-24.1
40231,Yanguas de Eresma,Segovia,2,C1: Despoblacion severa,59.4,-40.6
40234,Zarzuela del Pinar,Segovia,2,C1: Despoblacion severa,65.6,-34.4
42003,Adradas,Soria,2,C1: Despoblacion severa,59.1,-40.9
42007,Alcubilla de Avellaneda,Soria,2,C1: Despoblacion severa,46.6,-53.4
42008,Alcubilla de las Peñas,Soria,2,C1: Despoblacion severa,61.0,-39.0
42009,Aldealafuente,Soria,2,C1: Despoblacion severa,50.0,-50.0
42010,Aldealices,Soria,2,C1: Despoblacion severa,62.9,-37.1
42011,Aldealpozo,Soria,2,C1: Despoblacion severa,56.2,-43.8
42012,Aldealseñor,Soria,2,C1: Despoblacion severa,59.2,-40.8
42013,Aldehuela de Periáñez,Soria,2,C1: Despoblacion severa,57.4,-42.6
42014,"Aldehuelas, Las",Soria,2,C1: Despoblacion severa,43.6,-56.4
42015,Alentisque,Soria,2,C1: Despoblacion severa,45.1,-54.9
42016,Aliud,Soria,2,C1: Despoblacion severa,44.4,-55.6
42018,Almaluez,Soria,2,C1: Despoblacion severa,34.3,-65.7
42021,Almazul,Soria,2,C1: Despoblacion severa,33.3,-66.7
42022,Almenar de Soria,Soria,2,C1: Despoblacion severa,55.1,-44.9
42023,Alpanseque,Soria,2,C1: Despoblacion severa,43.7,-56.3
42024,Arancón,Soria,2,C1: Despoblacion severa,63.5,-36.5
42025,Arcos de Jalón,Soria,2,C1: Despoblacion severa,75.0,-25.0
42026,Arenillas,Soria,2,C1: Despoblacion severa,52.7,-47.3
42027,Arévalo de la Sierra,Soria,2,C1: Despoblacion severa,59.2,-40.8
42029,Baraona,Soria,2,C1: Despoblacion severa,44.8,-55.2
42030,Barca,Soria,2,C1: Despoblacion severa,74.4,-25.6
42031,Barcones,Soria,2,C1: Despoblacion severa,45.5,-54.5
42032,Bayubas de Abajo,Soria,2,C1: Despoblacion severa,50.9,-49.1
42033,Bayubas de Arriba,Soria,2,C1: Despoblacion severa,57.1,-42.9
42034,Beratón,Soria,2,C1: Despoblacion severa,95.0,-5.0
42035,Berlanga de Duero,Soria,2,C1: Despoblacion severa,65.4,-34.6
42036,Blacos,Soria,2,C1: Despoblacion severa,55.4,-44.6
42037,Bliecos,Soria,2,C1: Despoblacion severa,37.9,-62.1
42038,Borjabad,Soria,2,C1: Despoblacion severa,41.4,-58.6
42039,Borobia,Soria,2,C1: Despoblacion severa,53.7,-46.3
42041,Buberos,Soria,2,C1: Despoblacion severa,50.0,-50.0
42044,Cabrejas del Campo,Soria,2,C1: Despoblacion severa,48.5,-51.5
42045,Cabrejas del Pinar,Soria,2,C1: Despoblacion severa,58.2,-41.8
42046,Calatañazor,Soria,2,C1: Despoblacion severa,56.6,-43.4
42048,Caltojar,Soria,2,C1: Despoblacion severa,36.8,-63.2
42049,Candilichera,Soria,2,C1: Despoblacion severa,40.7,-59.3
42051,Carabantes,Soria,2,C1: Despoblacion severa,50.0,-50.0
42053,Carrascosa de Abajo,Soria,2,C1: Despoblacion severa,38.3,-61.7
42055,Casarejos,Soria,2,C1: Despoblacion severa,51.1,-48.9
42056,Castilfrío de la Sierra,Soria,2,C1: Despoblacion severa,89.7,-10.3
42058,Castillejo de Robledo,Soria,2,C1: Despoblacion severa,43.9,-56.1
42057,Castilruiz,Soria,2,C1: Despoblacion severa,47.8,-52.2
42050,Cañamaque,Soria,2,C1: Despoblacion severa,63.0,-37.0
42059,Centenera de Andaluz,Soria,2,C1: Despoblacion severa,52.8,-47.2
42060,Cerbón,Soria,2,C1: Despoblacion severa,50.9,-49.1
42062,Cigudosa,Soria,2,C1: Despoblacion severa,16.1,-83.9
42063,Cihuela,Soria,2,C1: Despoblacion severa,31.5,-68.5
42065,Cirujales del Río,Soria,2,C1: Despoblacion severa,46.7,-53.3
42068,Coscurita,Soria,2,C1: Despoblacion severa,42.3,-57.7
42070,Cubilla,Soria,2,C1: Despoblacion severa,24.7,-75.3
42071,Cubo de la Solana,Soria,2,C1: Despoblacion severa,63.2,-36.8
42073,Cueva de Ágreda,Soria,2,C1: Despoblacion severa,59.8,-40.2
42076,Deza,Soria,2,C1: Despoblacion severa,41.2,-58.8
42078,Duruelo de la Sierra,Soria,2,C1: Despoblacion severa,69.3,-30.7
42075,Dévanos,Soria,2,C1: Despoblacion severa,47.4,-52.6
42079,Escobosa de Almazán,Soria,2,C1: Despoblacion severa,40.4,-59.6
42080,Espeja de San Marcelino,Soria,2,C1: Despoblacion severa,57.3,-42.7
42081,Espejón,Soria,2,C1: Despoblacion severa,50.6,-49.4
42083,Frechilla de Almazán,Soria,2,C1: Despoblacion severa,37.7,-62.3
42084,Fresno de Caracena,Soria,2,C1: Despoblacion severa,27.6,-72.4
42085,Fuentearmegil,Soria,2,C1: Despoblacion severa,39.5,-60.5
42086,Fuentecambrón,Soria,2,C1: Despoblacion severa,35.4,-64.6
42088,Fuentelmonge,Soria,2,C1: Despoblacion severa,38.7,-61.3
42090,Fuentepinilla,Soria,2,C1: Despoblacion severa,42.0,-58.0
42092,Fuentes de Magaña,Soria,2,C1: Despoblacion severa,43.9,-56.1
42093,Fuentestrún,Soria,2,C1: Despoblacion severa,74.3,-25.7
42097,Gormaz,Soria,2,C1: Despoblacion severa,75.0,-25.0
42096,Gómara,Soria,2,C1: Despoblacion severa,52.4,-47.6
42098,Herrera de Soria,Soria,2,C1: Despoblacion severa,42.9,-57.1
42100,Hinojosa del Campo,Soria,2,C1: Despoblacion severa,42.1,-57.9
42103,Langa de Duero,Soria,2,C1: Despoblacion severa,70.4,-29.6
42105,Liceras,Soria,2,C1: Despoblacion severa,71.0,-29.0
42106,"Losilla, La",Soria,2,C1: Despoblacion severa,60.0,-40.0
42107,Magaña,Soria,2,C1: Despoblacion severa,55.5,-44.5
42108,Maján,Soria,2,C1: Despoblacion severa,50.0,-50.0
42110,Matalebreras,Soria,2,C1: Despoblacion severa,60.0,-40.0
42111,Matamala de Almazán,Soria,2,C1: Despoblacion severa,57.8,-42.2
42115,Miño de Medinaceli,Soria,2,C1: Despoblacion severa,58.4,-41.6
42116,Miño de San Esteban,Soria,2,C1: Despoblacion severa,42.6,-57.4
42117,Molinos de Duero,Soria,2,C1: Despoblacion severa,81.0,-19.0
42118,Momblona,Soria,2,C1: Despoblacion severa,40.4,-59.6
42119,Monteagudo de las Vicarías,Soria,2,C1: Despoblacion severa,51.8,-48.2
42120,Montejo de Tiermes,Soria,2,C1: Despoblacion severa,52.8,-47.2
42121,Montenegro de Cameros,Soria,2,C1: Despoblacion severa,34.7,-65.3
42123,Morón de Almazán,Soria,2,C1: Despoblacion severa,66.9,-33.1
42125,Muriel Viejo,Soria,2,C1: Despoblacion severa,79.3,-20.7
42124,Muriel de la Fuente,Soria,2,C1: Despoblacion severa,63.9,-36.1
42127,Nafría de Ucero,Soria,2,C1: Despoblacion severa,38.0,-62.0
42128,Narros,Soria,2,C1: Despoblacion severa,111.5,11.5
42130,Nepas,Soria,2,C1: Despoblacion severa,52.1,-47.9
42131,Nolay,Soria,2,C1: Despoblacion severa,44.6,-55.4
42132,Noviercas,Soria,2,C1: Despoblacion severa,60.5,-39.5
42135,Oncala,Soria,2,C1: Despoblacion severa,52.1,-47.9
42139,Pinilla del Campo,Soria,2,C1: Despoblacion severa,65.4,-34.6
42140,Portillo de Soria,Soria,2,C1: Despoblacion severa,45.8,-54.2
42144,Quintana Redonda,Soria,2,C1: Despoblacion severa,81.4,-18.6
42145,Quintanas de Gormaz,Soria,2,C1: Despoblacion severa,59.8,-40.2
42152,Recuerda,Soria,2,C1: Despoblacion severa,48.8,-51.2
42153,Rello,Soria,2,C1: Despoblacion severa,42.0,-58.0
42154,Renieblas,Soria,2,C1: Despoblacion severa,82.3,-17.7
42155,Retortillo de Soria,Soria,2,C1: Despoblacion severa,47.2,-52.8
42156,Reznos,Soria,2,C1: Despoblacion severa,38.2,-61.8
42157,"Riba de Escalote, La",Soria,2,C1: Despoblacion severa,26.5,-73.5
42158,Rioseco de Soria,Soria,2,C1: Despoblacion severa,76.4,-23.6
42159,Rollamienta,Soria,2,C1: Despoblacion severa,96.1,-3.9
42160,"Royo, El",Soria,2,C1: Despoblacion severa,66.3,-33.7
42167,Santa María de Huerta,Soria,2,C1: Despoblacion severa,48.2,-51.8
42168,Santa María de las Hoyas,Soria,2,C1: Despoblacion severa,53.8,-46.2
42171,Serón de Nágima,Soria,2,C1: Despoblacion severa,39.2,-60.8
42172,Soliedra,Soria,2,C1: Despoblacion severa,82.2,-17.8
42175,Suellacabras,Soria,2,C1: Despoblacion severa,62.7,-37.3
42176,Tajahuerce,Soria,2,C1: Despoblacion severa,43.1,-56.9
42177,Tajueco,Soria,2,C1: Despoblacion severa,43.9,-56.1
42178,Talveila,Soria,2,C1: Despoblacion severa,47.3,-52.7
42181,Tardelcuende,Soria,2,C1: Despoblacion severa,58.5,-41.5
42182,Taroda,Soria,2,C1: Despoblacion severa,50.6,-49.4
42183,Tejado,Soria,2,C1: Despoblacion severa,38.2,-61.8
42184,Torlengua,Soria,2,C1: Despoblacion severa,35.2,-64.8
42185,Torreblacos,Soria,2,C1: Despoblacion severa,65.1,-34.9
42187,Torrubia de Soria,Soria,2,C1: Despoblacion severa,50.0,-50.0
42188,Trévago,Soria,2,C1: Despoblacion severa,55.3,-44.7
42189,Ucero,Soria,2,C1: Despoblacion severa,69.6,-30.4
42190,Vadillo,Soria,2,C1: Despoblacion severa,50.3,-49.7
42192,Valdegeña,Soria,2,C1: Despoblacion severa,67.9,-32.1
42193,Valdelagua del Cerro,Soria,2,C1: Despoblacion severa,38.2,-61.8
42194,Valdemaluque,Soria,2,C1: Despoblacion severa,44.0,-56.0
42195,Valdenebro,Soria,2,C1: Despoblacion severa,50.0,-50.0
42197,Valderrodilla,Soria,2,C1: Despoblacion severa,42.4,-57.6
42198,Valtajeros,Soria,2,C1: Despoblacion severa,51.6,-48.4
42200,Velamazán,Soria,2,C1: Despoblacion severa,42.9,-57.1
42202,Velilla de los Ajos,Soria,2,C1: Despoblacion severa,33.3,-66.7
42204,Viana de Duero,Soria,2,C1: Despoblacion severa,56.6,-43.4
42206,Villanueva de Gormaz,Soria,2,C1: Despoblacion severa,26.1,-73.9
42208,Villar del Campo,Soria,2,C1: Despoblacion severa,70.7,-29.3
42209,Villar del Río,Soria,2,C1: Despoblacion severa,74.5,-25.5
42211,"Villares de Soria, Los",Soria,2,C1: Despoblacion severa,55.8,-44.2
42212,Villasayas,Soria,2,C1: Despoblacion severa,52.7,-47.3
42213,Villaseca de Arciel,Soria,2,C1: Despoblacion severa,46.0,-54.0
42215,Vinuesa,Soria,2,C1: Despoblacion severa,74.8,-25.2
42216,Vizmanos,Soria,2,C1: Despoblacion severa,68.9,-31.1
42217,Vozmediano,Soria,2,C1: Despoblacion severa,50.9,-49.1
42219,Yelo,Soria,2,C1: Despoblacion severa,54.8,-45.2
42004,Ágreda,Soria,2,C1: Despoblacion severa,89.0,-11.0
47001,Adalia,Valladolid,2,C1: Despoblacion severa,53.8,-46.2
47003,Aguilar de Campos,Valladolid,2,C1: Despoblacion severa,65.2,-34.8
47004,Alaejos,Valladolid,2,C1: Despoblacion severa,83.1,-16.9
47006,Aldea de San Miguel,Valladolid,2,C1: Despoblacion severa,87.6,-12.4
47009,Amusquillo,Valladolid,2,C1: Despoblacion severa,50.0,-50.0
47011,Ataquines,Valladolid,2,C1: Despoblacion severa,63.2,-36.8
47012,Bahabón,Valladolid,2,C1: Despoblacion severa,46.6,-53.4
47013,Barcial de la Loma,Valladolid,2,C1: Despoblacion severa,57.3,-42.7
47014,Barruelo del Valle,Valladolid,2,C1: Despoblacion severa,65.4,-34.6
47015,Becilla de Valderaduey,Valladolid,2,C1: Despoblacion severa,44.9,-55.1
47016,Benafarces,Valladolid,2,C1: Despoblacion severa,57.6,-42.4
47017,Bercero,Valladolid,2,C1: Despoblacion severa,57.6,-42.4
47020,Bobadilla del Campo,Valladolid,2,C1: Despoblacion severa,66.9,-33.1
47021,Bocigas,Valladolid,2,C1: Despoblacion severa,41.7,-58.3
47022,Bocos de Duero,Valladolid,2,C1: Despoblacion severa,94.0,-6.0
47025,Brahojos de Medina,Valladolid,2,C1: Despoblacion severa,50.8,-49.2
47026,Bustillo de Chaves,Valladolid,2,C1: Despoblacion severa,66.0,-34.0
47028,Cabezón de Valderaduey,Valladolid,2,C1: Despoblacion severa,44.4,-55.6
47029,Cabreros del Monte,Valladolid,2,C1: Despoblacion severa,61.0,-39.0
47030,Campaspero,Valladolid,2,C1: Despoblacion severa,65.5,-34.5
47032,Camporredondo,Valladolid,2,C1: Despoblacion severa,65.3,-34.7
47033,Canalejas de Peñafiel,Valladolid,2,C1: Despoblacion severa,78.0,-22.0
47034,Canillas de Esgueva,Valladolid,2,C1: Despoblacion severa,47.7,-52.3
47035,Carpio,Valladolid,2,C1: Despoblacion severa,74.2,-25.8
47036,Casasola de Arión,Valladolid,2,C1: Despoblacion severa,52.6,-47.4
47037,Castrejón de Trabancos,Valladolid,2,C1: Despoblacion severa,61.7,-38.3
47038,Castrillo de Duero,Valladolid,2,C1: Despoblacion severa,45.8,-54.2
47039,Castrillo-Tejeriego,Valladolid,2,C1: Despoblacion severa,53.2,-46.8
47041,Castrodeza,Valladolid,2,C1: Despoblacion severa,57.8,-42.2
47042,Castromembibre,Valladolid,2,C1: Despoblacion severa,54.4,-45.6
47043,Castromonte,Valladolid,2,C1: Despoblacion severa,65.5,-34.5
47045,Castronuño,Valladolid,2,C1: Despoblacion severa,66.3,-33.7
47046,Castroponce,Valladolid,2,C1: Despoblacion severa,61.0,-39.0
47047,Castroverde de Cerrato,Valladolid,2,C1: Despoblacion severa,68.8,-31.2
47049,Cervillego de la Cruz,Valladolid,2,C1: Despoblacion severa,52.1,-47.9
47054,Cogeces del Monte,Valladolid,2,C1: Despoblacion severa,65.8,-34.2
47055,Corcos,Valladolid,2,C1: Despoblacion severa,73.6,-26.4
47056,Corrales de Duero,Valladolid,2,C1: Despoblacion severa,71.7,-28.3
47058,Cuenca de Campos,Valladolid,2,C1: Despoblacion severa,58.5,-41.5
47059,Curiel de Duero,Valladolid,2,C1: Despoblacion severa,82.2,-17.8
47060,Encinas de Esgueva,Valladolid,2,C1: Despoblacion severa,52.3,-47.7
47061,Esguevillas de Esgueva,Valladolid,2,C1: Despoblacion severa,57.6,-42.4
47062,Fombellida,Valladolid,2,C1: Despoblacion severa,56.1,-43.9
47065,Fresno el Viejo,Valladolid,2,C1: Despoblacion severa,62.0,-38.0
47067,Fuente el Sol,Valladolid,2,C1: Despoblacion severa,47.8,-52.2
47068,Fuente-Olmedo,Valladolid,2,C1: Despoblacion severa,63.6,-36.4
47069,Gallegos de Hornija,Valladolid,2,C1: Despoblacion severa,66.7,-33.3
47070,Gatón de Campos,Valladolid,2,C1: Despoblacion severa,93.9,-6.1
47073,Herrín de Campos,Valladolid,2,C1: Despoblacion severa,50.9,-49.1
47077,Langayo,Valladolid,2,C1: Despoblacion severa,50.2,-49.8
47079,Llano de Olmedo,Valladolid,2,C1: Despoblacion severa,46.7,-53.3
47078,Lomoviejo,Valladolid,2,C1: Despoblacion severa,57.8,-42.2
47080,Manzanillo,Valladolid,2,C1: Despoblacion severa,55.8,-44.2
47081,Marzales,Valladolid,2,C1: Despoblacion severa,58.4,-41.6
47088,Melgar de Abajo,Valladolid,2,C1: Despoblacion severa,57.9,-42.1
47089,Melgar de Arriba,Valladolid,2,C1: Despoblacion severa,50.0,-50.0
47092,Montealegre de Campos,Valladolid,2,C1: Despoblacion severa,60.0,-40.0
47094,Moral de la Reina,Valladolid,2,C1: Despoblacion severa,53.1,-46.9
47096,Morales de Campos,Valladolid,2,C1: Despoblacion severa,61.5,-38.5
47097,Mota del Marqués,Valladolid,2,C1: Despoblacion severa,74.0,-26.0
47099,"Mudarra, La",Valladolid,2,C1: Despoblacion severa,63.0,-37.0
47100,Muriel,Valladolid,2,C1: Despoblacion severa,45.7,-54.3
47102,Nueva Villa de las Torres,Valladolid,2,C1: Despoblacion severa,62.2,-37.8
47106,Olmos de Peñafiel,Valladolid,2,C1: Despoblacion severa,40.2,-59.8
47110,"Parrilla, La",Valladolid,2,C1: Despoblacion severa,70.7,-29.3
47113,Pedrosa del Rey,Valladolid,2,C1: Despoblacion severa,60.0,-40.0
47115,Peñaflor de Hornija,Valladolid,2,C1: Despoblacion severa,69.2,-30.8
47117,Piña de Esgueva,Valladolid,2,C1: Despoblacion severa,76.2,-23.8
47118,Piñel de Abajo,Valladolid,2,C1: Despoblacion severa,70.2,-29.8
47119,Piñel de Arriba,Valladolid,2,C1: Despoblacion severa,50.3,-49.7
47121,Pollos,Valladolid,2,C1: Despoblacion severa,66.2,-33.8
47125,Pozuelo de la Orden,Valladolid,2,C1: Despoblacion severa,67.5,-32.5
47127,Quintanilla de Arriba,Valladolid,2,C1: Despoblacion severa,67.1,-32.9
47128,Quintanilla del Molar,Valladolid,2,C1: Despoblacion severa,48.3,-51.7
47132,Ramiro,Valladolid,2,C1: Despoblacion severa,50.6,-49.4
47134,Roales de Campos,Valladolid,2,C1: Despoblacion severa,58.3,-41.7
47138,Rubí de Bracamonte,Valladolid,2,C1: Despoblacion severa,59.5,-40.5
47131,Rábano,Valladolid,2,C1: Despoblacion severa,66.0,-34.0
47140,Saelices de Mayorga,Valladolid,2,C1: Despoblacion severa,55.8,-44.2
47141,Salvador de Zapardiel,Valladolid,2,C1: Despoblacion severa,47.6,-52.4
47142,San Cebrián de Mazote,Valladolid,2,C1: Despoblacion severa,40.1,-59.9
47143,San Llorente,Valladolid,2,C1: Despoblacion severa,43.3,-56.7
47144,San Martín de Valvení,Valladolid,2,C1: Despoblacion severa,66.7,-33.3
47145,San Miguel del Arroyo,Valladolid,2,C1: Despoblacion severa,75.0,-25.0
47147,San Pablo de la Moraleja,Valladolid,2,C1: Despoblacion severa,57.4,-42.6
47148,San Pedro de Latarce,Valladolid,2,C1: Despoblacion severa,63.2,-36.8
47150,San Román de Hornija,Valladolid,2,C1: Despoblacion severa,61.6,-38.4
47151,San Salvador,Valladolid,2,C1: Despoblacion severa,40.0,-60.0
47156,San Vicente del Palacio,Valladolid,2,C1: Despoblacion severa,58.3,-41.7
47153,Santervás de Campos,Valladolid,2,C1: Despoblacion severa,57.8,-42.2
47154,Santibáñez de Valcorba,Valladolid,2,C1: Despoblacion severa,83.0,-17.0
47160,Siete Iglesias de Trabancos,Valladolid,2,C1: Despoblacion severa,61.9,-38.1
47162,Tamariz de Campos,Valladolid,2,C1: Despoblacion severa,73.9,-26.1
47163,Tiedra,Valladolid,2,C1: Despoblacion severa,63.6,-36.4
47164,Tordehumos,Valladolid,2,C1: Despoblacion severa,62.8,-37.2
47169,Torre de Esgueva,Valladolid,2,C1: Despoblacion severa,51.3,-48.7
47166,Torrecilla de la Abadesa,Valladolid,2,C1: Despoblacion severa,61.7,-38.3
47167,Torrecilla de la Orden,Valladolid,2,C1: Despoblacion severa,57.2,-42.8
47168,Torrecilla de la Torre,Valladolid,2,C1: Despoblacion severa,69.2,-30.8
47171,Torrelobatón,Valladolid,2,C1: Despoblacion severa,65.8,-34.2
47172,Torrescárcela,Valladolid,2,C1: Despoblacion severa,89.0,-11.0
47176,"Unión de Campos, La",Valladolid,2,C1: Despoblacion severa,63.1,-36.9
47177,Urones de Castroponce,Valladolid,2,C1: Despoblacion severa,55.0,-45.0
47180,Valdearcos de la Vega,Valladolid,2,C1: Despoblacion severa,36.6,-63.4
47181,Valdenebro de los Valles,Valladolid,2,C1: Despoblacion severa,72.2,-27.8
47183,Valdunquillo,Valladolid,2,C1: Despoblacion severa,46.2,-53.8
47185,Valverde de Campos,Valladolid,2,C1: Despoblacion severa,72.4,-27.6
47187,Vega de Ruiponce,Valladolid,2,C1: Despoblacion severa,53.6,-46.4
47188,Vega de Valdetronco,Valladolid,2,C1: Despoblacion severa,44.2,-55.8
47190,Velilla,Valladolid,2,C1: Despoblacion severa,67.7,-32.3
47192,Ventosa de la Cuesta,Valladolid,2,C1: Despoblacion severa,65.9,-34.1
47196,Villabaruz de Campos,Valladolid,2,C1: Despoblacion severa,56.4,-43.6
47198,Villacarralón,Valladolid,2,C1: Despoblacion severa,55.5,-44.5
47199,Villacid de Campos,Valladolid,2,C1: Despoblacion severa,72.2,-27.8
47200,Villaco,Valladolid,2,C1: Despoblacion severa,50.7,-49.3
47203,Villafrades de Campos,Valladolid,2,C1: Despoblacion severa,48.8,-51.2
47204,Villafranca de Duero,Valladolid,2,C1: Despoblacion severa,61.4,-38.6
47206,Villafuerte,Valladolid,2,C1: Despoblacion severa,49.7,-50.3
47207,Villagarcía de Campos,Valladolid,2,C1: Despoblacion severa,66.6,-33.4
47208,Villagómez la Nueva,Valladolid,2,C1: Despoblacion severa,42.2,-57.8
47212,Villalba de los Alcores,Valladolid,2,C1: Despoblacion severa,65.0,-35.0
47213,Villalbarba,Valladolid,2,C1: Despoblacion severa,54.9,-45.1
47214,Villalón de Campos,Valladolid,2,C1: Despoblacion severa,68.0,-32.0
47215,Villamuriel de Campos,Valladolid,2,C1: Despoblacion severa,53.4,-46.6
47220,Villanueva de los Caballeros,Valladolid,2,C1: Despoblacion severa,50.0,-50.0
47221,Villanueva de los Infantes,Valladolid,2,C1: Despoblacion severa,73.4,-26.6
47223,Villardefrades,Valladolid,2,C1: Despoblacion severa,58.5,-41.5
47224,Villarmentero de Esgueva,Valladolid,2,C1: Despoblacion severa,72.8,-27.2
47225,Villasexmir,Valladolid,2,C1: Despoblacion severa,51.5,-48.5
47226,Villavaquerín,Valladolid,2,C1: Despoblacion severa,67.7,-32.3
47228,Villaverde de Medina,Valladolid,2,C1: Despoblacion severa,80.9,-19.1
47229,Villavicencio de los Caballeros,Valladolid,2,C1: Despoblacion severa,59.9,-40.1
47216,Villán de Tordesillas,Valladolid,2,C1: Despoblacion severa,64.6,-35.4
47194,Viloria,Valladolid,2,C1: Despoblacion severa,83.7,-16.3
47232,"Zarza, La",Valladolid,2,C1: Despoblacion severa,66.5,-33.5
49002,Abezames,Zamora,2,C1: Despoblacion severa,49.2,-50.8
49003,Alcañices,Zamora,2,C1: Despoblacion severa,86.4,-13.6
49004,Alcubilla de Nogales,Zamora,2,C1: Despoblacion severa,50.0,-50.0
49005,Alfaraz de Sayago,Zamora,2,C1: Despoblacion severa,51.7,-48.3
49006,Algodre,Zamora,2,C1: Despoblacion severa,60.1,-39.9
49007,Almaraz de Duero,Zamora,2,C1: Despoblacion severa,79.1,-20.9
49008,Almeida de Sayago,Zamora,2,C1: Despoblacion severa,59.1,-40.9
49009,Andavías,Zamora,2,C1: Despoblacion severa,77.1,-22.9
49011,Arcos de la Polvorosa,Zamora,2,C1: Despoblacion severa,65.9,-34.1
49012,Argañín,Zamora,2,C1: Despoblacion severa,65.3,-34.7
49013,Argujillo,Zamora,2,C1: Despoblacion severa,53.2,-46.8
49014,Arquillinos,Zamora,2,C1: Despoblacion severa,50.7,-49.3
49015,Arrabalde,Zamora,2,C1: Despoblacion severa,43.7,-56.3
49016,Aspariegos,Zamora,2,C1: Despoblacion severa,53.9,-46.1
49017,Asturianos,Zamora,2,C1: Despoblacion severa,68.3,-31.7
49018,Ayoó de Vidriales,Zamora,2,C1: Despoblacion severa,51.2,-48.8
49020,Belver de los Montes,Zamora,2,C1: Despoblacion severa,47.1,-52.9
49022,Benegiles,Zamora,2,C1: Despoblacion severa,59.6,-40.4
49023,Bermillo de Sayago,Zamora,2,C1: Despoblacion severa,66.4,-33.6
49026,Bretocino,Zamora,2,C1: Despoblacion severa,57.5,-42.5
49025,Bretó,Zamora,2,C1: Despoblacion severa,61.0,-39.0
49027,Brime de Sog,Zamora,2,C1: Despoblacion severa,42.9,-57.1
49028,Brime de Urz,Zamora,2,C1: Despoblacion severa,57.5,-42.5
49029,Burganes de Valverde,Zamora,2,C1: Despoblacion severa,64.0,-36.0
49030,Bustillo del Oro,Zamora,2,C1: Despoblacion severa,42.9,-57.1
49024,"Bóveda de Toro, La",Zamora,2,C1: Despoblacion severa,66.3,-33.7
49031,Cabañas de Sayago,Zamora,2,C1: Despoblacion severa,65.3,-34.7
49032,Calzadilla de Tera,Zamora,2,C1: Despoblacion severa,53.1,-46.9
49033,Camarzana de Tera,Zamora,2,C1: Despoblacion severa,67.3,-32.7
49036,Carbajales de Alba,Zamora,2,C1: Despoblacion severa,62.9,-37.1
49037,Carbellino,Zamora,2,C1: Despoblacion severa,61.1,-38.9
49038,Casaseca de Campeán,Zamora,2,C1: Despoblacion severa,53.3,-46.7
49040,Castrillo de la Guareña,Zamora,2,C1: Despoblacion severa,74.7,-25.3
49042,Castronuevo,Zamora,2,C1: Despoblacion severa,60.0,-40.0
49043,Castroverde de Campos,Zamora,2,C1: Despoblacion severa,55.2,-44.8
49044,Cazurra,Zamora,2,C1: Despoblacion severa,66.7,-33.3
49034,Cañizal,Zamora,2,C1: Despoblacion severa,62.5,-37.5
49035,Cañizo,Zamora,2,C1: Despoblacion severa,55.0,-45.0
49046,Cerecinos de Campos,Zamora,2,C1: Despoblacion severa,50.9,-49.1
49047,Cerecinos del Carrizal,Zamora,2,C1: Despoblacion severa,64.5,-35.5
49050,Cobreros,Zamora,2,C1: Despoblacion severa,62.1,-37.9
49052,Coomonte,Zamora,2,C1: Despoblacion severa,49.5,-50.5
49053,Coreses,Zamora,2,C1: Despoblacion severa,84.3,-15.7
49054,Corrales del Vino,Zamora,2,C1: Despoblacion severa,76.4,-23.6
49055,Cotanes del Monte,Zamora,2,C1: Despoblacion severa,42.9,-57.1
49056,Cubillos,Zamora,2,C1: Despoblacion severa,71.0,-29.0
49057,Cubo de Benavente,Zamora,2,C1: Despoblacion severa,56.4,-43.6
49058,"Cubo de Tierra del Vino, El",Zamora,2,C1: Despoblacion severa,58.0,-42.0
49059,Cuelgamures,Zamora,2,C1: Despoblacion severa,49.7,-50.3
49062,Espadañedo,Zamora,2,C1: Despoblacion severa,49.5,-50.5
49063,Faramontanos de Tábara,Zamora,2,C1: Despoblacion severa,60.5,-39.5
49064,Fariza,Zamora,2,C1: Despoblacion severa,64.8,-35.2
49065,Fermoselle,Zamora,2,C1: Despoblacion severa,63.5,-36.5
49066,Ferreras de Abajo,Zamora,2,C1: Despoblacion severa,69.6,-30.4
49067,Ferreras de Arriba,Zamora,2,C1: Despoblacion severa,62.2,-37.8
49068,Ferreruela,Zamora,2,C1: Despoblacion severa,58.2,-41.8
49069,Figueruela de Arriba,Zamora,2,C1: Despoblacion severa,52.5,-47.5
49071,Fonfría,Zamora,2,C1: Despoblacion severa,64.8,-35.2
49077,Fresno de Sayago,Zamora,2,C1: Despoblacion severa,45.8,-54.2
49075,Fresno de la Polvorosa,Zamora,2,C1: Despoblacion severa,50.6,-49.4
49078,Friera de Valverde,Zamora,2,C1: Despoblacion severa,39.8,-60.2
49079,Fuente Encalada,Zamora,2,C1: Despoblacion severa,55.1,-44.9
49080,Fuentelapeña,Zamora,2,C1: Despoblacion severa,54.6,-45.4
49082,Fuentes de Ropel,Zamora,2,C1: Despoblacion severa,57.4,-42.6
49083,Fuentesecas,Zamora,2,C1: Despoblacion severa,46.7,-53.3
49084,Fuentespreadas,Zamora,2,C1: Despoblacion severa,63.3,-36.7
49086,Gallegos del Pan,Zamora,2,C1: Despoblacion severa,67.8,-32.2
49087,Gallegos del Río,Zamora,2,C1: Despoblacion severa,48.8,-51.2
49088,Gamones,Zamora,2,C1: Despoblacion severa,84.0,-16.0
49090,Gema,Zamora,2,C1: Despoblacion severa,68.8,-31.2
49091,Granja de Moreruela,Zamora,2,C1: Despoblacion severa,57.3,-42.7
49092,Granucillo,Zamora,2,C1: Despoblacion severa,36.5,-63.5
49093,Guarrate,Zamora,2,C1: Despoblacion severa,79.2,-20.8
49094,Hermisende,Zamora,2,C1: Despoblacion severa,42.9,-57.1
49095,"Hiniesta, La",Zamora,2,C1: Despoblacion severa,72.2,-27.8
49096,Jambrina,Zamora,2,C1: Despoblacion severa,51.2,-48.8
49097,Justel,Zamora,2,C1: Despoblacion severa,39.9,-60.1
49098,Losacino,Zamora,2,C1: Despoblacion severa,49.9,-50.1
49099,Losacio,Zamora,2,C1: Despoblacion severa,48.9,-51.1
49100,Lubián,Zamora,2,C1: Despoblacion severa,74.6,-25.4
49101,Luelmo,Zamora,2,C1: Despoblacion severa,52.9,-47.1
49102,"Maderal, El",Zamora,2,C1: Despoblacion severa,56.0,-44.0
49103,Madridanos,Zamora,2,C1: Despoblacion severa,79.2,-20.8
49104,Mahide,Zamora,2,C1: Despoblacion severa,49.7,-50.3
49105,Maire de Castroponce,Zamora,2,C1: Despoblacion severa,51.1,-48.9
49107,Malva,Zamora,2,C1: Despoblacion severa,36.5,-63.5
49108,Manganeses de la Lampreana,Zamora,2,C1: Despoblacion severa,50.9,-49.1
49109,Manganeses de la Polvorosa,Zamora,2,C1: Despoblacion severa,71.6,-28.4
49110,Manzanal de Arriba,Zamora,2,C1: Despoblacion severa,65.0,-35.0
49112,Manzanal de los Infantes,Zamora,2,C1: Despoblacion severa,69.3,-30.7
49111,Manzanal del Barco,Zamora,2,C1: Despoblacion severa,54.1,-45.9
49113,Matilla de Arzón,Zamora,2,C1: Despoblacion severa,53.4,-46.6
49114,Matilla la Seca,Zamora,2,C1: Despoblacion severa,44.6,-55.4
49116,Melgar de Tera,Zamora,2,C1: Despoblacion severa,53.6,-46.4
49117,Micereces de Tera,Zamora,2,C1: Despoblacion severa,59.4,-40.6
49118,Milles de la Polvorosa,Zamora,2,C1: Despoblacion severa,67.8,-32.2
49119,Molacillos,Zamora,2,C1: Despoblacion severa,69.5,-30.5
49120,Molezuelas de la Carballeda,Zamora,2,C1: Despoblacion severa,36.2,-63.8
49121,Mombuey,Zamora,2,C1: Despoblacion severa,79.2,-20.8
49123,Montamarta,Zamora,2,C1: Despoblacion severa,74.4,-25.6
49124,Moral de Sayago,Zamora,2,C1: Despoblacion severa,64.3,-35.7
49128,Morales de Rey,Zamora,2,C1: Despoblacion severa,66.4,-33.6
49129,Morales de Toro,Zamora,2,C1: Despoblacion severa,79.4,-20.6
49130,Morales de Valverde,Zamora,2,C1: Despoblacion severa,48.1,-51.9
49131,Moralina,Zamora,2,C1: Despoblacion severa,53.7,-46.3
49133,Moreruela de Tábara,Zamora,2,C1: Despoblacion severa,50.7,-49.3
49132,Moreruela de los Infanzones,Zamora,2,C1: Despoblacion severa,62.4,-37.6
49135,Muelas del Pan,Zamora,2,C1: Despoblacion severa,62.7,-37.3
49136,Muga de Sayago,Zamora,2,C1: Despoblacion severa,57.9,-42.1
49137,Navianos de Valverde,Zamora,2,C1: Despoblacion severa,57.3,-42.7
49138,Olmillos de Castro,Zamora,2,C1: Despoblacion severa,40.4,-59.6
49139,Otero de Bodas,Zamora,2,C1: Despoblacion severa,56.4,-43.6
49141,Pajares de la Lampreana,Zamora,2,C1: Despoblacion severa,52.9,-47.1
49143,Palacios de Sanabria,Zamora,2,C1: Despoblacion severa,62.0,-38.0
49145,Pedralba de la Pradería,Zamora,2,C1: Despoblacion severa,59.6,-40.4
49146,"Pego, El",Zamora,2,C1: Despoblacion severa,54.6,-45.4
49147,Peleagonzalo,Zamora,2,C1: Despoblacion severa,61.0,-39.0
49150,Peque,Zamora,2,C1: Despoblacion severa,43.7,-56.3
49152,Pereruela,Zamora,2,C1: Despoblacion severa,64.9,-35.1
49153,Perilla de Castro,Zamora,2,C1: Despoblacion severa,56.4,-43.6
49149,Peñausende,Zamora,2,C1: Despoblacion severa,61.8,-38.2
49155,Piedrahita de Castro,Zamora,2,C1: Despoblacion severa,61.5,-38.5
49156,Pinilla de Toro,Zamora,2,C1: Despoblacion severa,44.0,-56.0
49157,Pino del Oro,Zamora,2,C1: Despoblacion severa,70.6,-29.4
49158,"Piñero, El",Zamora,2,C1: Despoblacion severa,63.8,-36.2
49160,Pobladura de Valderaduey,Zamora,2,C1: Despoblacion severa,40.5,-59.5
49162,Porto,Zamora,2,C1: Despoblacion severa,40.5,-59.5
49163,Pozoantiguo,Zamora,2,C1: Despoblacion severa,48.0,-52.0
49164,Pozuelo de Tábara,Zamora,2,C1: Despoblacion severa,58.1,-41.9
49165,Prado,Zamora,2,C1: Despoblacion severa,46.5,-53.5
49166,Puebla de Sanabria,Zamora,2,C1: Despoblacion severa,79.2,-20.8
49167,Pueblica de Valverde,Zamora,2,C1: Despoblacion severa,47.3,-52.7
49154,Pías,Zamora,2,C1: Despoblacion severa,35.7,-64.3
49168,Quintanilla del Monte,Zamora,2,C1: Despoblacion severa,59.6,-40.4
49169,Quintanilla del Olmo,Zamora,2,C1: Despoblacion severa,56.7,-43.3
49171,Quiruelas de Vidriales,Zamora,2,C1: Despoblacion severa,60.5,-39.5
49172,Rabanales,Zamora,2,C1: Despoblacion severa,53.2,-46.8
49174,Requejo,Zamora,2,C1: Despoblacion severa,46.5,-53.5
49175,Revellinos,Zamora,2,C1: Despoblacion severa,62.3,-37.7
49176,Riofrío de Aliste,Zamora,2,C1: Despoblacion severa,51.9,-48.1
49177,Rionegro del Puente,Zamora,2,C1: Despoblacion severa,52.5,-47.5
49180,Roelos de Sayago,Zamora,2,C1: Despoblacion severa,75.1,-24.9
49181,Rosinos de la Requejada,Zamora,2,C1: Despoblacion severa,53.3,-46.7
49173,Rábano de Aliste,Zamora,2,C1: Despoblacion severa,60.1,-39.9
49183,Salce,Zamora,2,C1: Despoblacion severa,49.7,-50.3
49184,Samir de los Caños,Zamora,2,C1: Despoblacion severa,60.3,-39.7
49185,San Agustín del Pozo,Zamora,2,C1: Despoblacion severa,73.1,-26.9
49186,San Cebrián de Castro,Zamora,2,C1: Despoblacion severa,58.8,-41.2
49188,San Esteban del Molar,Zamora,2,C1: Despoblacion severa,59.7,-40.3
49189,San Justo,Zamora,2,C1: Despoblacion severa,52.3,-47.7
49190,San Martín de Valderaduey,Zamora,2,C1: Despoblacion severa,42.0,-58.0
49191,San Miguel de la Ribera,Zamora,2,C1: Despoblacion severa,55.3,-44.7
49192,San Miguel del Valle,Zamora,2,C1: Despoblacion severa,47.5,-52.5
49193,San Pedro de Ceque,Zamora,2,C1: Despoblacion severa,57.8,-42.2
49194,San Pedro de la Nave-Almendra,Zamora,2,C1: Despoblacion severa,58.0,-42.0
49208,San Vicente de la Cabeza,Zamora,2,C1: Despoblacion severa,45.8,-54.2
49209,San Vitero,Zamora,2,C1: Despoblacion severa,52.5,-47.5
49197,Santa Clara de Avedillo,Zamora,2,C1: Despoblacion severa,58.0,-42.0
49199,Santa Colomba de las Monjas,Zamora,2,C1: Despoblacion severa,65.7,-34.3
49201,Santa Croya de Tera,Zamora,2,C1: Despoblacion severa,49.5,-50.5
49202,Santa Eufemia del Barco,Zamora,2,C1: Despoblacion severa,55.0,-45.0
49204,Santa María de Valverde,Zamora,2,C1: Despoblacion severa,46.3,-53.7
49203,Santa María de la Vega,Zamora,2,C1: Despoblacion severa,48.6,-51.4
49205,Santibáñez de Tera,Zamora,2,C1: Despoblacion severa,56.0,-44.0
49206,Santibáñez de Vidriales,Zamora,2,C1: Despoblacion severa,58.9,-41.1
49207,Santovenia,Zamora,2,C1: Despoblacion severa,47.4,-52.6
49210,Sanzoles,Zamora,2,C1: Despoblacion severa,62.3,-37.7
49216,Tapioles,Zamora,2,C1: Despoblacion severa,49.6,-50.4
49220,"Torre del Valle, La",Zamora,2,C1: Despoblacion severa,61.0,-39.0
49222,Torres del Carrizal,Zamora,2,C1: Despoblacion severa,74.4,-25.6
49224,Trefacio,Zamora,2,C1: Despoblacion severa,63.2,-36.8
49225,Uña de Quintana,Zamora,2,C1: Despoblacion severa,50.0,-50.0
49229,Valdescorriel,Zamora,2,C1: Despoblacion severa,65.5,-34.5
49230,Vallesa de la Guareña,Zamora,2,C1: Despoblacion severa,34.5,-65.5
49231,Vega de Tera,Zamora,2,C1: Despoblacion severa,48.3,-51.7
49232,Vega de Villalobos,Zamora,2,C1: Despoblacion severa,52.1,-47.9
49233,Vegalatrave,Zamora,2,C1: Despoblacion severa,45.7,-54.3
49234,Venialbo,Zamora,2,C1: Despoblacion severa,76.6,-23.4
49235,Vezdemarbán,Zamora,2,C1: Despoblacion severa,57.0,-43.0
49236,Vidayanes,Zamora,2,C1: Despoblacion severa,57.8,-42.2
49237,Videmala,Zamora,2,C1: Despoblacion severa,58.0,-42.0
49238,Villabrázaro,Zamora,2,C1: Despoblacion severa,59.3,-40.7
49239,Villabuena del Puente,Zamora,2,C1: Despoblacion severa,55.1,-44.9
49240,Villadepera,Zamora,2,C1: Despoblacion severa,55.9,-44.1
49241,Villaescusa,Zamora,2,C1: Despoblacion severa,59.1,-40.9
49243,Villaferrueña,Zamora,2,C1: Despoblacion severa,62.5,-37.5
49242,Villafáfila,Zamora,2,C1: Despoblacion severa,62.4,-37.6
49244,Villageriz,Zamora,2,C1: Despoblacion severa,85.1,-14.9
49245,Villalazán,Zamora,2,C1: Despoblacion severa,59.1,-40.9
49246,Villalba de la Lampreana,Zamora,2,C1: Despoblacion severa,61.3,-38.7
49247,Villalcampo,Zamora,2,C1: Despoblacion severa,50.3,-49.7
49248,Villalobos,Zamora,2,C1: Despoblacion severa,56.8,-43.2
49249,Villalonso,Zamora,2,C1: Despoblacion severa,54.8,-45.2
49250,Villalpando,Zamora,2,C1: Despoblacion severa,80.4,-19.6
49251,Villalube,Zamora,2,C1: Despoblacion severa,41.0,-59.0
49252,Villamayor de Campos,Zamora,2,C1: Despoblacion severa,57.5,-42.5
49255,Villamor de los Escuderos,Zamora,2,C1: Despoblacion severa,58.1,-41.9
49257,Villanueva de Azoague,Zamora,2,C1: Despoblacion severa,98.3,-1.7
49258,Villanueva de Campeán,Zamora,2,C1: Despoblacion severa,55.6,-44.4
49259,Villanueva de las Peras,Zamora,2,C1: Despoblacion severa,41.3,-58.7
49260,Villanueva del Campo,Zamora,2,C1: Despoblacion severa,65.4,-34.6
49256,Villanázar,Zamora,2,C1: Despoblacion severa,63.7,-36.3
49263,Villar de Fallaves,Zamora,2,C1: Despoblacion severa,43.5,-56.5
49264,Villar del Buey,Zamora,2,C1: Despoblacion severa,52.0,-48.0
49262,Villardeciervos,Zamora,2,C1: Despoblacion severa,65.5,-34.5
49265,Villardiegua de la Ribera,Zamora,2,C1: Despoblacion severa,58.2,-41.8
49267,Villardondiego,Zamora,2,C1: Despoblacion severa,74.8,-25.2
49268,Villarrín de Campos,Zamora,2,C1: Despoblacion severa,57.8,-42.2
49269,Villaseco del Pan,Zamora,2,C1: Despoblacion severa,57.3,-42.7
49270,Villavendimio,Zamora,2,C1: Despoblacion severa,66.4,-33.6
49272,Villaveza de Valverde,Zamora,2,C1: Despoblacion severa,47.4,-52.6
49266,Villárdiga,Zamora,2,C1: Despoblacion severa,48.4,-51.6
49273,Viñas,Zamora,2,C1: Despoblacion severa,47.3,-52.7
5005,Albornos,Ávila,2,C1: Despoblacion severa,61.6,-38.4
5007,Aldeanueva de Santa Cruz,Ávila,2,C1: Despoblacion severa,51.8,-48.2
5008,Aldeaseca,Ávila,2,C1: Despoblacion severa,58.3,-41.7
5010,"Aldehuela, La",Ávila,2,C1: Despoblacion severa,48.5,-51.5
5012,Amavida,Ávila,2,C1: Despoblacion severa,64.5,-35.5
5015,Arevalillo,Ávila,2,C1: Despoblacion severa,38.2,-61.8
5017,Aveinte,Ávila,2,C1: Despoblacion severa,43.8,-56.2
5018,Avellaneda,Ávila,2,C1: Despoblacion severa,53.5,-46.5
5023,Barromán,Ávila,2,C1: Despoblacion severa,65.7,-34.3
5024,Becedas,Ávila,2,C1: Despoblacion severa,31.8,-68.2
5025,Becedillas,Ávila,2,C1: Despoblacion severa,38.5,-61.5
5026,Bercial de Zapardiel,Ávila,2,C1: Despoblacion severa,51.6,-48.4
5027,"Berlanas, Las",Ávila,2,C1: Despoblacion severa,87.5,-12.5
5029,Bernuy-Zapardiel,Ávila,2,C1: Despoblacion severa,30.4,-69.6
5033,Blascomillán,Ávila,2,C1: Despoblacion severa,53.3,-46.7
5034,Blasconuño de Matacabras,Ávila,2,C1: Despoblacion severa,51.9,-48.1
5035,Blascosancho,Ávila,2,C1: Despoblacion severa,52.1,-47.9
5036,"Bohodón, El",Ávila,2,C1: Despoblacion severa,48.4,-51.6
5037,Bohoyo,Ávila,2,C1: Despoblacion severa,40.7,-59.3
5038,Bonilla de la Sierra,Ávila,2,C1: Despoblacion severa,68.8,-31.2
5039,Brabos,Ávila,2,C1: Despoblacion severa,44.7,-55.3
5040,Bularros,Ávila,2,C1: Despoblacion severa,43.3,-56.7
5042,Cabezas de Alambre,Ávila,2,C1: Despoblacion severa,59.1,-40.9
5043,Cabezas del Pozo,Ávila,2,C1: Despoblacion severa,44.7,-55.3
5044,Cabezas del Villar,Ávila,2,C1: Despoblacion severa,42.5,-57.5
5045,Cabizuela,Ávila,2,C1: Despoblacion severa,56.7,-43.3
5046,Canales,Ávila,2,C1: Despoblacion severa,61.8,-38.2
5048,Cantiveros,Ávila,2,C1: Despoblacion severa,53.4,-46.6
5051,"Carrera, La",Ávila,2,C1: Despoblacion severa,51.3,-48.7
5053,Casasola,Ávila,2,C1: Despoblacion severa,35.4,-64.6
5054,Casavieja,Ávila,2,C1: Despoblacion severa,81.1,-18.9
5055,Casillas,Ávila,2,C1: Despoblacion severa,70.9,-29.1
5056,Castellanos de Zapardiel,Ávila,2,C1: Despoblacion severa,70.7,-29.3
5058,Cepeda la Mora,Ávila,2,C1: Despoblacion severa,42.0,-58.0
5067,Chamartín,Ávila,2,C1: Despoblacion severa,50.4,-49.6
5059,Cillán,Ávila,2,C1: Despoblacion severa,53.5,-46.5
5060,Cisla,Ávila,2,C1: Despoblacion severa,52.7,-47.3
5062,Collado de Contreras,Ávila,2,C1: Despoblacion severa,51.9,-48.1
5063,Collado del Mirón,Ávila,2,C1: Despoblacion severa,18.6,-81.4
5064,Constanzana,Ávila,2,C1: Despoblacion severa,51.2,-48.8
5065,Crespos,Ávila,2,C1: Despoblacion severa,59.4,-40.6
5066,Cuevas del Valle,Ávila,2,C1: Despoblacion severa,76.4,-23.6
5903,Diego del Carpio,Ávila,2,C1: Despoblacion severa,32.1,-67.9
5069,Donjimeno,Ávila,2,C1: Despoblacion severa,48.6,-51.4
5070,Donvidas,Ávila,2,C1: Despoblacion severa,44.3,-55.7
5073,Flores de Ávila,Ávila,2,C1: Despoblacion severa,57.8,-42.2
5074,Fontiveros,Ávila,2,C1: Despoblacion severa,65.4,-34.6
5075,Fresnedilla,Ávila,2,C1: Despoblacion severa,74.8,-25.2
5077,Fuente el Saúz,Ávila,2,C1: Despoblacion severa,41.6,-58.4
5078,Fuentes de Año,Ávila,2,C1: Despoblacion severa,40.2,-59.8
5079,Gallegos de Altamiros,Ávila,2,C1: Despoblacion severa,56.0,-44.0
5080,Gallegos de Sobrinos,Ávila,2,C1: Despoblacion severa,36.8,-63.2
5081,Garganta del Villar,Ávila,2,C1: Despoblacion severa,44.0,-56.0
5082,Gavilanes,Ávila,2,C1: Despoblacion severa,69.6,-30.4
5083,Gemuño,Ávila,2,C1: Despoblacion severa,63.1,-36.9
5085,Gil García,Ávila,2,C1: Despoblacion severa,57.0,-43.0
5084,Gilbuena,Ávila,2,C1: Despoblacion severa,29.4,-70.6
5086,Gimialcón,Ávila,2,C1: Despoblacion severa,55.7,-44.3
5087,Gotarrendura,Ávila,2,C1: Despoblacion severa,91.1,-8.9
5088,Grandes y San Martín,Ávila,2,C1: Despoblacion severa,61.8,-38.2
5089,Guisando,Ávila,2,C1: Despoblacion severa,63.6,-36.4
5090,Gutierre-Muñoz,Ávila,2,C1: Despoblacion severa,46.0,-54.0
5092,Hernansancho,Ávila,2,C1: Despoblacion severa,59.6,-40.4
5094,Herreros de Suso,Ávila,2,C1: Despoblacion severa,56.9,-43.1
5096,"Hija de Dios, La",Ávila,2,C1: Despoblacion severa,69.3,-30.7
5097,"Horcajada, La",Ávila,2,C1: Despoblacion severa,50.4,-49.6
5099,Horcajo de las Torres,Ávila,2,C1: Despoblacion severa,49.0,-51.0
5100,"Hornillo, El",Ávila,2,C1: Despoblacion severa,59.5,-40.5
5102,"Hoyo de Pinares, El",Ávila,2,C1: Despoblacion severa,86.3,-13.7
5101,Hoyocasero,Ávila,2,C1: Despoblacion severa,70.7,-29.3
5103,Hoyorredondo,Ávila,2,C1: Despoblacion severa,42.9,-57.1
5106,Hoyos de Miguel Muñoz,Ávila,2,C1: Despoblacion severa,38.7,-61.3
5104,Hoyos del Collado,Ávila,2,C1: Despoblacion severa,56.0,-44.0
5107,Hurtumpascual,Ávila,2,C1: Despoblacion severa,34.5,-65.5
5108,Junciana,Ávila,2,C1: Despoblacion severa,40.0,-60.0
5109,Langa,Ávila,2,C1: Despoblacion severa,72.5,-27.5
5113,"Llanos de Tormes, Los",Ávila,2,C1: Despoblacion severa,39.0,-61.0
5112,"Losar del Barco, El",Ávila,2,C1: Despoblacion severa,61.1,-38.9
5114,Madrigal de las Altas Torres,Ávila,2,C1: Despoblacion severa,62.0,-38.0
5116,Malpartida de Corneja,Ávila,2,C1: Despoblacion severa,37.2,-62.8
5117,Mamblas,Ávila,2,C1: Despoblacion severa,66.1,-33.9
5118,Mancera de Arriba,Ávila,2,C1: Despoblacion severa,42.3,-57.7
5119,Manjabálago y Ortigosa de Rioalmar,Ávila,2,C1: Despoblacion severa,28.2,-71.8
5120,Marlín,Ávila,2,C1: Despoblacion severa,54.7,-45.3
5122,Martínez,Ávila,2,C1: Despoblacion severa,42.7,-57.3
5124,Medinilla,Ávila,2,C1: Despoblacion severa,32.0,-68.0
5125,Mengamuñoz,Ávila,2,C1: Despoblacion severa,81.1,-18.9
5126,Mesegar de Corneja,Ávila,2,C1: Despoblacion severa,47.7,-52.3
5127,Mijares,Ávila,2,C1: Despoblacion severa,69.6,-30.4
5128,Mingorría,Ávila,2,C1: Despoblacion severa,75.9,-24.1
5131,Mirueña de los Infanzones,Ávila,2,C1: Despoblacion severa,40.0,-60.0
5129,"Mirón, El",Ávila,2,C1: Despoblacion severa,34.7,-65.3
5132,Mombeltrán,Ávila,2,C1: Despoblacion severa,75.3,-24.7
5133,Monsalupe,Ávila,2,C1: Despoblacion severa,64.6,-35.4
5134,Moraleja de Matacabras,Ávila,2,C1: Despoblacion severa,75.3,-24.7
5135,Muñana,Ávila,2,C1: Despoblacion severa,85.2,-14.8
5136,Muñico,Ávila,2,C1: Despoblacion severa,49.4,-50.6
5138,Muñogalindo,Ávila,2,C1: Despoblacion severa,65.3,-34.7
5139,Muñogrande,Ávila,2,C1: Despoblacion severa,68.5,-31.5
5140,Muñomer del Peco,Ávila,2,C1: Despoblacion severa,79.0,-21.0
5142,Muñosancho,Ávila,2,C1: Despoblacion severa,48.3,-51.7
5143,Muñotello,Ávila,2,C1: Despoblacion severa,37.6,-62.4
5145,Narrillos del Rebollar,Ávila,2,C1: Despoblacion severa,41.5,-58.5
5144,Narrillos del Álamo,Ávila,2,C1: Despoblacion severa,32.4,-67.6
5149,Narros de Saldueña,Ávila,2,C1: Despoblacion severa,48.6,-51.4
5147,Narros del Castillo,Ávila,2,C1: Despoblacion severa,55.7,-44.3
5152,Nava de Arévalo,Ávila,2,C1: Despoblacion severa,62.1,-37.9
5153,Nava del Barco,Ávila,2,C1: Despoblacion severa,40.1,-59.9
5151,Navacepedilla de Corneja,Ávila,2,C1: Despoblacion severa,66.0,-34.0
5154,Navadijos,Ávila,2,C1: Despoblacion severa,43.3,-56.7
5155,Navaescurial,Ávila,2,C1: Despoblacion severa,48.6,-51.4
5157,Navalacruz,Ávila,2,C1: Despoblacion severa,55.8,-44.2
5158,Navalmoral,Ávila,2,C1: Despoblacion severa,70.1,-29.9
5159,Navalonguilla,Ávila,2,C1: Despoblacion severa,38.8,-61.2
5160,Navalosa,Ávila,2,C1: Despoblacion severa,59.0,-41.0
5161,Navalperal de Pinares,Ávila,2,C1: Despoblacion severa,89.1,-10.9
5162,Navalperal de Tormes,Ávila,2,C1: Despoblacion severa,51.4,-48.6
5166,Navarredondilla,Ávila,2,C1: Despoblacion severa,47.4,-52.6
5167,Navarrevisca,Ávila,2,C1: Despoblacion severa,64.6,-35.4
5169,Navatalgordo,Ávila,2,C1: Despoblacion severa,54.4,-45.6
5170,Navatejares,Ávila,2,C1: Despoblacion severa,39.3,-60.7
5171,Neila de San Miguel,Ávila,2,C1: Despoblacion severa,48.9,-51.1
5172,Niharra,Ávila,2,C1: Despoblacion severa,81.9,-18.1
5174,Orbita,Ávila,2,C1: Despoblacion severa,63.1,-36.9
5175,"Oso, El",Ávila,2,C1: Despoblacion severa,54.1,-45.9
5178,Palacios de Goda,Ávila,2,C1: Despoblacion severa,73.9,-26.1
5179,Papatrigo,Ávila,2,C1: Despoblacion severa,62.7,-37.3
5180,"Parral, El",Ávila,2,C1: Despoblacion severa,46.7,-53.3
5182,Pedro Bernardo,Ávila,2,C1: Despoblacion severa,53.6,-46.4
5183,Pedro-Rodríguez,Ávila,2,C1: Despoblacion severa,57.5,-42.5
5185,Peñalba de Ávila,Ávila,2,C1: Despoblacion severa,76.5,-23.5
5186,Piedrahíta,Ávila,2,C1: Despoblacion severa,72.1,-27.9
5188,Poveda,Ávila,2,C1: Despoblacion severa,31.6,-68.4
5189,Poyales del Hoyo,Ávila,2,C1: Despoblacion severa,64.8,-35.2
5191,Pradosegar,Ávila,2,C1: Despoblacion severa,57.1,-42.9
5193,Rasueros,Ávila,2,C1: Despoblacion severa,37.0,-63.0
5194,Riocabado,Ávila,2,C1: Despoblacion severa,60.8,-39.2
5195,Riofrío,Ávila,2,C1: Despoblacion severa,52.5,-47.5
5196,Rivilla de Barajas,Ávila,2,C1: Despoblacion severa,59.0,-41.0
5198,Salvadiós,Ávila,2,C1: Despoblacion severa,52.8,-47.2
5199,San Bartolomé de Béjar,Ávila,2,C1: Despoblacion severa,50.0,-50.0
5200,San Bartolomé de Corneja,Ávila,2,C1: Despoblacion severa,24.4,-75.6
5201,San Bartolomé de Pinares,Ávila,2,C1: Despoblacion severa,60.9,-39.1
5208,San Esteban de Zapardiel,Ávila,2,C1: Despoblacion severa,54.1,-45.9
5206,San Esteban de los Patos,Ávila,2,C1: Despoblacion severa,38.0,-62.0
5207,San Esteban del Valle,Ávila,2,C1: Despoblacion severa,77.0,-23.0
5209,San García de Ingelmos,Ávila,2,C1: Despoblacion severa,34.4,-65.6
5901,San Juan de Gredos,Ávila,2,C1: Despoblacion severa,51.4,-48.6
5210,San Juan de la Encinilla,Ávila,2,C1: Despoblacion severa,46.4,-53.6
5211,San Juan de la Nava,Ávila,2,C1: Despoblacion severa,59.9,-40.1
5212,San Juan del Molinillo,Ávila,2,C1: Despoblacion severa,69.6,-30.4
5213,San Juan del Olmo,Ávila,2,C1: Despoblacion severa,37.6,-62.4
5214,San Lorenzo de Tormes,Ávila,2,C1: Despoblacion severa,47.8,-52.2
5215,San Martín de la Vega del Alberche,Ávila,2,C1: Despoblacion severa,50.3,-49.7
5216,San Martín del Pimpollar,Ávila,2,C1: Despoblacion severa,62.1,-37.9
5217,San Miguel de Corneja,Ávila,2,C1: Despoblacion severa,49.2,-50.8
5218,San Miguel de Serrezuela,Ávila,2,C1: Despoblacion severa,44.4,-55.6
5219,San Pascual,Ávila,2,C1: Despoblacion severa,74.6,-25.4
5231,San Vicente de Arévalo,Ávila,2,C1: Despoblacion severa,73.4,-26.6
5205,Sanchorreja,Ávila,2,C1: Despoblacion severa,56.6,-43.4
5222,Santa Cruz de Pinares,Ávila,2,C1: Despoblacion severa,77.2,-22.8
5221,Santa Cruz del Valle,Ávila,2,C1: Despoblacion severa,45.0,-55.0
5226,Santa María de los Caballeros,Ávila,2,C1: Despoblacion severa,30.8,-69.2
5224,Santa María del Arroyo,Ávila,2,C1: Despoblacion severa,71.0,-29.0
5225,Santa María del Berrocal,Ávila,2,C1: Despoblacion severa,64.0,-36.0
5228,Santiago del Collado,Ávila,2,C1: Despoblacion severa,53.0,-47.0
5904,Santiago del Tormes,Ávila,2,C1: Despoblacion severa,32.2,-67.8
5229,Santo Domingo de las Posadas,Ávila,2,C1: Despoblacion severa,70.3,-29.7
5230,Santo Tomé de Zabarcos,Ávila,2,C1: Despoblacion severa,56.5,-43.5
5232,"Serrada, La",Ávila,2,C1: Despoblacion severa,89.2,-10.8
5233,Serranillos,Ávila,2,C1: Despoblacion severa,54.5,-45.5
5234,Sigeres,Ávila,2,C1: Despoblacion severa,48.8,-51.2
5235,Sinlabajos,Ávila,2,C1: Despoblacion severa,50.8,-49.2
5237,Solana de Rioalmar,Ávila,2,C1: Despoblacion severa,46.4,-53.6
5236,Solana de Ávila,Ávila,2,C1: Despoblacion severa,40.6,-59.4
5238,Solosancho,Ávila,2,C1: Despoblacion severa,68.1,-31.9
5243,Tolbaños,Ávila,2,C1: Despoblacion severa,59.2,-40.8
5244,Tormellas,Ávila,2,C1: Despoblacion severa,29.4,-70.6
5247,"Torre, La",Ávila,2,C1: Despoblacion severa,44.8,-55.2
5246,Tórtoles,Ávila,2,C1: Despoblacion severa,27.8,-72.2
5249,Umbrías,Ávila,2,C1: Despoblacion severa,55.6,-44.4
5251,Vadillo de la Sierra,Ávila,2,C1: Despoblacion severa,28.6,-71.4
5252,Valdecasa,Ávila,2,C1: Despoblacion severa,42.9,-57.1
5253,Vega de Santa María,Ávila,2,C1: Despoblacion severa,60.7,-39.3
5254,Velayos,Ávila,2,C1: Despoblacion severa,70.2,-29.8
5256,Villaflor,Ávila,2,C1: Despoblacion severa,57.1,-42.9
5257,Villafranca de la Sierra,Ávila,2,C1: Despoblacion severa,58.4,-41.6
5905,Villanueva de Ávila,Ávila,2,C1: Despoblacion severa,33.0,-67.0
5259,Villanueva del Aceral,Ávila,2,C1: Despoblacion severa,41.1,-58.9
5260,Villanueva del Campillo,Ávila,2,C1: Despoblacion severa,47.6,-52.4
5261,Villar de Corneja,Ávila,2,C1: Despoblacion severa,36.0,-64.0
5262,Villarejo del Valle,Ávila,2,C1: Despoblacion severa,59.6,-40.4
5263,Villatoro,Ávila,2,C1: Despoblacion severa,59.8,-40.2
5265,Vita,Ávila,2,C1: Despoblacion severa,66.4,-33.6
5264,Viñegra de Moraña,Ávila,2,C1: Despoblacion severa,48.5,-51.5
5266,Zapardiel de la Cañada,Ávila,2,C1: Despoblacion severa,37.7,-62.3
5267,Zapardiel de la Ribera,Ávila,2,C1: Despoblacion severa,63.4,-36.6
9023,Arcos,Burgos,3,C4: Crecimiento alto,732.1,632.1
34217,Villalobón,Palencia,3,C4: Crecimiento alto,669.5,569.5
37085,Carbajosa de la Sagrada,Salamanca,3,C4: Crecimiento alto,691.9,591.9
37092,Castellanos de Moriscos,Salamanca,3,C4: Crecimiento alto,835.3,735.3
40077,Espirdo,Segovia,3,C4: Crecimiento alto,733.2,633.2
40101,Hontanares de Eresma,Segovia,3,C4: Crecimiento alto,1063.3,963.3
40104,Ituero y Lama,Segovia,3,C4: Crecimiento alto,664.9,564.9
47010,Arroyo de la Encomienda,Valladolid,3,C4: Crecimiento alto,1181.3,1081.3
47231,Zaratán,Valladolid,3,C4: Crecimiento alto,523.0,423.0
