codigo_ine,nombre,provincia,pob_2015,pob_2024,tasa_cambio_pob,clase_despoblacion,porc_65,ind_envej,subv_per_capita,bares_1000,restaurantes_1000,cafeterias_1000,alojamiento_1000,estab_total_1000,tiene_hospital,tiene_cs
05001,Adanero,Ávila,231,208,-9.96,Media,30.4,361.1,360.08,18.7,4.7,9.3,23.4,56.1,0,0
05002,"Adrada, La",Ávila,2640,2796,5.91,Crecimiento,22.1,116.4,139.7,10.8,5.2,1.7,22.0,39.8,0,0
05005,Albornos,Ávila,205,175,-14.63,Media,30.0,392.3,496.96,11.8,0.0,0.0,0.0,11.8,0,0
05007,Aldeanueva de Santa Cruz,Ávila,123,102,-17.07,Alta,44.1,642.9,597.43,19.6,0.0,0.0,19.6,39.2,0,0
05008,Aldeaseca,Ávila,262,203,-22.52,Alta,40.3,326.9,382.03,4.7,0.0,0.0,0.0,4.7,0,0
05010,"Aldehuela, La",Ávila,173,143,-17.34,Alta,38.7,423.1,616.39,28.2,0.0,0.0,56.3,84.5,0,0
05012,Amavida,Ávila,147,133,-9.52,Media,37.4,306.2,558.09,7.6,7.6,0.0,38.2,53.4,0,0
05013,"Arenal, El",Ávila,1011,978,-3.26,Leve,36.4,306.9,203.33,16.4,5.1,3.1,26.6,51.2,0,0
05014,Arenas de San Pedro,Ávila,6671,6438,-3.49,Leve,28.7,188.1,72.46,9.3,5.2,1.4,22.2,38.1,0,0
05015,Arevalillo,Ávila,92,58,-36.96,Alta,44.1,650.0,1022.58,33.9,0.0,0.0,0.0,33.9,0,0
05016,Arévalo,Ávila,8172,7830,-4.19,Leve,22.6,125.4,66.54,7.5,2.5,0.9,4.4,15.4,1,1
05017,Aveinte,Ávila,84,73,-13.1,Media,40.3,0.0,926.06,44.8,0.0,0.0,14.9,59.7,0,0
05018,Avellaneda,Ávila,29,23,-20.69,Alta,13.0,0.0,2484.52,0.0,0.0,0.0,87.0,87.0,0,0
05021,"Barco de Ávila, El",Ávila,2576,2297,-10.83,Media,26.8,163.9,131.73,10.8,7.3,1.7,10.8,30.6,0,0
05022,"Barraco, El",Ávila,1968,2027,3.0,Crecimiento,29.3,183.2,130.21,10.1,8.6,0.5,53.7,72.9,0,0
05023,Barromán,Ávila,196,175,-10.71,Media,35.6,885.7,428.95,11.5,0.0,0.0,0.0,11.5,0,0
05024,Becedas,Ávila,236,151,-36.02,Alta,49.3,1480.0,462.74,33.3,6.7,0.0,33.3,73.3,0,0
05025,Becedillas,Ávila,103,69,-33.01,Alta,48.6,1133.3,1206.71,14.3,0.0,0.0,0.0,14.3,0,0
05026,Bercial de Zapardiel,Ávila,221,173,-21.72,Alta,44.6,1850.0,460.8,12.0,0.0,0.0,0.0,12.0,0,0
05027,"Berlanas, Las",Ávila,330,323,-2.12,Leve,32.9,321.2,294.96,9.3,0.0,0.0,6.2,15.5,0,0
05029,Bernuy-Zapardiel,Ávila,131,84,-35.88,Alta,46.9,1900.0,827.98,24.7,0.0,0.0,0.0,24.7,0,0
05030,Berrocalejo de Aragona,Ávila,51,56,9.8,Crecimiento,29.1,177.8,964.5,0.0,18.2,0.0,72.7,90.9,0,0
05033,Blascomillán,Ávila,197,170,-13.71,Media,42.6,514.3,393.34,17.8,0.0,0.0,0.0,17.8,0,0
05034,Blasconuño de Matacabras,Ávila,15,14,-6.67,Media,71.4,0.0,4148.78,0,0,0,0,0,0,0
05035,Blascosancho,Ávila,117,100,-14.53,Media,36.0,620.0,740.22,34.9,0.0,0.0,11.6,46.5,0,0
05036,"Bohodón, El",Ávila,129,110,-14.73,Media,41.3,2150.0,750.05,19.2,0.0,0.0,9.6,28.8,0,0
05037,Bohoyo,Ávila,304,214,-29.61,Alta,47.5,692.9,460.07,14.7,14.7,0.0,44.1,73.5,0,0
05038,Bonilla de la Sierra,Ávila,129,163,26.36,Crecimiento,41.0,475.0,641.58,21.6,7.2,0.0,36.0,64.7,0,0
05039,Brabos,Ávila,49,35,-28.57,Alta,47.4,0.0,1965.11,0,0,0,0,0,0,0
05040,Bularros,Ávila,69,55,-20.29,Alta,47.3,0.0,1412.04,0.0,0.0,0.0,18.2,18.2,0,0
05041,Burgohondo,Ávila,1228,1249,1.71,Crecimiento,31.1,200.0,129.58,12.6,7.1,0.8,41.6,62.1,0,1
05042,Cabezas de Alambre,Ávila,168,153,-8.93,Media,39.2,352.9,498.83,6.5,0.0,0.0,0.0,6.5,0,0
05043,Cabezas del Pozo,Ávila,88,82,-6.82,Media,44.4,900.0,879.73,12.3,0.0,0.0,0.0,12.3,0,0
05044,Cabezas del Villar,Ávila,261,224,-14.18,Media,44.1,526.3,374.65,22.0,4.4,0.0,8.8,35.2,0,0
05045,Cabizuela,Ávila,98,88,-10.2,Media,33.3,214.3,707.08,11.1,0.0,0.0,0.0,11.1,0,0
05046,Canales,Ávila,56,35,-37.5,Alta,23.8,83.3,1488.58,0,0,0,0,0,0,0
05047,Candeleda,Ávila,5104,5031,-1.43,Leve,27.6,183.9,84.22,11.4,7.4,1.0,49.2,69.0,0,1
05048,Cantiveros,Ávila,126,99,-21.43,Alta,44.1,1125.0,660.47,9.8,0.0,0.0,19.6,29.4,0,0
05049,Cardeñosa,Ávila,454,419,-7.71,Media,28.8,364.7,278.01,11.6,0.0,0.0,32.5,44.1,0,0
05051,"Carrera, La",Ávila,201,160,-20.4,Alta,40.6,572.7,540.83,19.4,6.5,0.0,77.4,103.2,0,0
05052,Casas del Puerto,Ávila,100,83,-17.0,Alta,46.8,740.0,834.74,25.3,12.7,0.0,50.6,88.6,0,0
05053,Casasola,Ávila,78,63,-19.23,Alta,58.0,1000.0,1140.42,14.5,0.0,0.0,0.0,14.5,0,0
05054,Casavieja,Ávila,1507,1394,-7.5,Media,30.3,220.7,117.26,16.8,8.0,2.9,17.5,45.2,0,0
05055,Casillas,Ávila,704,669,-4.97,Leve,33.0,274.1,309.57,16.4,3.0,0.0,7.4,26.8,0,0
05056,Castellanos de Zapardiel,Ávila,97,113,16.49,Crecimiento,35.5,760.0,625.12,9.3,0.0,0.0,0.0,9.3,0,0
05057,Cebreros,Ávila,3232,3239,0.22,Crecimiento,25.3,144.7,118.53,9.3,3.3,0.0,6.0,18.6,0,1
05058,Cepeda la Mora,Ávila,85,66,-22.35,Alta,34.4,1100.0,1041.71,46.9,0.0,0.0,31.2,78.1,0,0
05067,Chamartín,Ávila,92,62,-32.61,Alta,22.2,466.7,1067.64,0,0,0,0,0,0,0
05059,Cillán,Ávila,110,79,-28.18,Alta,41.0,850.0,809.07,24.1,0.0,0.0,36.1,60.2,0,0
05060,Cisla,Ávila,118,102,-13.56,Media,38.3,410.0,641.46,9.3,0.0,0.0,0.0,9.3,0,0
05061,"Colilla, La",Ávila,331,375,13.29,Crecimiento,15.4,77.3,276.44,8.0,8.0,0.0,8.0,23.9,0,0
05062,Collado de Contreras,Ávila,192,145,-24.48,Alta,43.0,1280.0,433.36,20.1,0.0,0.0,0.0,20.1,0,0
05063,Collado del Mirón,Ávila,35,20,-42.86,Alta,57.9,0.0,3160.58,0,0,0,0,0,0,0
05064,Constanzana,Ávila,116,99,-14.66,Media,45.2,587.5,837.68,9.6,0.0,0.0,0.0,9.6,0,0
05065,Crespos,Ávila,526,482,-8.37,Media,33.9,345.7,349.51,10.7,6.4,0.0,2.1,19.2,0,0
05066,Cuevas del Valle,Ávila,516,517,0.19,Crecimiento,33.5,305.4,276.7,13.7,11.7,0.0,33.3,58.7,0,0
05903,Diego del Carpio,Ávila,161,106,-34.16,Alta,43.0,1150.0,887.68,18.7,0.0,0.0,0.0,18.7,0,0
05069,Donjimeno,Ávila,82,72,-12.2,Media,45.7,1066.7,0.0,14.3,0.0,0.0,0.0,14.3,0,0
05070,Donvidas,Ávila,37,36,-2.7,Leve,45.2,1400.0,2092.19,0,0,0,0,0,0,0
05072,Espinosa de los Caballeros,Ávila,102,97,-4.9,Leve,26.4,121.7,581.44,9.4,9.4,0.0,0.0,18.9,0,0
05073,Flores de Ávila,Ávila,320,270,-15.62,Alta,40.1,477.3,434.79,19.1,0.0,0.0,0.0,19.1,0,0
05074,Fontiveros,Ávila,770,725,-5.84,Media,36.7,341.6,244.94,8.4,7.0,2.8,5.6,23.7,0,1
05075,Fresnedilla,Ávila,131,97,-25.95,Alta,47.9,409.1,698.01,21.3,0.0,21.3,117.0,159.6,0,0
05076,"Fresno, El",Ávila,601,591,-1.66,Leve,20.8,113.1,268.46,6.9,3.4,0.0,12.0,22.3,0,0
05077,Fuente el Saúz,Ávila,182,151,-17.03,Alta,42.5,516.7,461.98,13.7,0.0,0.0,13.7,27.4,0,0
05078,Fuentes de Año,Ávila,126,88,-30.16,Alta,53.8,2450.0,720.88,11.0,0.0,0.0,0.0,11.0,0,0
05079,Gallegos de Altamiros,Ávila,72,60,-16.67,Alta,39.3,480.0,1347.12,0.0,0.0,0.0,16.4,16.4,0,0
05080,Gallegos de Sobrinos,Ávila,56,45,-19.64,Alta,51.2,2100.0,1913.53,0.0,0.0,0.0,48.8,48.8,0,0
05081,Garganta del Villar,Ávila,40,39,-2.5,Leve,35.1,433.3,1802.49,27.0,0.0,0.0,0.0,27.0,0,0
05082,Gavilanes,Ávila,619,529,-14.54,Media,38.0,355.4,307.13,13.4,9.5,0.0,21.0,43.9,0,0
05083,Gemuño,Ávila,169,142,-15.98,Alta,38.8,285.0,424.17,13.6,0.0,0.0,0.0,13.6,0,0
05085,Gil García,Ávila,43,48,11.63,Crecimiento,35.6,177.8,1319.1,0.0,0.0,0.0,155.6,155.6,0,0
05084,Gilbuena,Ávila,73,47,-35.62,Alta,59.1,0.0,1374.07,22.7,0.0,0.0,45.5,68.2,0,0
05086,Gimialcón,Ávila,85,66,-22.35,Alta,41.1,1500.0,848.35,13.7,0.0,0.0,0.0,13.7,0,0
05087,Gotarrendura,Ávila,164,167,1.83,Crecimiento,35.3,305.0,466.85,0.0,5.8,0.0,17.3,23.1,0,0
05088,Grandes y San Martín,Ávila,30,32,6.67,Crecimiento,30.3,333.3,2319.3,0,0,0,0,0,0,0
05089,Guisando,Ávila,534,474,-11.24,Media,35.9,638.5,339.93,19.4,19.4,0.0,43.2,82.1,0,0
05090,Gutierre-Muñoz,Ávila,90,64,-28.89,Alta,42.9,1350.0,1026.39,31.7,0.0,0.0,0.0,31.7,0,0
05092,Hernansancho,Ávila,184,142,-22.83,Alta,41.4,644.4,473.77,14.3,7.1,0.0,14.3,35.7,0,0
05093,Herradón de Pinares,Ávila,549,495,-9.84,Media,27.3,215.7,291.25,12.6,3.6,0.0,19.9,36.1,0,0
05094,Herreros de Suso,Ávila,145,140,-3.45,Leve,33.8,247.4,421.2,14.4,0.0,0.0,7.2,21.6,0,0
05095,Higuera de las Dueñas,Ávila,302,270,-10.6,Media,31.9,263.3,381.89,20.2,8.1,4.0,24.2,56.5,0,0
05096,"Hija de Dios, La",Ávila,82,75,-8.54,Media,43.0,566.7,1018.11,25.3,0.0,0.0,0.0,25.3,0,0
05097,"Horcajada, La",Ávila,525,457,-12.95,Media,41.7,520.0,305.06,18.3,0.0,0.0,29.8,48.2,0,0
05099,Horcajo de las Torres,Ávila,556,441,-20.68,Alta,38.4,465.7,308.49,14.1,2.4,0.0,4.7,21.2,0,0
05100,"Hornillo, El",Ávila,317,280,-11.67,Media,43.5,814.3,353.59,11.5,7.6,0.0,42.0,61.1,0,0
05102,"Hoyo de Pinares, El",Ávila,2308,2183,-5.42,Media,25.8,137.6,215.86,11.4,2.7,0.0,4.6,18.8,0,0
05101,Hoyocasero,Ávila,369,311,-15.72,Alta,42.4,961.5,313.01,23.7,3.4,3.4,27.1,57.6,0,0
05103,Hoyorredondo,Ávila,77,59,-23.38,Alta,43.9,1250.0,1474.73,0.0,17.5,0.0,70.2,87.7,0,0
05106,Hoyos de Miguel Muñoz,Ávila,35,27,-22.86,Alta,33.3,800.0,2432.6,0.0,0.0,0.0,83.3,83.3,0,0
05104,Hoyos del Collado,Ávila,33,30,-9.09,Media,42.9,600.0,2086.98,0.0,0.0,0.0,107.1,107.1,0,0
05105,Hoyos del Espino,Ávila,364,344,-5.49,Media,31.1,316.7,301.43,27.3,27.3,8.2,136.6,199.5,0,0
05107,Hurtumpascual,Ávila,62,42,-32.26,Alta,47.7,0.0,1747.61,0,0,0,0,0,0,0
05108,Junciana,Ávila,53,40,-24.53,Alta,32.5,325.0,1598.16,50.0,0.0,0.0,0.0,50.0,0,0
05109,Langa,Ávila,520,450,-13.46,Media,28.8,232.7,290.54,11.3,0.0,0.0,4.5,15.8,0,0
05110,Lanzahíta,Ávila,905,788,-12.93,Media,31.4,226.5,277.64,23.3,6.1,0.0,17.2,46.6,0,1
05113,"Llanos de Tormes, Los",Ávila,82,63,-23.17,Alta,53.6,1000.0,1384.92,0.0,0.0,17.9,53.6,71.4,0,0
05112,"Losar del Barco, El",Ávila,109,103,-5.5,Media,28.0,215.4,859.93,10.0,0.0,0.0,20.0,30.0,0,0
05114,Madrigal de las Altas Torres,Ávila,1524,1299,-14.76,Media,33.2,377.0,150.32,13.2,3.9,0.0,2.3,19.5,0,1
05115,Maello,Ávila,647,700,8.19,Crecimiento,31.0,320.0,235.84,22.1,4.1,0.0,23.5,49.8,0,0
05116,Malpartida de Corneja,Ávila,123,91,-26.02,Alta,60.0,771.4,684.21,0,0,0,0,0,0,0
05117,Mamblas,Ávila,220,196,-10.91,Media,41.6,438.9,397.1,10.5,0.0,0.0,0.0,10.5,0,0
05118,Mancera de Arriba,Ávila,88,70,-20.45,Alta,35.8,342.9,951.77,29.9,0.0,0.0,0.0,29.9,0,0
05119,Manjabálago y Ortigosa de Rioalmar,Ávila,34,26,-23.53,Alta,54.5,1200.0,3500.42,0,0,0,0,0,0,0
05120,Marlín,Ávila,37,31,-16.22,Alta,46.7,1400.0,2016.03,0.0,0.0,0.0,100.0,100.0,0,0
05121,Martiherrero,Ávila,307,361,17.59,Crecimiento,22.4,145.6,305.51,5.4,8.1,0.0,24.3,37.7,0,0
05122,Martínez,Ávila,139,108,-22.3,Alta,55.0,2033.3,574.11,27.0,0.0,0.0,0.0,27.0,0,0
05123,Mediana de Voltoya,Ávila,106,117,10.38,Crecimiento,32.8,542.9,509.81,8.6,0.0,0.0,17.2,25.9,0,0
05124,Medinilla,Ávila,112,77,-31.25,Alta,53.2,2100.0,911.89,38.0,0.0,0.0,25.3,63.3,0,0
05125,Mengamuñoz,Ávila,63,54,-14.29,Media,27.9,141.7,1033.82,16.4,16.4,0.0,16.4,49.2,0,0
05126,Mesegar de Corneja,Ávila,75,66,-12.0,Media,44.4,1400.0,995.32,31.7,0.0,0.0,15.9,47.6,0,0
05127,Mijares,Ávila,767,731,-4.69,Leve,37.4,282.1,247.34,19.6,2.8,0.0,26.5,48.9,0,0
05128,Mingorría,Ávila,407,410,0.74,Crecimiento,27.9,207.0,306.44,9.5,4.7,0.0,11.8,26.0,0,0
05130,Mironcillo,Ávila,101,112,10.89,Crecimiento,38.4,477.8,826.27,26.8,0.0,0.0,17.9,44.6,0,0
05131,Mirueña de los Infanzones,Ávila,98,95,-3.06,Leve,41.4,1800.0,707.04,23.0,0.0,0.0,0.0,23.0,0,0
05129,"Mirón, El",Ávila,134,98,-26.87,Alta,62.4,5800.0,805.68,10.8,0.0,0.0,0.0,10.8,0,0
05132,Mombeltrán,Ávila,1171,916,-21.78,Alta,36.4,339.4,284.49,11.9,7.6,0.0,29.3,48.8,0,1
05133,Monsalupe,Ávila,72,59,-18.06,Alta,40.6,433.3,916.14,0,0,0,0,0,0,0
05134,Moraleja de Matacabras,Ávila,47,53,12.77,Crecimiento,39.3,314.3,1143.41,17.9,0.0,0.0,17.9,35.7,0,0
05135,Muñana,Ávila,435,502,15.4,Crecimiento,26.9,174.0,307.21,4.0,4.0,0.0,16.1,24.1,0,1
05136,Muñico,Ávila,111,80,-27.93,Alta,31.6,250.0,1039.14,50.6,0.0,0.0,50.6,101.3,0,1
05138,Muñogalindo,Ávila,374,300,-19.79,Alta,33.8,336.7,349.39,10.0,0.0,0.0,16.7,26.8,0,0
05139,Muñogrande,Ávila,63,74,17.46,Crecimiento,41.2,660.0,1359.93,0.0,12.5,0.0,0.0,12.5,0,0
05140,Muñomer del Peco,Ávila,131,111,-15.27,Alta,21.2,160.0,571.29,8.8,0.0,0.0,0.0,8.8,0,0
05141,Muñopepe,Ávila,112,104,-7.14,Media,37.1,300.0,594.95,10.3,0.0,0.0,20.6,30.9,0,0
05142,Muñosancho,Ávila,104,88,-15.38,Alta,51.7,2250.0,974.62,11.5,0.0,0.0,11.5,23.0,0,0
05143,Muñotello,Ávila,64,49,-23.44,Alta,50.0,0.0,1244.19,60.0,0.0,0.0,20.0,80.0,0,0
05145,Narrillos del Rebollar,Ávila,56,34,-39.29,Alta,51.5,0.0,0.0,30.3,0.0,0.0,0.0,30.3,0,0
05144,Narrillos del Álamo,Ávila,85,59,-30.59,Alta,35.7,1000.0,895.25,53.6,0.0,0.0,17.9,71.4,0,0
05149,Narros de Saldueña,Ávila,110,106,-3.64,Leve,45.1,1533.3,633.45,9.8,0.0,0.0,0.0,9.8,0,0
05147,Narros del Castillo,Ávila,180,152,-15.56,Alta,36.7,550.0,422.34,13.3,0.0,6.7,0.0,20.0,0,0
05148,Narros del Puerto,Ávila,27,28,3.7,Crecimiento,48.0,1200.0,3967.22,120.0,0.0,0.0,40.0,160.0,0,0
05152,Nava de Arévalo,Ávila,801,663,-17.23,Alta,35.3,458.0,344.23,13.9,0.0,0.0,1.5,15.4,0,0
05153,Nava del Barco,Ávila,108,83,-23.15,Alta,51.9,2100.0,738.01,12.3,0.0,0.0,61.7,74.1,0,0
05151,Navacepedilla de Corneja,Ávila,109,100,-8.26,Media,30.7,281.8,797.53,29.7,0.0,0.0,19.8,49.5,0,0
05154,Navadijos,Ávila,38,29,-23.68,Alta,35.7,1000.0,2457.7,35.7,0.0,0.0,107.1,142.9,0,0
05155,Navaescurial,Ávila,60,53,-11.67,Media,39.0,328.6,1418.03,0.0,0.0,0.0,16.9,16.9,0,0
05156,Navahondilla,Ávila,335,353,5.37,Crecimiento,26.1,251.4,283.21,5.6,0.0,0.0,28.1,33.7,0,0
05157,Navalacruz,Ávila,259,204,-21.24,Alta,41.2,1142.9,423.94,15.5,5.2,0.0,25.8,46.4,0,0
05158,Navalmoral,Ávila,353,412,16.71,Crecimiento,41.2,320.7,239.14,6.7,13.3,0.0,20.0,39.9,0,0
05159,Navalonguilla,Ávila,264,185,-29.92,Alta,58.2,1177.8,447.58,22.0,16.5,0.0,60.4,98.9,0,0
05160,Navalosa,Ávila,333,324,-2.7,Leve,41.6,600.0,317.29,12.6,3.2,3.2,12.6,31.5,0,0
05161,Navalperal de Pinares,Ávila,867,826,-4.73,Leve,29.4,156.0,244.55,13.0,3.6,2.4,13.0,32.0,0,0
05162,Navalperal de Tormes,Ávila,98,77,-21.43,Alta,34.2,416.7,1157.31,41.1,13.7,0.0,137.0,191.8,0,0
05163,Navaluenga,Ávila,2017,2172,7.68,Crecimiento,33.6,240.1,118.56,20.6,3.7,1.4,38.8,64.5,0,0
05164,Navaquesera,Ávila,26,43,65.38,Crecimiento,60.5,0.0,1664.02,26.3,0.0,0.0,26.3,52.6,0,0
05165,Navarredonda de Gredos,Ávila,473,446,-5.71,Media,26.8,195.2,339.4,24.0,13.1,0.0,139.4,176.5,0,0
05166,Navarredondilla,Ávila,217,158,-27.19,Alta,46.3,690.0,527.96,33.6,0.0,0.0,13.4,47.0,0,0
05167,Navarrevisca,Ávila,307,299,-2.61,Leve,33.3,279.4,353.55,35.1,3.5,0.0,24.6,63.2,0,0
05168,"Navas del Marqués, Las",Ávila,5420,5590,3.14,Crecimiento,19.9,84.1,68.48,4.8,1.9,1.6,7.4,15.7,0,0
05169,Navatalgordo,Ávila,239,237,-0.84,Leve,48.7,589.5,335.32,17.4,4.3,0.0,39.1,60.9,0,0
05170,Navatejares,Ávila,54,50,-7.41,Media,52.1,1250.0,1778.4,20.8,0.0,0.0,291.7,312.5,0,0
05171,Neila de San Miguel,Ávila,73,62,-15.07,Alta,47.0,1033.3,909.21,15.2,0.0,0.0,45.5,60.6,0,0
05172,Niharra,Ávila,172,183,6.4,Crecimiento,25.0,252.6,352.55,15.6,0.0,0.0,0.0,15.6,0,0
05173,Ojos-Albos,Ávila,67,96,43.28,Crecimiento,33.0,333.3,610.95,11.0,0.0,0.0,0.0,11.0,0,0
05174,Orbita,Ávila,80,69,-13.75,Media,31.9,328.6,888.16,13.9,13.9,0.0,13.9,41.7,0,0
05175,"Oso, El",Ávila,176,129,-26.7,Alta,43.2,900.0,566.1,8.0,16.0,8.0,24.0,56.0,0,0
05176,Padiernos,Ávila,292,275,-5.82,Media,31.7,191.3,390.63,14.4,3.6,0.0,10.8,28.8,0,0
05177,Pajares de Adaja,Ávila,191,127,-33.51,Alta,41.5,675.0,573.14,23.1,7.7,0.0,123.1,153.8,0,0
05178,Palacios de Goda,Ávila,418,397,-5.02,Media,30.8,273.3,317.75,5.0,2.5,0.0,0.0,7.5,0,0
05179,Papatrigo,Ávila,253,219,-13.44,Media,39.4,322.2,456.43,18.1,0.0,0.0,0.0,18.1,0,0
05180,"Parral, El",Ávila,79,62,-21.52,Alta,52.3,1700.0,898.62,15.4,0.0,0.0,0.0,15.4,0,0
05181,Pascualcobo,Ávila,39,39,0.0,Leve,55.3,0.0,1726.18,26.3,0.0,0.0,0.0,26.3,0,0
05182,Pedro Bernardo,Ávila,921,758,-17.7,Alta,41.6,445.8,267.45,19.4,7.8,2.6,24.6,54.4,0,0
05183,Pedro-Rodríguez,Ávila,158,134,-15.19,Alta,41.5,540.0,568.65,15.4,7.7,0.0,7.7,30.8,0,0
05184,Peguerinos,Ávila,312,294,-5.77,Media,31.0,314.3,378.05,42.3,28.2,0.0,88.0,158.5,0,0
05185,Peñalba de Ávila,Ávila,114,105,-7.89,Media,34.6,276.9,673.86,9.6,0.0,0.0,67.3,76.9,0,0
05186,Piedrahíta,Ávila,1884,1637,-13.11,Media,33.2,265.7,164.33,16.9,7.9,2.4,21.1,48.3,0,1
05187,Piedralaves,Ávila,2208,2150,-2.63,Leve,25.8,172.4,118.67,16.3,8.2,2.7,17.7,44.9,0,0
05188,Poveda,Ávila,50,33,-34.0,Alta,50.0,750.0,1874.01,0,0,0,0,0,0,0
05189,Poyales del Hoyo,Ávila,557,487,-12.57,Media,33.5,293.0,262.17,14.0,6.0,2.0,46.1,68.1,0,0
05190,Pozanco,Ávila,53,60,13.21,Crecimiento,40.4,0.0,1057.7,0,0,0,0,0,0,0
05191,Pradosegar,Ávila,139,117,-15.83,Alta,38.3,820.0,605.14,9.3,0.0,9.3,74.8,93.5,0,0
05192,Puerto Castilla,Ávila,116,98,-15.52,Alta,39.4,487.5,852.04,20.2,0.0,0.0,30.3,50.5,0,0
05193,Rasueros,Ávila,201,160,-20.4,Alta,55.6,2100.0,583.7,26.5,0.0,0.0,0.0,26.5,0,0
05194,Riocabado,Ávila,150,125,-16.67,Alta,34.6,750.0,459.54,15.4,7.7,0.0,7.7,30.8,0,0
05195,Riofrío,Ávila,233,191,-18.03,Alta,46.1,1100.0,642.46,10.5,0.0,0.0,15.7,26.2,0,0
05196,Rivilla de Barajas,Ávila,67,56,-16.42,Alta,23.7,233.3,1255.41,0,0,0,0,0,0,0
05197,Salobral,Ávila,110,102,-7.27,Media,30.6,226.7,609.45,9.0,9.0,0.0,9.0,27.0,0,0
05198,Salvadiós,Ávila,80,71,-11.25,Media,49.2,1600.0,964.82,30.8,15.4,0.0,30.8,76.9,0,0
05199,San Bartolomé de Béjar,Ávila,42,49,16.67,Crecimiento,20.5,180.0,1332.36,0.0,0.0,0.0,45.5,45.5,0,0
05200,San Bartolomé de Corneja,Ávila,54,35,-35.19,Alta,53.1,850.0,2443.33,0.0,0.0,0.0,31.2,31.2,0,0
05201,San Bartolomé de Pinares,Ávila,597,489,-18.09,Alta,36.8,553.1,291.67,10.4,2.1,2.1,22.9,37.4,0,0
05208,San Esteban de Zapardiel,Ávila,41,40,-2.44,Leve,55.0,2200.0,1559.41,25.0,0.0,0.0,0.0,25.0,0,0
05206,San Esteban de los Patos,Ávila,34,20,-41.18,Alta,30.4,0.0,2597.91,0.0,0.0,0.0,130.4,130.4,0,0
05207,San Esteban del Valle,Ávila,800,734,-8.25,Media,38.5,325.3,256.54,10.9,5.4,2.7,12.2,31.2,0,0
05209,San García de Ingelmos,Ávila,82,66,-19.51,Alta,42.2,2700.0,1013.53,15.6,0.0,0.0,0.0,15.6,0,0
05901,San Juan de Gredos,Ávila,291,228,-21.65,Alta,42.0,920.0,597.98,36.5,9.1,4.6,95.9,146.1,0,0
05210,San Juan de la Encinilla,Ávila,90,70,-22.22,Alta,53.6,1233.3,967.74,29.0,0.0,0.0,0.0,29.0,0,1
05211,San Juan de la Nava,Ávila,518,426,-17.76,Alta,33.8,408.6,330.96,11.8,4.7,0.0,0.0,16.5,0,0
05212,San Juan del Molinillo,Ávila,227,234,3.08,Crecimiento,41.8,625.0,494.08,50.2,0.0,0.0,0.0,50.2,0,0
05213,San Juan del Olmo,Ávila,112,81,-27.68,Alta,34.2,0.0,967.67,26.3,0.0,0.0,13.2,39.5,0,0
05214,San Lorenzo de Tormes,Ávila,42,30,-28.57,Alta,38.7,0.0,2522.03,0.0,32.3,0.0,32.3,64.5,0,0
05215,San Martín de la Vega del Alberche,Ávila,181,153,-15.47,Alta,37.8,476.9,389.95,18.3,12.2,0.0,103.7,134.1,0,0
05216,San Martín del Pimpollar,Ávila,185,219,18.38,Crecimiento,36.7,368.2,386.92,36.2,22.6,0.0,63.3,122.2,0,0
05217,San Miguel de Corneja,Ávila,62,70,12.9,Crecimiento,27.9,475.0,979.42,14.7,0.0,0.0,14.7,29.4,0,0
05218,San Miguel de Serrezuela,Ávila,137,106,-22.63,Alta,40.0,420.0,723.2,19.0,9.5,0.0,9.5,38.1,0,0
05219,San Pascual,Ávila,43,45,4.65,Crecimiento,22.7,142.9,1344.7,0.0,0.0,0.0,22.7,22.7,0,0
05220,San Pedro del Arroyo,Ávila,455,501,10.11,Crecimiento,23.7,148.8,399.67,11.7,3.9,1.9,3.9,21.4,0,0
05231,San Vicente de Arévalo,Ávila,190,165,-13.16,Media,32.7,400.0,469.78,17.5,0.0,0.0,29.2,46.8,0,0
05204,Sanchidrián,Ávila,768,708,-7.81,Media,30.2,265.9,247.85,13.9,4.2,2.8,9.7,30.5,0,0
05205,Sanchorreja,Ávila,91,79,-13.19,Media,36.7,966.7,812.93,12.7,12.7,0.0,12.7,38.0,0,0
05222,Santa Cruz de Pinares,Ávila,157,170,8.28,Crecimiento,31.8,337.5,472.94,17.6,0.0,0.0,23.5,41.2,0,0
05221,Santa Cruz del Valle,Ávila,385,304,-21.04,Alta,41.7,683.3,359.46,30.5,0.0,0.0,13.6,44.1,0,0
05226,Santa María de los Caballeros,Ávila,79,72,-8.86,Media,44.4,1200.0,1485.05,0.0,0.0,0.0,37.0,37.0,0,0
05224,Santa María del Arroyo,Ávila,114,102,-10.53,Media,47.6,980.0,727.6,29.1,0.0,0.0,0.0,29.1,0,0
05225,Santa María del Berrocal,Ávila,391,382,-2.3,Leve,38.7,327.3,309.35,16.1,8.1,0.0,10.8,34.9,0,0
05902,Santa María del Cubillo,Ávila,337,322,-4.45,Leve,35.0,490.9,376.0,9.7,3.2,0.0,6.5,19.4,0,0
05227,Santa María del Tiétar,Ávila,526,553,5.13,Crecimiento,20.9,104.3,261.14,13.8,6.9,5.2,8.6,34.5,0,0
05228,Santiago del Collado,Ávila,183,162,-11.48,Media,53.0,1450.0,813.68,6.1,0.0,0.0,12.2,18.3,0,0
05904,Santiago del Tormes,Ávila,146,107,-26.71,Alta,38.5,666.7,654.65,38.5,0.0,0.0,86.5,125.0,0,0
05229,Santo Domingo de las Posadas,Ávila,78,69,-11.54,Media,40.8,966.7,920.18,14.1,0.0,14.1,0.0,28.2,0,0
05230,Santo Tomé de Zabarcos,Ávila,71,71,0.0,Leve,32.0,800.0,823.38,0.0,0.0,0.0,13.3,13.3,0,0
05232,"Serrada, La",Ávila,110,135,22.73,Crecimiento,27.1,211.8,473.88,7.5,0.0,7.5,37.6,52.6,0,0
05233,Serranillos,Ávila,262,252,-3.82,Leve,36.7,435.0,323.82,33.8,0.0,0.0,16.9,50.6,0,0
05234,Sigeres,Ávila,53,41,-22.64,Alta,58.1,1250.0,1266.19,0,0,0,0,0,0,0
05235,Sinlabajos,Ávila,127,135,6.3,Crecimiento,48.5,722.2,528.86,7.5,0.0,0.0,14.9,22.4,0,0
05237,Solana de Rioalmar,Ávila,185,138,-25.41,Alta,39.4,560.0,450.29,21.1,0.0,0.0,0.0,21.1,0,0
05236,Solana de Ávila,Ávila,138,100,-27.54,Alta,37.1,400.0,1066.82,10.3,20.6,0.0,164.9,195.9,0,0
05238,Solosancho,Ávila,905,758,-16.24,Alta,35.2,394.0,506.6,9.3,2.7,0.0,37.3,49.3,0,0
05239,Sotalbo,Ávila,218,245,12.39,Crecimiento,23.0,305.6,0.0,20.9,0.0,0.0,8.4,29.3,0,0
05240,Sotillo de la Adrada,Ávila,4652,5003,7.55,Crecimiento,21.5,107.9,97.93,7.9,3.0,1.2,7.1,19.2,0,0
05241,"Tiemblo, El",Ávila,4231,4526,6.97,Crecimiento,22.4,113.7,113.62,6.5,3.5,0.9,8.5,19.3,0,0
05242,Tiñosillos,Ávila,790,756,-4.3,Leve,24.3,176.2,309.15,6.8,0.0,0.0,1.4,8.2,0,0
05243,Tolbaños,Ávila,95,86,-9.47,Media,25.0,183.3,916.55,11.4,0.0,0.0,34.1,45.5,0,0
05244,Tormellas,Ávila,55,35,-36.36,Alta,68.6,0.0,2149.0,0.0,0.0,0.0,142.9,142.9,0,0
05245,Tornadizos de Ávila,Ávila,432,465,7.64,Crecimiento,19.5,112.3,283.18,2.1,0.0,0.0,12.9,15.0,0,0
05247,"Torre, La",Ávila,273,212,-22.34,Alta,42.7,433.3,400.66,14.1,4.7,4.7,9.4,32.9,0,0
05246,Tórtoles,Ávila,64,38,-40.62,Alta,60.5,2300.0,1572.11,0.0,0.0,0.0,157.9,157.9,0,0
05249,Umbrías,Ávila,117,100,-14.53,Media,26.2,337.5,989.28,19.4,9.7,0.0,271.8,301.0,0,0
05251,Vadillo de la Sierra,Ávila,70,51,-27.14,Alta,48.0,0.0,1246.87,20.0,0.0,0.0,20.0,40.0,0,0
05252,Valdecasa,Ávila,77,56,-27.27,Alta,44.4,800.0,1510.47,0.0,0.0,0.0,18.5,18.5,0,0
05253,Vega de Santa María,Ávila,94,86,-8.51,Media,29.1,250.0,748.09,11.6,0.0,0.0,69.8,81.4,0,0
05254,Velayos,Ávila,234,217,-7.26,Media,33.3,309.1,355.63,9.8,0.0,0.0,24.5,34.3,0,0
05256,Villaflor,Ávila,126,99,-21.43,Alta,44.6,1125.0,593.26,19.8,0.0,0.0,9.9,29.7,0,0
05257,Villafranca de la Sierra,Ávila,134,134,0.0,Leve,36.2,940.0,639.67,15.4,0.0,0.0,7.7,23.1,0,0
05258,Villanueva de Gómez,Ávila,142,115,-19.01,Alta,42.0,454.5,606.79,16.8,0.0,0.0,25.2,42.0,0,0
05905,Villanueva de Ávila,Ávila,239,227,-5.02,Media,46.0,4650.0,366.64,14.9,5.0,0.0,54.5,74.3,0,0
05259,Villanueva del Aceral,Ávila,139,92,-33.81,Alta,39.5,566.7,837.31,23.3,0.0,0.0,23.3,46.5,0,0
05260,Villanueva del Campillo,Ávila,100,101,1.0,Crecimiento,32.7,583.3,591.33,28.0,9.3,0.0,18.7,56.1,0,0
05261,Villar de Corneja,Ávila,41,36,-12.2,Media,45.2,0.0,2238.91,64.5,0.0,0.0,64.5,129.0,0,0
05262,Villarejo del Valle,Ávila,380,314,-17.37,Alta,43.4,776.5,273.74,19.7,3.3,0.0,23.0,46.1,0,0
05263,Villatoro,Ávila,184,161,-12.5,Media,42.5,590.9,428.24,32.7,6.5,0.0,45.8,85.0,0,0
05265,Vita,Ávila,84,71,-15.48,Alta,26.9,262.5,839.18,12.8,0.0,0.0,25.6,38.5,0,0
05264,Viñegra de Moraña,Ávila,49,48,-2.04,Leve,49.1,650.0,1170.78,0,0,0,0,0,0,0
05266,Zapardiel de la Cañada,Ávila,104,84,-19.23,Alta,56.6,2350.0,758.94,24.1,0.0,0.0,12.0,36.1,0,0
05267,Zapardiel de la Ribera,Ávila,111,92,-17.12,Alta,24.4,440.0,897.38,22.2,0.0,0.0,33.3,55.6,0,0
05019,Ávila,Ávila,58358,58111,-0.42,Leve,22.5,115.9,0.0,3.4,2.8,1.0,4.9,12.1,1,1
09001,Abajas,Burgos,29,28,-3.45,Leve,35.7,500.0,3912.98,0,0,0,0,0,0,0
09003,Adrada de Haza,Burgos,221,205,-7.24,Media,30.8,469.2,1218.61,10.1,0.0,0.0,10.1,20.2,0,0
09006,Aguas Cándidas,Burgos,58,59,1.72,Crecimiento,42.6,520.0,2375.0,0,0,0,0,0,0,0
09007,Aguilar de Bureba,Burgos,68,50,-26.47,Alta,23.9,550.0,2972.48,0,0,0,0,0,0,0
09009,Albillos,Burgos,221,214,-3.17,Leve,14.1,62.0,986.35,0,0,0,0,0,0,0
09010,Alcocero de Mola,Burgos,33,41,24.24,Crecimiento,37.5,750.0,3185.16,0,0,0,0,0,0,0
09011,Alfoz de Bricia,Burgos,74,68,-8.11,Media,33.3,1150.0,3128.67,0.0,0.0,0.0,29.0,29.0,0,0
09907,Alfoz de Quintanadueñas,Burgos,2019,2133,5.65,Crecimiento,11.0,44.9,593.74,0.5,2.8,0.0,3.7,6.9,0,0
09012,Alfoz de Santa Gadea,Burgos,105,101,-3.81,Leve,30.4,442.9,1584.58,9.8,0.0,0.0,68.6,78.4,0,0
09013,Altable,Burgos,51,47,-7.84,Media,23.8,333.3,3468.16,0,0,0,0,0,0,0
09014,"Altos, Los",Burgos,190,186,-2.11,Leve,37.0,1675.0,1709.43,5.5,5.5,0.0,27.6,38.7,0,0
09016,Ameyugo,Burgos,103,108,4.85,Crecimiento,20.6,110.0,1451.88,0.0,28.0,9.3,9.3,46.7,0,0
09017,Anguix,Burgos,134,156,16.42,Crecimiento,25.7,146.7,1039.98,11.7,5.8,0.0,5.8,23.4,0,0
09018,Aranda de Duero,Burgos,32880,33757,2.67,Crecimiento,23.5,126.7,0.0,4.9,1.9,0.7,1.4,8.9,1,0
09019,Arandilla,Burgos,172,155,-9.88,Media,40.8,492.3,1272.42,12.7,0.0,0.0,0.0,12.7,0,0
09020,Arauzo de Miel,Burgos,350,274,-21.71,Alta,34.9,360.0,1029.76,15.5,0.0,0.0,3.9,19.4,0,0
09021,Arauzo de Salce,Burgos,60,46,-23.33,Alta,25.0,157.1,2895.54,22.7,0.0,0.0,0.0,22.7,0,0
09022,Arauzo de Torre,Burgos,78,61,-21.79,Alta,50.0,933.3,3130.39,17.9,0.0,0.0,17.9,35.7,0,0
09023,Arcos,Burgos,1566,1835,17.18,Crecimiento,7.7,24.6,439.54,1.6,1.1,0.0,1.1,3.8,0,0
09024,Arenillas de Riopisuerga,Burgos,179,166,-7.26,Media,40.4,370.6,1052.31,6.4,0.0,0.0,0.0,6.4,0,1
09025,Arija,Burgos,146,115,-21.23,Alta,36.5,280.0,1447.95,52.2,26.1,0.0,34.8,113.0,0,0
09026,Arlanzón,Burgos,429,424,-1.17,Leve,36.1,397.4,922.05,7.0,14.0,0.0,32.6,53.6,0,0
09027,Arraya de Oca,Burgos,45,53,17.78,Crecimiento,28.6,200.0,3492.14,0,0,0,0,0,0,0
09029,Atapuerca,Burgos,187,180,-3.74,Leve,31.5,475.0,1270.33,5.5,22.1,0.0,71.8,99.4,0,0
09030,"Ausines, Los",Burgos,126,165,30.95,Crecimiento,40.6,386.7,1168.12,14.0,7.0,0.0,7.0,28.0,0,0
09032,Avellanosa de Muñó,Burgos,115,96,-16.52,Alta,38.9,1850.0,1730.24,0,0,0,0,0,0,0
09033,Bahabón de Esgueva,Burgos,89,84,-5.62,Media,32.1,1300.0,1773.76,12.3,0.0,0.0,12.3,24.7,0,0
09034,"Balbases, Los",Burgos,323,302,-6.5,Media,43.0,619.0,910.43,3.3,3.3,0.0,9.9,16.6,0,0
09037,Barbadillo de Herreros,Burgos,116,104,-10.34,Media,43.3,2250.0,1669.2,19.2,9.6,0.0,19.2,48.1,0,0
09038,Barbadillo del Mercado,Burgos,129,134,3.88,Crecimiento,44.4,842.9,1649.68,15.0,15.0,0.0,22.6,52.6,0,0
09039,Barbadillo del Pez,Burgos,77,66,-14.29,Media,41.5,900.0,2420.43,15.4,0.0,0.0,61.5,76.9,0,0
09041,Barrio de Muñó,Burgos,32,32,0.0,Leve,37.5,171.4,3933.45,0,0,0,0,0,0,0
09043,"Barrios de Bureba, Los",Burgos,199,178,-10.55,Media,38.0,1133.3,1485.77,11.2,0.0,0.0,11.2,22.3,0,0
09044,Barrios de Colina,Burgos,52,55,5.77,Crecimiento,43.6,1200.0,2960.24,36.4,36.4,0.0,72.7,145.5,0,0
09045,Basconcillos del Tozo,Burgos,291,294,1.03,Crecimiento,39.6,838.5,1184.32,10.9,3.6,0.0,10.9,25.5,0,0
09046,Bascuñana,Burgos,35,18,-48.57,Alta,45.0,0.0,5788.02,0,0,0,0,0,0,0
09035,Baños de Valdearados,Burgos,361,318,-11.91,Media,32.0,219.1,867.52,9.3,0.0,0.0,12.4,21.7,0,0
09036,Bañuelos de Bureba,Burgos,37,31,-16.22,Alta,31.2,0.0,3946.05,0,0,0,0,0,0,0
09047,Belbimbre,Burgos,69,54,-21.74,Alta,26.4,350.0,2537.25,0.0,0.0,0.0,18.9,18.9,0,0
09048,Belorado,Burgos,1969,1834,-6.86,Media,28.0,188.6,547.66,8.2,5.5,2.2,8.7,24.6,0,1
09050,Berberana,Burgos,74,48,-35.14,Alta,23.1,400.0,2734.53,0.0,57.7,0.0,0.0,57.7,0,0
09051,Berlangas de Roa,Burgos,185,203,9.73,Crecimiento,35.0,244.8,990.28,4.9,0.0,0.0,4.9,9.9,0,0
09052,Berzosa de Bureba,Burgos,32,26,-18.75,Alta,38.5,0.0,5299.6,0,0,0,0,0,0,0
09054,Bozoó,Burgos,105,102,-2.86,Leve,38.6,433.3,1680.93,0.0,9.9,0.0,29.7,39.6,0,0
09055,Brazacorta,Burgos,73,45,-38.36,Alta,51.2,733.3,3504.47,0.0,0.0,0.0,23.3,23.3,0,0
09056,Briviesca,Burgos,7129,6560,-7.98,Media,21.3,124.7,412.0,5.8,1.8,0.7,2.1,10.4,0,1
09057,Bugedo,Burgos,175,189,8.0,Crecimiento,28.4,161.8,986.92,5.2,0.0,0.0,5.2,10.3,0,0
09058,Buniel,Burgos,516,612,18.6,Crecimiento,11.7,50.0,573.63,3.2,1.6,0.0,3.2,8.0,0,0
09059,Burgos,Burgos,177100,175895,-0.68,Leve,24.8,139.6,0.0,4.2,1.4,0.7,3.0,9.3,1,1
09060,Busto de Bureba,Burgos,164,143,-12.8,Media,33.6,587.5,1488.65,21.4,0.0,0.0,14.3,35.7,0,0
09061,Cabañes de Esgueva,Burgos,180,149,-17.22,Alta,45.1,3250.0,1315.58,13.9,0.0,0.0,0.0,13.9,0,0
09062,Cabezón de la Sierra,Burgos,66,36,-45.45,Alta,75.8,0.0,3742.28,0.0,0.0,0.0,30.3,30.3,0,0
09064,Caleruega,Burgos,470,400,-14.89,Media,32.1,310.3,951.85,2.7,10.6,0.0,23.9,37.1,0,0
09065,Campillo de Aranda,Burgos,178,171,-3.93,Leve,28.7,178.6,1107.66,11.5,0.0,0.0,23.0,34.5,0,0
09066,Campolara,Burgos,74,48,-35.14,Alta,50.0,2300.0,3919.75,43.5,0.0,0.0,0.0,43.5,0,0
09067,Canicosa de la Sierra,Burgos,514,424,-17.51,Alta,36.6,348.8,1074.44,7.3,2.4,0.0,9.8,19.5,0,0
09068,Cantabrana,Burgos,31,23,-25.81,Alta,40.9,900.0,5472.56,45.5,0.0,0.0,0.0,45.5,0,0
09070,Carazo,Burgos,34,39,14.71,Crecimiento,31.0,1300.0,2744.25,0,0,0,0,0,0,0
09071,Carcedo de Bureba,Burgos,50,37,-26.0,Alta,33.3,1200.0,4100.37,0,0,0,0,0,0,0
09072,Carcedo de Burgos,Burgos,388,484,24.74,Crecimiento,19.8,110.9,613.23,3.9,11.7,0.0,7.8,23.3,0,0
09073,Cardeñadijo,Burgos,1295,1430,10.42,Crecimiento,10.7,43.9,496.53,1.4,2.8,0.0,2.1,6.2,0,0
09074,Cardeñajimeno,Burgos,1019,1169,14.72,Crecimiento,15.4,72.0,526.82,2.5,2.5,0.0,2.5,7.6,0,0
09075,Cardeñuela Riopico,Burgos,127,111,-12.6,Media,32.1,261.5,1584.93,18.9,9.4,0.0,47.2,75.5,0,0
09076,Carrias,Burgos,23,24,4.35,Crecimiento,42.3,0.0,4724.3,0,0,0,0,0,0,0
09077,Cascajares de Bureba,Burgos,36,27,-25.0,Alta,44.0,366.7,6579.96,40.0,0.0,0.0,0.0,40.0,0,0
09078,Cascajares de la Sierra,Burgos,39,27,-30.77,Alta,56.0,0.0,5844.89,0.0,0.0,0.0,40.0,40.0,0,0
09079,Castellanos de Castro,Burgos,48,46,-4.17,Leve,35.4,340.0,2814.84,0.0,20.8,0.0,20.8,41.7,0,0
09083,Castil de Peones,Burgos,37,28,-24.32,Alta,53.8,1400.0,4851.81,0,0,0,0,0,0,0
09082,Castildelgado,Burgos,43,35,-18.6,Alta,58.8,2000.0,3051.04,29.4,29.4,0.0,29.4,88.2,0,0
09090,Castrillo Mota de Judíos,Burgos,58,52,-10.34,Media,38.8,1900.0,3208.65,0.0,0.0,0.0,20.4,20.4,0,0
09088,Castrillo de Riopisuerga,Burgos,61,58,-4.92,Leve,46.4,2600.0,3012.45,0,0,0,0,0,0,0
09084,Castrillo de la Reina,Burgos,209,158,-24.4,Alta,47.8,844.4,1321.86,18.9,6.3,0.0,0.0,25.2,0,0
09085,Castrillo de la Vega,Burgos,636,621,-2.36,Leve,22.5,113.7,593.56,4.8,4.8,0.0,8.0,17.5,0,0
09086,Castrillo del Val,Burgos,839,823,-1.91,Leve,21.2,123.0,592.56,4.7,4.7,1.2,7.0,17.5,0,0
09091,Castrojeriz,Burgos,845,778,-7.93,Media,38.1,450.7,709.46,8.8,8.8,2.5,34.1,54.3,0,0
09063,Cavia,Burgos,247,248,0.4,Crecimiento,22.6,178.1,845.37,4.0,7.9,0.0,11.9,23.8,0,0
09093,Cayuela,Burgos,180,189,5.0,Crecimiento,28.6,160.6,1110.23,0,0,0,0,0,0,0
09094,Cebrecos,Burgos,47,58,23.4,Crecimiento,33.3,666.7,2496.95,0,0,0,0,0,0,0
09095,Celada del Camino,Burgos,97,90,-7.22,Media,48.4,400.0,1663.72,0.0,0.0,0.0,11.0,11.0,0,0
09098,Cerezo de Río Tirón,Burgos,598,490,-18.06,Alta,41.8,515.8,817.28,8.5,2.1,0.0,0.0,10.7,0,0
09100,Cerratón de Juarros,Burgos,55,45,-18.18,Alta,50.0,0.0,3416.79,0,0,0,0,0,0,0
09101,Ciadoncha,Burgos,81,70,-13.58,Media,48.7,1266.7,1990.68,0,0,0,0,0,0,0
09102,Cillaperlata,Burgos,37,30,-18.92,Alta,48.4,0.0,4517.07,0,0,0,0,0,0,0
09103,Cilleruelo de Abajo,Burgos,237,209,-11.81,Media,46.4,466.7,1335.06,14.2,4.7,0.0,4.7,23.7,0,0
09104,Cilleruelo de Arriba,Burgos,59,49,-16.95,Alta,39.6,1050.0,2523.23,0,0,0,0,0,0,0
09105,Ciruelos de Cervera,Burgos,111,99,-10.81,Media,45.6,1366.7,2217.69,0.0,0.0,0.0,33.3,33.3,0,0
09108,Cogollos,Burgos,451,677,50.11,Crecimiento,14.7,67.3,609.57,1.5,2.9,1.5,2.9,8.7,0,0
09109,Condado de Treviño,Burgos,1362,1489,9.32,Crecimiento,14.1,74.3,696.02,3.4,2.7,1.4,4.8,12.2,0,1
09110,Contreras,Burgos,82,87,6.1,Crecimiento,54.3,1100.0,2373.93,0.0,0.0,12.3,0.0,12.3,0,0
09112,Coruña del Conde,Burgos,124,100,-19.35,Alta,40.0,633.3,1912.85,10.5,0.0,0.0,10.5,21.1,0,0
09113,Covarrubias,Burgos,585,505,-13.68,Media,36.5,370.0,736.36,13.8,19.7,0.0,31.6,65.1,0,0
09114,Cubillo del Campo,Burgos,100,101,1.0,Crecimiento,31.4,220.0,2346.24,9.5,0.0,0.0,0.0,9.5,0,0
09115,Cubo de Bureba,Burgos,103,101,-1.94,Leve,29.4,230.8,1590.56,19.6,0.0,0.0,0.0,19.6,0,0
09117,"Cueva de Roa, La",Burgos,99,89,-10.1,Media,45.5,800.0,1915.51,0,0,0,0,0,0,0
09119,Cuevas de San Clemente,Burgos,49,45,-8.16,Media,46.2,800.0,2490.39,0.0,38.5,0.0,19.2,57.7,0,0
09120,Encío,Burgos,46,41,-10.87,Media,51.4,0.0,3754.23,0.0,0.0,0.0,27.0,27.0,0,0
09122,Espinosa de Cervera,Burgos,100,85,-15.0,Alta,37.8,775.0,1900.21,12.2,12.2,12.2,61.0,97.6,0,0
09124,Espinosa de los Monteros,Burgos,1788,1648,-7.83,Media,33.5,232.5,575.11,14.8,7.4,0.0,19.1,41.2,0,0
09123,Espinosa del Camino,Burgos,44,42,-4.55,Leve,39.5,1700.0,2883.24,23.3,0.0,0.0,23.3,46.5,0,0
09125,Estépar,Burgos,664,634,-4.52,Leve,38.1,492.0,685.4,1.5,7.7,3.1,6.2,18.6,0,0
09127,Fontioso,Burgos,54,54,0.0,Leve,38.5,500.0,2485.25,0.0,19.2,0.0,0.0,19.2,0,0
09128,Frandovínez,Burgos,99,96,-3.03,Leve,29.5,164.7,1543.41,0,0,0,0,0,0,0
09129,Fresneda de la Sierra Tirón,Burgos,123,97,-21.14,Alta,38.8,633.3,1833.77,10.2,0.0,0.0,30.6,40.8,0,0
09130,Fresneña,Burgos,87,66,-24.14,Alta,42.6,1450.0,2197.33,14.7,14.7,0.0,29.4,58.8,0,0
09131,Fresnillo de las Dueñas,Burgos,636,693,8.96,Crecimiento,17.8,78.1,568.72,0.0,2.8,0.0,4.3,7.1,0,0
09133,Fresno de Rodilla,Burgos,49,49,0.0,Leve,20.4,166.7,2957.04,0.0,0.0,0.0,40.8,40.8,0,0
09132,Fresno de Río Tirón,Burgos,195,160,-17.95,Alta,37.8,737.5,1605.26,12.8,0.0,0.0,0.0,12.8,0,0
09134,Frías,Burgos,265,270,1.89,Crecimiento,32.2,332.0,1244.29,3.9,27.1,0.0,50.4,81.4,0,0
09135,Fuentebureba,Burgos,54,56,3.7,Crecimiento,39.0,287.5,3602.59,16.9,16.9,0.0,16.9,50.8,0,0
09136,Fuentecén,Burgos,222,237,6.76,Crecimiento,32.0,243.8,862.14,8.2,4.1,0.0,0.0,12.3,0,0
09137,Fuentelcésped,Burgos,213,273,28.17,Crecimiento,21.5,106.9,800.15,3.5,0.0,0.0,10.4,13.9,0,0
09138,Fuentelisendo,Burgos,96,99,3.12,Crecimiento,39.4,433.3,1396.58,0.0,0.0,0.0,30.3,30.3,0,0
09139,Fuentemolinos,Burgos,97,91,-6.19,Media,42.7,1266.7,1768.45,11.2,0.0,0.0,11.2,22.5,0,0
09140,Fuentenebro,Burgos,139,136,-2.16,Leve,36.0,445.5,1338.06,7.4,7.4,0.0,14.7,29.4,0,0
09141,Fuentespina,Burgos,769,816,6.11,Crecimiento,23.7,115.8,607.69,4.8,2.4,2.4,6.0,15.6,0,0
09143,Galbarros,Burgos,29,27,-6.9,Media,42.9,1200.0,5111.47,0,0,0,0,0,0,0
09144,"Gallega, La",Burgos,54,39,-27.78,Alta,47.1,0.0,4428.87,0,0,0,0,0,0,0
09148,Grijalba,Burgos,104,112,7.69,Crecimiento,20.5,120.0,1951.11,8.5,0.0,0.0,0.0,8.5,0,0
09149,Grisaleña,Burgos,39,53,35.9,Crecimiento,25.9,187.5,2637.93,0,0,0,0,0,0,0
09151,Gumiel de Izán,Burgos,577,584,1.21,Crecimiento,29.2,222.1,680.57,6.8,8.5,1.7,13.7,30.7,0,0
09152,Gumiel de Mercado,Burgos,344,380,10.47,Crecimiento,20.5,111.4,760.01,15.8,2.6,0.0,5.3,23.7,0,0
09154,Hacinas,Burgos,166,149,-10.24,Media,42.4,469.2,1268.48,6.9,0.0,0.0,13.9,20.8,0,0
09155,Haza,Burgos,26,34,30.77,Crecimiento,46.9,250.0,4808.9,31.2,0.0,31.2,62.5,125.0,0,0
09159,Hontanas,Burgos,67,71,5.97,Crecimiento,31.9,550.0,2706.13,0.0,72.5,14.5,115.9,202.9,0,0
09160,Hontangas,Burgos,106,99,-6.6,Media,38.0,437.5,1641.09,10.9,0.0,0.0,0.0,10.9,0,0
09164,Hontoria de Valdearados,Burgos,201,164,-18.41,Alta,41.0,711.1,1190.78,19.2,0.0,0.0,25.6,44.9,0,0
09162,Hontoria de la Cantera,Burgos,157,174,10.83,Crecimiento,27.3,180.8,1107.77,5.8,0.0,0.0,0.0,5.8,0,0
09163,Hontoria del Pinar,Burgos,707,610,-13.72,Media,42.7,689.5,653.43,8.2,6.5,1.6,21.2,37.5,0,0
09166,"Hormazas, Las",Burgos,106,99,-6.6,Media,45.2,1050.0,3376.35,0,0,0,0,0,0,0
09167,Hornillos del Camino,Burgos,56,46,-17.86,Alta,47.7,2100.0,2766.24,0.0,68.2,0.0,136.4,204.5,0,0
09168,"Horra, La",Burgos,366,303,-17.21,Alta,33.6,235.7,952.25,3.4,3.4,0.0,16.9,23.7,0,0
09169,Hortigüela,Burgos,103,107,3.88,Crecimiento,45.6,1566.7,2021.63,19.4,19.4,0.0,48.5,87.4,0,0
09170,Hoyales de Roa,Burgos,211,212,0.47,Crecimiento,37.3,390.0,1122.03,9.6,4.8,0.0,4.8,19.1,0,0
09173,Huerta de Arriba,Burgos,128,128,0.0,Leve,45.5,5500.0,2070.16,24.8,0.0,0.0,8.3,33.1,0,0
09174,Huerta de Rey,Burgos,1007,881,-12.51,Media,33.2,256.5,865.73,14.6,4.5,0.0,7.9,27.0,0,1
09175,Humada,Burgos,130,116,-10.77,Media,52.2,5900.0,1849.9,0.0,0.0,0.0,8.8,8.8,0,0
09176,Hurones,Burgos,73,53,-27.4,Alta,31.0,225.0,2059.91,0,0,0,0,0,0,0
09172,Huérmeces,Burgos,131,153,16.79,Crecimiento,42.8,453.3,1624.72,0.0,0.0,0.0,12.6,12.6,0,0
09177,Ibeas de Juarros,Burgos,1400,1445,3.21,Crecimiento,21.2,114.7,456.03,4.7,2.7,0.0,6.6,14.0,0,0
09178,Ibrillos,Burgos,55,29,-47.27,Alta,43.3,650.0,3749.41,0,0,0,0,0,0,0
09179,Iglesiarrubia,Burgos,44,45,2.27,Crecimiento,24.4,366.7,2542.56,0,0,0,0,0,0,0
09180,Iglesias,Burgos,140,141,0.71,Crecimiento,37.3,384.6,1340.56,0,0,0,0,0,0,0
09181,Isar,Burgos,331,284,-14.2,Media,43.9,1016.7,664.95,14.4,0.0,0.0,3.6,18.0,0,0
09182,Itero del Castillo,Burgos,84,71,-15.48,Alta,33.8,833.3,2167.67,13.5,0.0,0.0,13.5,27.0,0,0
09184,Jaramillo Quemado,Burgos,5,10,100.0,Crecimiento,0.0,0.0,8517.69,0.0,0.0,0.0,83.3,83.3,0,0
09183,Jaramillo de la Fuente,Burgos,52,47,-9.62,Media,55.6,0.0,2798.64,22.2,0.0,0.0,22.2,44.4,0,0
09189,Junta de Traslaloma,Burgos,136,122,-10.29,Media,37.3,628.6,2043.16,0.0,0.0,0.0,8.5,8.5,0,0
09190,Junta de Villalba de Losa,Burgos,89,78,-12.36,Media,20.3,533.3,2240.31,12.7,0.0,0.0,12.7,25.3,0,0
09191,Jurisdicción de Lara,Burgos,47,41,-12.77,Media,46.2,0.0,3755.95,0,0,0,0,0,0,0
09192,Jurisdicción de San Zadornil,Burgos,51,66,29.41,Crecimiento,38.7,2400.0,3188.72,0.0,16.1,0.0,0.0,16.1,0,0
09194,Lerma,Burgos,2703,2556,-5.44,Media,23.8,139.8,503.34,7.6,7.6,1.1,15.5,31.7,0,1
09195,Llano de Bureba,Burgos,63,49,-22.22,Alta,31.1,0.0,3291.14,22.2,0.0,0.0,22.2,44.4,0,0
09196,Madrigal del Monte,Burgos,169,143,-15.38,Alta,39.0,1100.0,1890.92,7.1,0.0,0.0,0.0,7.1,0,0
09197,Madrigalejo del Monte,Burgos,181,176,-2.76,Leve,29.8,218.2,1209.46,12.4,12.4,0.0,12.4,37.3,0,0
09198,Mahamud,Burgos,123,105,-14.63,Media,43.0,2300.0,2215.32,9.3,9.3,0.0,9.3,28.0,0,0
09199,Mambrilla de Castrejón,Burgos,100,107,7.0,Crecimiento,26.4,400.0,1563.3,9.4,0.0,0.0,66.0,75.5,0,0
09200,Mambrillas de Lara,Burgos,48,56,16.67,Crecimiento,42.6,2300.0,3040.88,0.0,18.5,0.0,18.5,37.0,0,0
09201,Mamolar,Burgos,31,28,-9.68,Media,42.9,600.0,4243.65,0,0,0,0,0,0,0
09202,Manciles,Burgos,19,21,10.53,Crecimiento,66.7,0.0,5360.05,0,0,0,0,0,0,0
09206,Mazuela,Burgos,63,56,-11.11,Media,49.1,1350.0,2517.38,0,0,0,0,0,0,0
09208,Mecerreyes,Burgos,259,188,-27.41,Alta,33.0,527.3,1429.94,5.7,5.7,0.0,11.4,22.7,0,0
09209,Medina de Pomar,Burgos,5983,5997,0.23,Crecimiento,23.8,147.5,434.84,10.9,3.1,1.0,6.2,21.1,0,1
09211,Melgar de Fernamental,Burgos,1744,1513,-13.25,Media,32.4,292.2,552.48,11.3,4.0,0.0,5.3,20.6,0,0
09213,Merindad de Cuesta-Urria,Burgos,366,270,-26.23,Alta,38.4,561.1,1298.4,7.6,7.6,0.0,26.6,41.8,0,0
09214,Merindad de Montija,Burgos,803,736,-8.34,Media,32.9,353.7,791.77,15.3,9.7,0.0,22.2,47.2,0,0
09906,Merindad de Río Ubierna,Burgos,1456,1411,-3.09,Leve,24.8,180.3,561.27,2.8,5.0,0.0,4.3,12.1,0,0
09215,Merindad de Sotoscueva,Burgos,436,412,-5.5,Media,34.8,302.2,1221.79,10.0,7.5,0.0,45.0,62.5,0,0
09216,Merindad de Valdeporres,Burgos,440,421,-4.32,Leve,33.8,356.4,1180.78,14.6,12.2,2.4,29.2,58.4,0,0
09217,Merindad de Valdivielso,Burgos,400,401,0.25,Crecimiento,39.2,580.8,1041.26,10.4,0.0,2.6,15.6,28.6,0,0
09218,Milagros,Burgos,460,415,-9.78,Media,33.7,224.6,1441.57,4.9,7.4,0.0,9.8,22.1,0,0
09219,Miranda de Ebro,Burgos,36173,36018,-0.43,Leve,23.7,132.4,0.0,5.1,1.3,0.5,0.4,7.3,1,0
09220,Miraveche,Burgos,79,95,20.25,Crecimiento,37.6,500.0,1511.44,10.8,0.0,0.0,10.8,21.5,0,0
09221,Modúbar de la Emparedada,Burgos,597,769,28.81,Crecimiento,13.2,59.6,546.41,1.3,1.3,0.0,0.0,2.6,0,0
09224,Monasterio de Rodilla,Burgos,181,169,-6.63,Media,32.0,392.9,1044.15,17.4,34.9,0.0,17.4,69.8,0,0
09223,Monasterio de la Sierra,Burgos,48,40,-16.67,Alta,42.1,0.0,3274.42,26.3,0.0,0.0,26.3,52.6,0,0
09225,Moncalvillo,Burgos,86,76,-11.63,Media,48.1,1233.3,1946.56,13.0,0.0,0.0,0.0,13.0,0,0
09226,Monterrubio de la Demanda,Burgos,64,56,-12.5,Media,60.0,0.0,2573.41,18.2,0.0,0.0,18.2,36.4,0,0
09227,Montorio,Burgos,162,149,-8.02,Media,35.5,384.6,1297.12,7.1,14.2,0.0,35.5,56.7,0,0
09228,Moradillo de Roa,Burgos,192,170,-11.46,Media,36.7,358.8,1302.5,6.0,0.0,0.0,6.0,12.0,0,0
09229,Nava de Roa,Burgos,221,199,-9.95,Media,32.5,264.0,1037.73,9.9,9.9,0.0,19.7,39.4,0,0
09230,Navas de Bureba,Burgos,35,24,-31.43,Alta,62.5,1500.0,6450.0,0.0,0.0,0.0,41.7,41.7,0,0
09231,Nebreda,Burgos,70,55,-21.43,Alta,64.0,0.0,2680.27,20.0,0.0,0.0,20.0,40.0,0,0
09232,Neila,Burgos,173,119,-31.21,Alta,42.0,1175.0,3210.75,35.7,8.9,0.0,26.8,71.4,0,0
09235,Olmedillo de Roa,Burgos,199,179,-10.05,Media,33.5,233.3,1055.98,5.3,5.3,0.0,0.0,10.6,0,0
09236,Olmillos de Muñó,Burgos,38,40,5.26,Crecimiento,38.5,1500.0,3243.23,0,0,0,0,0,0,0
09239,Oquillas,Burgos,59,49,-16.95,Alta,32.7,283.3,2507.91,0.0,0.0,19.2,19.2,38.5,0,0
09241,Orbaneja Riopico,Burgos,243,350,44.03,Crecimiento,17.3,81.9,788.11,5.9,0.0,0.0,5.9,11.7,0,0
09238,Oña,Burgos,1088,951,-12.59,Media,49.2,781.4,806.67,11.7,6.4,0.0,13.9,32.0,0,1
09242,Padilla de Abajo,Burgos,89,67,-24.72,Alta,65.8,2400.0,2040.92,13.7,0.0,0.0,13.7,27.4,0,0
09243,Padilla de Arriba,Burgos,78,92,17.95,Crecimiento,33.0,414.3,2158.36,11.4,0.0,0.0,0.0,11.4,0,0
09244,Padrones de Bureba,Burgos,52,60,15.38,Crecimiento,36.7,450.0,2878.8,0,0,0,0,0,0,0
09247,Palacios de Riopisuerga,Burgos,28,18,-35.71,Alta,36.8,233.3,6253.54,0,0,0,0,0,0,0
09246,Palacios de la Sierra,Burgos,744,675,-9.27,Media,33.5,317.1,681.75,10.6,4.5,0.0,4.5,19.6,0,0
09249,Palazuelos de Muñó,Burgos,54,54,0.0,Leve,36.5,950.0,3457.52,19.2,0.0,0.0,0.0,19.2,0,0
09248,Palazuelos de la Sierra,Burgos,79,93,17.72,Crecimiento,43.2,1025.0,1585.98,10.5,0.0,0.0,21.1,31.6,0,0
09250,Pampliega,Burgos,332,291,-12.35,Media,36.9,742.9,839.54,10.6,3.5,0.0,10.6,24.8,0,1
09251,Pancorbo,Burgos,453,437,-3.53,Leve,27.4,203.4,805.46,13.9,9.3,2.3,20.9,46.4,0,0
09253,Pardilla,Burgos,126,102,-19.05,Alta,27.5,375.0,1446.28,0.0,9.2,0.0,9.2,18.3,0,0
09255,Partido de la Sierra en Tobalina,Burgos,84,81,-3.57,Leve,58.7,4400.0,2214.85,0.0,13.3,0.0,40.0,53.3,0,0
09256,Pedrosa de Duero,Burgos,455,460,1.1,Crecimiento,27.4,176.4,784.12,6.5,4.3,0.0,10.8,21.6,0,0
09259,Pedrosa de Río Úrbel,Burgos,249,243,-2.41,Leve,33.6,445.0,907.77,0.0,7.5,0.0,3.8,11.3,0,0
09258,Pedrosa del Príncipe,Burgos,175,163,-6.86,Media,51.6,1142.9,1823.33,6.5,0.0,0.0,0.0,6.5,0,0
09257,Pedrosa del Páramo,Burgos,103,89,-13.59,Media,34.8,775.0,1470.14,0,0,0,0,0,0,0
09262,Peral de Arlanza,Burgos,163,170,4.29,Crecimiento,40.2,566.7,1021.32,5.9,0.0,0.0,5.9,11.8,0,0
09261,Peñaranda de Duero,Burgos,552,465,-15.76,Alta,34.3,263.9,765.04,4.3,12.8,0.0,23.5,40.5,0,1
09267,Pineda Trasmonte,Burgos,126,98,-22.22,Alta,43.2,1366.7,1714.13,10.5,0.0,0.0,10.5,21.1,0,0
09266,Pineda de la Sierra,Burgos,101,94,-6.93,Media,41.9,0.0,1752.89,10.8,32.3,0.0,75.3,118.3,0,0
09270,Pinilla Trasmonte,Burgos,176,161,-8.52,Media,36.8,950.0,1572.99,12.9,6.5,0.0,12.9,32.3,0,0
09268,Pinilla de los Barruecos,Burgos,111,98,-11.71,Media,41.6,1050.0,1794.27,19.8,0.0,0.0,29.7,49.5,0,0
09269,Pinilla de los Moros,Burgos,42,33,-21.43,Alta,44.8,650.0,4896.15,34.5,0.0,0.0,0.0,34.5,0,0
09265,Piérnigas,Burgos,40,39,-2.5,Leve,44.4,666.7,3964.05,22.2,0.0,0.0,0.0,22.2,0,0
09272,Poza de la Sal,Burgos,337,283,-16.02,Alta,39.6,846.2,1388.44,21.6,10.8,3.6,25.2,61.2,0,0
09274,Pradoluengo,Burgos,1282,1070,-16.54,Alta,34.9,333.3,542.95,5.5,2.8,0.0,4.6,12.9,0,0
09275,Presencio,Burgos,195,207,6.15,Crecimiento,39.2,592.9,881.18,18.9,4.7,0.0,4.7,28.3,0,0
09273,Prádanos de Bureba,Burgos,58,56,-3.45,Leve,29.1,800.0,2445.51,0,0,0,0,0,0,0
09276,"Puebla de Arganzón, La",Burgos,519,557,7.32,Crecimiento,11.2,61.2,605.28,5.3,3.6,0.0,5.3,14.2,0,0
09277,Puentedura,Burgos,129,122,-5.43,Media,46.6,1375.0,1537.87,25.4,0.0,0.0,16.9,42.4,0,0
09279,Quemada,Burgos,259,238,-8.11,Media,31.2,226.5,926.92,4.0,0.0,0.0,12.1,16.2,0,0
09281,Quintana del Pidio,Burgos,164,149,-9.15,Media,28.5,204.8,1734.92,6.6,6.6,0.0,19.9,33.1,0,0
09280,Quintanabureba,Burgos,30,31,3.33,Crecimiento,48.3,1400.0,4245.59,0,0,0,0,0,0,0
09287,Quintanaortuño,Burgos,281,284,1.07,Crecimiento,13.1,60.0,752.52,3.4,0.0,0.0,0.0,3.4,0,0
09288,Quintanapalla,Burgos,110,120,9.09,Crecimiento,30.9,211.1,1352.57,16.3,16.3,0.0,16.3,48.8,0,0
09289,Quintanar de la Sierra,Burgos,1845,1513,-17.99,Alta,36.0,314.8,629.8,12.2,4.1,0.0,6.8,23.0,0,0
09292,Quintanavides,Burgos,96,64,-33.33,Alta,38.5,2500.0,2221.47,15.4,0.0,0.0,15.4,30.8,0,0
09283,Quintanaélez,Burgos,52,47,-9.62,Media,40.0,900.0,3103.17,0.0,0.0,0.0,22.2,22.2,0,0
09298,Quintanilla San García,Burgos,88,68,-22.73,Alta,36.4,1200.0,3990.93,15.2,0.0,0.0,15.2,30.3,0,0
09301,Quintanilla Vivar,Burgos,766,885,15.54,Crecimiento,15.9,84.2,499.72,1.1,3.3,0.0,6.6,11.1,0,0
09294,Quintanilla de la Mata,Burgos,130,108,-16.92,Alta,35.8,390.0,1393.21,18.3,0.0,0.0,0.0,18.3,0,0
09901,Quintanilla del Agua y Tordueles,Burgos,419,335,-20.05,Alta,40.5,600.0,693.65,20.5,0.0,0.0,8.8,29.3,0,0
09295,Quintanilla del Coco,Burgos,61,50,-18.03,Alta,36.0,600.0,3173.93,0,0,0,0,0,0,0
09297,"Quintanillas, Las",Burgos,391,388,-0.77,Leve,25.4,213.0,753.32,5.2,5.2,2.6,5.2,18.1,0,0
09302,Rabanera del Pinar,Burgos,121,99,-18.18,Alta,47.9,2250.0,2438.65,10.6,0.0,0.0,63.8,74.5,0,0
09304,Rabé de las Calzadas,Burgos,228,250,9.65,Crecimiento,39.8,305.9,1193.95,3.8,3.8,0.0,11.5,19.2,0,0
09306,Rebolledo de la Torre,Burgos,122,92,-24.59,Alta,33.7,366.7,1994.55,0,0,0,0,0,0,0
09307,Redecilla del Camino,Burgos,136,93,-31.62,Alta,34.7,680.0,2455.18,30.6,10.2,0.0,30.6,71.4,0,0
09308,Redecilla del Campo,Burgos,71,67,-5.63,Media,35.4,328.6,2170.58,0.0,0.0,0.0,30.8,30.8,0,0
09309,Regumiel de la Sierra,Burgos,367,301,-17.98,Alta,31.6,279.4,1085.92,10.0,6.6,0.0,10.0,26.6,0,0
09310,Reinoso,Burgos,11,18,63.64,Crecimiento,23.8,250.0,7302.81,0,0,0,0,0,0,0
09311,Retuerta,Burgos,65,59,-9.23,Media,48.2,900.0,2461.83,0.0,0.0,0.0,35.7,35.7,0,0
09316,Revilla Vallejera,Burgos,115,115,0.0,Leve,36.8,323.1,1389.58,0.0,8.8,0.0,43.9,52.6,0,0
09314,Revilla del Campo,Burgos,96,94,-2.08,Leve,41.7,666.7,1682.09,20.8,0.0,0.0,10.4,31.2,0,0
09312,"Revilla y Ahedo, La",Burgos,114,101,-11.4,Media,37.1,400.0,1968.43,10.3,20.6,0.0,20.6,51.5,0,0
09315,Revillarruz,Burgos,512,634,23.83,Crecimiento,8.7,37.3,602.41,3.1,3.1,0.0,1.6,7.8,0,0
09317,Rezmondo,Burgos,15,17,13.33,Crecimiento,72.2,0.0,6793.21,0.0,55.6,0.0,0.0,55.6,0,0
09318,Riocavado de la Sierra,Burgos,59,55,-6.78,Media,57.4,1550.0,2497.02,18.5,0.0,0.0,0.0,18.5,0,0
09321,Roa,Burgos,2373,2244,-5.44,Media,24.3,136.5,478.94,8.2,2.6,0.4,3.9,15.2,0,1
09323,Rojas,Burgos,72,60,-16.67,Alta,35.5,440.0,2382.63,16.1,0.0,0.0,0.0,16.1,0,0
09325,Royuela de Río Franco,Burgos,212,170,-19.81,Alta,54.4,1840.0,1212.23,11.8,0.0,0.0,0.0,11.8,0,0
09326,Rubena,Burgos,176,217,23.3,Crecimiento,18.7,118.2,988.65,19.1,9.6,0.0,9.6,38.3,0,0
09327,Rublacedo de Abajo,Burgos,37,33,-10.81,Media,27.0,250.0,3623.57,0.0,0.0,0.0,81.1,81.1,0,0
09328,Rucandio,Burgos,77,72,-6.49,Media,51.4,0.0,2503.95,0,0,0,0,0,0,0
09303,Rábanos,Burgos,96,79,-17.71,Alta,52.7,650.0,2207.75,13.5,0.0,0.0,0.0,13.5,0,0
09329,Salas de Bureba,Burgos,133,129,-3.01,Leve,25.6,330.0,1325.06,7.8,7.8,0.0,15.5,31.0,0,0
09330,Salas de los Infantes,Burgos,2091,1984,-5.12,Media,27.5,181.0,541.84,10.1,4.1,0.0,3.5,17.7,0,0
09332,Saldaña de Burgos,Burgos,203,201,-0.99,Leve,18.4,102.7,814.53,0.0,9.7,0.0,4.9,14.6,0,0
09334,Salinillas de Bureba,Burgos,48,48,0.0,Leve,25.0,1400.0,2724.66,0.0,17.9,0.0,0.0,17.9,0,0
09335,San Adrián de Juarros,Burgos,93,86,-7.53,Media,32.1,1350.0,2169.69,0.0,0.0,0.0,11.9,11.9,0,0
09337,San Juan del Monte,Burgos,139,152,9.35,Crecimiento,21.0,113.3,1149.73,18.5,0.0,0.0,6.2,24.7,0,0
09338,San Mamés de Burgos,Burgos,286,310,8.39,Crecimiento,17.6,103.6,790.07,0.0,3.1,0.0,3.1,6.2,0,0
09339,San Martín de Rubiales,Burgos,142,139,-2.11,Leve,40.7,633.3,1312.13,7.1,0.0,0.0,7.1,14.3,0,0
09340,San Millán de Lara,Burgos,78,61,-21.79,Alta,57.4,0.0,2160.37,0.0,0.0,0.0,16.4,16.4,0,0
09360,San Vicente del Valle,Burgos,29,28,-3.45,Leve,23.1,0.0,5294.98,0.0,0.0,0.0,115.4,115.4,0,0
09343,Santa Cecilia,Burgos,105,105,0.0,Leve,44.4,600.0,1277.35,9.3,0.0,0.0,0.0,9.3,0,0
09345,Santa Cruz de la Salceda,Burgos,152,134,-11.84,Media,26.8,250.0,2357.47,13.4,6.7,0.0,13.4,33.6,0,0
09346,Santa Cruz del Valle Urbión,Burgos,103,103,0.0,Leve,33.0,442.9,0.0,0,0,0,0,0,0,0
09347,Santa Gadea del Cid,Burgos,155,161,3.87,Crecimiento,33.0,315.8,1294.17,5.5,5.5,5.5,16.5,33.0,0,0
09348,Santa Inés,Burgos,155,155,0.0,Leve,41.7,722.2,1120.35,0.0,0.0,0.0,6.4,6.4,0,0
09353,Santa María Ribarredonda,Burgos,94,95,1.06,Crecimiento,31.7,355.6,1415.54,0.0,0.0,9.9,0.0,9.9,0,0
09350,Santa María del Campo,Burgos,595,523,-12.1,Media,34.9,318.2,700.97,10.0,0.0,2.0,8.0,19.9,0,0
09351,Santa María del Invierno,Burgos,63,67,6.35,Crecimiento,45.7,1066.7,2034.86,14.3,0.0,0.0,0.0,14.3,0,0
09352,Santa María del Mercadillo,Burgos,114,108,-5.26,Media,39.0,657.1,1698.86,16.9,0.0,0.0,16.9,33.9,0,0
09354,Santa Olalla de Bureba,Burgos,33,38,15.15,Crecimiento,27.0,166.7,3857.37,54.1,0.0,0.0,0.0,54.1,0,0
09355,Santibáñez de Esgueva,Burgos,99,77,-22.22,Alta,52.8,3800.0,2003.51,13.9,0.0,0.0,0.0,13.9,0,0
09356,Santibáñez del Val,Burgos,50,70,40.0,Crecimiento,39.1,1250.0,2092.08,0.0,0.0,0.0,62.5,62.5,0,0
09358,Santo Domingo de Silos,Burgos,287,247,-13.94,Media,43.0,720.0,1308.12,12.0,27.9,0.0,79.7,119.5,0,0
09361,Sargentes de la Lora,Burgos,129,133,3.1,Crecimiento,45.4,983.3,2023.93,7.7,0.0,0.0,23.1,30.8,0,0
09362,Sarracín,Burgos,246,261,6.1,Crecimiento,23.5,140.9,745.4,7.6,15.2,0.0,0.0,22.7,0,0
09363,Sasamón,Burgos,1073,912,-15.0,Alta,39.7,603.4,929.91,5.6,3.3,0.0,13.4,22.3,0,0
09365,"Sequera de Haza, La",Burgos,34,27,-20.59,Alta,32.1,450.0,4848.44,0,0,0,0,0,0,0
09366,Solarana,Burgos,93,77,-17.2,Alta,50.0,0.0,2356.32,13.5,0.0,0.0,13.5,27.0,0,0
09368,Sordillos,Burgos,24,22,-8.33,Media,73.9,0.0,5799.92,0,0,0,0,0,0,0
09369,Sotillo de la Ribera,Burgos,520,470,-9.62,Media,29.8,252.6,1107.24,10.4,2.1,0.0,4.1,16.6,0,0
09372,Sotragero,Burgos,286,301,5.24,Crecimiento,13.9,76.4,675.88,3.3,0.0,0.0,0.0,3.3,0,0
09373,Sotresgudo,Burgos,482,420,-12.86,Media,39.6,630.8,948.86,4.8,2.4,0.0,2.4,9.7,0,0
09374,Susinos del Páramo,Burgos,103,118,14.56,Crecimiento,27.8,266.7,2292.1,0,0,0,0,0,0,0
09375,Tamarón,Burgos,38,55,44.74,Crecimiento,25.0,1300.0,3057.78,0,0,0,0,0,0,0
09377,Tardajos,Burgos,803,864,7.6,Crecimiento,27.5,158.7,616.69,1.2,3.5,0.0,6.9,11.6,0,0
09378,Tejada,Burgos,28,35,25.0,Crecimiento,25.7,0.0,3607.06,0.0,0.0,0.0,28.6,28.6,0,0
09380,Terradillos de Esgueva,Burgos,86,64,-25.58,Alta,41.4,2400.0,2517.14,34.5,0.0,0.0,0.0,34.5,0,0
09381,Tinieblas de la Sierra,Burgos,37,23,-37.84,Alta,72.7,0.0,6005.79,0,0,0,0,0,0,0
09382,Tobar,Burgos,27,27,0.0,Leve,51.9,0.0,3976.98,0,0,0,0,0,0,0
09384,Tordómar,Burgos,343,298,-13.12,Media,29.9,269.7,818.22,10.1,0.0,0.0,3.4,13.4,0,0
09386,Torrecilla del Monte,Burgos,69,79,14.49,Crecimiento,25.3,142.9,2463.9,12.7,0.0,0.0,0.0,12.7,0,0
09387,Torregalindo,Burgos,136,123,-9.56,Media,30.2,162.5,1445.19,15.5,0.0,0.0,0.0,15.5,0,0
09388,Torrelara,Burgos,37,32,-13.51,Media,31.4,1100.0,3801.54,0,0,0,0,0,0,0
09389,Torrepadre,Burgos,78,65,-16.67,Alta,50.7,1166.7,1736.37,14.5,0.0,0.0,0.0,14.5,0,0
09390,Torresandino,Burgos,691,574,-16.93,Alta,36.2,510.0,1395.3,5.3,3.5,0.0,3.5,12.4,0,0
09392,Tosantos,Burgos,56,53,-5.36,Media,34.0,533.3,3116.47,42.6,21.3,0.0,21.3,85.1,0,0
09394,Trespaderne,Burgos,877,713,-18.7,Alta,34.1,319.5,740.37,15.2,1.4,4.2,15.2,36.0,0,0
09395,Tubilla del Agua,Burgos,154,128,-16.88,Alta,35.7,642.9,1566.24,39.7,15.9,7.9,31.7,95.2,0,0
09396,Tubilla del Lago,Burgos,150,171,14.0,Crecimiento,39.2,590.9,1998.16,12.0,0.0,0.0,36.1,48.2,0,0
09391,Tórtoles de Esgueva,Burgos,498,387,-22.29,Alta,38.8,636.4,842.48,13.9,2.8,0.0,5.5,22.2,0,0
09400,Vadocondes,Burgos,382,364,-4.71,Leve,29.3,183.1,839.58,8.2,0.0,0.0,24.5,32.6,0,0
09403,Valdeande,Burgos,100,98,-2.0,Leve,41.7,614.3,1751.99,9.7,0.0,0.0,29.1,38.8,0,0
09405,Valdezate,Burgos,140,121,-13.57,Media,40.9,783.3,1475.32,8.7,0.0,0.0,0.0,8.7,0,0
09406,Valdorros,Burgos,332,375,12.95,Crecimiento,14.5,91.5,629.06,2.7,0.0,0.0,2.7,5.4,0,0
09408,Vallarta de Bureba,Burgos,45,42,-6.67,Media,41.5,0.0,4416.55,0,0,0,0,0,0,0
09908,Valle de Losa,Burgos,538,496,-7.81,Media,30.7,392.1,1399.99,14.4,4.1,0.0,20.6,39.1,0,1
09409,Valle de Manzanedo,Burgos,132,115,-12.88,Media,44.0,637.5,1939.25,0.0,0.0,0.0,25.9,25.9,0,0
09410,Valle de Mena,Burgos,3826,4140,8.21,Crecimiento,24.1,145.9,512.22,6.7,2.6,0.2,7.0,16.6,0,1
09411,Valle de Oca,Burgos,159,163,2.52,Crecimiento,33.7,550.0,1274.03,0.0,6.1,0.0,18.4,24.5,0,0
09902,Valle de Santibáñez,Burgos,505,479,-5.15,Media,35.1,433.3,966.0,2.1,2.1,0.0,10.4,14.6,0,0
09905,Valle de Sedano,Burgos,472,409,-13.35,Media,30.4,361.8,1015.53,22.3,34.7,5.0,71.8,133.7,0,1
09412,Valle de Tobalina,Burgos,1026,863,-15.89,Alta,33.9,292.2,1133.66,12.5,9.1,0.0,21.6,43.3,0,0
09413,Valle de Valdebezana,Burgos,506,482,-4.74,Leve,31.5,235.9,1307.66,16.7,16.7,2.1,27.1,62.5,0,0
09414,Valle de Valdelaguna,Burgos,213,191,-10.33,Media,44.6,691.7,1856.94,5.4,5.4,0.0,26.9,37.6,0,0
09415,Valle de Valdelucio,Burgos,309,330,6.8,Crecimiento,34.9,340.0,954.84,2.9,8.8,0.0,8.8,20.5,0,0
09416,Valle de Zamanzas,Burgos,68,45,-33.82,Alta,41.3,475.0,3077.27,0.0,0.0,0.0,130.4,130.4,0,0
09904,Valle de las Navas,Burgos,533,543,1.88,Crecimiento,29.4,330.6,704.56,3.6,3.6,0.0,1.8,9.1,0,0
09417,Vallejera,Burgos,42,39,-7.14,Media,50.0,1900.0,5352.4,0,0,0,0,0,0,0
09418,Valles de Palenzuela,Burgos,89,75,-15.73,Alta,32.4,600.0,1984.25,0,0,0,0,0,0,0
09419,Valluércanes,Burgos,77,63,-18.18,Alta,34.3,600.0,2971.56,0,0,0,0,0,0,0
09407,Valmala,Burgos,28,26,-7.14,Media,34.8,0.0,6265.03,0.0,0.0,43.5,87.0,130.4,0,0
09422,"Vid de Bureba, La",Burgos,20,24,20.0,Crecimiento,50.0,650.0,7401.72,0,0,0,0,0,0,0
09421,"Vid y Barrios, La",Burgos,274,245,-10.58,Media,38.4,535.3,1006.04,8.4,12.7,0.0,33.8,54.9,0,0
09423,Vileña,Burgos,29,27,-6.9,Media,30.4,0.0,5355.6,0,0,0,0,0,0,0
09427,Villadiego,Burgos,1593,1455,-8.66,Media,36.7,410.8,938.1,10.3,2.8,0.0,11.7,24.8,0,1
09428,Villaescusa de Roa,Burgos,113,90,-20.35,Alta,44.8,614.3,1567.51,10.4,0.0,0.0,10.4,20.8,0,0
09429,Villaescusa la Sombría,Burgos,69,60,-13.04,Media,38.3,460.0,2581.28,16.7,0.0,0.0,0.0,16.7,0,0
09430,Villaespasa,Burgos,26,22,-15.38,Alta,57.1,0.0,5704.66,0.0,0.0,0.0,47.6,47.6,0,0
09431,Villafranca Montes de Oca,Burgos,129,122,-5.43,Media,43.6,1020.0,1548.53,25.6,17.1,0.0,34.2,76.9,0,0
09432,Villafruela,Burgos,209,143,-31.58,Alta,43.6,1016.7,1239.21,7.1,0.0,0.0,0.0,7.1,0,0
09433,Villagalijo,Burgos,66,52,-21.21,Alta,46.2,800.0,2791.3,0.0,0.0,0.0,19.2,19.2,0,0
09434,Villagonzalo Pedernales,Burgos,1774,1882,6.09,Crecimiento,12.2,46.3,442.02,1.6,2.6,0.5,2.6,7.4,0,0
09437,Villahoz,Burgos,320,287,-10.31,Media,39.7,742.9,1024.4,7.6,3.8,0.0,11.5,22.9,0,0
09438,Villalba de Duero,Burgos,683,706,3.37,Crecimiento,20.5,119.0,607.35,2.7,0.0,0.0,0.0,2.7,0,0
09439,Villalbilla de Burgos,Burgos,1279,1514,18.37,Crecimiento,11.3,48.0,470.46,1.9,3.2,0.6,1.9,7.7,0,0
09440,Villalbilla de Gumiel,Burgos,93,74,-20.43,Alta,43.8,1600.0,2367.32,27.4,0.0,0.0,27.4,54.8,0,0
09441,Villaldemiro,Burgos,68,91,33.82,Crecimiento,26.1,184.6,2065.03,0.0,10.9,0.0,0.0,10.9,0,0
09442,Villalmanzo,Burgos,450,410,-8.89,Media,32.8,432.3,720.83,12.2,12.2,2.4,12.2,39.1,0,0
09444,Villamayor de Treviño,Burgos,76,56,-26.32,Alta,49.2,0.0,2314.42,0,0,0,0,0,0,0
09443,Villamayor de los Montes,Burgos,202,160,-20.79,Alta,38.6,554.5,1474.88,6.3,0.0,0.0,6.3,12.7,0,0
09445,Villambistia,Burgos,46,43,-6.52,Media,59.1,1300.0,5047.63,0.0,22.7,0.0,68.2,90.9,0,0
09446,Villamedianilla,Burgos,12,9,-25.0,Alta,33.3,0.0,11073.09,0,0,0,0,0,0,0
09447,Villamiel de la Sierra,Burgos,40,43,7.5,Crecimiento,46.5,2000.0,2811.2,23.3,0.0,0.0,0.0,23.3,0,0
09448,Villangómez,Burgos,239,232,-2.93,Leve,36.5,1050.0,964.63,4.3,0.0,0.0,0.0,4.3,0,0
09449,Villanueva de Argaño,Burgos,106,122,15.09,Crecimiento,35.0,241.2,1461.45,0.0,25.6,0.0,17.1,42.7,0,0
09450,Villanueva de Carazo,Burgos,32,27,-15.62,Alta,54.2,0.0,5133.08,0.0,41.7,0.0,83.3,125.0,0,0
09451,Villanueva de Gumiel,Burgos,284,279,-1.76,Leve,31.1,334.6,1773.75,14.3,0.0,0.0,14.3,28.6,0,0
09454,Villanueva de Teba,Burgos,48,42,-12.5,Media,39.5,1700.0,4282.77,23.3,0.0,0.0,0.0,23.3,0,0
09455,Villaquirán de la Puebla,Burgos,47,46,-2.13,Leve,44.4,1000.0,2716.34,0,0,0,0,0,0,1
09456,Villaquirán de los Infantes,Burgos,146,138,-5.48,Media,34.0,520.0,1491.21,6.5,13.1,0.0,13.1,32.7,0,0
09903,Villarcayo de Merindad de Castilla la Vieja,Burgos,4372,4047,-7.43,Media,25.4,164.7,472.11,9.6,3.9,2.4,12.2,28.2,0,1
09458,Villariezo,Burgos,612,719,17.48,Crecimiento,12.1,49.7,571.25,4.1,1.4,0.0,2.7,8.2,0,0
09460,Villasandino,Burgos,192,178,-7.29,Media,41.6,462.5,1133.93,5.6,0.0,0.0,5.6,11.2,0,0
09463,Villasur de Herreros,Burgos,265,273,3.02,Crecimiento,38.9,617.6,1153.39,7.4,22.2,0.0,14.8,44.4,0,0
09464,Villatuelda,Burgos,43,53,23.26,Crecimiento,38.1,266.7,3864.04,0,0,0,0,0,0,0
09466,Villaverde del Monte,Burgos,134,108,-19.4,Alta,53.1,2000.0,1467.94,0.0,0.0,0.0,8.8,8.8,0,0
09467,Villaverde-Mogina,Burgos,86,75,-12.79,Media,37.1,866.7,2005.71,0,0,0,0,0,0,0
09471,Villayerno Morquillas,Burgos,207,205,-0.97,Leve,22.1,135.3,910.31,4.8,0.0,0.0,0.0,4.8,0,0
09472,Villazopeque,Burgos,57,52,-8.77,Media,37.3,950.0,2906.51,0,0,0,0,0,0,0
09473,Villegas,Burgos,90,79,-12.22,Media,39.8,0.0,1769.84,0,0,0,0,0,0,0
09476,Villoruebo,Burgos,85,63,-25.88,Alta,45.2,933.3,2574.96,0,0,0,0,0,0,0
09424,Viloria de Rioja,Burgos,39,37,-5.13,Media,55.3,700.0,2967.48,0,0,0,0,0,0,0
09425,Vilviestre del Pinar,Burgos,616,504,-18.18,Alta,37.6,738.5,871.87,9.8,5.9,2.0,2.0,19.6,0,0
09478,Vizcaínos,Burgos,49,40,-18.37,Alta,43.9,0.0,3017.18,24.4,0.0,0.0,0.0,24.4,0,0
09480,Zael,Burgos,115,115,0.0,Leve,41.9,1633.3,1352.82,8.5,0.0,0.0,0.0,8.5,0,0
09482,Zarzosa de Río Pisuerga,Burgos,31,31,0.0,Leve,58.6,0.0,4002.08,0,0,0,0,0,0,0
09483,Zazuar,Burgos,242,209,-13.64,Media,29.8,327.8,1049.74,10.1,0.0,0.0,20.2,30.3,0,0
09485,Zuñeda,Burgos,57,57,0.0,Leve,39.7,2300.0,2306.3,0,0,0,0,0,0,0
09398,Úrbel del Castillo,Burgos,79,58,-26.58,Alta,45.3,0.0,2995.95,18.9,0.0,0.0,37.7,56.6,0,0
24001,Acebedo,León,225,184,-18.22,Alta,43.3,770.0,3549.4,11.2,11.2,0.0,22.5,44.9,0,0
24002,Algadefe,León,284,301,5.99,Crecimiento,27.9,220.0,2545.33,6.3,0.0,0.0,0.0,6.3,0,0
24003,Alija del Infantado,León,715,573,-19.86,Alta,48.4,1026.9,1919.93,12.7,0.0,0.0,1.8,14.5,0,0
24004,Almanza,León,596,609,2.18,Crecimiento,32.6,276.1,2973.07,8.8,5.3,0.0,3.5,17.6,0,0
24005,"Antigua, La",León,418,328,-21.53,Alta,51.2,1100.0,2332.76,6.2,3.1,0.0,0.0,9.3,0,0
24006,Ardón,León,596,550,-7.72,Media,37.1,364.8,1912.53,5.6,3.8,0.0,3.8,13.2,0,0
24007,Arganza,León,822,805,-2.07,Leve,34.2,331.3,1276.53,7.5,1.2,0.0,5.0,13.7,0,0
24008,Astorga,León,11387,10308,-9.48,Media,29.9,201.8,240.23,4.4,4.3,0.6,7.7,16.9,0,1
24009,Balboa,León,321,263,-18.07,Alta,49.3,600.0,3327.06,14.9,11.2,0.0,29.9,56.0,0,0
24011,Barjas,León,201,145,-27.86,Alta,52.1,1460.0,4712.63,0,0,0,0,0,0,0
24012,"Barrios de Luna, Los",León,331,294,-11.18,Media,35.0,525.0,2555.3,3.3,6.7,0.0,26.7,36.7,0,0
24010,"Bañeza, La",León,10443,10023,-4.02,Leve,24.9,148.0,246.16,8.7,2.5,0.7,1.6,13.6,0,0
24014,Bembibre,León,9568,8158,-14.74,Media,29.6,230.3,304.41,8.7,1.9,0.7,1.9,13.1,0,1
24015,Benavides,León,2616,2342,-10.47,Media,36.1,370.8,685.08,8.2,0.9,0.0,1.7,10.8,0,0
24016,Benuza,León,507,442,-12.82,Media,41.8,760.0,1663.85,8.8,6.6,0.0,0.0,15.4,0,0
24017,Bercianos del Páramo,León,618,522,-15.53,Alta,47.1,968.0,1956.62,11.7,1.9,0.0,1.9,15.6,0,0
24018,Bercianos del Real Camino,León,196,186,-5.1,Media,45.3,623.1,3364.48,5.6,22.3,0.0,27.9,55.9,0,0
24019,Berlanga del Bierzo,León,392,322,-17.86,Alta,43.1,957.1,2672.97,0.0,0.0,0.0,9.6,9.6,0,0
24020,Boca de Huérgano,León,487,426,-12.53,Media,36.6,789.5,2108.57,7.3,17.1,0.0,61.0,85.4,0,0
24022,Borrenes,León,368,303,-17.66,Alta,44.3,1200.0,2539.05,13.4,6.7,0.0,36.9,57.0,0,0
24021,Boñar,León,1947,1766,-9.3,Media,36.2,384.0,896.39,12.1,7.5,1.7,12.7,34.1,0,1
24023,Brazuelo,León,307,312,1.63,Crecimiento,33.7,291.4,2401.53,6.6,16.5,3.3,26.4,52.8,0,0
24024,"Burgo Ranero, El",León,767,690,-10.04,Media,38.7,442.6,1578.18,11.5,8.6,1.4,10.0,31.5,0,0
24025,Burón,León,325,288,-11.38,Media,40.4,712.5,2680.84,3.5,14.2,0.0,28.4,46.1,0,0
24026,Bustillo del Páramo,León,1311,1057,-19.37,Alta,40.5,630.9,1058.91,5.7,0.0,0.0,0.0,5.7,0,0
24027,Cabañas Raras,León,1337,1302,-2.62,Leve,30.8,260.8,1758.24,5.4,1.5,0.0,0.0,6.9,0,0
24028,Cabreros del Río,León,431,408,-5.34,Media,40.1,332.7,1902.38,9.9,2.5,0.0,0.0,12.3,0,0
24029,Cabrillanes,León,828,707,-14.61,Media,36.1,469.8,1602.21,8.7,7.3,0.0,23.2,39.2,0,0
24030,Cacabelos,León,5318,4735,-10.96,Media,30.1,206.7,495.31,8.2,3.0,0.6,4.2,16.0,0,1
24031,Calzada del Coto,León,253,223,-11.86,Media,42.1,600.0,2763.89,9.3,0.0,0.0,0.0,9.3,0,0
24032,Campazas,León,139,107,-23.02,Alta,38.7,430.0,5148.1,0,0,0,0,0,0,0
24033,Campo de Villavidel,León,212,205,-3.3,Leve,41.3,850.0,2896.37,24.3,4.9,0.0,4.9,34.0,0,0
24034,Camponaraya,León,4086,4104,0.44,Crecimiento,24.2,163.1,533.19,2.2,2.5,0.5,2.0,7.1,0,0
24038,Carracedelo,León,3575,3423,-4.25,Leve,33.5,287.7,631.91,4.1,3.2,0.3,2.6,10.2,0,0
24039,Carrizo,León,2357,2222,-5.73,Media,31.4,261.3,653.05,8.5,3.6,0.4,3.1,15.6,0,0
24040,Carrocera,León,514,440,-14.4,Media,36.0,577.8,2338.93,11.5,9.2,0.0,39.3,60.0,0,0
24041,Carucedo,León,583,483,-17.15,Alta,42.1,744.4,2099.87,16.7,16.7,0.0,33.5,66.9,0,0
24042,Castilfalé,León,71,62,-12.68,Media,34.5,1000.0,9884.34,17.2,0.0,0.0,0.0,17.2,0,0
24043,Castrillo de Cabrera,León,134,102,-23.88,Alta,48.0,4800.0,5976.01,0.0,0.0,10.0,20.0,30.0,0,0
24044,Castrillo de la Valduerna,León,183,143,-21.86,Alta,51.4,1420.0,4409.03,14.5,7.2,0.0,0.0,21.7,0,0
24046,Castrocalbón,León,1051,913,-13.13,Media,41.3,537.7,1207.54,7.8,2.2,0.0,0.0,10.0,0,0
24047,Castrocontrigo,León,839,669,-20.26,Alta,46.9,1176.0,1992.68,8.0,3.2,1.6,6.4,19.1,0,0
24049,Castropodame,León,1728,1574,-8.91,Media,32.3,297.1,811.1,4.5,0.0,0.0,1.3,5.7,0,0
24050,Castrotierra de Valmadrigal,León,115,105,-8.7,Media,30.2,290.9,5585.72,18.9,9.4,0.0,0.0,28.3,0,0
24051,Cea,León,460,378,-17.83,Alta,42.9,592.6,1994.52,2.7,0.0,0.0,0.0,2.7,0,0
24052,Cebanico,León,174,143,-17.82,Alta,43.8,1600.0,4023.28,0,0,0,0,0,0,0
24053,Cebrones del Río,León,512,435,-15.04,Alta,41.8,435.7,1695.35,9.1,0.0,0.0,0.0,9.1,0,0
24065,Chozas de Abajo,León,2496,2678,7.29,Crecimiento,24.5,146.7,550.79,4.8,2.6,0.0,1.8,9.2,0,0
24054,Cimanes de la Vega,León,500,435,-13.0,Media,36.5,352.2,1805.15,11.3,0.0,0.0,0.0,11.3,0,0
24055,Cimanes del Tejar,León,763,738,-3.28,Leve,43.3,577.8,1612.27,5.6,0.0,0.0,15.3,20.8,0,0
24056,Cistierna,León,3351,2905,-13.31,Media,35.9,320.6,759.62,4.9,2.5,1.1,3.5,11.9,0,1
24057,Congosto,León,1591,1425,-10.43,Media,33.7,338.0,905.87,4.2,4.2,0.0,5.6,14.0,0,0
24058,Corbillos de los Oteros,León,208,176,-15.38,Alta,39.3,755.6,3502.53,11.6,0.0,0.0,0.0,11.6,0,0
24059,Corullón,León,990,819,-17.27,Alta,45.8,776.6,1428.14,2.5,1.3,0.0,6.3,10.0,0,0
24060,Crémenes,León,589,512,-13.07,Media,40.0,820.8,2169.47,12.2,12.2,0.0,32.5,56.9,0,0
24061,Cuadros,León,1999,2090,4.55,Crecimiento,27.8,189.5,654.33,4.8,1.0,0.0,1.9,7.7,0,0
24063,Cubillas de Rueda,León,466,385,-17.38,Alta,40.1,950.0,2064.02,7.9,0.0,0.0,5.3,13.2,0,0
24062,Cubillas de los Oteros,León,147,137,-6.8,Media,44.7,630.0,4190.87,7.1,0.0,0.0,0.0,7.1,0,0
24064,Cubillos del Sil,León,1821,1719,-5.6,Media,24.0,152.2,996.71,4.0,2.9,0.0,2.3,9.1,0,0
24037,Cármenes,León,396,333,-15.91,Alta,42.1,937.5,2297.99,8.4,16.9,0.0,19.7,44.9,0,0
24066,Destriana,León,549,424,-22.77,Alta,45.6,872.7,1823.66,7.1,2.4,0.0,7.1,16.6,0,0
24067,Encinedo,León,797,616,-22.71,Alta,33.2,383.6,1699.8,3.1,11.0,0.0,9.4,23.6,0,0
24068,"Ercina, La",León,490,425,-13.27,Media,42.9,1041.2,1851.82,7.3,2.4,0.0,7.3,16.9,0,0
24069,Escobar de Campos,León,46,31,-32.61,Alta,59.4,0.0,17812.59,0,0,0,0,0,0,0
24070,Fabero,León,4818,4061,-15.71,Alta,33.0,322.3,549.32,7.0,1.3,0.5,2.8,11.6,0,1
24071,Folgoso de la Ribera,León,1153,982,-14.83,Media,33.0,327.6,1424.51,3.1,1.0,0.0,13.4,17.5,0,0
24073,Fresno de la Vega,León,560,477,-14.82,Media,43.1,552.6,2401.24,10.3,0.0,0.0,2.1,12.3,0,0
24074,Fuentes de Carbajal,León,103,76,-26.21,Alta,45.8,660.0,8242.13,27.8,0.0,0.0,0.0,27.8,0,0
24076,Garrafe de Torío,León,1457,1640,12.56,Crecimiento,27.5,186.1,885.23,3.0,3.6,0.6,4.2,11.5,0,0
24077,Gordaliza del Pino,León,272,239,-12.13,Media,38.6,300.0,2828.2,8.3,0.0,0.0,0.0,8.3,0,0
24078,Gordoncillo,León,473,308,-34.88,Alta,42.9,400.0,2663.49,13.0,3.2,0.0,6.5,22.7,0,0
24079,Gradefes,León,997,925,-7.22,Media,43.8,596.9,1590.59,4.5,2.3,0.0,3.4,10.2,0,0
24080,Grajal de Campos,León,242,209,-13.64,Media,43.2,890.0,4345.39,9.7,0.0,0.0,0.0,9.7,0,0
24081,Gusendos de los Oteros,León,148,126,-14.86,Media,39.0,480.0,4794.56,8.1,0.0,0.0,16.3,24.4,0,0
24082,Hospital de Órbigo,León,995,956,-3.92,Leve,30.8,284.5,1284.8,9.5,10.5,2.1,15.8,37.9,0,0
24083,Igüeña,León,1262,1049,-16.88,Alta,35.3,478.7,1400.73,7.9,3.0,1.0,8.9,20.7,0,0
24084,Izagre,León,184,137,-25.54,Alta,51.5,7000.0,4324.78,7.4,0.0,0.0,0.0,7.4,0,0
24086,Joarilla de las Matas,León,318,245,-22.96,Alta,46.5,600.0,2862.44,12.2,0.0,0.0,0.0,12.2,0,0
24087,Laguna Dalga,León,703,626,-10.95,Media,39.1,326.0,1731.98,3.3,0.0,0.0,0.0,3.3,0,0
24088,Laguna de Negrillos,León,1098,1046,-4.74,Leve,40.3,495.3,1400.63,11.3,0.9,0.0,0.9,13.2,0,0
24089,León,León,127817,122243,-4.36,Leve,28.8,185.9,0.0,8.7,2.1,1.2,5.1,17.0,1,0
24092,Llamas de la Ribera,León,885,791,-10.62,Media,41.0,406.3,1589.86,10.2,0.0,0.0,3.8,14.0,0,0
24090,Lucillo,León,413,356,-13.8,Media,38.8,448.4,2098.34,16.8,2.8,0.0,2.8,22.3,0,0
24091,Luyego,León,717,554,-22.73,Alta,49.0,851.6,1812.37,9.3,13.0,0.0,11.1,33.4,0,0
24093,Magaz de Cepeda,León,396,349,-11.87,Media,45.5,682.6,2220.13,5.8,0.0,0.0,8.7,14.5,0,0
24095,Mansilla Mayor,León,344,324,-5.81,Media,34.6,578.9,3837.37,6.3,0.0,0.0,3.1,9.4,0,0
24094,Mansilla de las Mulas,León,1805,1663,-7.87,Media,27.4,164.7,902.79,12.9,7.0,1.2,11.7,32.9,0,0
24096,Maraña,León,138,111,-19.57,Alta,35.6,462.5,5898.97,0.0,9.6,0.0,38.5,48.1,0,0
24097,Matadeón de los Oteros,León,254,221,-12.99,Media,34.3,304.2,3112.81,9.4,0.0,0.0,4.7,14.1,0,0
24098,Matallana de Torío,León,1345,1228,-8.7,Media,33.9,356.9,1215.44,9.8,4.1,0.0,9.0,22.9,0,1
24099,Matanza,León,197,172,-12.69,Media,39.2,442.9,4098.12,6.3,6.3,0.0,0.0,12.7,0,0
24100,Molinaseca,León,892,872,-2.24,Leve,26.0,182.9,1959.69,5.8,19.6,0.0,35.8,61.2,0,0
24101,Murias de Paredes,León,426,340,-20.19,Alta,42.9,966.7,2282.62,8.9,8.9,0.0,14.8,32.5,0,0
24102,Noceda del Bierzo,León,727,605,-16.78,Alta,39.3,515.2,1800.55,6.6,1.7,0.0,14.9,23.2,0,0
24103,Oencia,León,310,277,-10.65,Media,42.8,1288.9,2713.26,0.0,3.7,0.0,3.7,7.4,0,0
24104,"Omañas, Las",León,291,259,-11.0,Media,45.4,512.5,2580.08,3.7,0.0,0.0,3.7,7.4,0,0
24105,Onzonilla,León,1758,1942,10.47,Crecimiento,23.3,134.3,745.7,3.1,5.6,0.5,1.0,10.2,0,0
24106,Oseja de Sajambre,León,279,226,-19.0,Alta,34.1,384.2,2807.18,9.3,9.3,0.0,74.8,93.5,0,0
24107,Pajares de los Oteros,León,308,235,-23.7,Alta,41.6,443.5,2622.52,4.1,4.1,0.0,4.1,12.2,0,0
24108,Palacios de la Valduerna,León,425,353,-16.94,Alta,41.6,480.0,2161.74,5.8,0.0,2.9,8.7,17.3,0,0
24109,Palacios del Sil,León,1090,844,-22.57,Alta,38.1,520.6,1545.93,4.6,1.2,0.0,8.1,13.9,0,0
24112,Peranzanes,León,327,271,-17.13,Alta,43.8,1512.5,2597.53,14.5,3.6,0.0,7.2,25.4,0,0
24113,Pobladura de Pelayo García,León,396,354,-10.61,Media,47.2,511.8,1978.16,5.4,0.0,0.0,0.0,5.4,0,0
24114,"Pola de Gordón, La",León,3522,2842,-19.31,Alta,39.8,482.5,768.57,4.9,3.5,0.7,8.1,17.3,0,0
24115,Ponferrada,León,66884,62994,-5.82,Media,27.2,177.5,0.0,5.4,2.1,0.9,2.8,11.2,1,1
24116,Posada de Valdeón,León,477,405,-15.09,Alta,43.1,680.0,1934.16,22.8,30.5,5.1,91.4,149.7,0,0
24117,Pozuelo del Páramo,León,478,392,-17.99,Alta,49.1,871.4,1995.69,5.4,2.7,0.0,0.0,8.0,0,0
24118,Prado de la Guzpeña,León,140,104,-25.71,Alta,37.6,585.7,4386.74,0.0,0.0,0.0,27.5,27.5,0,0
24119,Priaranza del Bierzo,León,802,699,-12.84,Media,39.6,501.9,1465.03,7.3,1.5,0.0,10.2,19.0,0,0
24120,Prioro,León,376,349,-7.18,Media,31.2,265.0,3250.37,5.9,5.9,2.9,11.8,26.5,0,0
24121,Puebla de Lillo,León,715,654,-8.53,Media,31.2,277.8,2495.58,25.0,18.8,3.1,90.6,137.5,0,0
24122,Puente de Domingo Flórez,León,1574,1385,-12.01,Media,32.1,293.4,1070.16,6.5,4.3,0.0,7.2,18.1,0,0
24110,Páramo del Sil,León,1403,1169,-16.68,Alta,36.8,440.6,1213.41,7.8,0.9,0.9,3.5,13.1,0,0
24123,Quintana del Castillo,León,810,717,-11.48,Media,45.4,836.8,1369.55,10.0,4.3,0.0,4.3,18.6,0,0
24124,Quintana del Marco,León,407,319,-21.62,Alta,54.2,1454.5,2236.81,13.6,0.0,0.0,0.0,13.6,0,0
24125,Quintana y Congosto,León,372,416,11.83,Crecimiento,47.0,821.7,1263.92,10.0,0.0,0.0,0.0,10.0,0,0
24127,Regueras de Arriba,León,326,264,-19.02,Alta,43.0,434.6,2513.12,3.8,0.0,0.0,0.0,3.8,0,0
24129,Reyero,León,125,128,2.4,Crecimiento,37.5,2250.0,4889.18,0.0,0.0,0.0,16.7,16.7,0,0
24130,Riaño,León,490,474,-3.27,Leve,30.3,300.0,2287.31,23.1,14.7,4.2,52.5,94.5,0,1
24131,Riego de la Vega,León,835,714,-14.49,Media,40.3,381.1,1880.74,11.4,4.3,0.0,2.9,18.6,0,0
24132,Riello,León,676,582,-13.91,Media,46.0,977.8,1787.81,7.0,8.7,0.0,27.9,43.6,0,0
24133,Rioseco de Tapia,León,372,399,7.26,Crecimiento,40.9,506.1,1926.09,14.7,7.4,0.0,2.5,24.5,0,0
24134,"Robla, La",León,4302,3605,-16.2,Alta,30.8,265.6,592.15,8.6,2.5,0.6,3.6,15.3,0,0
24136,Roperuelos del Páramo,León,592,499,-15.71,Alta,46.0,592.3,2610.69,10.0,4.0,0.0,2.0,15.9,0,0
24137,Sabero,León,1246,1021,-18.06,Alta,36.6,532.9,1567.82,4.9,2.9,0.0,8.8,16.7,0,0
24139,Sahagún,León,2709,2398,-11.48,Media,33.7,254.1,806.57,10.1,8.0,0.8,8.0,26.9,0,1
24141,San Adrián del Valle,León,112,84,-25.0,Alta,41.5,1133.3,6674.31,12.2,0.0,0.0,12.2,24.4,0,0
24142,San Andrés del Rabanedo,León,31745,29884,-5.86,Media,21.9,130.5,0.0,2.7,0.9,0.4,0.8,4.7,1,0
24144,San Cristóbal de la Polantera,León,800,625,-21.88,Alta,39.3,421.1,1536.01,8.2,0.0,0.0,8.2,16.4,0,0
24145,San Emiliano,León,694,596,-14.12,Media,39.2,793.1,2066.16,5.1,6.8,1.7,56.2,69.8,0,1
24146,San Esteban de Nogales,León,281,243,-13.52,Media,52.3,2083.3,2739.23,12.6,0.0,0.0,0.0,12.6,0,0
24148,San Justo de la Vega,León,1949,1775,-8.93,Media,32.0,272.5,732.66,4.5,1.1,0.0,5.1,10.8,0,0
24149,San Millán de los Caballeros,León,190,191,0.53,Crecimiento,28.5,211.5,2752.32,5.2,5.2,0.0,5.2,15.5,0,0
24150,San Pedro Bercianos,León,263,226,-14.07,Media,42.9,715.4,2502.77,13.8,0.0,4.6,0.0,18.4,0,0
24143,Sancedo,León,569,528,-7.21,Media,34.0,339.6,1983.1,1.9,5.7,1.9,5.7,15.1,0,0
24151,Santa Colomba de Curueño,León,547,507,-7.31,Media,39.9,528.9,2386.73,4.0,9.9,0.0,2.0,15.9,0,0
24152,Santa Colomba de Somoza,León,567,494,-12.87,Media,37.4,426.8,2237.51,15.0,27.8,0.0,59.8,102.6,0,0
24153,Santa Cristina de Valmadrigal,León,271,273,0.74,Crecimiento,34.2,404.2,2466.77,14.1,3.5,3.5,3.5,24.6,0,0
24154,Santa Elena de Jamuz,León,1135,1015,-10.57,Media,37.0,336.3,1308.28,5.8,2.9,1.0,1.9,11.7,0,1
24159,Santa Marina del Rey,León,2029,1745,-14.0,Media,40.4,423.2,827.15,8.7,2.3,0.6,5.2,16.9,0,0
24158,Santa María de Ordás,León,340,325,-4.41,Leve,38.8,552.2,2200.83,3.1,3.1,0.0,18.3,24.5,0,0
24155,Santa María de la Isla,León,522,443,-15.13,Alta,46.7,615.2,1548.91,4.6,4.6,0.0,6.9,16.1,0,0
24156,Santa María del Monte de Cea,León,256,209,-18.36,Alta,47.8,990.0,2697.3,0.0,0.0,0.0,9.7,9.7,0,0
24157,Santa María del Páramo,León,3128,2999,-4.12,Leve,28.8,205.2,729.62,5.7,1.3,0.0,1.0,8.0,0,0
24160,Santas Martas,León,809,752,-7.05,Media,32.0,287.1,1291.1,10.5,7.9,1.3,9.2,28.8,0,0
24161,Santiago Millas,León,330,359,8.79,Crecimiento,28.9,271.1,0.0,2.8,14.0,0.0,14.0,30.9,0,0
24162,Santovenia de la Valdoncina,León,2006,2064,2.89,Crecimiento,23.4,148.2,722.01,4.8,2.4,1.0,1.5,9.7,0,0
24163,Sariegos,León,4826,5444,12.81,Crecimiento,21.2,104.5,377.59,1.8,1.6,0.2,0.4,4.0,0,0
24164,Sena de Luna,León,402,390,-2.99,Leve,36.4,613.6,1870.26,10.8,16.2,0.0,18.9,45.8,0,0
24165,Sobrado,León,363,282,-22.31,Alta,51.3,1750.0,6.21,0.0,3.7,0.0,7.3,11.0,0,0
24166,Soto de la Vega,León,1641,1493,-9.02,Media,34.1,306.1,789.57,2.7,0.7,0.0,2.0,5.4,0,0
24167,Soto y Amío,León,853,717,-15.94,Alta,38.9,515.1,1697.89,12.8,0.0,0.0,4.3,17.1,0,0
24168,Toral de los Guzmanes,León,533,499,-6.38,Media,38.4,379.6,1842.02,6.2,2.1,0.0,0.0,8.2,0,0
24206,Toral de los Vados,León,2024,1753,-13.39,Media,33.9,310.5,984.06,3.4,1.7,0.6,2.3,8.0,0,0
24169,Toreno,León,3380,2855,-15.53,Alta,33.4,347.1,536.25,8.1,1.8,0.4,3.9,14.1,0,1
24170,Torre del Bierzo,León,2265,1968,-13.11,Media,34.2,388.8,632.8,5.7,1.0,0.0,0.0,6.8,0,0
24171,Trabadelo,León,394,319,-19.04,Alta,36.5,786.7,2110.68,9.3,9.3,3.1,37.2,58.8,0,0
24172,Truchas,León,454,392,-13.66,Media,40.7,1500.0,2153.57,10.8,8.1,0.0,8.1,27.1,0,1
24173,Turcia,León,1057,986,-6.72,Media,39.2,386.9,1172.2,4.1,1.0,0.0,0.0,5.1,0,0
24174,Urdiales del Páramo,León,515,449,-12.82,Media,41.5,508.1,1525.56,6.6,0.0,0.0,0.0,6.6,0,0
24185,Val de San Lorenzo,León,542,492,-9.23,Media,39.1,357.4,2375.07,4.1,6.1,0.0,8.1,18.3,0,0
24175,Valdefresno,León,2149,2335,8.66,Crecimiento,26.1,168.1,716.84,3.0,4.2,0.8,1.3,9.3,0,0
24176,Valdefuentes del Páramo,León,347,306,-11.82,Media,42.6,684.2,1699.97,3.3,0.0,0.0,0.0,3.3,0,0
24177,Valdelugueros,León,533,486,-8.82,Media,33.2,342.6,2138.81,6.2,12.4,0.0,8.2,26.8,0,0
24178,Valdemora,León,79,57,-27.85,Alta,34.5,666.7,9526.74,17.2,0.0,0.0,34.5,51.7,0,0
24179,Valdepiélago,León,338,308,-8.88,Media,28.9,346.2,2193.55,12.9,9.6,3.2,25.7,51.4,0,0
24180,Valdepolo,León,1274,1215,-4.63,Leve,39.4,473.5,1034.86,1.7,3.4,0.0,1.7,6.8,0,0
24181,Valderas,León,1819,1489,-18.14,Alta,35.8,306.9,981.61,14.1,4.0,0.0,2.0,20.1,0,1
24182,Valderrey,León,461,416,-9.76,Media,42.1,593.3,2277.45,2.4,0.0,0.0,4.7,7.1,0,0
24183,Valderrueda,León,923,821,-11.05,Media,34.5,408.7,1504.59,11.0,6.1,0.0,15.9,33.0,0,0
24184,Valdesamario,León,215,175,-18.6,Alta,41.7,1750.0,3009.14,6.0,6.0,0.0,6.0,17.9,0,0
24187,Valdevimbre,León,997,894,-10.33,Media,34.9,455.1,1168.03,14.5,8.9,0.0,3.3,26.7,0,0
24188,Valencia de Don Juan,León,5181,5094,-1.68,Leve,22.4,123.7,539.9,5.8,2.7,0.6,4.3,13.4,0,0
24036,Valle de Ancares,León,297,275,-7.41,Media,40.5,1485.7,0.0,15.6,7.8,0.0,42.8,66.1,0,0
24191,Vallecillo,León,124,101,-18.55,Alta,38.2,390.0,5481.76,9.8,0.0,0.0,19.6,29.4,0,0
24189,Valverde de la Virgen,León,7435,7806,4.99,Crecimiento,16.9,87.9,287.06,3.5,2.5,0.3,2.5,8.8,0,0
24190,Valverde-Enrique,León,175,152,-13.14,Media,43.2,711.1,3821.44,0,0,0,0,0,0,0
24193,"Vecilla, La",León,408,378,-7.35,Media,33.8,716.7,1959.45,13.1,7.9,0.0,10.5,31.4,0,0
24196,Vega de Espinareda,León,2281,2007,-12.01,Media,36.2,419.1,869.65,9.5,4.0,0.0,19.0,32.5,0,0
24197,Vega de Infanzones,León,905,839,-7.29,Media,31.7,256.7,970.85,8.3,1.2,0.0,1.2,10.7,0,0
24198,Vega de Valcarce,León,669,552,-17.49,Alta,38.7,671.9,2887.82,10.8,25.2,0.0,39.6,75.7,0,0
24194,Vegacervera,León,314,258,-17.83,Alta,35.9,593.3,2647.27,4.0,40.3,4.0,44.4,92.7,0,0
24199,Vegaquemada,León,465,437,-6.02,Media,43.5,587.5,1688.99,6.9,6.9,0.0,9.3,23.1,0,0
24201,Vegas del Condado,León,1163,1154,-0.77,Leve,38.2,367.2,1161.71,5.1,0.9,0.0,3.4,9.4,0,0
24202,Villablino,León,9509,7709,-18.93,Alta,31.5,316.1,274.81,11.1,2.8,1.1,6.6,21.5,1,1
24203,Villabraz,León,113,95,-15.93,Alta,44.7,633.3,6229.89,0,0,0,0,0,0,0
24205,Villadangos del Páramo,León,1103,1235,11.97,Crecimiento,25.5,170.0,1375.78,2.4,4.7,0.8,4.7,12.6,0,0
24207,Villademor de la Vega,León,349,291,-16.62,Alta,39.3,456.0,2324.94,13.8,0.0,0.0,0.0,13.8,0,0
24209,Villafranca del Bierzo,León,3160,2659,-15.85,Alta,40.8,430.1,631.38,7.3,6.2,0.4,13.9,27.7,0,0
24210,Villagatón,León,617,636,3.08,Crecimiento,36.7,427.8,2124.56,6.4,7.9,0.0,9.5,23.8,0,0
24211,Villamandos,León,310,277,-10.65,Media,37.5,388.5,2477.49,7.4,0.0,0.0,0.0,7.4,0,0
24901,Villamanín,León,1029,876,-14.87,Media,33.1,462.9,1179.03,16.1,13.8,0.0,9.2,39.2,0,0
24213,Villamartín de Don Sancho,León,164,144,-12.2,Media,43.5,712.5,4384.3,15.3,0.0,0.0,0.0,15.3,0,0
24212,Villamañán,León,1194,1076,-9.88,Media,41.2,430.8,1277.59,11.0,6.4,0.0,5.5,23.0,0,0
24214,Villamejil,León,746,653,-12.47,Media,42.6,505.5,1468.76,10.7,4.6,0.0,9.2,24.5,0,0
24215,Villamol,León,173,136,-21.39,Alta,35.8,600.0,3994.01,0.0,0.0,0.0,7.5,7.5,0,0
24216,Villamontán de la Valduerna,León,804,683,-15.05,Alta,45.4,653.2,1441.15,5.9,1.5,0.0,3.0,10.4,0,0
24217,Villamoratiel de las Matas,León,155,120,-22.58,Alta,38.0,460.0,4275.74,16.5,0.0,0.0,0.0,16.5,0,0
24218,Villanueva de las Manzanas,León,507,502,-0.99,Leve,38.7,439.5,1475.31,12.3,6.1,0.0,6.1,24.6,0,0
24219,Villaobispo de Otero,León,604,518,-14.24,Media,36.0,295.2,1879.81,5.8,0.0,0.0,3.9,9.7,0,0
24902,Villaornate y Castro,León,377,337,-10.61,Media,44.1,537.9,1748.73,8.5,0.0,0.0,0.0,8.5,0,0
24221,Villaquejida,León,912,803,-11.95,Media,34.2,307.1,1490.46,6.6,2.6,0.0,2.6,11.8,0,0
24222,Villaquilambre,León,18615,18647,0.17,Crecimiento,16.2,81.2,130.48,1.6,1.3,0.4,0.6,3.9,0,0
24223,Villarejo de Órbigo,León,3112,2873,-7.68,Media,33.1,247.1,574.04,8.4,2.4,0.3,2.8,14.0,0,0
24224,Villares de Órbigo,León,685,563,-17.81,Alta,44.8,1464.7,1717.66,3.6,3.6,0.0,7.2,14.4,0,0
24225,Villasabariego,León,1175,1148,-2.3,Leve,27.4,196.9,717.44,7.8,3.5,0.0,2.6,13.9,0,0
24226,Villaselán,León,210,180,-14.29,Media,40.6,561.5,2967.25,0,0,0,0,0,0,0
24227,Villaturiel,León,1947,1838,-5.6,Media,30.5,212.7,650.51,4.4,2.2,0.6,2.8,9.9,0,0
24228,Villazala,León,749,596,-20.43,Alta,42.3,764.5,1720.16,8.9,1.8,0.0,1.8,12.5,0,0
24229,Villazanzo de Valderaduey,León,475,368,-22.53,Alta,47.9,756.5,1879.48,19.3,0.0,0.0,5.5,24.8,0,0
24230,Zotes del Páramo,León,454,402,-11.45,Media,45.7,760.9,1740.28,5.2,0.0,0.0,0.0,5.2,0,0
34001,Abarca de Campos,Palencia,43,38,-11.63,Media,39.5,1500.0,2941.7,0.0,26.3,0.0,26.3,52.6,0,0
34003,Abia de las Torres,Palencia,184,170,-7.61,Media,30.3,357.1,1154.27,6.1,0.0,0.0,0.0,6.1,0,0
34004,Aguilar de Campoo,Palencia,7033,6823,-2.99,Leve,24.7,156.7,460.79,7.9,3.3,0.3,8.4,19.9,0,1
34005,Alar del Rey,Palencia,987,912,-7.6,Media,30.4,234.7,944.82,8.8,2.2,0.0,8.8,19.7,0,0
34006,Alba de Cerrato,Palencia,84,82,-2.38,Leve,38.8,281.8,478.91,12.5,0.0,0.0,0.0,12.5,0,0
34009,Amayuelas de Arriba,Palencia,40,38,-5.0,Media,47.2,566.7,1731.61,0,0,0,0,0,0,0
34010,Ampudia,Palencia,640,579,-9.53,Media,37.2,421.2,1031.96,3.4,8.5,0.0,17.0,28.9,0,0
34011,Amusco,Palencia,440,410,-6.82,Media,31.3,363.9,761.83,7.2,2.4,0.0,9.6,19.1,0,0
34012,Antigüedad,Palencia,391,336,-14.07,Media,40.1,950.0,901.0,9.0,0.0,0.0,6.0,15.1,0,0
34015,Arconada,Palencia,44,44,0.0,Leve,40.0,0.0,1983.34,0,0,0,0,0,0,0
34017,Astudillo,Palencia,1002,1039,3.69,Crecimiento,36.8,355.6,1008.66,8.6,1.9,0.0,9.6,20.1,0,0
34018,Autilla del Pino,Palencia,232,219,-5.6,Media,30.1,357.9,529.41,13.3,0.0,0.0,4.4,17.7,0,0
34019,Autillo de Campos,Palencia,146,130,-10.96,Media,35.2,338.5,2251.78,8.0,0.0,0.0,16.0,24.0,0,0
34020,Ayuela,Palencia,58,53,-8.62,Media,43.8,0.0,1999.46,0,0,0,0,0,0,0
34022,Baltanás,Palencia,1273,1228,-3.53,Leve,33.2,251.2,1381.73,9.0,3.3,0.8,6.5,19.6,0,1
34024,Baquerín de Campos,Palencia,37,22,-40.54,Alta,42.9,450.0,1835.05,0,0,0,0,0,0,0
34027,Barruelo de Santullán,Palencia,1275,1160,-9.02,Media,32.7,293.8,769.57,12.0,2.6,0.0,12.0,26.5,0,0
34029,Becerril de Campos,Palencia,812,757,-6.77,Media,32.9,285.9,1564.38,6.8,2.7,0.0,9.5,19.0,0,0
34031,Belmonte de Campos,Palencia,33,30,-9.09,Media,39.3,0.0,5905.4,0,0,0,0,0,0,0
34032,Berzosilla,Palencia,47,47,0.0,Leve,37.8,425.0,2583.82,0.0,0.0,0.0,22.2,22.2,0,0
34033,Boada de Campos,Palencia,18,16,-11.11,Media,41.2,0.0,3099.06,0,0,0,0,0,0,0
34035,Boadilla de Rioseco,Palencia,126,101,-19.84,Alta,41.1,557.1,1462.78,0,0,0,0,0,0,0
34034,Boadilla del Camino,Palencia,127,114,-10.24,Media,40.4,880.0,1113.45,18.3,18.3,0.0,27.5,64.2,0,0
34036,Brañosera,Palencia,247,253,2.43,Crecimiento,35.6,321.4,852.53,15.8,11.9,0.0,55.3,83.0,0,0
34037,Buenavista de Valdavia,Palencia,320,296,-7.5,Media,35.4,468.2,884.88,17.2,3.4,0.0,6.9,27.5,0,0
34038,Bustillo de la Vega,Palencia,316,269,-14.87,Media,39.1,918.2,966.19,11.6,0.0,0.0,3.9,15.5,0,0
34039,Bustillo del Páramo de Carrión,Palencia,64,55,-14.06,Media,56.9,0.0,957.79,0,0,0,0,0,0,0
34025,Bárcena de Campos,Palencia,63,53,-15.87,Alta,55.8,2900.0,3155.87,38.5,0.0,0.0,57.7,96.2,0,0
34028,Báscones de Ojeda,Palencia,154,134,-12.99,Media,43.4,842.9,1022.97,14.7,7.4,0.0,7.4,29.4,0,0
34041,Calahorra de Boedo,Palencia,94,83,-11.7,Media,47.6,354.5,2226.63,0,0,0,0,0,0,0
34042,Calzada de los Molinos,Palencia,347,305,-12.1,Media,32.2,319.4,818.06,9.8,0.0,0.0,3.3,13.0,0,0
34045,Capillas,Palencia,79,72,-8.86,Media,47.1,800.0,1266.13,0,0,0,0,0,0,0
34046,Cardeñosa de Volpejera,Palencia,49,60,22.45,Crecimiento,23.4,250.0,935.3,0,0,0,0,0,0,0
34047,Carrión de los Condes,Palencia,2177,1999,-8.18,Media,30.4,208.2,991.17,11.5,4.0,1.0,9.0,25.6,0,1
34048,Castil de Vela,Palencia,71,55,-22.54,Alta,44.4,0.0,1521.74,0,0,0,0,0,0,0
34049,Castrejón de la Peña,Palencia,398,320,-19.6,Alta,42.9,600.0,904.07,12.4,3.1,0.0,34.2,49.7,0,0
34050,Castrillo de Don Juan,Palencia,234,181,-22.65,Alta,45.7,1050.0,849.9,21.7,0.0,0.0,0.0,21.7,0,0
34051,Castrillo de Onielo,Palencia,114,91,-20.18,Alta,36.3,471.4,1980.71,0,0,0,0,0,0,0
34052,Castrillo de Villavega,Palencia,196,168,-14.29,Media,46.7,1114.3,1318.59,18.0,0.0,0.0,0.0,18.0,0,0
34053,Castromocho,Palencia,234,197,-15.81,Alta,29.0,280.0,833.78,0,0,0,0,0,0,0
34055,Cervatos de la Cueza,Palencia,300,241,-19.67,Alta,39.7,685.7,727.2,16.5,8.3,0.0,12.4,37.2,0,0
34056,Cervera de Pisuerga,Palencia,2442,2284,-6.47,Media,27.9,203.9,669.21,13.6,5.7,1.3,14.1,34.7,0,0
34058,Cevico Navero,Palencia,196,178,-9.18,Media,46.9,1366.7,749.08,22.9,0.0,0.0,11.4,34.3,0,0
34057,Cevico de la Torre,Palencia,511,475,-7.05,Media,43.1,490.2,718.96,8.6,0.0,0.0,2.1,10.7,0,0
34059,Cisneros,Palencia,474,430,-9.28,Media,41.5,421.4,1357.03,7.0,0.0,0.0,2.3,9.4,0,0
34060,Cobos de Cerrato,Palencia,146,128,-12.33,Media,38.0,490.0,1032.14,38.8,0.0,0.0,0.0,38.8,0,0
34061,Collazos de Boedo,Palencia,115,99,-13.91,Media,47.2,1050.0,1151.24,0.0,0.0,0.0,11.2,11.2,0,0
34062,Congosto de Valdavia,Palencia,184,140,-23.91,Alta,47.0,1240.0,1428.95,30.3,0.0,0.0,0.0,30.3,0,0
34063,Cordovilla la Real,Palencia,106,129,21.7,Crecimiento,25.4,161.9,638.37,14.9,0.0,0.0,7.5,22.4,0,0
34066,Cubillas de Cerrato,Palencia,61,64,4.92,Crecimiento,39.0,766.7,1612.14,0.0,0.0,0.0,16.9,16.9,0,0
34067,Dehesa de Montejo,Palencia,136,135,-0.74,Leve,36.2,522.2,1210.42,0.0,0.0,0.0,7.7,7.7,0,0
34068,Dehesa de Romanos,Palencia,34,46,35.29,Crecimiento,22.5,180.0,2071.23,0,0,0,0,0,0,0
34069,Dueñas,Palencia,2741,2587,-5.62,Media,27.2,176.4,368.44,8.8,3.1,0.0,1.5,13.4,0,0
34070,Espinosa de Cerrato,Palencia,177,124,-29.94,Alta,50.4,1500.0,1493.63,8.4,0.0,0.0,0.0,8.4,0,0
34071,Espinosa de Villagonzalo,Palencia,201,154,-23.38,Alta,40.9,609.1,624.72,18.3,0.0,0.0,6.1,24.4,0,0
34072,Frechilla,Palencia,176,136,-22.73,Alta,40.1,785.7,676.66,14.6,7.3,0.0,0.0,21.9,0,0
34073,Fresno del Río,Palencia,205,171,-16.59,Alta,43.2,1042.9,618.34,29.6,0.0,0.0,0.0,29.6,0,0
34074,Frómista,Palencia,822,748,-9.0,Media,33.5,279.3,1038.92,4.1,9.7,5.5,24.8,44.1,0,1
34076,Fuentes de Nava,Palencia,682,567,-16.86,Alta,29.2,309.1,1063.33,6.9,1.7,0.0,6.9,15.5,0,0
34077,Fuentes de Valdepero,Palencia,419,484,15.51,Crecimiento,17.2,83.3,492.01,2.0,2.0,0.0,2.0,6.1,0,0
34079,Grijota,Palencia,2114,2789,31.93,Crecimiento,11.5,46.2,286.21,1.8,0.7,0.4,0.7,3.5,0,0
34080,Guardo,Palencia,6547,5548,-15.26,Alta,30.3,248.7,453.09,13.3,2.0,0.2,1.6,17.1,0,1
34081,Guaza de Campos,Palencia,61,55,-9.84,Media,49.1,700.0,1815.45,0,0,0,0,0,0,0
34083,Herrera de Pisuerga,Palencia,2132,1898,-10.98,Media,32.8,224.5,921.17,5.9,2.7,0.5,3.2,12.3,0,1
34084,Herrera de Valdecañas,Palencia,147,158,7.48,Crecimiento,34.7,400.0,1243.2,6.7,13.3,0.0,6.7,26.7,0,0
34086,Hontoria de Cerrato,Palencia,109,106,-2.75,Leve,34.6,616.7,893.36,9.3,0.0,0.0,0.0,9.3,0,0
34087,Hornillos de Cerrato,Palencia,137,170,24.09,Crecimiento,34.3,245.8,1661.54,5.8,0.0,0.0,0.0,5.8,0,0
34088,Husillos,Palencia,290,393,35.52,Crecimiento,20.6,121.4,1181.22,0.0,2.4,0.0,4.8,7.3,0,0
34082,Hérmedes de Cerrato,Palencia,87,74,-14.94,Media,61.1,0.0,1126.69,0,0,0,0,0,0,0
34089,Itero de la Vega,Palencia,179,144,-19.55,Alta,44.9,733.3,1010.25,6.8,13.6,0.0,27.2,47.6,0,0
34091,Lagartos,Palencia,137,117,-14.6,Media,43.6,463.6,579.61,8.5,17.1,0.0,17.1,42.7,0,0
34092,Lantadilla,Palencia,331,273,-17.52,Alta,46.4,806.2,844.44,14.4,0.0,0.0,0.0,14.4,0,0
34094,Ledigos,Palencia,64,62,-3.12,Leve,42.4,833.3,2138.84,16.9,16.9,0.0,50.8,84.7,0,0
34903,Loma de Ucieza,Palencia,232,193,-16.81,Alta,37.2,811.1,929.18,0,0,0,0,0,0,0
34096,Lomas,Palencia,56,41,-26.79,Alta,50.0,0.0,2194.17,0,0,0,0,0,0,0
34098,Magaz de Pisuerga,Palencia,975,1031,5.74,Crecimiento,17.2,104.6,997.59,6.6,1.9,0.9,2.8,12.2,0,0
34099,Manquillos,Palencia,77,58,-24.68,Alta,29.0,600.0,1853.92,0,0,0,0,0,0,0
34100,Mantinos,Palencia,156,145,-7.05,Media,38.0,490.9,1094.75,14.1,0.0,0.0,7.0,21.1,0,0
34101,Marcilla de Campos,Palencia,40,58,45.0,Crecimiento,41.7,500.0,1578.26,0,0,0,0,0,0,0
34102,Mazariegos,Palencia,221,202,-8.6,Media,34.7,333.3,1210.49,9.9,0.0,0.0,0.0,9.9,0,0
34103,Mazuecos de Valdeginate,Palencia,98,79,-19.39,Alta,47.4,3700.0,1899.95,0,0,0,0,0,0,0
34104,Melgar de Yuso,Palencia,263,271,3.04,Crecimiento,42.9,557.1,767.11,0.0,0.0,3.7,0.0,3.7,0,0
34106,Meneses de Campos,Palencia,121,101,-16.53,Alta,39.4,1075.0,1008.26,18.3,0.0,0.0,0.0,18.3,0,0
34107,Micieces de Ojeda,Palencia,83,71,-14.46,Media,52.2,0.0,1300.88,14.9,0.0,0.0,0.0,14.9,0,0
34108,Monzón de Campos,Palencia,623,583,-6.42,Media,26.4,185.1,1117.19,8.2,3.3,0.0,3.3,14.8,0,0
34109,Moratinos,Palencia,60,59,-1.67,Leve,56.4,3100.0,1126.48,0.0,109.1,0.0,90.9,200.0,0,0
34110,Mudá,Palencia,94,80,-14.89,Media,33.3,385.7,1170.45,12.3,0.0,0.0,24.7,37.0,0,0
34112,Nogal de las Huertas,Palencia,44,46,4.55,Crecimiento,40.4,316.7,1321.9,0,0,0,0,0,0,0
34113,Olea de Boedo,Palencia,36,39,8.33,Crecimiento,33.3,433.3,3953.4,0,0,0,0,0,0,0
34114,Olmos de Ojeda,Palencia,213,170,-20.19,Alta,50.9,4200.0,598.72,0.0,6.1,0.0,18.2,24.2,0,0
34116,Osornillo,Palencia,63,59,-6.35,Media,43.9,833.3,1770.25,35.1,0.0,0.0,0.0,35.1,0,0
34901,Osorno la Mayor,Palencia,1298,1190,-8.32,Media,35.1,311.3,724.62,10.2,5.9,2.5,6.8,25.5,0,1
34120,Palencia,Palencia,79595,76738,-3.59,Leve,27.1,165.5,123.94,4.1,1.4,0.4,0.7,6.5,1,1
34121,Palenzuela,Palencia,208,215,3.37,Crecimiento,35.2,375.0,1302.22,9.4,4.7,0.0,18.8,32.9,0,0
34123,Paredes de Nava,Palencia,1981,1911,-3.53,Leve,27.9,198.5,914.5,5.7,2.6,0.5,3.6,12.4,0,1
34124,Payo de Ojeda,Palencia,63,57,-9.52,Media,33.9,222.2,1496.42,0,0,0,0,0,0,0
34125,Pedraza de Campos,Palencia,96,72,-25.0,Alta,42.5,1550.0,1791.34,13.7,0.0,13.7,0.0,27.4,0,0
34126,Pedrosa de la Vega,Palencia,347,280,-19.31,Alta,36.7,343.3,362.12,0.0,3.6,0.0,0.0,3.6,0,0
34127,Perales,Palencia,111,118,6.31,Crecimiento,49.1,1100.0,1883.64,0,0,0,0,0,0,0
34904,"Pernía, La",Palencia,349,313,-10.32,Media,36.1,486.4,1450.96,6.8,13.5,0.0,47.3,67.6,0,0
34129,Pino del Río,Palencia,192,163,-15.1,Alta,37.0,545.5,1161.56,18.5,0.0,0.0,12.3,30.9,0,0
34130,Piña de Campos,Palencia,229,193,-15.72,Alta,36.6,523.1,468.98,16.1,0.0,0.0,5.4,21.5,0,0
34131,Población de Arroyo,Palencia,62,42,-32.26,Alta,61.4,0.0,1471.38,22.7,0.0,0.0,0.0,22.7,0,0
34132,Población de Campos,Palencia,135,122,-9.63,Media,36.1,430.0,665.91,25.2,8.4,0.0,16.8,50.4,0,0
34133,Población de Cerrato,Palencia,112,98,-12.5,Media,42.3,400.0,806.39,19.2,0.0,0.0,0.0,19.2,0,0
34134,Polentinos,Palencia,55,40,-27.27,Alta,36.6,375.0,1642.73,0.0,0.0,0.0,48.8,48.8,0,0
34135,Pomar de Valdivia,Palencia,462,490,6.06,Crecimiento,31.4,221.7,499.39,2.1,6.2,0.0,24.6,32.9,0,0
34136,Poza de la Vega,Palencia,225,166,-26.22,Alta,46.0,462.5,432.65,0,0,0,0,0,0,0
34137,Pozo de Urama,Palencia,30,18,-40.0,Alta,52.4,0.0,2975.26,0,0,0,0,0,0,0
34139,Prádanos de Ojeda,Palencia,197,181,-8.12,Media,23.9,134.4,684.4,11.1,5.6,0.0,5.6,22.2,0,0
34140,"Puebla de Valdavia, La",Palencia,109,81,-25.69,Alta,59.5,2350.0,1591.12,0,0,0,0,0,0,0
34122,Páramo de Boedo,Palencia,111,104,-6.31,Media,26.9,311.1,1270.02,0,0,0,0,0,0,0
34141,Quintana del Puente,Palencia,277,251,-9.39,Media,22.7,95.1,1234.68,11.8,15.7,0.0,23.5,51.0,0,0
34143,Quintanilla de Onsoña,Palencia,192,180,-6.25,Media,36.9,364.7,796.93,0.0,0.0,0.0,6.0,6.0,0,0
34146,Reinoso de Cerrato,Palencia,54,57,5.56,Crecimiento,44.8,866.7,3749.9,0.0,17.2,0.0,17.2,34.5,0,0
34147,Renedo de la Vega,Palencia,203,192,-5.42,Media,32.5,233.3,1058.22,15.5,0.0,0.0,5.2,20.6,0,0
34149,Requena de Campos,Palencia,20,29,45.0,Crecimiento,37.0,0.0,3204.33,0.0,0.0,0.0,37.0,37.0,0,0
34151,Respenda de la Peña,Palencia,181,141,-22.1,Alta,43.6,1525.0,1585.24,7.1,0.0,0.0,14.3,21.4,0,0
34152,Revenga de Campos,Palencia,162,136,-16.05,Alta,38.6,490.0,1266.61,0.0,0.0,7.9,0.0,7.9,0,0
34154,Revilla de Collazos,Palencia,86,75,-12.79,Media,42.7,800.0,1251.29,0,0,0,0,0,0,0
34155,Ribas de Campos,Palencia,166,153,-7.83,Media,31.5,470.0,973.25,20.1,0.0,0.0,0.0,20.1,0,0
34156,Riberos de la Cueza,Palencia,59,54,-8.47,Media,34.6,600.0,1240.42,0,0,0,0,0,0,0
34157,Saldaña,Palencia,3121,2869,-8.07,Media,27.9,177.9,497.64,6.7,4.6,0.7,6.7,18.6,0,1
34158,Salinas de Pisuerga,Palencia,358,329,-8.1,Media,41.3,493.1,833.54,5.8,8.7,0.0,23.1,37.6,0,0
34159,San Cebrián de Campos,Palencia,446,407,-8.74,Media,28.4,325.7,990.66,7.5,0.0,0.0,0.0,7.5,0,0
34160,San Cebrián de Mudá,Palencia,160,150,-6.25,Media,33.1,247.4,661.75,7.0,0.0,0.0,14.1,21.1,0,0
34161,San Cristóbal de Boedo,Palencia,23,20,-13.04,Media,60.0,0.0,2704.61,0.0,0.0,0.0,100.0,100.0,0,0
34163,San Mamés de Campos,Palencia,53,49,-7.55,Media,52.3,575.0,1457.29,22.7,0.0,0.0,0.0,22.7,0,0
34165,San Román de la Cuba,Palencia,71,53,-25.35,Alta,43.4,0.0,1741.57,0,0,0,0,0,0,0
34167,Santa Cecilia del Alcor,Palencia,129,92,-28.68,Alta,46.2,1400.0,798.11,11.0,0.0,0.0,0.0,11.0,0,0
34168,Santa Cruz de Boedo,Palencia,59,52,-11.86,Media,49.0,1250.0,1412.64,0,0,0,0,0,0,0
34169,Santervás de la Vega,Palencia,479,400,-16.49,Alta,39.6,378.0,1060.65,7.7,0.0,0.0,7.7,15.3,0,0
34170,Santibáñez de Ecla,Palencia,65,42,-35.38,Alta,57.1,0.0,1549.87,0.0,0.0,0.0,47.6,47.6,0,0
34171,Santibáñez de la Peña,Palencia,1101,934,-15.17,Alta,37.2,415.0,534.59,9.0,1.1,0.0,10.1,20.2,0,0
34174,Santoyo,Palencia,224,192,-14.29,Media,40.3,625.0,966.88,5.4,0.0,0.0,0.0,5.4,0,0
34175,"Serna, La",Palencia,96,93,-3.12,Leve,32.2,580.0,986.27,33.3,0.0,0.0,11.1,44.4,0,0
34177,Soto de Cerrato,Palencia,195,176,-9.74,Media,38.9,928.6,794.47,12.0,0.0,0.0,0.0,12.0,0,0
34176,Sotobañado y Priorato,Palencia,159,158,-0.63,Leve,31.8,222.7,1821.18,13.0,0.0,0.0,0.0,13.0,0,0
34178,Tabanera de Cerrato,Palencia,126,138,9.52,Crecimiento,28.0,231.2,1572.16,0.0,0.0,0.0,7.6,7.6,0,0
34179,Tabanera de Valdavia,Palencia,31,22,-29.03,Alta,52.4,1100.0,3668.74,0,0,0,0,0,0,0
34181,Tariego de Cerrato,Palencia,526,500,-4.94,Leve,25.7,168.8,833.64,4.0,5.9,0.0,2.0,11.9,0,0
34182,Torquemada,Palencia,1025,966,-5.76,Media,26.4,151.8,1282.24,11.4,3.1,1.0,7.2,22.8,0,1
34184,Torremormojón,Palencia,55,45,-18.18,Alta,39.0,533.3,2282.97,24.4,0.0,0.0,0.0,24.4,0,0
34185,Triollo,Palencia,60,74,23.33,Crecimiento,38.4,700.0,1764.32,27.4,41.1,0.0,123.3,191.8,0,0
34180,Támara de Campos,Palencia,79,74,-6.33,Media,45.1,457.1,1760.69,14.1,0.0,0.0,28.2,42.3,0,0
34186,Valbuena de Pisuerga,Palencia,52,52,0.0,Leve,40.8,666.7,3926.14,0,0,0,0,0,0,0
34192,Valde-Ucieza,Palencia,108,76,-29.63,Alta,35.1,540.0,1145.62,0,0,0,0,0,0,0
34189,Valdeolmillos,Palencia,69,60,-13.04,Media,43.9,833.3,1369.75,0,0,0,0,0,0,0
34190,Valderrábano,Palencia,57,47,-17.54,Alta,53.2,2500.0,2006.64,0,0,0,0,0,0,0
34196,Valle de Cerrato,Palencia,96,83,-13.54,Media,41.6,0.0,1181.4,0,0,0,0,0,0,0
34902,Valle del Retortillo,Palencia,185,168,-9.19,Media,32.3,208.3,2213.62,0,0,0,0,0,0,0
34199,Velilla del Río Carrión,Palencia,1406,1129,-19.7,Alta,36.0,405.1,437.56,15.4,11.8,0.0,24.5,51.6,0,0
34023,Venta de Baños,Palencia,6432,6331,-1.57,Leve,24.0,131.1,258.22,6.0,1.1,0.3,0.6,8.0,0,1
34201,Vertavillo,Palencia,208,167,-19.71,Alta,40.7,2200.0,956.2,0.0,0.0,0.0,6.2,6.2,0,0
34093,"Vid de Ojeda, La",Palencia,106,90,-15.09,Alta,35.3,333.3,1949.09,0,0,0,0,0,0,0
34202,Villabasta de Valdavia,Palencia,31,33,6.45,Crecimiento,43.8,0.0,1610.7,0,0,0,0,0,0,0
34204,Villacidaler,Palencia,48,46,-4.17,Leve,72.7,0.0,1660.57,0,0,0,0,0,0,0
34205,Villaconancio,Palencia,63,50,-20.63,Alta,37.5,900.0,2093.52,0,0,0,0,0,0,0
34206,Villada,Palencia,1036,834,-19.5,Alta,35.5,300.0,1196.0,9.3,1.2,0.0,1.2,11.6,0,1
34208,Villaeles de Valdavia,Palencia,60,48,-20.0,Alta,40.4,633.3,2411.12,21.3,0.0,0.0,0.0,21.3,0,0
34211,Villaherreros,Palencia,208,209,0.48,Crecimiento,39.3,323.1,747.75,9.3,4.7,0.0,14.0,28.0,0,0
34210,Villahán,Palencia,104,99,-4.81,Leve,30.2,966.7,1558.53,10.4,0.0,0.0,0.0,10.4,0,0
34213,Villalaco,Palencia,65,61,-6.15,Media,37.3,625.0,2204.81,14.9,0.0,0.0,0.0,14.9,0,0
34214,Villalba de Guardo,Palencia,204,201,-1.47,Leve,39.2,760.0,1025.51,5.2,5.2,0.0,5.2,15.5,0,0
34215,Villalcázar de Sirga,Palencia,158,174,10.13,Crecimiento,38.1,554.5,955.93,12.5,18.8,0.0,56.2,87.5,0,0
34216,Villalcón,Palencia,71,48,-32.39,Alta,53.3,0.0,3000.11,0,0,0,0,0,0,0
34217,Villalobón,Palencia,1573,1900,20.79,Crecimiento,11.4,43.9,392.17,3.1,0.5,0.0,0.0,3.6,0,0
34218,Villaluenga de la Vega,Palencia,565,519,-8.14,Media,29.1,191.1,356.68,1.9,1.9,0.0,7.7,11.6,0,0
34220,Villamartín de Campos,Palencia,181,169,-6.63,Media,17.9,150.0,1532.04,11.9,0.0,0.0,11.9,23.8,0,0
34221,Villamediana,Palencia,185,183,-1.08,Leve,35.0,269.6,1279.28,5.6,0.0,0.0,0.0,5.6,0,0
34222,Villameriel,Palencia,127,105,-17.32,Alta,37.6,341.7,834.32,9.2,0.0,0.0,0.0,9.2,0,0
34223,Villamoronta,Palencia,262,239,-8.78,Media,32.8,272.4,877.67,12.4,0.0,0.0,0.0,12.4,0,0
34224,Villamuera de la Cueza,Palencia,51,37,-27.45,Alta,55.6,2000.0,3435.19,0,0,0,0,0,0,0
34225,Villamuriel de Cerrato,Palencia,6370,6508,2.17,Crecimiento,17.8,84.1,329.34,3.8,0.9,0.0,0.2,4.9,0,1
34227,Villanueva del Rebollar,Palencia,78,67,-14.1,Media,37.3,2500.0,1744.36,0,0,0,0,0,0,0
34228,Villanuño de Valdavia,Palencia,94,93,-1.06,Leve,45.7,600.0,1449.03,10.9,0.0,0.0,10.9,21.7,0,0
34229,Villaprovedo,Palencia,69,46,-33.33,Alta,56.5,2600.0,1490.34,21.7,0.0,0.0,21.7,43.5,0,0
34230,Villarmentero de Campos,Palencia,21,28,33.33,Crecimiento,46.2,400.0,1212.57,38.5,0.0,0.0,76.9,115.4,0,0
34231,Villarrabé,Palencia,218,176,-19.27,Alta,46.2,3950.0,923.65,5.8,5.8,0.0,0.0,11.7,0,0
34232,Villarramiel,Palencia,860,788,-8.37,Media,32.5,352.8,1298.94,11.5,2.6,0.0,3.8,17.9,0,1
34233,Villasarracino,Palencia,142,132,-7.04,Media,45.7,828.6,1119.49,7.9,0.0,0.0,0.0,7.9,0,0
34234,Villasila de Valdavia,Palencia,77,60,-22.08,Alta,48.4,1033.3,930.14,0,0,0,0,0,0,0
34236,Villaturde,Palencia,167,147,-11.98,Media,39.2,644.4,1213.99,0.0,0.0,0.0,6.8,6.8,0,0
34237,Villaumbrales,Palencia,686,623,-9.18,Media,30.2,228.9,899.72,6.4,0.0,0.0,0.0,6.4,0,0
34238,Villaviudas,Palencia,395,366,-7.34,Media,37.7,321.4,876.6,8.4,0.0,0.0,0.0,8.4,0,0
34240,Villerías de Campos,Palencia,94,76,-19.15,Alta,29.7,2200.0,1335.2,0,0,0,0,0,0,0
34241,Villodre,Palencia,16,24,50.0,Crecimiento,36.4,0.0,2397.35,0,0,0,0,0,0,0
34242,Villodrigo,Palencia,122,96,-21.31,Alta,34.0,680.0,1080.43,0.0,30.0,0.0,40.0,70.0,0,0
34243,Villoldo,Palencia,364,339,-6.87,Media,40.1,515.4,1209.77,18.0,3.0,0.0,6.0,26.9,0,0
34245,Villota del Páramo,Palencia,326,299,-8.28,Media,41.0,605.0,461.21,10.2,0.0,0.0,6.8,16.9,0,0
34246,Villovieco,Palencia,70,62,-11.43,Media,46.8,580.0,2428.34,16.1,0.0,0.0,0.0,16.1,0,0
37001,Abusejo,Salamanca,213,143,-32.86,Alta,49.3,912.5,619.5,13.5,0.0,0.0,0.0,13.5,0,0
37002,Agallas,Salamanca,157,132,-15.92,Alta,57.7,2366.7,1495.49,24.4,8.1,0.0,16.3,48.8,0,0
37004,Ahigal de Villarino,Salamanca,41,31,-24.39,Alta,40.0,400.0,2579.85,0,0,0,0,0,0,0
37003,Ahigal de los Aceiteros,Salamanca,136,88,-35.29,Alta,43.0,571.4,2186.86,10.8,10.8,0.0,21.5,43.0,0,0
37005,"Alameda de Gardón, La",Salamanca,89,74,-16.85,Alta,61.2,2050.0,1892.38,0,0,0,0,0,0,0
37006,"Alamedilla, La",Salamanca,146,101,-30.82,Alta,47.9,1500.0,1497.77,21.3,0.0,0.0,0.0,21.3,0,1
37007,Alaraz,Salamanca,502,448,-10.76,Media,38.7,441.0,825.43,4.5,2.3,0.0,4.5,11.3,0,0
37008,Alba de Tormes,Salamanca,5309,5122,-3.52,Leve,23.3,137.3,323.32,6.1,1.8,0.2,3.9,12.0,0,1
37009,Alba de Yeltes,Salamanca,240,200,-16.67,Alta,47.1,960.0,832.78,4.9,0.0,4.9,0.0,9.8,0,0
37010,"Alberca, La",Salamanca,1121,1045,-6.78,Media,27.1,195.8,496.39,11.6,10.6,2.9,51.2,76.3,0,0
37011,"Alberguería de Argañán, La",Salamanca,138,98,-28.99,Alta,42.6,571.4,1989.15,21.3,0.0,0.0,10.6,31.9,0,0
37012,Alconada,Salamanca,160,134,-16.25,Alta,40.0,742.9,933.19,0,0,0,0,0,0,0
37015,Aldea del Obispo,Salamanca,313,252,-19.49,Alta,40.9,673.3,1398.8,4.0,4.0,0.0,12.1,20.2,0,0
37013,Aldeacipreste,Salamanca,126,91,-27.78,Alta,46.1,1366.7,1587.05,0.0,0.0,0.0,11.2,11.2,0,0
37014,Aldeadávila de la Ribera,Salamanca,1264,1120,-11.39,Media,43.6,682.9,560.83,10.9,4.6,1.8,26.5,43.8,0,0
37016,Aldealengua,Salamanca,696,713,2.44,Crecimiento,19.5,135.2,543.84,2.7,0.0,0.0,1.4,4.1,0,0
37017,Aldeanueva de Figueroa,Salamanca,291,253,-13.06,Media,39.2,845.5,826.87,8.4,0.0,4.2,0.0,12.7,0,0
37018,Aldeanueva de la Sierra,Salamanca,108,98,-9.26,Media,37.5,1100.0,2701.99,11.4,0.0,0.0,56.8,68.2,0,0
37019,Aldearrodrigo,Salamanca,155,150,-3.23,Leve,41.3,983.3,1677.55,0.0,7.0,0.0,0.0,7.0,0,0
37020,Aldearrubia,Salamanca,489,519,6.13,Crecimiento,25.4,178.4,384.54,5.8,0.0,0.0,5.8,11.6,0,0
37021,Aldeaseca de Alba,Salamanca,86,64,-25.58,Alta,47.7,344.4,1855.66,0,0,0,0,0,0,0
37022,Aldeaseca de la Frontera,Salamanca,295,248,-15.93,Alta,39.5,564.7,954.21,12.3,0.0,0.0,0.0,12.3,0,0
37023,Aldeatejada,Salamanca,1724,2587,50.06,Crecimiento,10.4,40.3,188.86,0.8,0.0,1.1,0.8,2.6,0,0
37024,Aldeavieja de Tormes,Salamanca,107,99,-7.48,Media,29.0,241.7,1229.9,10.0,0.0,0.0,0.0,10.0,0,0
37026,Aldehuela de Yeltes,Salamanca,213,181,-15.02,Alta,51.4,900.0,895.85,11.4,0.0,5.7,5.7,22.9,0,0
37025,Aldehuela de la Bóveda,Salamanca,287,265,-7.67,Media,30.1,339.1,834.84,3.9,15.4,0.0,3.9,23.2,0,0
37027,Almenara de Tormes,Salamanca,250,305,22.0,Crecimiento,23.0,153.3,634.06,0.0,3.3,3.3,40.0,46.7,0,0
37028,Almendra,Salamanca,172,132,-23.26,Alta,48.8,900.0,1573.07,0,0,0,0,0,0,0
37029,Anaya de Alba,Salamanca,219,183,-16.44,Alta,39.3,535.7,923.94,5.2,0.0,0.0,0.0,5.2,0,0
37031,Arabayona de Mógica,Salamanca,396,325,-17.93,Alta,34.0,450.0,782.64,6.3,0.0,0.0,3.1,9.4,0,0
37032,Arapiles,Salamanca,644,739,14.75,Crecimiento,22.5,112.8,529.38,4.0,6.7,0.0,0.0,10.7,0,0
37033,Arcediano,Salamanca,109,96,-11.93,Media,22.5,333.3,1157.43,0,0,0,0,0,0,0
37034,"Arco, El",Salamanca,94,89,-5.32,Media,34.1,322.2,2738.65,0,0,0,0,0,0,0
37035,Armenteros,Salamanca,281,186,-33.81,Alta,39.0,775.0,1175.2,6.3,0.0,0.0,6.3,12.6,0,0
37037,"Atalaya, La",Salamanca,119,100,-15.97,Alta,44.1,500.0,1123.5,19.6,0.0,0.0,9.8,29.4,0,0
37030,Añover de Tormes,Salamanca,94,89,-5.32,Media,39.3,471.4,1299.92,0.0,0.0,0.0,11.9,11.9,0,0
37038,Babilafuente,Salamanca,877,925,5.47,Crecimiento,22.2,121.8,495.07,7.5,3.2,1.1,8.6,20.4,0,0
37040,Barbadillo,Salamanca,398,390,-2.01,Leve,32.2,453.6,613.08,2.5,0.0,0.0,2.5,5.1,0,0
37041,Barbalos,Salamanca,79,73,-7.59,Media,48.6,0.0,2003.63,0,0,0,0,0,0,0
37042,Barceo,Salamanca,48,48,0.0,Leve,48.9,314.3,1879.37,0,0,0,0,0,0,0
37044,Barruecopardo,Salamanca,496,421,-15.12,Alta,41.0,800.0,972.8,4.9,4.9,2.4,4.9,17.1,0,0
37045,"Bastida, La",Salamanca,28,26,-7.14,Media,47.8,0.0,4689.8,0.0,0.0,0.0,43.5,43.5,0,0
37039,Bañobárez,Salamanca,317,280,-11.67,Media,39.4,495.5,817.12,7.2,0.0,0.0,3.6,10.8,0,0
37047,Beleña,Salamanca,220,251,14.09,Crecimiento,53.8,440.6,709.22,3.8,0.0,0.0,3.8,7.6,0,0
37049,Bermellar,Salamanca,148,131,-11.49,Media,48.1,900.0,1159.88,0.0,7.6,0.0,30.5,38.2,0,0
37050,Berrocal de Huebra,Salamanca,70,75,7.14,Crecimiento,50.7,950.0,1660.14,0,0,0,0,0,0,0
37051,Berrocal de Salvatierra,Salamanca,87,70,-19.54,Alta,40.5,0.0,1437.73,0,0,0,0,0,0,0
37052,Boada,Salamanca,298,268,-10.07,Media,35.9,310.0,763.56,11.6,0.0,0.0,0.0,11.6,0,0
37054,"Bodón, El",Salamanca,296,245,-17.23,Alta,44.5,458.3,1031.67,4.0,8.1,0.0,4.0,16.2,0,0
37055,Bogajo,Salamanca,144,129,-10.42,Media,36.9,642.9,1822.13,8.2,0.0,0.0,16.4,24.6,0,0
37056,"Bouza, La",Salamanca,65,49,-24.62,Alta,30.6,115.4,1631.71,0,0,0,0,0,0,0
37058,Brincones,Salamanca,60,59,-1.67,Leve,50.0,2800.0,1471.13,0,0,0,0,0,0,0
37059,Buenamadre,Salamanca,136,109,-19.85,Alta,36.7,363.6,1713.94,9.2,9.2,0.0,0.0,18.3,0,0
37060,Buenavista,Salamanca,265,365,37.74,Crecimiento,21.4,168.1,657.0,0.0,0.0,0.0,2.7,2.7,0,0
37046,Béjar,Salamanca,13724,11957,-12.88,Media,32.1,225.1,192.16,4.3,2.1,0.8,6.5,13.8,0,1
37057,Bóveda del Río Almar,Salamanca,242,196,-19.01,Alta,35.8,335.0,814.4,0.0,0.0,0.0,5.3,5.3,0,0
37061,"Cabaco, El",Salamanca,244,225,-7.79,Media,37.4,358.3,900.82,8.7,17.4,4.3,26.1,56.5,0,0
37063,"Cabeza de Béjar, La",Salamanca,82,60,-26.83,Alta,38.2,1050.0,1713.37,18.2,0.0,0.0,18.2,36.4,0,0
37065,Cabeza del Caballo,Salamanca,349,237,-32.09,Alta,50.5,1244.4,674.36,4.5,0.0,0.0,4.5,9.0,0,0
37062,Cabezabellosa de la Calzada,Salamanca,88,74,-15.91,Alta,35.1,866.7,2842.82,0,0,0,0,0,0,0
37067,Cabrerizos,Salamanca,4198,4226,0.67,Crecimiento,17.7,90.2,380.16,0.9,1.9,0.5,1.2,4.5,0,0
37068,Cabrillas,Salamanca,405,322,-20.49,Alta,47.5,625.0,603.99,6.3,3.2,0.0,0.0,9.5,0,0
37069,Calvarrasa de Abajo,Salamanca,1155,1201,3.98,Crecimiento,22.6,145.6,253.63,4.0,0.8,0.0,4.8,9.7,0,0
37070,Calvarrasa de Arriba,Salamanca,620,615,-0.81,Leve,28.7,258.2,369.84,6.6,0.0,0.0,1.7,8.3,0,0
37071,"Calzada de Béjar, La",Salamanca,90,85,-5.56,Media,40.0,320.0,1573.17,0.0,0.0,0.0,125.0,125.0,0,0
37072,Calzada de Don Diego,Salamanca,185,131,-29.19,Alta,39.5,728.6,1245.72,15.5,0.0,0.0,0.0,15.5,0,0
37073,Calzada de Valdunciel,Salamanca,655,700,6.87,Crecimiento,22.8,154.2,577.73,2.8,6.9,0.0,4.1,13.8,0,0
37074,Campillo de Azaba,Salamanca,173,142,-17.92,Alta,43.4,2100.0,761.54,6.9,0.0,0.0,13.8,20.7,0,0
37077,"Campo de Peñaranda, El",Salamanca,278,250,-10.07,Media,42.3,680.0,613.76,4.1,0.0,4.1,4.1,12.4,0,0
37078,Candelario,Salamanca,930,843,-9.35,Media,37.4,384.0,667.67,10.8,8.4,2.4,69.7,91.3,0,0
37079,Canillas de Abajo,Salamanca,70,70,0.0,Leve,15.9,166.7,2147.11,0,0,0,0,0,0,0
37080,Cantagallo,Salamanca,270,279,3.33,Crecimiento,25.9,146.0,1033.51,3.5,0.0,0.0,10.6,14.2,0,0
37081,Cantalapiedra,Salamanca,1027,911,-11.3,Media,38.6,362.8,503.98,11.3,2.3,0.0,3.4,17.0,0,1
37082,Cantalpino,Salamanca,937,804,-14.19,Media,34.9,259.3,489.64,10.0,2.5,0.0,1.2,13.7,0,0
37083,Cantaracillo,Salamanca,195,190,-2.56,Leve,36.7,405.9,1163.16,16.0,0.0,0.0,0.0,16.0,0,0
37085,Carbajosa de la Sagrada,Salamanca,6740,7636,13.29,Crecimiento,9.1,34.7,178.55,1.0,2.3,1.3,0.8,5.4,0,0
37086,Carpio de Azaba,Salamanca,104,112,7.69,Crecimiento,31.8,437.5,1172.72,0.0,9.1,0.0,27.3,36.4,0,0
37087,Carrascal de Barregas,Salamanca,1086,1439,32.5,Crecimiento,10.9,43.3,301.09,0.7,1.4,0.0,0.7,2.8,1,0
37088,Carrascal del Obispo,Salamanca,225,187,-16.89,Alta,38.3,720.0,1133.2,5.3,0.0,0.0,5.3,10.6,0,0
37089,Casafranca,Salamanca,72,68,-5.56,Media,43.5,1500.0,1592.7,0.0,0.0,0.0,14.5,14.5,0,0
37090,"Casas del Conde, Las",Salamanca,56,63,12.5,Crecimiento,39.7,500.0,3258.1,15.9,0.0,0.0,31.7,47.6,0,0
37091,Casillas de Flores,Salamanca,189,168,-11.11,Media,57.4,970.0,1121.96,5.9,5.9,5.9,0.0,17.8,0,0
37092,Castellanos de Moriscos,Salamanca,2322,3051,31.4,Crecimiento,8.4,30.8,215.67,0.6,1.0,0.6,1.6,3.8,0,0
37185,Castellanos de Villiquera,Salamanca,684,703,2.78,Crecimiento,30.3,207.5,585.47,2.8,2.8,0.0,5.5,11.0,0,0
37096,Castillejo de Martín Viejo,Salamanca,238,205,-13.87,Media,43.1,500.0,1224.16,5.1,0.0,0.0,5.1,10.2,0,0
37097,Castraz,Salamanca,37,34,-8.11,Media,45.5,0.0,2732.39,0,0,0,0,0,0,0
37098,Cepeda,Salamanca,371,303,-18.33,Alta,44.4,668.4,654.13,14.0,0.0,0.0,62.9,76.9,0,0
37099,Cereceda de la Sierra,Salamanca,79,62,-21.52,Alta,56.4,1550.0,2024.56,36.4,0.0,0.0,0.0,36.4,0,0
37100,Cerezal de Peñahorcada,Salamanca,81,67,-17.28,Alta,56.2,1800.0,2158.31,0.0,0.0,0.0,15.6,15.6,0,0
37101,Cerralbo,Salamanca,178,111,-37.64,Alta,64.8,1400.0,1730.31,18.5,0.0,0.0,0.0,18.5,0,0
37102,"Cerro, El",Salamanca,449,365,-18.71,Alta,48.6,769.6,612.95,13.7,0.0,0.0,5.5,19.2,0,0
37103,Cespedosa de Tormes,Salamanca,534,496,-7.12,Media,30.9,193.4,805.2,12.6,0.0,0.0,2.1,14.7,0,0
37114,Chagarcía Medianero,Salamanca,95,73,-23.16,Alta,41.2,933.3,2293.8,0,0,0,0,0,0,0
37104,Cilleros de la Bastida,Salamanca,26,23,-11.54,Media,36.4,800.0,5442.69,0,0,0,0,0,0,0
37106,Cipérez,Salamanca,284,225,-20.77,Alta,46.8,778.6,688.69,12.9,0.0,0.0,0.0,12.9,0,0
37107,Ciudad Rodrigo,Salamanca,13052,11846,-9.24,Media,31.9,217.9,206.94,8.9,4.8,0.9,9.3,23.9,0,1
37108,Coca de Alba,Salamanca,105,95,-9.52,Media,46.9,500.0,1718.32,10.4,0.0,0.0,20.8,31.2,0,0
37109,Colmenar de Montemayor,Salamanca,189,173,-8.47,Media,42.1,833.3,1043.6,0.0,0.0,0.0,5.6,5.6,0,0
37110,Cordovilla,Salamanca,132,108,-18.18,Alta,38.1,571.4,1626.04,0,0,0,0,0,0,0
37112,Cristóbal,Salamanca,175,162,-7.43,Media,44.9,1014.3,2212.13,6.3,6.3,0.0,0.0,12.7,0,1
37113,"Cubo de Don Sancho, El",Salamanca,465,377,-18.92,Alta,35.1,485.2,804.61,8.0,0.0,0.0,5.4,13.4,0,0
37115,Dios le Guarde,Salamanca,141,125,-11.35,Media,46.6,1350.0,1472.03,0.0,8.6,0.0,8.6,17.2,0,0
37116,Doñinos de Ledesma,Salamanca,72,65,-9.72,Media,31.7,666.7,1382.64,0,0,0,0,0,0,0
37117,Doñinos de Salamanca,Salamanca,1952,2209,13.17,Crecimiento,12.1,46.7,240.99,1.3,1.3,0.0,0.4,3.1,0,0
37120,Encina de San Silvestre,Salamanca,110,108,-1.82,Leve,35.5,354.5,1142.66,18.2,0.0,0.0,0.0,18.2,0,0
37119,"Encina, La",Salamanca,117,100,-14.53,Media,51.1,1600.0,2099.02,10.6,10.6,0.0,10.6,31.9,0,0
37121,Encinas de Abajo,Salamanca,666,619,-7.06,Media,28.0,177.3,627.46,4.9,3.3,0.0,6.5,14.6,0,0
37122,Encinas de Arriba,Salamanca,248,226,-8.87,Media,25.6,203.6,1178.29,0,0,0,0,0,0,0
37123,Encinasola de los Comendadores,Salamanca,194,148,-23.71,Alta,64.4,9400.0,1308.27,13.7,0.0,0.0,0.0,13.7,0,0
37124,Endrinal,Salamanca,238,204,-14.29,Media,39.8,1000.0,858.44,10.0,10.0,0.0,14.9,34.8,0,0
37125,Escurial de la Sierra,Salamanca,254,244,-3.94,Leve,42.3,1414.3,1203.06,8.5,0.0,0.0,4.3,12.8,0,0
37126,Espadaña,Salamanca,36,34,-5.56,Media,50.0,0.0,2417.17,0,0,0,0,0,0,0
37127,Espeja,Salamanca,252,211,-16.27,Alta,37.7,470.6,796.56,4.7,4.7,9.4,23.6,42.5,0,0
37128,Espino de la Orbada,Salamanca,283,245,-13.43,Media,40.2,376.9,788.1,4.1,0.0,0.0,0.0,4.1,0,0
37129,Florida de Liébana,Salamanca,281,244,-13.17,Media,36.4,750.0,1105.96,4.0,0.0,0.0,4.0,8.1,0,0
37130,Forfoleda,Salamanca,187,204,9.09,Crecimiento,40.6,494.1,978.07,0.0,0.0,0.0,9.7,9.7,0,0
37131,Frades de la Sierra,Salamanca,214,167,-21.96,Alta,40.5,1650.0,979.14,12.3,0.0,0.0,6.1,18.4,0,0
37132,"Fregeneda, La",Salamanca,382,308,-19.37,Alta,51.0,794.7,1045.99,23.6,6.8,0.0,30.4,60.8,0,0
37133,Fresnedoso,Salamanca,108,98,-9.26,Media,43.6,820.0,1617.26,10.6,0.0,0.0,10.6,21.3,0,0
37134,Fresno Alhándiga,Salamanca,247,181,-26.72,Alta,30.1,290.0,655.91,0.0,10.4,0.0,0.0,10.4,0,0
37135,"Fuente de San Esteban, La",Salamanca,1376,1279,-7.05,Media,34.0,264.1,436.4,9.2,2.3,3.1,4.6,19.3,0,1
37136,Fuenteguinaldo,Salamanca,706,652,-7.65,Media,42.8,372.6,603.86,7.9,3.1,1.6,4.7,17.3,0,1
37137,Fuenteliante,Salamanca,110,84,-23.64,Alta,43.0,925.0,1815.63,0.0,0.0,0.0,34.9,34.9,0,0
37138,Fuenterroble de Salvatierra,Salamanca,252,252,0.0,Leve,22.6,145.0,1222.45,7.8,0.0,0.0,11.7,19.5,0,0
37139,Fuentes de Béjar,Salamanca,254,244,-3.94,Leve,25.6,169.4,753.54,8.4,4.2,0.0,12.6,25.2,0,0
37140,Fuentes de Oñoro,Salamanca,1070,1009,-5.7,Media,30.1,299.0,544.81,13.1,6.0,3.0,3.0,25.1,0,1
37141,Gajates,Salamanca,166,140,-15.66,Alta,42.2,570.0,1114.46,7.4,0.0,0.0,0.0,7.4,0,0
37142,Galindo y Perahuy,Salamanca,710,704,-0.85,Leve,24.4,139.7,486.38,1.4,4.2,1.4,6.9,13.9,0,0
37143,Galinduste,Salamanca,452,400,-11.5,Media,33.4,291.3,737.69,0.0,0.0,0.0,5.0,5.0,0,0
37144,Galisancho,Salamanca,395,325,-17.72,Alta,40.6,436.7,851.49,9.3,0.0,0.0,0.0,9.3,0,0
37145,Gallegos de Argañán,Salamanca,291,264,-9.28,Media,41.9,389.3,846.62,19.2,0.0,3.8,0.0,23.1,0,0
37146,Gallegos de Solmirón,Salamanca,140,109,-22.14,Alta,42.2,418.2,1302.86,18.3,0.0,0.0,0.0,18.3,0,0
37147,Garcibuey,Salamanca,185,204,10.27,Crecimiento,43.0,615.4,1057.23,16.1,5.4,5.4,26.9,53.8,0,0
37148,Garcihernández,Salamanca,491,411,-16.29,Alta,30.1,427.6,513.32,7.3,0.0,0.0,0.0,7.3,0,0
37149,Garcirrey,Salamanca,73,55,-24.66,Alta,51.9,0.0,1586.34,0,0,0,0,0,0,0
37150,Gejuelo del Barro,Salamanca,40,31,-22.5,Alta,46.7,0.0,2685.49,0,0,0,0,0,0,0
37151,Golpejas,Salamanca,157,144,-8.28,Media,41.4,828.6,1399.63,0.0,7.1,0.0,0.0,7.1,0,0
37152,Gomecello,Salamanca,480,412,-14.17,Media,30.0,281.8,744.05,0.0,0.0,2.4,2.4,4.8,0,0
37154,Guadramiro,Salamanca,152,124,-18.42,Alta,42.5,364.3,1205.89,0,0,0,0,0,0,0
37155,Guijo de Ávila,Salamanca,87,78,-10.34,Media,28.0,287.5,1724.73,12.2,12.2,0.0,48.8,73.2,0,0
37156,Guijuelo,Salamanca,5673,5508,-2.91,Leve,18.4,98.3,244.87,6.7,3.1,1.3,0.5,11.7,0,1
37157,Herguijuela de Ciudad Rodrigo,Salamanca,81,69,-14.81,Media,43.1,0.0,1723.49,0,0,0,0,0,0,0
37158,Herguijuela de la Sierra,Salamanca,274,226,-17.52,Alta,43.2,872.7,608.83,9.0,0.0,0.0,22.5,31.5,0,0
37159,Herguijuela del Campo,Salamanca,92,62,-32.61,Alta,50.0,1500.0,2552.49,0,0,0,0,0,0,0
37160,Hinojosa de Duero,Salamanca,712,577,-18.96,Alta,42.1,737.5,796.36,10.7,5.3,3.6,8.9,28.5,0,0
37162,Horcajo Medianero,Salamanca,218,205,-5.96,Media,38.9,770.0,559.58,0.0,15.2,0.0,10.1,25.3,0,0
37161,Horcajo de Montemayor,Salamanca,159,101,-36.48,Alta,38.3,372.7,1681.32,0.0,9.3,0.0,9.3,18.7,0,0
37163,"Hoya, La",Salamanca,43,30,-30.23,Alta,28.1,450.0,8317.26,0.0,0.0,31.2,281.2,312.5,0,0
37164,Huerta,Salamanca,306,285,-6.86,Media,19.6,96.6,980.56,14.0,3.5,0.0,10.5,28.1,0,1
37165,Iruelos,Salamanca,39,31,-20.51,Alta,33.3,333.3,2678.61,0,0,0,0,0,0,0
37166,Ituero de Azaba,Salamanca,232,199,-14.22,Media,52.9,1111.1,849.59,5.3,5.3,0.0,0.0,10.6,0,0
37167,Juzbado,Salamanca,166,183,10.24,Crecimiento,22.3,166.7,2167.67,5.6,5.6,0.0,11.2,22.3,0,0
37168,Lagunilla,Salamanca,507,428,-15.58,Alta,42.4,491.7,1190.25,14.4,0.0,0.0,9.6,24.0,0,0
37169,Larrodrigo,Salamanca,191,186,-2.62,Leve,39.5,1000.0,777.05,5.6,0.0,0.0,0.0,5.6,0,0
37170,Ledesma,Salamanca,1778,1517,-14.68,Media,31.1,248.4,485.2,10.1,4.0,0.0,8.7,22.9,0,1
37171,Ledrada,Salamanca,507,465,-8.28,Media,31.0,242.6,686.41,6.3,4.2,2.1,0.0,12.6,0,0
37172,Linares de Riofrío,Salamanca,983,913,-7.12,Media,34.8,378.8,506.17,13.0,4.3,2.2,10.8,30.2,0,1
37173,Lumbrales,Salamanca,1735,1510,-12.97,Media,38.1,341.7,483.69,8.6,2.7,1.3,4.0,16.6,0,1
37175,Machacón,Salamanca,456,445,-2.41,Leve,30.0,277.1,502.37,6.8,2.3,2.3,2.3,13.5,0,0
37174,Macotera,Salamanca,1184,1001,-15.46,Alta,41.8,649.2,559.18,5.9,3.0,0.0,1.0,9.9,0,0
37176,Madroñal,Salamanca,159,135,-15.09,Alta,43.0,916.7,1098.47,7.8,0.0,0.0,39.1,46.9,0,0
37178,Malpartida,Salamanca,100,80,-20.0,Alta,55.4,0.0,1482.52,0,0,0,0,0,0,0
37179,Mancera de Abajo,Salamanca,230,197,-14.35,Media,47.9,920.0,833.64,10.4,0.0,0.0,5.2,15.6,0,0
37180,"Manzano, El",Salamanca,73,57,-21.92,Alta,48.1,1300.0,2713.88,18.5,0.0,0.0,0.0,18.5,0,0
37181,Martiago,Salamanca,296,250,-15.54,Alta,49.8,781.2,1180.83,8.0,8.0,0.0,15.9,31.9,0,0
37182,Martinamor,Salamanca,97,82,-15.46,Alta,14.3,162.5,1404.68,22.0,22.0,0.0,54.9,98.9,0,0
37183,Martín de Yeltes,Salamanca,447,387,-13.42,Media,39.9,612.0,551.28,13.1,2.6,0.0,0.0,15.7,0,0
37184,Masueco,Salamanca,348,251,-27.87,Alta,54.2,2166.7,1348.85,8.3,8.3,4.2,29.2,50.0,0,0
37186,"Mata de Ledesma, La",Salamanca,109,101,-7.34,Media,40.8,1333.3,1223.95,10.2,0.0,0.0,0.0,10.2,0,0
37187,Matilla de los Caños del Río,Salamanca,633,613,-3.16,Leve,24.9,164.1,769.35,6.6,0.0,0.0,1.6,8.2,0,0
37188,"Maya, La",Salamanca,199,158,-20.6,Alta,35.6,580.0,673.7,12.3,0.0,0.0,6.1,18.4,0,0
37177,"Maíllo, El",Salamanca,289,282,-2.42,Leve,39.9,448.0,1289.78,14.2,7.1,0.0,3.6,24.9,0,0
37189,Membribe de la Sierra,Salamanca,139,105,-24.46,Alta,43.6,1100.0,1084.15,0,0,0,0,0,0,0
37190,Mieza,Salamanca,227,176,-22.47,Alta,63.5,5400.0,866.64,0.0,0.0,0.0,23.5,23.5,0,0
37191,"Milano, El",Salamanca,111,88,-20.72,Alta,51.1,750.0,1321.42,0.0,11.4,0.0,0.0,11.4,0,0
37192,Miranda de Azán,Salamanca,423,447,5.67,Crecimiento,20.9,119.0,418.05,0.0,2.2,0.0,4.5,6.7,0,0
37193,Miranda del Castañar,Salamanca,450,381,-15.33,Alta,37.7,566.7,981.05,13.9,22.2,2.8,41.6,80.3,0,1
37194,Mogarraz,Salamanca,314,252,-19.75,Alta,37.6,419.0,646.88,12.8,25.6,0.0,85.5,123.9,0,0
37195,Molinillo,Salamanca,57,43,-24.56,Alta,51.2,2200.0,2906.78,0.0,0.0,0.0,46.5,46.5,0,0
37196,Monforte de la Sierra,Salamanca,89,53,-40.45,Alta,60.0,0.0,2826.22,20.0,0.0,0.0,20.0,40.0,0,0
37198,Monleras,Salamanca,245,245,0.0,Leve,25.3,196.8,1042.31,12.4,4.1,0.0,8.3,24.9,0,0
37197,Monleón,Salamanca,91,85,-6.59,Media,48.3,537.5,2740.78,0.0,0.0,11.2,11.2,22.5,0,0
37199,Monsagro,Salamanca,148,127,-14.19,Media,31.8,585.7,1418.77,7.8,23.3,0.0,23.3,54.3,0,0
37200,Montejo,Salamanca,206,198,-3.88,Leve,26.6,277.8,984.83,5.3,5.3,0.0,0.0,10.6,0,0
37201,Montemayor del Río,Salamanca,301,262,-12.96,Media,47.3,552.4,874.23,4.1,8.2,4.1,20.4,36.7,0,0
37202,Monterrubio de Armuña,Salamanca,1324,1331,0.53,Crecimiento,13.1,59.6,261.58,0.8,1.5,0.0,1.5,3.8,0,0
37203,Monterrubio de la Sierra,Salamanca,182,148,-18.68,Alta,35.3,883.3,1247.98,13.3,0.0,0.0,6.7,20.0,0,0
37204,Morasverdes,Salamanca,288,229,-20.49,Alta,47.2,733.3,823.97,21.5,0.0,8.6,4.3,34.3,0,0
37205,Morille,Salamanca,252,224,-11.11,Media,36.3,506.2,1179.84,4.5,0.0,4.5,22.4,31.4,0,0
37207,Moriscos,Salamanca,354,566,59.89,Crecimiento,10.7,43.1,254.85,1.7,1.7,0.0,1.7,5.2,0,0
37208,Moronta,Salamanca,84,76,-9.52,Media,50.0,1233.3,1167.76,0,0,0,0,0,0,0
37206,Moríñigo,Salamanca,102,88,-13.73,Media,31.9,600.0,1056.9,0,0,0,0,0,0,0
37209,Mozárbez,Salamanca,512,510,-0.39,Leve,22.8,163.9,387.28,0.0,1.9,1.9,1.9,5.8,0,0
37211,Narros de Matalayegua,Salamanca,241,198,-17.84,Alta,45.5,944.4,1276.25,5.3,0.0,0.0,10.7,16.0,0,0
37213,Nava de Béjar,Salamanca,98,74,-24.49,Alta,38.4,1400.0,1376.59,0.0,0.0,0.0,13.7,13.7,0,0
37214,Nava de Francia,Salamanca,138,120,-13.04,Media,45.2,866.7,1109.35,8.7,43.5,8.7,17.4,78.3,0,0
37215,Nava de Sotrobal,Salamanca,170,160,-5.88,Media,38.1,622.2,937.97,0,0,0,0,0,0,0
37212,Navacarros,Salamanca,120,133,10.83,Crecimiento,32.1,300.0,1800.75,0.0,14.3,0.0,50.0,64.3,0,0
37216,Navales,Salamanca,341,311,-8.8,Media,41.2,416.1,866.98,6.4,0.0,0.0,0.0,6.4,0,0
37217,Navalmoral de Béjar,Salamanca,60,56,-6.67,Media,44.4,466.7,2576.25,0.0,0.0,0.0,31.7,31.7,0,0
37218,Navamorales,Salamanca,73,44,-39.73,Alta,60.0,0.0,3293.72,22.2,0.0,0.0,22.2,44.4,0,0
37219,Navarredonda de la Rinconada,Salamanca,194,151,-22.16,Alta,47.1,1028.6,1398.17,6.5,0.0,0.0,13.1,19.6,0,0
37221,Navasfrías,Salamanca,475,362,-23.79,Alta,42.9,557.1,494.16,22.0,2.7,2.7,24.7,52.2,0,0
37222,Negrilla de Palencia,Salamanca,98,76,-22.45,Alta,29.5,575.0,2337.49,0,0,0,0,0,0,0
37223,Olmedo de Camaces,Salamanca,115,94,-18.26,Alta,48.3,1400.0,1127.23,11.5,0.0,0.0,0.0,11.5,0,0
37224,"Orbada, La",Salamanca,225,182,-19.11,Alta,44.6,1128.6,1005.17,11.3,0.0,0.0,0.0,11.3,0,0
37225,Pajares de la Laguna,Salamanca,119,114,-4.2,Leve,36.0,333.3,1806.85,0.0,0.0,0.0,9.0,9.0,0,0
37226,Palacios del Arzobispo,Salamanca,170,151,-11.18,Media,46.2,825.0,993.63,0.0,7.0,0.0,14.0,21.0,0,0
37228,Palaciosrubios,Salamanca,393,299,-23.92,Alta,45.6,1612.5,551.17,3.5,3.5,0.0,0.0,7.1,0,0
37229,Palencia de Negrilla,Salamanca,172,138,-19.77,Alta,31.9,300.0,1057.5,7.1,0.0,0.0,7.1,14.2,0,0
37230,Parada de Arriba,Salamanca,265,272,2.64,Crecimiento,23.9,161.5,991.39,0.0,0.0,3.8,0.0,3.8,0,0
37231,Parada de Rubiales,Salamanca,281,241,-14.23,Media,38.8,460.0,1326.76,8.4,4.2,0.0,4.2,16.9,0,0
37232,Paradinas de San Juan,Salamanca,421,384,-8.79,Media,40.9,780.0,561.3,7.9,0.0,0.0,0.0,7.9,0,0
37233,Pastores,Salamanca,58,56,-3.45,Leve,51.9,2700.0,1655.81,19.2,0.0,0.0,76.9,96.2,0,0
37234,"Payo, El",Salamanca,404,313,-22.52,Alta,52.6,795.0,720.21,16.6,0.0,0.0,3.3,19.9,0,0
37235,Pedraza de Alba,Salamanca,249,220,-11.65,Media,30.4,366.7,775.58,9.2,0.0,4.6,0.0,13.8,0,0
37236,Pedrosillo de Alba,Salamanca,152,124,-18.42,Alta,44.7,785.7,1160.31,0.0,8.1,0.0,0.0,8.1,0,0
37237,Pedrosillo de los Aires,Salamanca,385,314,-18.44,Alta,30.8,293.9,1121.09,6.3,0.0,0.0,3.2,9.5,0,0
37238,Pedrosillo el Ralo,Salamanca,143,135,-5.59,Media,19.7,145.0,1409.09,0.0,20.4,6.8,27.2,54.4,0,1
37239,"Pedroso de la Armuña, El",Salamanca,252,215,-14.68,Media,38.6,1300.0,701.2,14.9,0.0,0.0,5.0,19.8,0,0
37240,Pelabravo,Salamanca,1126,1366,21.31,Crecimiento,16.8,89.2,324.0,0.7,0.7,1.4,7.7,10.5,0,0
37241,Pelarrodríguez,Salamanca,173,159,-8.09,Media,36.6,737.5,1238.27,12.4,0.0,0.0,0.0,12.4,0,0
37242,Pelayos,Salamanca,105,72,-31.43,Alta,55.6,2000.0,2060.8,0.0,0.0,0.0,13.9,13.9,0,0
37248,Peralejos de Abajo,Salamanca,169,171,1.18,Crecimiento,31.5,311.8,770.48,6.0,0.0,6.0,11.9,23.8,0,0
37249,Peralejos de Arriba,Salamanca,45,35,-22.22,Alta,57.9,2200.0,2417.28,0,0,0,0,0,0,0
37250,Pereña de la Ribera,Salamanca,391,314,-19.69,Alta,48.3,1115.4,721.5,10.0,10.0,6.7,16.7,43.3,0,0
37251,Peromingo,Salamanca,135,122,-9.63,Media,22.3,207.7,1744.52,8.3,0.0,0.0,0.0,8.3,0,0
37243,"Peña, La",Salamanca,110,70,-36.36,Alta,53.6,0.0,1548.15,0,0,0,0,0,0,0
37244,Peñacaballera,Salamanca,144,153,6.25,Crecimiento,30.9,200.0,736.56,26.8,20.1,0.0,33.6,80.5,0,0
37245,Peñaparda,Salamanca,375,308,-17.87,Alta,51.5,1092.9,951.47,26.9,0.0,0.0,0.0,26.9,0,0
37246,Peñaranda de Bracamonte,Salamanca,6557,6063,-7.53,Media,26.6,164.0,248.26,5.0,2.4,0.8,1.3,9.6,0,0
37247,Peñarandilla,Salamanca,214,181,-15.42,Alta,40.9,777.8,1823.46,11.7,0.0,0.0,5.8,17.5,0,0
37252,Pinedas,Salamanca,112,94,-16.07,Alta,60.2,2650.0,2562.77,11.4,0.0,0.0,11.4,22.7,0,0
37253,"Pino de Tormes, El",Salamanca,158,149,-5.7,Media,25.9,223.5,1587.42,6.8,0.0,0.0,0.0,6.8,0,0
37254,Pitiegua,Salamanca,198,182,-8.08,Media,38.2,507.7,1246.15,0.0,0.0,0.0,5.8,5.8,0,0
37255,Pizarral,Salamanca,56,64,14.29,Crecimiento,19.4,260.0,2214.94,14.9,0.0,0.0,0.0,14.9,0,1
37256,Poveda de las Cintas,Salamanca,251,194,-22.71,Alta,43.4,566.7,1035.53,10.2,0.0,0.0,0.0,10.2,0,0
37257,Pozos de Hinojo,Salamanca,53,52,-1.89,Leve,41.7,500.0,2030.4,0.0,20.8,0.0,62.5,83.3,0,0
37258,Puebla de Azaba,Salamanca,210,142,-32.38,Alta,46.2,670.0,1104.21,13.8,0.0,6.9,0.0,20.7,0,0
37259,Puebla de San Medel,Salamanca,45,33,-26.67,Alta,34.4,0.0,3403.72,0,0,0,0,0,0,0
37260,Puebla de Yeltes,Salamanca,153,142,-7.19,Media,43.7,421.4,1315.78,7.4,0.0,0.0,0.0,7.4,0,0
37261,Puente del Congosto,Salamanca,240,225,-6.25,Media,37.4,419.0,2039.31,12.8,0.0,8.5,21.3,42.6,0,0
37262,Puertas,Salamanca,84,65,-22.62,Alta,48.5,457.1,1501.55,0,0,0,0,0,0,0
37264,Puerto Seguro,Salamanca,66,55,-16.67,Alta,50.0,1300.0,2034.55,19.2,0.0,0.0,0.0,19.2,0,0
37263,Puerto de Béjar,Salamanca,385,352,-8.57,Media,44.6,527.6,549.26,5.8,8.7,0.0,40.8,55.4,0,0
37266,"Redonda, La",Salamanca,94,65,-30.85,Alta,32.8,500.0,2413.23,0,0,0,0,0,0,0
37267,Retortillo,Salamanca,227,174,-23.35,Alta,36.6,420.0,1016.27,0.0,11.6,5.8,5.8,23.3,0,0
37268,"Rinconada de la Sierra, La",Salamanca,120,100,-16.67,Alta,49.5,2400.0,1510.82,0.0,0.0,0.0,41.2,41.2,0,0
37269,Robleda,Salamanca,526,457,-13.12,Media,36.3,328.0,729.55,15.5,4.4,2.2,6.6,28.8,0,1
37270,Robliza de Cojos,Salamanca,211,187,-11.37,Media,32.6,469.2,803.86,5.3,5.3,0.0,0.0,10.7,0,0
37271,Rollán,Salamanca,376,337,-10.37,Media,44.3,875.0,709.42,9.5,0.0,0.0,0.0,9.5,0,0
37265,Rágama,Salamanca,242,197,-18.6,Alta,40.8,1142.9,1268.18,5.1,0.0,0.0,5.1,10.2,0,0
37272,Saelices el Chico,Salamanca,155,173,11.61,Crecimiento,27.6,120.0,1054.68,5.7,0.0,0.0,11.5,17.2,0,0
37273,"Sagrada, La",Salamanca,116,82,-29.31,Alta,51.2,1366.7,2725.17,12.5,0.0,0.0,0.0,12.5,0,0
37303,"Sahugo, El",Salamanca,188,181,-3.72,Leve,50.6,692.3,1352.16,0.0,5.6,11.2,0.0,16.9,0,0
37274,Salamanca,Salamanca,146438,144866,-1.07,Leve,29.2,191.7,0.0,5.3,1.8,1.3,3.6,11.9,1,0
37275,Saldeana,Salamanca,125,99,-20.8,Alta,67.7,2166.7,1667.88,20.8,0.0,0.0,0.0,20.8,0,0
37276,Salmoral,Salamanca,158,112,-29.11,Alta,48.1,1275.0,1442.98,18.9,0.0,0.0,9.4,28.3,0,0
37277,Salvatierra de Tormes,Salamanca,63,72,14.29,Crecimiento,47.0,1033.3,2376.37,15.2,0.0,0.0,30.3,45.5,0,0
37278,San Cristóbal de la Cuesta,Salamanca,1017,1143,12.39,Crecimiento,12.0,62.1,268.03,1.7,0.0,0.0,0.9,2.6,0,0
37284,San Esteban de la Sierra,Salamanca,346,372,7.51,Crecimiento,39.0,496.3,1014.26,5.8,5.8,0.0,37.8,49.4,0,0
37285,San Felices de los Gallegos,Salamanca,451,350,-22.39,Alta,49.0,756.5,766.11,11.3,5.6,0.0,8.5,25.4,0,0
37286,San Martín del Castañar,Salamanca,243,234,-3.7,Leve,37.9,977.8,1009.93,12.9,30.2,0.0,60.3,103.4,0,0
37287,San Miguel de Valero,Salamanca,355,303,-14.65,Media,34.7,276.9,564.28,9.6,9.6,0.0,38.6,57.9,0,0
37036,San Miguel del Robledo,Salamanca,66,43,-34.85,Alta,46.2,800.0,1615.96,19.2,0.0,0.0,76.9,96.2,0,0
37288,San Morales,Salamanca,288,366,27.08,Crecimiento,18.5,106.7,663.66,2.9,0.0,0.0,0.0,2.9,0,0
37289,San Muñoz,Salamanca,277,201,-27.44,Alta,48.0,633.3,911.62,10.1,0.0,0.0,0.0,10.1,0,0
37291,San Pedro de Rozados,Salamanca,307,269,-12.38,Media,33.9,581.2,931.18,3.6,3.6,3.6,10.9,21.9,0,0
37290,San Pedro del Valle,Salamanca,152,145,-4.61,Leve,40.3,446.2,1747.11,0.0,6.9,0.0,6.9,13.9,0,0
37292,San Pelayo de Guareña,Salamanca,96,92,-4.17,Leve,31.0,385.7,2048.68,11.5,0.0,0.0,23.0,34.5,0,0
37282,Sanchotello,Salamanca,238,212,-10.92,Media,36.5,350.0,942.42,4.7,4.7,0.0,0.0,9.5,0,0
37280,Sanchón de la Ribera,Salamanca,82,67,-18.29,Alta,40.9,385.7,1421.38,0,0,0,0,0,0,0
37281,Sanchón de la Sagrada,Salamanca,40,51,27.5,Crecimiento,48.8,2000.0,2202.17,0.0,0.0,0.0,24.4,24.4,0,0
37279,Sancti-Spíritus,Salamanca,880,731,-16.93,Alta,34.0,334.2,521.47,9.8,9.8,0.0,9.8,29.3,0,0
37283,Sando,Salamanca,136,113,-16.91,Alta,37.3,820.0,1354.42,9.1,9.1,0.0,9.1,27.3,0,0
37294,Santa Marta de Tormes,Salamanca,14970,14726,-1.63,Leve,20.5,114.4,198.63,2.2,2.0,0.7,1.8,6.7,0,1
37293,Santa María de Sando,Salamanca,124,95,-23.39,Alta,50.5,1150.0,1665.28,22.0,0.0,0.0,11.0,33.0,0,0
37296,Santiago de la Puebla,Salamanca,366,282,-22.95,Alta,49.3,1380.0,524.44,7.1,0.0,0.0,0.0,7.1,0,0
37297,Santibáñez de Béjar,Salamanca,488,444,-9.02,Media,29.3,284.8,568.19,8.9,0.0,0.0,2.2,11.2,0,0
37298,Santibáñez de la Sierra,Salamanca,191,149,-21.99,Alta,49.0,777.8,1686.81,7.0,14.0,0.0,14.0,35.0,0,0
37299,Santiz,Salamanca,254,229,-9.84,Media,36.9,488.2,860.39,8.9,4.4,0.0,8.9,22.2,0,0
37300,"Santos, Los",Salamanca,645,580,-10.08,Media,33.3,327.6,696.06,5.3,3.5,0.0,5.3,14.0,0,0
37301,Sardón de los Frailes,Salamanca,84,101,20.24,Crecimiento,39.4,487.5,1920.97,0.0,10.1,0.0,40.4,50.5,0,0
37302,Saucelle,Salamanca,324,252,-22.22,Alta,40.1,692.9,1311.81,8.3,8.3,4.1,124.0,144.6,0,0
37304,Sepulcro-Hilario,Salamanca,186,157,-15.59,Alta,50.0,641.7,870.74,13.0,0.0,0.0,0.0,13.0,0,0
37305,Sequeros,Salamanca,239,207,-13.39,Media,39.4,531.2,657.65,23.1,4.6,0.0,55.6,83.3,0,0
37306,Serradilla del Arroyo,Salamanca,286,246,-13.99,Media,41.8,454.5,933.79,4.2,12.6,0.0,16.7,33.5,0,0
37307,Serradilla del Llano,Salamanca,171,138,-19.3,Alta,43.0,725.0,2087.74,0.0,0.0,0.0,22.2,22.2,0,0
37309,"Sierpe, La",Salamanca,50,42,-16.0,Alta,46.3,950.0,2226.67,0,0,0,0,0,0,0
37310,Sieteiglesias de Tormes,Salamanca,214,164,-23.36,Alta,59.7,814.3,966.09,0.0,10.5,0.0,0.0,10.5,0,0
37311,Sobradillo,Salamanca,243,173,-28.81,Alta,46.8,615.4,1255.07,5.8,5.8,0.0,5.8,17.5,0,0
37312,Sorihuela,Salamanca,270,256,-5.19,Media,34.4,400.0,858.49,11.7,3.9,0.0,11.7,27.3,0,0
37313,Sotoserrano,Salamanca,606,513,-15.35,Alta,40.5,780.8,630.82,6.0,10.0,0.0,39.9,55.9,0,0
37314,Tabera de Abajo,Salamanca,115,99,-13.91,Media,19.6,111.8,1018.06,0.0,10.3,0.0,20.6,30.9,0,0
37315,"Tala, La",Salamanca,96,76,-20.83,Alta,37.7,966.7,2062.6,13.0,13.0,0.0,0.0,26.0,0,0
37316,Tamames,Salamanca,838,785,-6.32,Media,34.9,370.3,628.6,12.8,1.3,0.0,3.8,17.9,0,1
37317,Tarazona de Guareña,Salamanca,334,269,-19.46,Alta,45.6,1190.0,634.64,7.7,0.0,0.0,0.0,7.7,0,0
37318,Tardáguila,Salamanca,228,197,-13.6,Media,37.8,730.0,1001.14,0,0,0,0,0,0,0
37319,"Tejado, El",Salamanca,127,83,-34.65,Alta,24.1,400.0,1692.48,12.0,0.0,0.0,12.0,24.1,0,0
37320,Tejeda y Segoyuela,Salamanca,100,97,-3.0,Leve,36.1,318.2,872.27,0,0,0,0,0,0,0
37321,Tenebrón,Salamanca,163,121,-25.77,Alta,48.8,1220.0,1793.33,16.0,8.0,0.0,0.0,24.0,0,0
37322,Terradillos,Salamanca,3152,3220,2.16,Crecimiento,17.4,91.9,219.69,1.8,0.6,0.3,0.3,3.0,0,0
37323,Topas,Salamanca,552,511,-7.43,Media,29.5,231.8,469.46,3.9,3.9,0.0,1.9,9.7,0,0
37324,Tordillos,Salamanca,395,316,-20.0,Alta,51.0,1427.3,671.08,6.5,0.0,0.0,0.0,6.5,0,0
37325,"Tornadizo, El",Salamanca,94,86,-8.51,Media,54.5,0.0,3552.21,11.4,11.4,0.0,22.7,45.5,0,0
37327,Torresmenudas,Salamanca,195,184,-5.64,Media,32.8,525.0,1069.71,10.4,0.0,0.0,0.0,10.4,0,0
37328,Trabanca,Salamanca,228,160,-29.82,Alta,39.6,370.6,0.0,18.9,6.3,0.0,25.2,50.3,0,0
37329,Tremedal de Tormes,Salamanca,40,35,-12.5,Media,35.3,1200.0,2704.52,0.0,29.4,0.0,0.0,29.4,0,0
37330,Valdecarros,Salamanca,364,310,-14.84,Media,40.2,440.7,671.92,10.1,0.0,0.0,0.0,10.1,0,0
37331,Valdefuentes de Sangusín,Salamanca,231,189,-18.18,Alta,49.7,700.0,1046.37,16.4,0.0,0.0,16.4,32.8,0,0
37332,Valdehijaderos,Salamanca,86,84,-2.33,Leve,34.5,223.1,1763.27,11.9,0.0,0.0,0.0,11.9,0,0
37333,Valdelacasa,Salamanca,236,189,-19.92,Alta,34.4,492.3,1077.17,5.4,5.4,0.0,0.0,10.8,0,0
37334,Valdelageve,Salamanca,86,67,-22.09,Alta,42.4,560.0,1753.1,0.0,0.0,0.0,15.2,15.2,0,0
37335,Valdelosa,Salamanca,454,404,-11.01,Media,33.6,288.9,753.03,12.9,0.0,0.0,0.0,12.9,0,0
37336,Valdemierque,Salamanca,57,59,3.51,Crecimiento,24.1,233.3,1817.68,0.0,0.0,0.0,34.5,34.5,0,0
37337,Valderrodrigo,Salamanca,153,128,-16.34,Alta,36.5,2300.0,1064.82,0.0,0.0,0.0,7.9,7.9,0,0
37338,Valdunciel,Salamanca,93,110,18.28,Crecimiento,25.8,145.5,1247.92,0,0,0,0,0,0,1
37339,Valero,Salamanca,309,286,-7.44,Media,40.7,555.0,479.37,3.7,0.0,3.7,3.7,11.0,0,0
37343,Vallejera de Riofrío,Salamanca,70,72,2.86,Crecimiento,19.4,130.0,1998.88,0.0,29.9,0.0,44.8,74.6,0,0
37340,Valsalabroso,Salamanca,149,119,-20.13,Alta,45.8,2750.0,1437.76,0,0,0,0,0,0,0
37341,Valverde de Valdelacasa,Salamanca,85,57,-32.94,Alta,35.1,250.0,3130.14,17.5,0.0,0.0,17.5,35.1,0,0
37342,Valverdón,Salamanca,282,264,-6.38,Media,25.9,209.1,509.08,3.8,15.0,3.8,3.8,26.3,0,0
37344,Vecinos,Salamanca,273,219,-19.78,Alta,29.4,309.1,701.34,0.0,17.3,4.3,4.3,26.0,0,0
37345,Vega de Tirados,Salamanca,181,149,-17.68,Alta,43.3,508.3,1607.54,21.3,7.1,0.0,35.5,63.8,0,0
37346,"Veguillas, Las",Salamanca,288,275,-4.51,Leve,34.4,261.1,728.34,11.0,0.0,0.0,7.3,18.3,0,0
37347,"Vellés, La",Salamanca,561,540,-3.74,Leve,20.5,133.3,558.02,7.1,0.0,0.0,1.8,8.8,0,0
37348,Ventosa del Río Almar,Salamanca,118,99,-16.1,Alta,43.3,840.0,984.8,10.3,0.0,0.0,10.3,20.6,0,0
37351,Villaflores,Salamanca,293,260,-11.26,Media,47.3,756.2,763.93,3.9,0.0,0.0,3.9,7.8,0,0
37352,Villagonzalo de Tormes,Salamanca,216,216,0.0,Leve,27.7,295.0,1026.98,9.4,0.0,0.0,4.7,14.1,0,0
37353,Villalba de los Llanos,Salamanca,142,110,-22.54,Alta,36.4,975.0,1067.0,18.7,0.0,0.0,0.0,18.7,0,0
37354,Villamayor,Salamanca,6962,7669,10.16,Crecimiento,13.7,61.7,179.37,0.8,0.6,0.3,1.4,3.1,0,0
37355,Villanueva del Conde,Salamanca,183,174,-4.92,Leve,40.2,636.4,740.9,23.0,5.7,5.7,114.9,149.4,0,0
37356,Villar de Argañán,Salamanca,90,98,8.89,Crecimiento,40.4,760.0,1424.02,0,0,0,0,0,0,0
37357,Villar de Ciervo,Salamanca,298,253,-15.1,Alta,55.3,823.5,804.52,4.0,4.0,4.0,0.0,11.9,0,0
37358,Villar de Gallimazo,Salamanca,198,198,0.0,Leve,36.8,887.5,801.21,5.2,0.0,0.0,0.0,5.2,0,0
37360,Villar de Peralonso,Salamanca,259,204,-21.24,Alta,35.7,400.0,664.51,4.7,4.7,0.0,4.7,14.1,0,0
37361,Villar de Samaniego,Salamanca,89,78,-12.36,Media,44.3,583.3,1133.45,0,0,0,0,0,0,0
37359,Villar de la Yegua,Salamanca,202,155,-23.27,Alta,50.0,3800.0,1094.39,6.6,0.0,6.6,19.7,32.9,0,0
37363,Villares de Yeltes,Salamanca,131,96,-26.72,Alta,50.0,850.0,1609.26,9.8,0.0,0.0,39.2,49.0,0,0
37362,Villares de la Reina,Salamanca,6188,6723,8.65,Crecimiento,12.9,55.2,179.76,2.9,4.4,0.4,1.0,8.8,0,0
37364,Villarino de los Aires,Salamanca,892,739,-17.15,Alta,44.6,753.5,651.33,4.1,4.1,1.4,8.3,17.9,0,0
37365,Villarmayor,Salamanca,200,154,-23.0,Alta,38.1,588.9,1379.97,0.0,14.4,14.4,14.4,43.2,0,0
37366,Villarmuerto,Salamanca,41,40,-2.44,Leve,52.6,0.0,2213.15,0,0,0,0,0,0,0
37367,Villasbuenas,Salamanca,209,164,-21.53,Alta,57.0,1800.0,1290.14,6.3,0.0,0.0,0.0,6.3,0,0
37368,Villasdardo,Salamanca,17,22,29.41,Crecimiento,27.3,120.0,3623.31,0,0,0,0,0,0,0
37369,Villaseco de los Gamitos,Salamanca,152,137,-9.87,Media,21.4,214.3,738.7,14.3,7.1,0.0,0.0,21.4,0,0
37370,Villaseco de los Reyes,Salamanca,372,298,-19.89,Alta,36.4,981.8,720.35,0.0,0.0,3.4,6.7,10.1,0,0
37371,Villasrubias,Salamanca,299,236,-21.07,Alta,52.4,1344.4,1477.05,17.3,8.7,4.3,8.7,39.0,0,0
37372,Villaverde de Guareña,Salamanca,155,138,-10.97,Media,41.1,481.8,1524.6,0.0,0.0,0.0,23.3,23.3,0,0
37373,Villavieja de Yeltes,Salamanca,861,688,-20.09,Alta,39.9,600.0,834.6,11.8,3.0,0.0,4.4,19.2,0,0
37374,Villoria,Salamanca,1429,1258,-11.97,Media,28.8,228.0,381.65,5.6,0.0,0.0,2.4,8.1,0,1
37375,Villoruela,Salamanca,836,731,-12.56,Media,37.0,304.5,458.67,4.1,0.0,0.0,0.0,4.1,0,0
37350,Vilvestre,Salamanca,447,395,-11.63,Media,50.5,900.0,620.75,5.3,5.3,0.0,13.4,24.1,0,0
37376,Vitigudino,Salamanca,2700,2361,-12.56,Media,29.4,200.0,233.22,11.5,3.4,0.4,2.6,17.9,0,1
37349,"Vídola, La",Salamanca,121,107,-11.57,Media,46.3,1466.7,1012.07,0,0,0,0,0,0,0
37377,Yecla de Yeltes,Salamanca,276,222,-19.57,Alta,43.9,490.0,858.03,4.5,4.5,0.0,4.5,13.5,0,0
37378,Zamarra,Salamanca,108,71,-34.26,Alta,61.4,0.0,2773.55,14.3,0.0,0.0,0.0,14.3,0,0
37379,Zamayón,Salamanca,194,192,-1.03,Leve,23.4,160.7,875.65,5.2,0.0,10.4,5.2,20.8,0,0
37380,Zarapicos,Salamanca,51,49,-3.92,Leve,40.0,1000.0,2987.33,20.0,20.0,0.0,80.0,120.0,0,0
37381,"Zarza de Pumareda, La",Salamanca,144,133,-7.64,Media,47.1,1066.7,1176.61,0.0,0.0,0.0,22.1,22.1,0,0
37382,Zorita de la Frontera,Salamanca,194,152,-21.65,Alta,53.2,3700.0,1190.44,14.4,0.0,0.0,0.0,14.4,0,0
37118,Éjeme,Salamanca,137,144,5.11,Crecimiento,31.7,488.9,1006.44,7.2,0.0,0.0,0.0,7.2,0,0
40001,Abades,Segovia,863,859,-0.46,Leve,26.8,151.3,221.88,5.9,1.2,1.2,4.7,13.0,0,0
40002,Adrada de Pirón,Segovia,41,40,-2.44,Leve,25.6,166.7,694.85,0.0,25.6,0.0,102.6,128.2,0,0
40003,Adrados,Segovia,155,123,-20.65,Alta,50.0,950.0,246.13,8.8,17.5,0.0,26.3,52.6,0,0
40004,Aguilafuente,Segovia,639,564,-11.74,Media,27.4,193.8,197.51,12.2,5.2,0.0,8.7,26.2,0,0
40005,Alconada de Maderuelo,Segovia,37,26,-29.73,Alta,43.5,0.0,1539.7,0,0,0,0,0,0,0
40012,Aldea Real,Segovia,332,287,-13.55,Media,31.8,241.7,175.0,3.6,3.6,0.0,0.0,7.3,0,0
40006,Aldealcorvo,Segovia,20,18,-10.0,Media,46.7,0.0,1724.26,0.0,0.0,0.0,133.3,133.3,0,0
40007,Aldealengua de Pedraza,Segovia,83,79,-4.82,Leve,45.6,1800.0,425.34,0.0,12.7,0.0,88.6,101.3,0,0
40008,Aldealengua de Santa María,Segovia,70,59,-15.71,Alta,36.5,190.0,566.08,0.0,0.0,0.0,19.2,19.2,0,0
40009,Aldeanueva de la Serrezuela,Segovia,55,42,-23.64,Alta,40.9,900.0,599.8,0.0,45.5,0.0,22.7,68.2,0,0
40010,Aldeanueva del Codonal,Segovia,134,108,-19.4,Alta,41.0,1075.0,254.95,19.0,0.0,0.0,0.0,19.0,0,0
40013,Aldeasoña,Segovia,61,67,9.84,Crecimiento,52.5,0.0,626.16,16.4,16.4,0.0,82.0,114.8,0,0
40014,Aldehorno,Segovia,57,59,3.51,Crecimiento,40.6,288.9,418.18,0.0,0.0,0.0,15.6,15.6,0,0
40015,Aldehuela del Codonal,Segovia,34,24,-29.41,Alta,56.0,1400.0,707.19,0,0,0,0,0,0,0
40016,Aldeonte,Segovia,59,55,-6.78,Media,38.2,525.0,244.48,0,0,0,0,0,0,0
40017,Anaya,Segovia,123,119,-3.25,Leve,21.0,200.0,309.61,0.0,9.5,0.0,19.0,28.6,0,0
40019,Arahuetes,Segovia,41,31,-24.39,Alta,51.6,0.0,906.97,32.3,0.0,0.0,161.3,193.5,0,0
40020,Arcones,Segovia,214,180,-15.89,Alta,38.5,575.0,269.49,5.6,11.2,0.0,72.6,89.4,0,0
40021,Arevalillo de Cega,Segovia,30,18,-40.0,Alta,66.7,0.0,1435.61,0,0,0,0,0,0,0
40022,Armuña,Segovia,233,241,3.43,Crecimiento,24.2,254.2,128.61,7.9,4.0,0.0,15.9,27.8,0,0
40024,Ayllón,Segovia,1268,1105,-12.85,Media,21.7,115.5,216.74,5.5,9.1,0.9,23.6,39.1,0,0
40018,Añe,Segovia,98,66,-32.65,Alta,44.1,1500.0,339.01,0.0,0.0,0.0,29.4,29.4,0,1
40025,Barbolla,Segovia,200,150,-25.0,Alta,37.3,331.2,205.06,14.1,7.0,0.0,7.0,28.2,0,0
40026,Basardilla,Segovia,137,136,-0.73,Leve,14.6,80.0,248.04,7.3,7.3,0.0,51.1,65.7,0,0
40028,Bercial,Segovia,115,105,-8.7,Media,39.0,780.0,258.18,0,0,0,0,0,0,0
40029,Bercimuel,Segovia,32,36,12.5,Crecimiento,52.9,1800.0,763.46,29.4,0.0,0.0,29.4,58.8,0,0
40030,Bernardos,Segovia,547,463,-15.36,Alta,36.6,352.1,321.2,15.2,0.0,0.0,21.6,36.8,0,0
40031,Bernuy de Porreros,Segovia,719,1247,73.44,Crecimiento,9.0,43.2,145.34,3.7,0.0,0.0,8.9,12.7,0,0
40032,Boceguillas,Segovia,793,721,-9.08,Media,15.8,67.4,247.65,5.4,8.0,1.3,8.0,22.8,0,0
40033,Brieva,Segovia,93,86,-7.53,Media,17.5,130.8,641.48,10.3,20.6,0.0,72.2,103.1,0,0
40034,Caballar,Segovia,96,75,-21.88,Alta,38.5,600.0,502.03,0.0,0.0,12.8,89.7,102.6,0,0
40035,Cabañas de Polendos,Segovia,180,199,10.56,Crecimiento,22.2,115.4,204.96,4.9,14.8,0.0,93.6,113.3,0,0
40036,Cabezuela,Segovia,674,656,-2.67,Leve,25.8,143.2,81.31,6.1,0.0,0.0,9.2,15.3,0,0
40037,Calabazas de Fuentidueña,Segovia,39,25,-35.9,Alta,47.8,0.0,210.64,0.0,0.0,0.0,43.5,43.5,0,0
40039,Campo de San Pedro,Segovia,281,259,-7.83,Media,22.7,131.8,589.02,7.8,0.0,0.0,15.6,23.4,0,0
40040,Cantalejo,Segovia,3693,3558,-3.66,Leve,23.0,119.2,41.99,8.3,1.7,0.0,3.6,13.6,0,1
40041,Cantimpalos,Segovia,1346,1427,6.02,Crecimiento,22.5,131.4,147.43,3.9,0.7,0.0,0.7,5.2,0,0
40161,Carabias,Segovia,47,54,14.89,Crecimiento,15.8,75.0,270.86,0,0,0,0,0,0,0
40043,Carbonero el Mayor,Segovia,2540,2502,-1.5,Leve,24.7,136.1,56.76,6.1,1.2,0.0,2.0,9.3,0,1
40044,Carrascal del Río,Segovia,150,136,-9.33,Media,38.0,385.7,274.88,14.1,14.1,0.0,56.3,84.5,0,0
40045,Casla,Segovia,156,155,-0.64,Leve,21.2,206.2,215.47,6.4,12.8,0.0,70.5,89.7,0,0
40046,Castillejo de Mesleón,Segovia,143,110,-23.08,Alta,29.5,360.0,205.97,8.2,32.8,0.0,49.2,90.2,0,0
40047,Castro de Fuentidueña,Segovia,32,48,50.0,Crecimiento,39.0,0.0,862.22,24.4,24.4,0.0,73.2,122.0,0,0
40048,Castrojimeno,Segovia,38,31,-18.42,Alta,66.7,0.0,1041.62,0.0,0.0,0.0,37.0,37.0,0,0
40049,Castroserna de Abajo,Segovia,74,32,-56.76,Alta,58.1,1800.0,743.48,0.0,32.3,0.0,96.8,129.0,0,0
40051,Castroserracín,Segovia,64,24,-62.5,Alta,62.5,750.0,1087.0,83.3,0.0,0.0,0.0,83.3,0,0
40052,Cedillo de la Torre,Segovia,111,81,-27.03,Alta,38.8,442.9,349.64,12.5,12.5,0.0,12.5,37.5,0,0
40053,Cerezo de Abajo,Segovia,148,145,-2.03,Leve,19.7,90.9,253.01,13.2,13.2,0.0,32.9,59.2,0,0
40054,Cerezo de Arriba,Segovia,145,134,-7.59,Media,26.9,266.7,214.95,25.2,33.6,8.4,176.5,243.7,0,0
40065,Chañe,Segovia,887,741,-16.46,Alta,22.3,203.6,112.09,5.2,3.9,0.0,5.2,14.4,0,0
40055,Cilleruelo de San Mamés,Segovia,39,35,-10.26,Media,29.3,240.0,527.93,0,0,0,0,0,0,0
40056,Cobos de Fuentidueña,Segovia,39,28,-28.21,Alta,56.0,1400.0,2118.78,0,0,0,0,0,0,0
40057,Coca,Segovia,1896,1703,-10.18,Media,27.9,201.3,38.97,7.6,1.8,0.6,10.5,20.5,0,0
40058,Codorniz,Segovia,351,307,-12.54,Media,43.9,716.7,72.98,6.8,3.4,0.0,6.8,17.0,0,0
40059,Collado Hermoso,Segovia,145,118,-18.62,Alta,32.2,925.0,316.29,0.0,26.1,0.0,17.4,43.5,0,0
40060,Condado de Castilnovo,Segovia,105,79,-24.76,Alta,42.5,620.0,425.34,0.0,27.4,0.0,27.4,54.8,0,0
40061,Corral de Ayllón,Segovia,85,77,-9.41,Media,41.3,620.0,443.81,0.0,13.3,0.0,13.3,26.7,0,0
40902,Cozuelos de Fuentidueña,Segovia,134,105,-21.64,Alta,42.2,614.3,233.9,9.8,0.0,0.0,29.4,39.2,0,0
40062,Cubillo,Segovia,74,73,-1.35,Leve,43.2,640.0,443.82,13.5,0.0,0.0,81.1,94.6,0,0
40905,Cuevas de Provanco,Segovia,140,132,-5.71,Media,46.9,677.8,173.9,7.7,0.0,0.0,15.4,23.1,0,0
40063,Cuéllar,Segovia,9477,9530,0.56,Crecimiento,23.9,141.9,24.24,7.8,1.8,0.2,2.5,12.4,0,1
40068,Domingo García,Segovia,28,32,14.29,Crecimiento,28.6,200.0,876.38,0.0,0.0,0.0,35.7,35.7,0,0
40069,Donhierro,Segovia,102,75,-26.47,Alta,35.6,433.3,371.79,13.7,0.0,0.0,0.0,13.7,0,0
40070,Duruelo,Segovia,181,171,-5.52,Media,29.7,255.0,769.76,0.0,11.6,0.0,34.9,46.5,0,0
40071,Encinas,Segovia,50,40,-20.0,Alta,46.2,300.0,679.32,0,0,0,0,0,0,0
40072,Encinillas,Segovia,250,352,40.8,Crecimiento,6.1,19.3,93.49,0.0,2.8,0.0,5.5,8.3,0,0
40073,Escalona del Prado,Segovia,558,468,-16.13,Alta,31.4,232.8,324.6,4.2,2.1,0.0,2.1,8.4,0,0
40074,Escarabajosa de Cabezas,Segovia,327,276,-15.6,Alta,30.5,244.1,188.54,7.4,0.0,0.0,0.0,7.4,0,0
40075,Escobar de Polendos,Segovia,184,166,-9.78,Media,37.2,320.0,242.87,11.6,11.6,0.0,81.4,104.7,0,0
40076,"Espinar, El",Segovia,9486,10145,6.95,Crecimiento,17.6,87.0,21.69,3.4,3.3,0.3,5.6,12.5,0,0
40077,Espirdo,Segovia,1107,1607,45.17,Crecimiento,9.8,41.5,56.38,0.6,1.2,1.2,9.9,12.9,0,0
40078,Fresneda de Cuéllar,Segovia,178,170,-4.49,Leve,41.6,609.1,192.09,6.2,0.0,0.0,18.6,24.8,0,0
40079,Fresno de Cantespino,Segovia,277,288,3.97,Crecimiento,31.0,264.7,253.77,3.4,13.8,0.0,27.6,44.8,0,0
40080,Fresno de la Fuente,Segovia,94,77,-18.09,Alta,26.2,175.0,36.06,12.5,12.5,0.0,0.0,25.0,0,0
40081,Frumales,Segovia,127,120,-5.51,Media,48.8,1180.0,236.73,24.8,0.0,0.0,8.3,33.1,0,0
40082,Fuente de Santa Cruz,Segovia,128,99,-22.66,Alta,45.7,600.0,572.44,9.5,0.0,0.0,0.0,9.5,0,0
40083,Fuente el Olmo de Fuentidueña,Segovia,176,395,124.43,Crecimiento,7.9,129.2,0.0,5.1,2.5,0.0,0.0,7.6,0,0
40084,Fuente el Olmo de Íscar,Segovia,68,45,-33.82,Alta,23.5,1200.0,0.0,19.6,0.0,0.0,0.0,19.6,0,0
40086,Fuentepelayo,Segovia,914,772,-15.54,Alta,27.9,208.8,193.39,9.2,2.6,0.0,1.3,13.1,0,0
40087,Fuentepiñel,Segovia,99,68,-31.31,Alta,50.0,0.0,393.8,15.6,0.0,0.0,15.6,31.2,0,0
40088,Fuenterrebollo,Segovia,369,339,-8.13,Media,36.8,285.0,151.83,9.7,0.0,0.0,9.7,19.4,0,0
40089,Fuentesaúco de Fuentidueña,Segovia,249,223,-10.44,Media,43.4,593.8,173.89,4.6,9.1,4.6,27.4,45.7,0,0
40091,Fuentesoto,Segovia,112,100,-10.71,Media,45.8,733.3,320.03,0.0,10.4,0.0,0.0,10.4,0,0
40092,Fuentidueña,Segovia,144,133,-7.64,Media,37.3,361.5,368.54,15.9,23.8,0.0,71.4,111.1,0,0
40093,Gallegos,Segovia,94,93,-1.06,Leve,26.0,227.3,311.59,10.4,20.8,0.0,83.3,114.6,0,0
40094,Garcillán,Segovia,453,515,13.69,Crecimiento,14.4,70.5,271.38,1.9,0.0,1.9,1.9,5.8,0,0
40095,Gomezserracín,Segovia,676,625,-7.54,Media,24.5,174.4,230.55,4.9,3.3,0.0,3.3,11.5,0,0
40097,Grajera,Segovia,234,256,9.4,Crecimiento,15.0,69.1,168.15,11.9,11.9,0.0,19.8,43.5,0,0
40099,Honrubia de la Cuesta,Segovia,65,49,-24.62,Alta,36.7,1800.0,526.3,20.4,20.4,0.0,20.4,61.2,0,0
40100,Hontalbilla,Segovia,316,299,-5.38,Media,37.0,309.1,503.43,21.7,0.0,0.0,7.2,29.0,0,0
40101,Hontanares de Eresma,Segovia,1301,1662,27.75,Crecimiento,7.6,24.4,91.72,1.2,0.0,0.0,3.6,4.8,0,0
40103,"Huertos, Los",Segovia,181,170,-6.08,Media,24.7,138.7,131.7,5.7,0.0,0.0,0.0,5.7,0,0
40104,Ituero y Lama,Segovia,375,448,19.47,Crecimiento,20.3,142.9,117.84,2.0,2.0,0.0,20.3,24.4,0,0
40105,Juarros de Riomoros,Segovia,59,45,-23.73,Alta,33.3,950.0,541.6,0.0,0.0,0.0,17.5,17.5,0,0
40106,Juarros de Voltoya,Segovia,238,184,-22.69,Alta,40.6,475.0,193.2,10.7,5.3,0.0,16.0,32.1,0,0
40107,Labajos,Segovia,145,106,-26.9,Alta,38.1,444.4,521.89,0.0,28.6,9.5,47.6,85.7,0,0
40108,Laguna de Contreras,Segovia,124,115,-7.26,Media,51.8,1900.0,259.35,0.0,0.0,0.0,18.2,18.2,0,0
40109,Languilla,Segovia,85,84,-1.18,Leve,32.5,300.0,465.79,0,0,0,0,0,0,0
40110,Lastras de Cuéllar,Segovia,407,307,-24.57,Alta,38.6,638.9,151.43,10.1,3.4,0.0,6.7,20.1,0,0
40111,Lastras del Pozo,Segovia,79,64,-18.99,Alta,36.4,250.0,552.66,18.2,0.0,0.0,54.5,72.7,0,0
40112,"Lastrilla, La",Segovia,3669,4697,28.02,Crecimiento,13.5,56.5,22.96,1.0,1.7,0.2,4.6,7.5,0,0
40113,"Losa, La",Segovia,535,531,-0.75,Leve,22.7,107.0,260.63,5.5,0.0,0.0,9.2,14.8,0,0
40115,Maderuelo,Segovia,119,101,-15.13,Alta,41.6,381.8,345.33,0.0,39.6,0.0,69.3,108.9,0,0
40903,Marazoleja,Segovia,114,96,-15.79,Alta,30.9,375.0,295.92,10.3,0.0,0.0,0.0,10.3,0,0
40118,Marazuela,Segovia,54,53,-1.85,Leve,29.3,121.4,563.19,0.0,0.0,0.0,17.2,17.2,0,0
40119,Martín Miguel,Segovia,222,263,18.47,Crecimiento,18.3,118.6,128.37,3.6,0.0,0.0,14.3,17.9,0,0
40120,Martín Muñoz de la Dehesa,Segovia,222,307,38.29,Crecimiento,15.6,81.4,163.28,0.0,3.3,0.0,0.0,3.3,0,0
40121,Martín Muñoz de las Posadas,Segovia,337,249,-26.11,Alta,39.8,605.9,357.28,11.6,3.9,3.9,15.4,34.7,0,0
40122,Marugán,Segovia,624,763,22.28,Crecimiento,32.0,275.6,186.82,2.6,7.8,0.0,2.6,12.9,0,0
40124,Mata de Cuéllar,Segovia,280,263,-6.07,Media,31.4,273.3,150.07,7.7,0.0,0.0,3.8,11.5,0,0
40123,Matabuena,Segovia,193,207,7.25,Crecimiento,24.6,283.3,185.79,14.5,0.0,0.0,72.5,87.0,0,0
40125,"Matilla, La",Segovia,105,71,-32.38,Alta,31.9,328.6,505.78,13.9,0.0,0.0,41.7,55.6,0,0
40126,Melque de Cercos,Segovia,91,65,-28.57,Alta,43.9,625.0,442.91,0.0,0.0,0.0,17.5,17.5,0,0
40127,Membibre de la Hoz,Segovia,34,43,26.47,Crecimiento,45.2,1900.0,455.68,0.0,0.0,0.0,47.6,47.6,0,0
40128,Migueláñez,Segovia,153,138,-9.8,Media,34.3,522.2,209.0,7.3,0.0,7.3,36.5,51.1,0,0
40129,Montejo de Arévalo,Segovia,192,161,-16.15,Alta,47.1,435.3,187.35,12.7,0.0,6.4,0.0,19.1,0,0
40130,Montejo de la Vega de la Serrezuela,Segovia,150,124,-17.33,Alta,40.2,326.7,252.11,16.4,8.2,0.0,16.4,41.0,0,0
40131,Monterrubio,Segovia,62,56,-9.68,Media,39.2,400.0,200.23,19.6,0.0,0.0,19.6,39.2,0,0
40132,Moral de Hornuez,Segovia,71,40,-43.66,Alta,62.2,2300.0,650.22,27.0,0.0,0.0,54.1,81.1,0,0
40134,Mozoncillo,Segovia,932,907,-2.68,Leve,24.8,236.5,172.99,5.5,3.3,0.0,3.3,12.0,0,0
40135,Muñopedro,Segovia,332,309,-6.93,Media,37.8,400.0,181.62,16.9,0.0,3.4,10.1,30.4,0,0
40136,Muñoveros,Segovia,159,145,-8.81,Media,29.0,168.0,309.11,13.8,0.0,0.0,48.3,62.1,0,0
40138,Nava de la Asunción,Segovia,2882,2787,-3.3,Leve,24.5,176.7,48.19,5.4,1.1,0.4,3.2,10.0,0,1
40139,Navafría,Segovia,324,279,-13.89,Media,41.7,590.0,236.5,21.2,17.7,0.0,31.8,70.7,0,1
40140,Navalilla,Segovia,123,97,-21.14,Alta,36.7,412.5,348.61,11.1,0.0,0.0,22.2,33.3,0,0
40141,Navalmanzano,Segovia,1121,1044,-6.87,Media,25.1,167.5,165.13,7.6,2.9,0.0,1.0,11.5,0,0
40142,Navares de Ayuso,Segovia,54,53,-1.85,Leve,22.6,200.0,63.84,0,0,0,0,0,0,0
40143,Navares de Enmedio,Segovia,99,92,-7.07,Media,44.4,500.0,352.85,22.2,11.1,0.0,0.0,33.3,0,0
40144,Navares de las Cuevas,Segovia,28,25,-10.71,Media,50.0,0.0,323.81,45.5,0.0,0.0,0.0,45.5,0,0
40145,Navas de Oro,Segovia,1387,1274,-8.15,Media,30.0,216.0,130.95,6.1,3.1,0.0,7.7,16.9,0,0
40904,Navas de Riofrío,Segovia,421,439,4.28,Crecimiento,32.0,210.6,371.24,4.6,2.3,0.0,27.6,34.5,0,0
40146,Navas de San Antonio,Segovia,390,366,-6.15,Media,22.6,108.7,392.64,7.8,5.2,0.0,20.8,33.8,0,0
40148,Nieva,Segovia,300,256,-14.67,Media,30.2,410.5,233.21,11.6,0.0,0.0,15.5,27.1,0,0
40149,Olombrada,Segovia,605,503,-16.86,Alta,41.2,612.1,80.79,10.2,2.0,0.0,14.3,26.5,0,0
40150,Orejana,Segovia,74,62,-16.22,Alta,44.3,2700.0,701.16,16.4,0.0,0.0,65.6,82.0,0,0
40151,Ortigosa de Pestaño,Segovia,74,53,-28.38,Alta,29.4,300.0,484.25,0,0,0,0,0,0,0
40901,Ortigosa del Monte,Segovia,547,587,7.31,Crecimiento,21.7,114.8,229.45,3.3,3.3,0.0,37.8,44.3,0,0
40152,Otero de Herreros,Segovia,981,966,-1.53,Leve,20.3,108.7,169.55,3.0,2.0,0.0,13.2,18.3,0,0
40154,Pajarejos,Segovia,20,24,20.0,Crecimiento,54.5,600.0,231.86,0,0,0,0,0,0,0
40155,Palazuelos de Eresma,Segovia,4986,5968,19.7,Crecimiento,11.6,45.1,19.85,1.3,1.1,0.0,2.5,4.9,0,0
40156,Pedraza,Segovia,416,349,-16.11,Alta,29.0,210.9,211.55,6.0,44.9,3.0,113.8,167.7,0,0
40157,Pelayos del Arroyo,Segovia,57,48,-15.79,Alta,44.4,1000.0,797.74,22.2,0.0,0.0,244.4,266.7,0,0
40158,Perosillo,Segovia,18,20,11.11,Crecimiento,47.8,275.0,66.64,0,0,0,0,0,0,0
40159,Pinarejos,Segovia,181,194,7.18,Crecimiento,25.9,176.7,140.94,4.9,0.0,0.0,0.0,4.9,0,0
40160,Pinarnegrillo,Segovia,112,96,-14.29,Media,51.5,1666.7,323.34,20.6,0.0,0.0,0.0,20.6,0,0
40162,Prádena,Segovia,545,468,-14.13,Media,28.0,177.0,446.8,12.8,8.5,0.0,42.7,64.1,0,0
40163,Puebla de Pedraza,Segovia,59,51,-13.56,Media,50.0,933.3,566.81,0.0,17.9,0.0,17.9,35.7,0,0
40164,Rapariegos,Segovia,208,194,-6.73,Media,37.6,777.8,110.22,5.4,0.0,0.0,5.4,10.8,0,0
40181,Real Sitio de San Ildefonso,Segovia,5403,5205,-3.66,Leve,24.2,145.2,39.91,4.2,7.9,0.8,8.5,21.3,0,1
40165,Rebollo,Segovia,91,74,-18.68,Alta,44.3,0.0,420.53,0.0,14.3,0.0,14.3,28.6,0,0
40166,Remondo,Segovia,296,316,6.76,Crecimiento,32.1,205.9,107.15,3.1,3.1,0.0,0.0,6.1,0,0
40168,Riaguas de San Bartolomé,Segovia,38,27,-28.95,Alta,53.6,0.0,1046.25,0,0,0,0,0,0,0
40170,Riaza,Segovia,2290,2144,-6.38,Media,20.3,115.8,120.94,5.6,10.3,0.0,20.6,36.6,0,1
40171,Ribota,Segovia,43,43,0.0,Leve,40.0,800.0,840.81,0,0,0,0,0,0,0
40172,Riofrío de Riaza,Segovia,53,27,-49.06,Alta,41.4,600.0,1104.23,34.5,0.0,0.0,69.0,103.4,0,0
40173,Roda de Eresma,Segovia,197,253,28.43,Crecimiento,13.5,64.8,107.98,0.0,0.0,0.0,11.5,11.5,0,0
40174,Sacramenia,Segovia,429,330,-23.08,Alta,41.3,431.2,188.48,6.0,15.0,0.0,21.0,41.9,0,1
40176,Samboal,Segovia,484,461,-4.75,Leve,29.8,236.2,128.3,13.1,2.2,0.0,6.5,21.8,0,0
40177,San Cristóbal de Cuéllar,Segovia,159,154,-3.14,Leve,42.2,523.1,167.24,6.2,0.0,0.0,6.2,12.4,0,0
40906,San Cristóbal de Segovia,Segovia,2964,3153,6.38,Crecimiento,10.0,47.8,69.73,2.2,0.3,0.3,3.8,6.7,0,0
40178,San Cristóbal de la Vega,Segovia,117,83,-29.06,Alta,35.8,362.5,361.67,12.3,0.0,0.0,12.3,24.7,0,0
40182,San Martín y Mudrián,Segovia,258,251,-2.71,Leve,23.8,172.2,85.35,11.5,0.0,0.0,3.8,15.4,0,0
40183,San Miguel de Bernuy,Segovia,154,134,-12.99,Media,37.5,346.2,321.73,33.3,16.7,0.0,58.3,108.3,0,0
40184,San Pedro de Gaíllos,Segovia,322,311,-3.42,Leve,33.1,288.9,287.74,9.6,6.4,0.0,12.7,28.7,0,0
40179,Sanchonuño,Segovia,949,1027,8.22,Crecimiento,20.3,115.2,178.44,3.8,1.0,0.0,3.8,8.6,0,0
40180,Sangarcía,Segovia,336,279,-16.96,Alta,36.4,637.5,209.66,10.7,3.6,0.0,7.1,21.4,0,0
40186,Santa Marta del Cerro,Segovia,42,49,16.67,Crecimiento,46.7,0.0,457.38,22.2,0.0,0.0,66.7,88.9,0,0
40185,Santa María la Real de Nieva,Segovia,1045,885,-15.31,Alta,31.9,295.9,61.17,5.5,1.1,0.0,26.4,33.0,0,0
40188,Santiuste de Pedraza,Segovia,111,85,-23.42,Alta,46.9,1266.7,494.33,0.0,12.3,0.0,98.8,111.1,0,0
40189,Santiuste de San Juan Bautista,Segovia,599,535,-10.68,Media,37.6,309.2,88.98,7.5,0.0,0.0,9.4,16.9,0,0
40190,Santo Domingo de Pirón,Segovia,62,51,-17.74,Alta,27.5,233.3,486.27,0.0,0.0,0.0,58.8,58.8,0,0
40191,Santo Tomé del Puerto,Segovia,293,234,-20.14,Alta,32.8,330.4,301.17,12.9,17.2,0.0,38.8,69.0,0,0
40192,Sauquillo de Cabezas,Segovia,186,137,-26.34,Alta,26.9,257.1,204.92,7.5,0.0,0.0,14.9,22.4,0,0
40193,Sebúlcor,Segovia,278,241,-13.31,Media,17.8,138.7,217.16,4.1,24.8,0.0,24.8,53.7,0,0
40194,Segovia,Segovia,52728,51525,-2.28,Leve,25.5,149.6,0.0,4.8,2.6,0.6,2.3,10.3,1,1
40195,Sepúlveda,Segovia,1168,988,-15.41,Alta,29.4,224.2,179.78,12.3,24.6,1.0,34.8,72.7,0,1
40196,Sequera de Fresno,Segovia,45,47,4.44,Crecimiento,25.6,125.0,671.39,0.0,0.0,0.0,51.3,51.3,0,0
40198,Sotillo,Segovia,26,30,15.38,Crecimiento,36.7,275.0,843.65,0,0,0,0,0,0,1
40199,Sotosalbos,Segovia,118,135,14.41,Crecimiento,22.3,131.8,376.76,7.7,38.5,0.0,92.3,138.5,0,0
40200,Tabanera la Luenga,Segovia,48,53,10.42,Crecimiento,36.4,285.7,301.46,0.0,18.2,0.0,0.0,18.2,0,0
40201,Tolocirio,Segovia,53,36,-32.08,Alta,48.6,900.0,318.25,0.0,0.0,0.0,54.1,54.1,0,0
40206,Torre Val de San Pedro,Segovia,196,180,-8.16,Media,34.5,407.1,279.62,24.2,6.1,6.1,103.0,139.4,0,0
40202,Torreadrada,Segovia,72,50,-30.56,Alta,49.1,1300.0,541.65,37.7,0.0,0.0,0.0,37.7,0,0
40203,Torrecaballeros,Segovia,1288,1496,16.15,Crecimiento,14.6,71.1,129.59,4.0,6.7,0.7,18.7,30.1,0,0
40204,Torrecilla del Pinar,Segovia,219,179,-18.26,Alta,35.8,377.8,166.69,10.5,5.3,0.0,5.3,21.1,0,0
40205,Torreiglesias,Segovia,328,256,-21.95,Alta,34.6,404.5,222.75,3.9,0.0,0.0,50.6,54.5,0,0
40207,Trescasas,Segovia,1007,1105,9.73,Crecimiento,12.9,54.1,180.83,1.8,0.9,0.0,10.6,13.3,0,0
40208,Turégano,Segovia,1039,1017,-2.12,Leve,29.9,229.0,181.5,4.0,8.0,0.0,26.9,38.8,0,0
40210,Urueñas,Segovia,104,98,-5.77,Media,50.5,883.3,270.5,9.5,9.5,0.0,38.1,57.1,0,0
40211,Valdeprados,Segovia,80,60,-25.0,Alta,36.5,766.7,158.76,31.7,0.0,0.0,79.4,111.1,0,0
40212,Valdevacas de Montejo,Segovia,32,29,-9.38,Media,46.4,650.0,478.8,35.7,0.0,0.0,35.7,71.4,0,0
40213,Valdevacas y Guijar,Segovia,107,80,-25.23,Alta,39.3,550.0,403.19,11.9,0.0,0.0,11.9,23.8,0,0
40218,Valle de Tabladillo,Segovia,102,74,-27.45,Alta,36.7,580.0,334.68,0.0,25.3,0.0,50.6,75.9,0,0
40219,Vallelado,Segovia,718,728,1.39,Crecimiento,28.6,224.2,289.55,4.0,1.3,0.0,0.0,5.4,0,0
40220,Valleruela de Pedraza,Segovia,73,65,-10.96,Media,42.6,866.7,588.19,16.4,0.0,0.0,49.2,65.6,0,0
40221,Valleruela de Sepúlveda,Segovia,54,52,-3.7,Leve,41.7,1000.0,471.75,20.8,0.0,0.0,20.8,41.7,0,0
40214,Valseca,Segovia,264,218,-17.42,Alta,31.2,361.1,296.4,4.8,0.0,4.8,14.4,24.0,0,0
40215,Valtiendas,Segovia,91,77,-15.38,Alta,46.7,583.3,860.19,0.0,0.0,0.0,13.3,13.3,0,0
40216,Valverde del Majano,Segovia,1063,1126,5.93,Crecimiento,16.8,81.9,86.21,4.5,3.6,0.0,3.6,11.8,0,0
40222,Veganzones,Segovia,264,197,-25.38,Alta,30.3,355.6,200.35,9.5,0.0,0.0,9.5,19.0,0,0
40223,Vegas de Matute,Segovia,285,339,18.95,Crecimiento,27.6,245.2,75.24,13.4,10.7,2.7,18.8,45.6,0,0
40224,Ventosilla y Tejadilla,Segovia,26,17,-34.62,Alta,70.6,0.0,1195.73,0.0,0.0,0.0,235.3,235.3,0,0
40225,Villacastín,Segovia,1521,1525,0.26,Crecimiento,22.3,123.9,106.18,7.7,6.4,0.6,9.6,24.4,0,1
40229,Villaverde de Montejo,Segovia,40,21,-47.5,Alta,54.5,1200.0,1109.56,0.0,0.0,0.0,90.9,90.9,0,0
40228,Villaverde de Íscar,Segovia,623,593,-4.82,Leve,28.7,221.3,261.17,5.2,1.7,0.0,0.0,6.9,0,0
40230,Villeguillo,Segovia,117,120,2.56,Crecimiento,24.0,119.2,163.26,7.8,0.0,0.0,0.0,7.8,0,0
40231,Yanguas de Eresma,Segovia,137,117,-14.6,Media,31.0,354.5,261.57,15.9,0.0,0.0,7.9,23.8,0,0
40233,Zarzuela del Monte,Segovia,548,498,-9.12,Media,28.4,221.5,116.94,7.9,0.0,0.0,23.7,31.6,0,0
40234,Zarzuela del Pinar,Segovia,473,408,-13.74,Media,33.1,250.0,115.47,7.4,0.0,0.0,7.4,14.7,0,0
42001,Abejar,Soria,336,386,14.88,Crecimiento,33.0,313.3,223.64,3.5,24.6,0.0,73.7,101.8,0,0
42003,Adradas,Soria,51,58,13.73,Crecimiento,32.4,575.0,27.54,0.0,0.0,0.0,28.2,28.2,0,0
42006,Alconaba,Soria,195,199,2.05,Crecimiento,29.4,252.2,343.88,5.1,0.0,0.0,0.0,5.1,0,0
42007,Alcubilla de Avellaneda,Soria,130,107,-17.69,Alta,46.5,530.0,411.25,0.0,17.5,0.0,35.1,52.6,0,0
42008,Alcubilla de las Peñas,Soria,58,59,1.72,Crecimiento,29.5,257.1,393.98,0.0,0.0,0.0,16.4,16.4,0,0
42009,Aldealafuente,Soria,93,83,-10.75,Media,36.9,387.5,141.42,0,0,0,0,0,0,0
42010,Aldealices,Soria,25,20,-20.0,Alta,45.5,250.0,0.0,0.0,0.0,0.0,45.5,45.5,0,0
42011,Aldealpozo,Soria,20,18,-10.0,Media,33.3,600.0,0.0,0.0,0.0,0.0,111.1,111.1,0,0
42012,Aldealseñor,Soria,41,28,-31.71,Alta,37.9,366.7,110.34,0,0,0,0,0,0,0
42013,Aldehuela de Periáñez,Soria,41,30,-26.83,Alta,33.3,300.0,68.13,0.0,0.0,0.0,111.1,111.1,0,0
42014,"Aldehuelas, Las",Soria,68,60,-11.76,Media,39.0,2300.0,286.28,0.0,0.0,0.0,16.9,16.9,0,0
42015,Alentisque,Soria,32,24,-25.0,Alta,56.5,0.0,0.0,0,0,0,0,0,0,0
42016,Aliud,Soria,17,21,23.53,Crecimiento,20.0,0.0,90.25,0,0,0,0,0,0,0
42017,Almajano,Soria,179,182,1.68,Crecimiento,26.4,188.0,139.95,0.0,11.2,0.0,28.1,39.3,0,0
42018,Almaluez,Soria,163,124,-23.93,Alta,49.1,1400.0,307.38,0,0,0,0,0,0,0
42019,Almarza,Soria,587,626,6.64,Crecimiento,31.1,263.4,575.52,0.0,10.0,0.0,26.6,36.5,0,0
42021,Almazul,Soria,84,60,-28.57,Alta,52.5,0.0,767.79,0,0,0,0,0,0,0
42020,Almazán,Soria,5734,5476,-4.5,Leve,25.1,136.8,76.75,2.3,2.5,1.3,3.4,9.6,0,1
42022,Almenar de Soria,Soria,240,216,-10.0,Media,30.5,308.7,346.33,8.6,8.6,0.0,25.8,42.9,0,0
42023,Alpanseque,Soria,70,51,-27.14,Alta,48.1,0.0,192.31,0,0,0,0,0,0,0
42024,Arancón,Soria,91,76,-16.48,Alta,47.9,3500.0,4.11,0,0,0,0,0,0,0
42025,Arcos de Jalón,Soria,1661,1545,-6.98,Media,29.4,210.8,264.88,4.6,3.3,0.0,7.8,15.7,0,1
42026,Arenillas,Soria,29,42,44.83,Crecimiento,45.2,0.0,354.84,0.0,0.0,0.0,32.3,32.3,0,0
42027,Arévalo de la Sierra,Soria,76,70,-7.89,Media,36.6,1300.0,341.21,0.0,0.0,0.0,28.2,28.2,0,0
42028,Ausejo de la Sierra,Soria,84,115,36.9,Crecimiento,19.1,81.5,260.17,0.0,0.0,0.0,8.7,8.7,0,0
42029,Baraona,Soria,163,122,-25.15,Alta,39.7,1150.0,187.58,0.0,8.6,0.0,17.2,25.9,0,0
42030,Barca,Soria,108,107,-0.93,Leve,36.2,247.1,203.9,0.0,0.0,0.0,8.6,8.6,0,0
42031,Barcones,Soria,25,25,0.0,Leve,36.0,300.0,212.0,0,0,0,0,0,0,0
42032,Bayubas de Abajo,Soria,157,144,-8.28,Media,50.7,1085.7,344.9,6.7,6.7,0.0,40.0,53.3,0,0
42033,Bayubas de Arriba,Soria,52,60,15.38,Crecimiento,46.4,433.3,429.96,17.9,0.0,0.0,17.9,35.7,0,0
42034,Beratón,Soria,37,41,10.81,Crecimiento,36.8,1400.0,356.7,0.0,26.3,0.0,26.3,52.6,0,0
42035,Berlanga de Duero,Soria,943,831,-11.88,Media,34.4,290.6,464.33,1.2,8.6,0.0,22.2,32.0,0,1
42036,Blacos,Soria,50,38,-24.0,Alta,52.8,0.0,796.12,27.8,0.0,0.0,0.0,27.8,0,0
42037,Bliecos,Soria,37,26,-29.73,Alta,40.0,1000.0,0.0,0,0,0,0,0,0,0
42038,Borjabad,Soria,35,30,-14.29,Media,55.2,0.0,33.97,0,0,0,0,0,0,0
42039,Borobia,Soria,258,228,-11.63,Media,36.4,395.0,885.62,9.2,9.2,0.0,13.8,32.3,0,0
42041,Buberos,Soria,36,28,-22.22,Alta,48.1,0.0,0.0,0,0,0,0,0,0,0
42042,Buitrago,Soria,60,74,23.33,Crecimiento,20.6,127.3,184.1,0.0,29.4,0.0,14.7,44.1,0,0
42043,Burgo de Osma-Ciudad de Osma,Soria,5066,5204,2.72,Crecimiento,25.9,157.5,75.04,3.8,3.6,1.5,10.1,19.0,0,0
42044,Cabrejas del Campo,Soria,60,53,-11.67,Media,41.7,1000.0,0.0,0,0,0,0,0,0,0
42045,Cabrejas del Pinar,Soria,376,299,-20.48,Alta,36.9,382.1,214.5,0.0,6.9,0.0,13.8,20.7,0,0
42046,Calatañazor,Soria,55,43,-21.82,Alta,39.5,850.0,520.06,23.3,139.5,0.0,209.3,372.1,0,0
42048,Caltojar,Soria,65,51,-21.54,Alta,39.6,0.0,392.26,18.9,18.9,0.0,18.9,56.6,0,0
42049,Candilichera,Soria,127,104,-18.11,Alta,45.5,0.0,21.87,0.0,0.0,0.0,10.1,10.1,0,0
42051,Carabantes,Soria,22,22,0.0,Leve,19.0,400.0,14.29,0,0,0,0,0,0,0
42052,Caracena,Soria,15,14,-6.67,Media,38.5,0.0,133.46,0.0,76.9,0.0,76.9,153.8,0,0
42053,Carrascosa de Abajo,Soria,28,18,-35.71,Alta,50.0,0.0,41.35,0,0,0,0,0,0,0
42054,Carrascosa de la Sierra,Soria,20,19,-5.0,Media,31.6,0.0,936.84,0,0,0,0,0,0,0
42055,Casarejos,Soria,185,146,-21.08,Alta,41.4,750.0,146.62,0.0,13.8,0.0,69.0,82.8,0,0
42056,Castilfrío de la Sierra,Soria,29,34,17.24,Crecimiento,29.7,1100.0,990.54,0.0,0.0,0.0,27.0,27.0,0,0
42058,Castillejo de Robledo,Soria,115,95,-17.39,Alta,45.5,383.3,471.57,9.9,19.8,0.0,79.2,108.9,0,0
42057,Castilruiz,Soria,197,158,-19.8,Alta,36.5,344.4,104.53,5.9,0.0,0.0,5.9,11.8,0,0
42050,Cañamaque,Soria,36,27,-25.0,Alta,31.0,225.0,292.59,0,0,0,0,0,0,0
42059,Centenera de Andaluz,Soria,21,21,0.0,Leve,57.9,1100.0,0.0,0,0,0,0,0,0,0
42060,Cerbón,Soria,33,30,-9.09,Media,37.0,500.0,599.32,0,0,0,0,0,0,0
42061,Cidones,Soria,333,314,-5.71,Media,32.9,321.9,19.6,9.6,6.4,0.0,63.9,79.9,0,0
42062,Cigudosa,Soria,28,15,-46.43,Alta,14.3,0.0,21.43,0,0,0,0,0,0,0
42063,Cihuela,Soria,58,39,-32.76,Alta,60.0,2100.0,737.14,28.6,0.0,0.0,0.0,28.6,0,0
42064,Ciria,Soria,93,70,-24.73,Alta,48.5,3300.0,460.91,0.0,0.0,0.0,14.7,14.7,0,0
42065,Cirujales del Río,Soria,23,20,-13.04,Media,52.4,0.0,64.56,0,0,0,0,0,0,0
42068,Coscurita,Soria,92,68,-26.09,Alta,47.8,0.0,20.65,0.0,0.0,0.0,43.5,43.5,0,0
42069,Covaleda,Soria,1779,1574,-11.52,Media,35.3,351.6,166.76,3.2,3.2,0.6,12.8,19.8,0,1
42070,Cubilla,Soria,40,24,-40.0,Alta,31.8,0.0,2758.27,0,0,0,0,0,0,0
42071,Cubo de la Solana,Soria,193,163,-15.54,Alta,37.7,345.0,366.82,0.0,0.0,0.0,21.9,21.9,0,0
42073,Cueva de Ágreda,Soria,77,69,-10.39,Media,53.7,1800.0,45.52,0.0,14.9,0.0,59.7,74.6,0,0
42076,Deza,Soria,242,165,-31.82,Alta,49.1,2000.0,69.33,0.0,12.3,0.0,18.4,30.7,0,0
42078,Duruelo de la Sierra,Soria,1175,1026,-12.68,Media,35.4,464.6,257.61,1.9,4.8,0.0,11.6,18.3,0,0
42075,Dévanos,Soria,92,72,-21.74,Alta,50.0,720.0,138.89,0,0,0,0,0,0,0
42079,Escobosa de Almazán,Soria,28,20,-28.57,Alta,73.7,0.0,120.84,0,0,0,0,0,0,0
42080,Espeja de San Marcelino,Soria,173,151,-12.72,Media,40.1,500.0,155.76,12.3,0.0,0.0,30.9,43.2,0,0
42081,Espejón,Soria,188,128,-31.91,Alta,32.3,205.0,177.11,7.9,7.9,0.0,23.6,39.4,0,0
42082,Estepa de San Juan,Soria,7,13,85.71,Crecimiento,23.1,0.0,121.76,0,0,0,0,0,0,0
42083,Frechilla de Almazán,Soria,24,21,-12.5,Media,52.4,0.0,0.0,0,0,0,0,0,0,0
42084,Fresno de Caracena,Soria,26,19,-26.92,Alta,62.5,0.0,254.9,0,0,0,0,0,0,0
42085,Fuentearmegil,Soria,197,150,-23.86,Alta,63.5,4700.0,336.58,6.8,0.0,0.0,0.0,6.8,0,0
42086,Fuentecambrón,Soria,41,32,-21.95,Alta,31.0,0.0,68.97,0,0,0,0,0,0,0
42087,Fuentecantos,Soria,53,65,22.64,Crecimiento,23.1,214.3,193.96,0.0,0.0,0.0,15.4,15.4,0,0
42088,Fuentelmonge,Soria,76,61,-19.74,Alta,51.7,3000.0,160.34,0,0,0,0,0,0,0
42089,Fuentelsaz de Soria,Soria,59,64,8.47,Crecimiento,31.8,350.0,396.64,0,0,0,0,0,0,0
42090,Fuentepinilla,Soria,97,78,-19.59,Alta,45.2,3300.0,27.88,0.0,0.0,0.0,27.4,27.4,0,0
42092,Fuentes de Magaña,Soria,75,51,-32.0,Alta,40.4,475.0,0.0,0.0,21.3,0.0,63.8,85.1,0,0
42093,Fuentestrún,Soria,50,52,4.0,Crecimiento,28.6,400.0,761.57,0.0,17.9,0.0,0.0,17.9,0,0
42094,Garray,Soria,702,785,11.82,Crecimiento,18.9,94.9,291.44,3.8,7.6,0.0,22.7,34.0,0,0
42095,Golmayo,Soria,2484,3059,23.15,Crecimiento,11.7,44.9,99.94,1.6,3.2,1.3,6.5,12.6,0,0
42097,Gormaz,Soria,28,26,-7.14,Media,33.3,0.0,3106.29,55.6,0.0,0.0,166.7,222.2,0,1
42096,Gómara,Soria,335,288,-14.03,Media,29.3,265.6,176.39,6.9,6.9,0.0,3.4,17.2,0,1
42098,Herrera de Soria,Soria,11,11,0.0,Leve,58.3,0.0,0.0,0,0,0,0,0,0,0
42100,Hinojosa del Campo,Soria,32,25,-21.88,Alta,54.2,0.0,357.88,0,0,0,0,0,0,0
42103,Langa de Duero,Soria,756,716,-5.29,Media,32.4,252.8,328.86,5.8,2.9,0.0,4.3,12.9,0,0
42105,Liceras,Soria,57,49,-14.04,Media,43.8,700.0,0.0,0.0,20.8,0.0,0.0,20.8,0,0
42106,"Losilla, La",Soria,16,13,-18.75,Alta,33.3,400.0,0.0,0,0,0,0,0,0,0
42107,Magaña,Soria,87,64,-26.44,Alta,36.7,550.0,795.0,0.0,16.7,0.0,50.0,66.7,0,0
42108,Maján,Soria,13,9,-30.77,Alta,60.0,0.0,250.0,0,0,0,0,0,0,0
42110,Matalebreras,Soria,77,81,5.19,Crecimiento,31.3,325.0,309.08,12.0,36.1,0.0,36.1,84.3,0,0
42111,Matamala de Almazán,Soria,329,254,-22.8,Alta,42.1,623.5,75.01,4.0,0.0,0.0,0.0,4.0,0,0
42113,Medinaceli,Soria,732,671,-8.33,Media,28.6,197.0,327.84,5.9,20.5,5.9,32.2,64.4,0,0
42115,Miño de Medinaceli,Soria,76,78,2.63,Crecimiento,35.6,866.7,634.81,13.7,13.7,13.7,41.1,82.2,0,0
42116,Miño de San Esteban,Soria,53,40,-24.53,Alta,39.5,850.0,1204.73,0.0,0.0,0.0,23.3,23.3,0,0
42117,Molinos de Duero,Soria,178,158,-11.24,Media,30.9,217.4,99.81,0.0,24.7,0.0,123.5,148.1,0,0
42118,Momblona,Soria,23,18,-21.74,Alta,63.2,0.0,0.0,0,0,0,0,0,0,0
42119,Monteagudo de las Vicarías,Soria,218,177,-18.81,Alta,35.9,217.9,327.38,11.8,0.0,5.9,5.9,23.5,0,0
42120,Montejo de Tiermes,Soria,174,140,-19.54,Alta,38.2,371.4,317.23,0.0,22.1,0.0,73.5,95.6,0,0
42121,Montenegro de Cameros,Soria,70,45,-35.71,Alta,46.5,500.0,646.87,23.3,23.3,0.0,162.8,209.3,0,0
42123,Morón de Almazán,Soria,216,202,-6.48,Media,35.6,345.0,123.74,5.2,5.2,0.0,10.3,20.6,0,0
42125,Muriel Viejo,Soria,98,75,-23.47,Alta,32.9,480.0,116.07,0.0,13.7,0.0,13.7,27.4,0,0
42124,Muriel de la Fuente,Soria,66,55,-16.67,Alta,41.5,440.0,18.58,0.0,18.9,0.0,75.5,94.3,0,0
42127,Nafría de Ucero,Soria,39,36,-7.69,Media,45.7,1600.0,382.12,0.0,0.0,0.0,57.1,57.1,0,0
42128,Narros,Soria,42,71,69.05,Crecimiento,34.3,766.7,218.53,0,0,0,0,0,0,0
42129,Navaleno,Soria,832,732,-12.02,Media,29.4,288.7,277.63,7.2,10.0,0.0,21.5,38.7,0,0
42130,Nepas,Soria,60,50,-16.67,Alta,53.1,0.0,605.64,0.0,0.0,0.0,20.4,20.4,0,0
42131,Nolay,Soria,57,48,-15.79,Alta,60.0,1350.0,62.22,0,0,0,0,0,0,0
42132,Noviercas,Soria,158,172,8.86,Crecimiento,34.4,441.7,88.31,0.0,6.5,0.0,13.0,19.5,0,0
42135,Oncala,Soria,82,61,-25.61,Alta,52.5,3200.0,537.78,0.0,0.0,0.0,32.8,32.8,0,0
42139,Pinilla del Campo,Soria,23,18,-21.74,Alta,58.8,0.0,70.67,0,0,0,0,0,0,0
42140,Portillo de Soria,Soria,15,12,-20.0,Alta,36.4,0.0,25.0,0,0,0,0,0,0,0
42142,Pozalmuro,Soria,68,46,-32.35,Alta,34.7,566.7,654.15,0,0,0,0,0,0,0
42141,"Póveda de Soria, La",Soria,115,110,-4.35,Leve,38.9,525.0,141.62,0.0,0.0,0.0,18.5,18.5,0,0
42144,Quintana Redonda,Soria,507,512,0.99,Crecimiento,33.4,227.4,387.69,4.0,4.0,0.0,10.1,18.1,0,0
42145,Quintanas de Gormaz,Soria,149,127,-14.77,Media,35.0,860.0,48.78,0.0,8.1,0.0,16.3,24.4,0,0
42148,Quiñonería,Soria,9,10,11.11,Crecimiento,40.0,0.0,25.0,0,0,0,0,0,0,0
42151,Rebollar,Soria,39,36,-7.69,Media,27.8,500.0,54.17,0.0,0.0,0.0,111.1,111.1,0,0
42152,Recuerda,Soria,93,62,-33.33,Alta,30.2,475.0,34.92,15.9,15.9,0.0,15.9,47.6,0,0
42153,Rello,Soria,17,20,17.65,Crecimiento,40.0,0.0,0.0,50.0,0.0,0.0,100.0,150.0,0,0
42154,Renieblas,Soria,102,110,7.84,Crecimiento,32.7,700.0,150.84,0.0,9.3,0.0,18.7,28.0,0,0
42155,Retortillo de Soria,Soria,182,130,-28.57,Alta,60.5,3900.0,232.56,0.0,15.5,0.0,38.8,54.3,0,0
42156,Reznos,Soria,33,22,-33.33,Alta,28.6,0.0,74.52,0.0,0.0,0.0,47.6,47.6,0,0
42157,"Riba de Escalote, La",Soria,16,8,-50.0,Alta,66.7,0.0,67.24,0,0,0,0,0,0,0
42158,Rioseco de Soria,Soria,131,123,-6.11,Media,33.9,233.3,672.23,8.1,8.1,0.0,24.2,40.3,0,0
42159,Rollamienta,Soria,39,44,12.82,Crecimiento,38.8,1900.0,398.8,20.4,0.0,0.0,20.4,40.8,0,0
42160,"Royo, El",Soria,305,251,-17.7,Alta,39.8,707.1,342.9,0.0,12.0,0.0,48.2,60.2,0,0
42149,"Rábanos, Los",Soria,507,476,-6.11,Media,30.4,257.1,168.52,0.0,6.3,0.0,4.2,10.5,0,0
42161,Salduero,Soria,155,145,-6.45,Media,40.5,666.7,381.65,0.0,20.3,0.0,33.8,54.1,0,0
42162,San Esteban de Gormaz,Soria,3070,2935,-4.4,Leve,27.1,183.6,149.73,5.4,3.0,1.0,9.4,18.8,0,0
42163,San Felices,Soria,55,59,7.27,Crecimiento,25.5,280.0,217.91,0.0,36.4,0.0,54.5,90.9,0,0
42164,San Leonardo de Yagüe,Soria,2164,1949,-9.94,Media,28.2,207.5,126.62,4.1,4.6,1.5,9.7,19.9,0,0
42165,San Pedro Manrique,Soria,594,619,4.21,Crecimiento,21.2,133.3,379.13,3.2,6.4,0.0,16.1,25.7,0,0
42166,Santa Cruz de Yanguas,Soria,67,56,-16.42,Alta,41.1,460.0,855.43,0.0,17.9,0.0,0.0,17.9,0,0
42167,Santa María de Huerta,Soria,319,242,-24.14,Alta,41.4,550.0,262.67,4.2,8.4,0.0,12.6,25.1,0,0
42168,Santa María de las Hoyas,Soria,119,113,-5.04,Media,46.9,662.5,0.0,8.8,8.8,0.0,26.5,44.2,0,0
42171,Serón de Nágima,Soria,135,122,-9.63,Media,43.4,430.8,692.06,7.8,7.8,0.0,15.5,31.0,0,0
42172,Soliedra,Soria,36,33,-8.33,Media,40.5,250.0,35.95,0,0,0,0,0,0,0
42173,Soria,Soria,39168,40750,4.04,Crecimiento,22.4,116.9,0.0,3.1,2.3,0.8,5.3,11.4,1,1
42174,Sotillo del Rincón,Soria,198,175,-11.62,Media,31.8,550.0,130.06,5.8,17.3,0.0,115.6,138.7,0,0
42175,Suellacabras,Soria,25,33,32.0,Crecimiento,21.9,233.3,0.0,0.0,0.0,0.0,62.5,62.5,0,0
42176,Tajahuerce,Soria,30,23,-23.33,Alta,54.5,0.0,340.91,0,0,0,0,0,0,0
42177,Tajueco,Soria,79,57,-27.85,Alta,42.6,866.7,14.75,16.4,0.0,0.0,16.4,32.8,0,0
42178,Talveila,Soria,133,101,-24.06,Alta,52.8,1866.7,358.18,18.9,0.0,0.0,28.3,47.2,0,0
42181,Tardelcuende,Soria,450,424,-5.78,Media,40.1,355.3,694.67,4.8,4.8,0.0,2.4,12.0,0,0
42182,Taroda,Soria,51,46,-9.8,Media,48.9,1100.0,0.0,0,0,0,0,0,0,0
42183,Tejado,Soria,125,96,-23.2,Alta,47.5,1200.0,133.98,9.9,0.0,0.0,9.9,19.8,0,0
42184,Torlengua,Soria,71,45,-36.62,Alta,48.8,0.0,420.93,0.0,0.0,0.0,23.3,23.3,0,0
42185,Torreblacos,Soria,26,26,0.0,Leve,64.3,1800.0,236.67,0,0,0,0,0,0,0
42187,Torrubia de Soria,Soria,75,56,-25.33,Alta,42.3,0.0,281.97,0,0,0,0,0,0,0
42188,Trévago,Soria,55,47,-14.55,Media,44.7,2100.0,301.94,21.3,0.0,0.0,127.7,148.9,0,0
42189,Ucero,Soria,61,91,49.18,Crecimiento,28.4,255.6,498.56,12.3,37.0,0.0,135.8,185.2,0,1
42190,Vadillo,Soria,116,83,-28.45,Alta,43.2,3500.0,329.55,0.0,0.0,0.0,61.7,61.7,0,0
42191,Valdeavellano de Tera,Soria,203,218,7.39,Crecimiento,35.1,278.6,203.33,4.5,18.0,0.0,67.6,90.1,0,0
42192,Valdegeña,Soria,43,37,-13.95,Media,36.1,0.0,283.33,0.0,0.0,0.0,27.8,27.8,0,0
42193,Valdelagua del Cerro,Soria,14,13,-7.14,Media,30.8,200.0,3157.44,0,0,0,0,0,0,0
42194,Valdemaluque,Soria,189,137,-27.51,Alta,50.4,1400.0,133.09,7.2,7.2,0.0,43.2,57.6,0,0
42195,Valdenebro,Soria,119,94,-21.01,Alta,41.4,514.3,300.45,23.0,0.0,0.0,0.0,23.0,0,0
42196,Valdeprado,Soria,14,8,-42.86,Alta,37.5,0.0,123.12,0,0,0,0,0,0,0
42197,Valderrodilla,Soria,79,62,-21.52,Alta,49.2,2900.0,25.42,0.0,0.0,0.0,33.9,33.9,0,0
42198,Valtajeros,Soria,23,19,-17.39,Alta,31.2,250.0,2500.0,0,0,0,0,0,0,0
42200,Velamazán,Soria,85,67,-21.18,Alta,50.0,1650.0,695.76,0.0,0.0,0.0,30.3,30.3,0,0
42201,Velilla de la Sierra,Soria,25,27,8.0,Crecimiento,69.2,0.0,42.31,0,0,0,0,0,0,0
42202,Velilla de los Ajos,Soria,25,15,-40.0,Alta,66.7,0.0,0.0,0,0,0,0,0,0,0
42204,Viana de Duero,Soria,59,49,-16.95,Alta,31.9,0.0,95.43,0.0,0.0,0.0,21.3,21.3,0,0
42205,Villaciervos,Soria,95,86,-9.47,Media,47.7,4100.0,354.29,0.0,0.0,11.6,11.6,23.3,0,0
42206,Villanueva de Gormaz,Soria,8,8,0.0,Leve,50.0,0.0,388.24,0,0,0,0,0,0,0
42207,Villar del Ala,Soria,51,50,-1.96,Leve,22.0,366.7,994.15,0.0,20.0,0.0,0.0,20.0,0,0
42208,Villar del Campo,Soria,22,30,36.36,Crecimiento,41.4,0.0,527.72,0,0,0,0,0,0,0
42209,Villar del Río,Soria,159,156,-1.89,Leve,40.5,640.0,602.68,6.3,19.0,0.0,57.0,82.3,0,0
42211,"Villares de Soria, Los",Soria,91,75,-17.58,Alta,38.9,700.0,252.64,0.0,13.9,13.9,27.8,55.6,0,0
42212,Villasayas,Soria,78,60,-23.08,Alta,39.0,328.6,320.97,0,0,0,0,0,0,0
42213,Villaseca de Arciel,Soria,38,24,-36.84,Alta,56.5,650.0,0.0,0,0,0,0,0,0,0
42215,Vinuesa,Soria,938,833,-11.19,Media,29.3,244.4,795.93,7.3,15.8,0.0,49.7,72.7,0,0
42216,Vizmanos,Soria,27,30,11.11,Crecimiento,41.9,325.0,1372.67,0,0,0,0,0,0,0
42217,Vozmediano,Soria,37,33,-10.81,Media,34.5,1000.0,353.45,34.5,34.5,0.0,69.0,137.9,0,0
42218,Yanguas,Soria,107,106,-0.93,Leve,22.9,109.1,350.09,19.0,28.6,0.0,47.6,95.2,0,0
42219,Yelo,Soria,46,37,-19.57,Alta,40.0,800.0,399.62,0,0,0,0,0,0,0
42004,Ágreda,Soria,3053,3094,1.34,Crecimiento,25.6,134.6,104.08,1.6,1.0,1.0,1.6,5.1,0,1
42134,Ólvega,Soria,3715,3838,3.31,Crecimiento,20.2,116.9,95.65,2.9,1.6,0.8,2.4,7.7,0,1
47001,Adalia,Valladolid,59,50,-15.25,Alta,34.0,1700.0,5201.12,0,0,0,0,0,0,0
47002,Aguasal,Valladolid,26,19,-26.92,Alta,38.9,0.0,13463.97,0,0,0,0,0,0,0
47003,Aguilar de Campos,Valladolid,284,259,-8.8,Media,36.2,369.2,1168.81,7.5,3.8,0.0,0.0,11.3,0,0
47004,Alaejos,Valladolid,1418,1407,-0.78,Leve,30.0,244.6,1119.44,8.4,2.8,0.0,2.8,14.0,0,1
47005,Alcazarén,Valladolid,693,614,-11.4,Media,31.2,240.7,1409.53,16.0,3.2,0.0,4.8,24.0,0,0
47006,Aldea de San Miguel,Valladolid,227,218,-3.96,Leve,27.4,175.8,2095.73,4.7,0.0,0.0,0.0,4.7,0,0
47007,Aldeamayor de San Martín,Valladolid,4968,6163,24.05,Crecimiento,9.5,36.7,221.64,1.1,0.8,0.3,1.0,3.2,0,0
47008,Almenara de Adaja,Valladolid,31,22,-29.03,Alta,50.0,0.0,9342.2,0,0,0,0,0,0,0
47009,Amusquillo,Valladolid,109,99,-9.17,Media,44.2,840.0,2710.18,42.1,0.0,0.0,0.0,42.1,0,0
47010,Arroyo de la Encomienda,Valladolid,18491,22268,20.43,Crecimiento,8.2,31.8,6.21,2.2,2.0,0.3,0.7,5.1,0,0
47011,Ataquines,Valladolid,596,573,-3.86,Leve,36.6,421.6,1837.3,8.5,5.1,0.0,3.4,17.0,0,0
47012,Bahabón,Valladolid,131,93,-29.01,Alta,39.6,542.9,3065.38,20.8,0.0,0.0,31.2,52.1,0,0
47013,Barcial de la Loma,Valladolid,110,100,-9.09,Media,48.5,1200.0,3003.06,10.1,0.0,0.0,0.0,10.1,0,0
47014,Barruelo del Valle,Valladolid,67,52,-22.39,Alta,43.1,1100.0,4746.0,0,0,0,0,0,0,0
47015,Becilla de Valderaduey,Valladolid,265,200,-24.53,Alta,37.9,487.5,1826.96,43.7,9.7,0.0,9.7,63.1,0,0
47016,Benafarces,Valladolid,80,70,-12.5,Media,47.8,1066.7,5482.12,0.0,0.0,0.0,14.9,14.9,0,0
47017,Bercero,Valladolid,218,177,-18.81,Alta,46.5,1580.0,1516.08,5.9,0.0,0.0,0.0,5.9,0,0
47018,Berceruelo,Valladolid,37,36,-2.7,Leve,47.2,0.0,6207.09,0,0,0,0,0,0,0
47019,Berrueces,Valladolid,99,93,-6.06,Media,40.7,1750.0,2714.67,0,0,0,0,0,0,0
47020,Bobadilla del Campo,Valladolid,311,284,-8.68,Media,36.2,505.0,1632.36,14.3,0.0,0.0,0.0,14.3,0,0
47021,Bocigas,Valladolid,86,75,-12.79,Media,40.0,428.6,4872.85,0.0,13.3,0.0,40.0,53.3,0,0
47022,Bocos de Duero,Valladolid,57,81,42.11,Crecimiento,36.4,2800.0,3548.96,0,0,0,0,0,0,0
47023,Boecillo,Valladolid,4016,4357,8.49,Crecimiento,13.5,55.1,270.85,2.2,2.5,0.0,1.3,6.1,0,0
47024,Bolaños de Campos,Valladolid,347,254,-26.8,Alta,37.4,455.0,1172.81,8.2,4.1,0.0,4.1,16.5,0,0
47025,Brahojos de Medina,Valladolid,129,101,-21.71,Alta,49.0,4700.0,3407.63,20.8,0.0,0.0,0.0,20.8,0,0
47026,Bustillo de Chaves,Valladolid,91,65,-28.57,Alta,26.1,128.6,5149.23,0,0,0,0,0,0,0
47027,Cabezón de Pisuerga,Valladolid,3605,3895,8.04,Crecimiento,13.1,59.0,291.51,2.8,1.8,0.3,1.0,5.9,0,0
47028,Cabezón de Valderaduey,Valladolid,35,33,-5.71,Media,48.0,400.0,11470.44,40.0,0.0,0.0,40.0,80.0,0,0
47029,Cabreros del Monte,Valladolid,67,56,-16.42,Alta,34.4,275.0,4848.15,15.6,0.0,0.0,15.6,31.2,0,0
47030,Campaspero,Valladolid,1141,1004,-12.01,Media,37.6,335.1,643.35,10.8,3.9,0.0,4.9,19.7,0,0
47031,"Campillo, El",Valladolid,223,198,-11.21,Media,34.6,338.1,1867.61,19.5,4.9,0.0,19.5,43.9,0,0
47032,Camporredondo,Valladolid,166,147,-11.45,Media,36.4,742.9,1626.63,21.0,0.0,0.0,0.0,21.0,0,0
47033,Canalejas de Peñafiel,Valladolid,264,252,-4.55,Leve,30.0,248.4,1084.66,3.9,7.8,0.0,35.0,46.7,0,0
47034,Canillas de Esgueva,Valladolid,82,73,-10.98,Media,53.5,3800.0,2991.4,14.1,0.0,0.0,0.0,14.1,0,0
47035,Carpio,Valladolid,1057,938,-11.26,Media,32.4,296.0,1019.86,7.6,1.1,0.0,1.1,9.7,0,0
47036,Casasola de Arión,Valladolid,275,215,-21.82,Alta,39.4,666.7,2183.58,9.9,0.0,0.0,4.9,14.8,0,0
47037,Castrejón de Trabancos,Valladolid,194,176,-9.28,Media,46.8,810.0,1800.54,23.1,0.0,0.0,0.0,23.1,0,0
47038,Castrillo de Duero,Valladolid,133,121,-9.02,Media,35.8,354.5,1997.99,9.2,9.2,0.0,36.7,55.0,0,0
47039,Castrillo-Tejeriego,Valladolid,197,152,-22.84,Alta,43.3,850.0,1749.56,19.1,0.0,0.0,0.0,19.1,0,0
47040,Castrobol,Valladolid,66,45,-31.82,Alta,60.5,0.0,5630.93,0,0,0,0,0,0,0
47041,Castrodeza,Valladolid,176,142,-19.32,Alta,34.9,650.0,1920.39,6.7,0.0,0.0,6.7,13.4,0,0
47042,Castromembibre,Valladolid,65,49,-24.62,Alta,30.0,375.0,8624.56,20.0,0.0,0.0,0.0,20.0,0,0
47043,Castromonte,Valladolid,321,326,1.56,Crecimiento,45.9,735.0,1640.15,12.5,3.1,0.0,15.6,31.2,0,0
47044,Castronuevo de Esgueva,Valladolid,393,393,0.0,Leve,24.7,188.9,1106.72,2.4,4.8,0.0,2.4,9.7,0,0
47045,Castronuño,Valladolid,889,767,-13.72,Media,39.1,409.9,1018.88,9.4,2.7,1.3,6.7,20.1,0,0
47046,Castroponce,Valladolid,144,128,-11.11,Media,33.3,477.8,2082.03,23.3,7.8,0.0,0.0,31.0,0,0
47047,Castroverde de Cerrato,Valladolid,233,189,-18.88,Alta,44.3,1700.0,2196.81,10.4,0.0,0.0,5.2,15.6,0,0
47048,Ceinos de Campos,Valladolid,247,172,-30.36,Alta,38.4,507.7,1451.04,5.8,11.6,0.0,0.0,17.4,0,0
47049,Cervillego de la Cruz,Valladolid,95,91,-4.21,Leve,50.6,4400.0,3037.9,11.5,0.0,0.0,0.0,11.5,0,0
47050,Cigales,Valladolid,5071,5364,5.78,Crecimiento,13.9,62.6,341.01,2.7,0.9,0.2,0.0,3.8,0,1
47051,Ciguñuela,Valladolid,390,358,-8.21,Media,22.9,184.4,1620.03,0.0,5.5,0.0,8.3,13.8,0,0
47052,Cistérniga,Valladolid,8789,9281,5.6,Crecimiento,12.5,54.9,226.17,1.9,1.8,0.2,1.1,5.0,0,0
47053,Cogeces de Íscar,Valladolid,142,144,1.41,Crecimiento,34.3,222.7,1785.42,14.0,0.0,0.0,7.0,21.0,0,0
47054,Cogeces del Monte,Valladolid,727,644,-11.42,Media,39.4,406.5,1321.22,4.7,1.6,0.0,6.2,12.5,0,0
47055,Corcos,Valladolid,216,210,-2.78,Leve,35.6,514.3,1686.62,19.8,5.0,0.0,5.0,29.7,0,0
47056,Corrales de Duero,Valladolid,85,105,23.53,Crecimiento,44.3,470.0,2260.48,9.4,0.0,0.0,0.0,9.4,0,0
47057,Cubillas de Santa Marta,Valladolid,296,404,36.49,Crecimiento,24.1,250.0,1100.18,0.0,10.2,0.0,10.2,20.3,0,0
47058,Cuenca de Campos,Valladolid,243,192,-20.99,Alta,41.1,462.5,1670.61,5.6,16.7,0.0,5.6,27.8,0,0
47059,Curiel de Duero,Valladolid,111,119,7.21,Crecimiento,28.8,228.6,2655.17,18.0,9.0,0.0,72.1,99.1,0,0
47060,Encinas de Esgueva,Valladolid,279,218,-21.86,Alta,49.5,963.6,1907.22,9.3,0.0,0.0,4.7,14.0,0,0
47061,Esguevillas de Esgueva,Valladolid,283,258,-8.83,Media,40.7,328.1,1501.87,11.6,0.0,0.0,0.0,11.6,0,1
47062,Fombellida,Valladolid,185,175,-5.41,Media,44.1,535.7,2515.76,17.6,0.0,0.0,0.0,17.6,0,0
47063,Fompedraza,Valladolid,118,111,-5.93,Media,22.6,130.0,2025.75,8.7,0.0,0.0,26.1,34.8,0,0
47064,Fontihoyuelo,Valladolid,33,31,-6.06,Media,34.5,1000.0,7330.63,0,0,0,0,0,0,0
47065,Fresno el Viejo,Valladolid,946,836,-11.63,Media,36.1,513.8,2044.35,9.7,2.4,0.0,7.3,19.4,0,0
47066,Fuensaldaña,Valladolid,1518,2137,40.78,Crecimiento,15.5,76.6,334.49,4.2,5.1,0.0,0.9,10.3,0,0
47067,Fuente el Sol,Valladolid,181,153,-15.47,Alta,36.9,1833.3,2105.56,6.7,6.7,0.0,0.0,13.4,0,0
47068,Fuente-Olmedo,Valladolid,42,42,0.0,Leve,19.0,200.0,6021.41,0,0,0,0,0,0,0
47069,Gallegos de Hornija,Valladolid,137,109,-20.44,Alta,40.4,4200.0,2010.57,9.6,0.0,0.0,0.0,9.6,0,0
47070,Gatón de Campos,Valladolid,44,41,-6.82,Media,27.7,92.9,4956.43,0.0,21.3,0.0,0.0,21.3,0,0
47071,Geria,Valladolid,519,488,-5.97,Media,21.6,173.8,1043.28,6.1,2.0,0.0,6.1,14.3,0,0
47073,Herrín de Campos,Valladolid,129,112,-13.18,Media,42.9,685.7,2472.9,0,0,0,0,0,0,0
47074,Hornillos de Eresma,Valladolid,169,171,1.18,Crecimiento,26.4,192.0,1750.11,5.5,5.5,5.5,16.5,33.0,0,0
47076,Laguna de Duero,Valladolid,22601,22907,1.35,Crecimiento,20.2,107.3,2.26,3.3,0.8,0.5,0.3,4.9,0,1
47077,Langayo,Valladolid,268,250,-6.72,Media,42.3,547.4,1489.45,20.3,0.0,0.0,0.0,20.3,0,0
47079,Llano de Olmedo,Valladolid,67,51,-23.88,Alta,36.7,0.0,5184.82,20.4,0.0,0.0,40.8,61.2,0,0
47078,Lomoviejo,Valladolid,185,161,-12.97,Media,35.4,400.0,2061.71,25.3,0.0,0.0,0.0,25.3,0,0
47080,Manzanillo,Valladolid,49,48,-2.04,Leve,28.0,140.0,4255.32,0,0,0,0,0,0,0
47081,Marzales,Valladolid,52,41,-21.15,Alta,40.0,257.1,5255.41,0,0,0,0,0,0,0
47082,Matapozuelos,Valladolid,1016,1015,-0.1,Leve,25.8,185.3,1210.93,5.1,6.2,0.0,10.3,21.5,0,0
47083,Matilla de los Caños,Valladolid,94,113,20.21,Crecimiento,27.4,320.0,2129.29,0.0,8.5,0.0,0.0,8.5,0,0
47084,Mayorga,Valladolid,1689,1409,-16.58,Alta,31.8,293.9,668.16,7.4,3.7,0.0,0.7,11.8,0,1
47086,Medina de Rioseco,Valladolid,4821,4537,-5.89,Media,24.9,156.3,505.77,11.1,4.3,0.2,2.4,18.0,0,1
47085,Medina del Campo,Valladolid,21110,20097,-4.8,Leve,24.1,142.1,17.03,6.3,1.1,0.4,0.7,8.5,1,0
47087,Megeces,Valladolid,447,422,-5.59,Media,33.2,280.0,713.18,4.7,0.0,0.0,0.0,4.7,0,0
47088,Melgar de Abajo,Valladolid,115,114,-0.87,Leve,45.6,650.0,4084.74,35.1,0.0,0.0,0.0,35.1,0,0
47089,Melgar de Arriba,Valladolid,181,162,-10.5,Media,38.0,885.7,2720.78,12.3,0.0,0.0,0.0,12.3,0,0
47090,Mojados,Valladolid,3135,3393,8.23,Crecimiento,18.9,100.3,420.25,3.2,1.7,0.6,2.3,7.8,0,0
47091,Monasterio de Vega,Valladolid,90,79,-12.22,Media,38.0,375.0,3954.6,12.7,0.0,0.0,0.0,12.7,0,0
47092,Montealegre de Campos,Valladolid,127,105,-17.32,Alta,36.2,422.2,2303.29,19.0,19.0,0.0,19.0,57.1,0,0
47093,Montemayor de Pililla,Valladolid,918,860,-6.32,Media,35.1,427.5,791.95,10.7,1.2,1.2,6.0,19.0,0,0
47094,Moral de la Reina,Valladolid,191,146,-23.56,Alta,38.2,555.6,1786.79,7.6,0.0,0.0,0.0,7.6,0,0
47095,Moraleja de las Panaderas,Valladolid,40,38,-5.0,Media,35.7,1500.0,5546.43,0,0,0,0,0,0,0
47096,Morales de Campos,Valladolid,155,130,-16.13,Alta,42.4,560.0,2402.77,22.7,0.0,0.0,0.0,22.7,0,0
47097,Mota del Marqués,Valladolid,392,330,-15.82,Alta,38.1,393.9,1027.32,11.7,5.9,0.0,8.8,26.4,0,1
47098,Mucientes,Valladolid,699,691,-1.14,Leve,25.5,184.4,798.71,5.8,4.3,0.0,4.3,14.4,0,0
47099,"Mudarra, La",Valladolid,166,169,1.81,Crecimiento,38.7,722.2,1928.43,6.0,6.0,0.0,6.0,17.9,0,0
47100,Muriel,Valladolid,146,111,-23.97,Alta,54.7,0.0,2397.57,9.4,0.0,0.0,0.0,9.4,0,0
47101,Nava del Rey,Valladolid,2125,1925,-9.41,Media,29.2,196.9,1101.48,9.9,1.6,0.5,4.1,16.1,0,0
47102,Nueva Villa de las Torres,Valladolid,316,278,-12.03,Media,39.6,525.0,1156.19,18.9,0.0,0.0,3.8,22.6,0,0
47103,Olivares de Duero,Valladolid,317,327,3.15,Crecimiento,25.4,259.4,1418.34,9.2,3.1,0.0,6.1,18.3,0,0
47104,Olmedo,Valladolid,3744,3564,-4.81,Leve,24.5,149.1,345.1,5.2,4.1,0.3,4.1,13.8,0,1
47105,Olmos de Esgueva,Valladolid,226,197,-12.83,Media,30.9,327.8,1573.68,10.5,0.0,0.0,0.0,10.5,0,0
47106,Olmos de Peñafiel,Valladolid,65,38,-41.54,Alta,54.3,1900.0,7085.2,0.0,0.0,0.0,57.1,57.1,0,0
47109,Palazuelo de Vedija,Valladolid,206,164,-20.39,Alta,31.3,510.0,2227.26,6.1,6.1,0.0,12.3,24.5,0,0
47110,"Parrilla, La",Valladolid,502,480,-4.38,Leve,36.7,353.1,1451.67,6.4,0.0,2.1,8.5,17.0,0,0
47111,"Pedraja de Portillo, La",Valladolid,1143,1175,2.8,Crecimiento,28.2,233.3,886.95,9.2,0.8,0.0,0.0,10.1,0,0
47112,Pedrajas de San Esteban,Valladolid,3432,3406,-0.76,Leve,22.1,136.5,328.29,6.7,1.5,0.3,0.9,9.3,0,0
47113,Pedrosa del Rey,Valladolid,198,148,-25.25,Alta,36.9,687.5,3924.72,20.1,13.4,0.0,13.4,47.0,0,0
47116,Pesquera de Duero,Valladolid,474,423,-10.76,Media,31.5,282.2,3094.14,9.9,7.4,0.0,22.3,39.7,0,0
47114,Peñafiel,Valladolid,5419,5188,-4.26,Leve,23.6,136.2,666.11,7.2,5.6,0.8,7.0,20.5,0,1
47115,Peñaflor de Hornija,Valladolid,319,350,9.72,Crecimiento,32.1,329.4,783.82,8.6,0.0,0.0,0.0,8.6,0,0
47117,Piña de Esgueva,Valladolid,330,310,-6.06,Media,31.7,294.1,1871.1,6.3,3.2,0.0,6.3,15.9,0,0
47118,Piñel de Abajo,Valladolid,183,163,-10.93,Media,37.2,406.7,1970.08,18.3,0.0,0.0,6.1,24.4,0,0
47119,Piñel de Arriba,Valladolid,99,88,-11.11,Media,49.4,1000.0,2411.25,12.3,0.0,0.0,0.0,12.3,0,0
47121,Pollos,Valladolid,623,562,-9.79,Media,37.7,426.0,1544.91,7.1,0.0,0.0,5.3,12.4,0,0
47122,Portillo,Valladolid,2441,2368,-2.99,Leve,27.5,179.6,418.67,4.2,1.7,0.4,0.8,7.1,0,1
47123,Pozal de Gallinas,Valladolid,561,538,-4.1,Leve,26.8,156.8,1517.78,7.2,3.6,0.0,3.6,14.4,0,0
47124,Pozaldez,Valladolid,499,500,0.2,Crecimiento,32.7,238.6,881.72,11.7,3.9,0.0,2.0,17.6,0,0
47125,Pozuelo de la Orden,Valladolid,63,50,-20.63,Alta,28.3,566.7,4568.7,0,0,0,0,0,0,0
47126,Puras,Valladolid,55,45,-18.18,Alta,38.6,850.0,5609.93,0.0,0.0,0.0,22.7,22.7,0,0
47127,Quintanilla de Arriba,Valladolid,149,155,4.03,Crecimiento,35.6,252.2,1943.48,12.3,0.0,0.0,18.4,30.7,0,0
47129,Quintanilla de Onésimo,Valladolid,1078,992,-7.98,Media,28.0,187.8,824.98,7.6,3.8,0.0,4.8,16.3,0,0
47130,Quintanilla de Trigueros,Valladolid,115,101,-12.17,Media,31.0,442.9,2446.12,10.0,0.0,0.0,0.0,10.0,0,0
47128,Quintanilla del Molar,Valladolid,63,47,-25.4,Alta,31.1,350.0,5316.39,0,0,0,0,0,0,0
47132,Ramiro,Valladolid,46,46,0.0,Leve,40.9,300.0,4547.77,0,0,0,0,0,0,0
47133,Renedo de Esgueva,Valladolid,3620,3972,9.72,Crecimiento,10.8,41.3,299.28,1.3,0.3,0.0,0.3,1.8,0,0
47134,Roales de Campos,Valladolid,174,165,-5.17,Media,35.7,785.7,1344.17,6.5,0.0,0.0,0.0,6.5,0,0
47135,Robladillo,Valladolid,99,87,-12.12,Media,37.2,355.6,1566.29,0.0,0.0,0.0,11.6,11.6,0,0
47137,Roturas,Valladolid,32,26,-18.75,Alta,34.6,900.0,7902.41,0.0,0.0,0.0,76.9,76.9,0,0
47138,Rubí de Bracamonte,Valladolid,236,214,-9.32,Media,35.1,811.1,1683.93,24.0,0.0,0.0,0.0,24.0,0,0
47139,Rueda,Valladolid,1312,1103,-15.93,Alta,28.7,234.5,1268.33,9.7,7.9,0.9,14.1,32.6,0,0
47131,Rábano,Valladolid,195,176,-9.74,Media,43.2,663.6,1700.85,11.8,5.9,0.0,17.8,35.5,0,0
47140,Saelices de Mayorga,Valladolid,123,111,-9.76,Media,53.8,700.0,2519.46,42.7,0.0,0.0,0.0,42.7,0,0
47141,Salvador de Zapardiel,Valladolid,139,103,-25.9,Alta,44.4,4400.0,3319.98,20.2,0.0,0.0,0.0,20.2,0,0
47142,San Cebrián de Mazote,Valladolid,177,103,-41.81,Alta,52.5,0.0,2358.84,10.1,0.0,0.0,0.0,10.1,0,0
47143,San Llorente,Valladolid,135,94,-30.37,Alta,56.5,1733.3,2752.91,21.7,10.9,0.0,0.0,32.6,0,0
47144,San Martín de Valvení,Valladolid,88,84,-4.55,Leve,26.6,420.0,3230.17,0,0,0,0,0,0,0
47145,San Miguel del Arroyo,Valladolid,704,646,-8.24,Media,35.1,312.5,970.85,6.2,1.6,0.0,6.2,14.0,0,0
47146,San Miguel del Pino,Valladolid,316,367,16.14,Crecimiento,17.6,89.0,1268.19,5.4,5.4,0.0,13.6,24.4,0,0
47147,San Pablo de la Moraleja,Valladolid,127,107,-15.75,Alta,39.8,562.5,2566.22,8.8,0.0,0.0,0.0,8.8,0,1
47148,San Pedro de Latarce,Valladolid,522,434,-16.86,Alta,34.7,333.3,821.61,9.3,2.3,0.0,6.9,18.5,0,0
47149,San Pelayo,Valladolid,44,48,9.09,Crecimiento,23.8,166.7,5481.06,0.0,0.0,0.0,23.8,23.8,0,0
47150,San Román de Hornija,Valladolid,346,301,-13.01,Media,30.9,214.0,2030.24,6.7,3.4,0.0,3.4,13.4,0,0
47151,San Salvador,Valladolid,32,23,-28.12,Alta,40.0,0.0,10631.56,0,0,0,0,0,0,0
47156,San Vicente del Palacio,Valladolid,178,160,-10.11,Media,36.8,380.0,1636.24,19.4,12.9,0.0,6.5,38.7,0,0
47152,Santa Eufemia del Arroyo,Valladolid,108,73,-32.41,Alta,31.6,500.0,4071.64,0.0,0.0,0.0,25.3,25.3,0,0
47153,Santervás de Campos,Valladolid,122,108,-11.48,Media,48.0,800.0,3733.53,10.0,0.0,0.0,0.0,10.0,0,0
47154,Santibáñez de Valcorba,Valladolid,173,187,8.09,Crecimiento,42.6,592.9,1336.57,0.0,10.3,0.0,15.4,25.6,0,0
47155,Santovenia de Pisuerga,Valladolid,4203,4703,11.9,Crecimiento,13.0,63.1,241.82,2.7,1.0,0.0,0.4,4.2,0,0
47157,Sardón de Duero,Valladolid,634,607,-4.26,Leve,27.3,205.0,873.84,6.7,5.0,0.0,11.6,23.3,0,0
47158,"Seca, La",Valladolid,1107,1013,-8.49,Media,25.9,177.2,737.18,7.9,2.9,0.0,4.9,15.7,0,0
47159,Serrada,Valladolid,1173,1109,-5.46,Media,26.2,158.1,866.47,8.0,2.7,0.9,1.8,13.4,0,1
47160,Siete Iglesias de Trabancos,Valladolid,488,419,-14.14,Media,37.0,364.3,1323.18,12.1,4.8,2.4,26.6,45.9,0,0
47161,Simancas,Valladolid,5265,5538,5.19,Crecimiento,17.5,77.1,274.01,2.3,2.7,0.4,3.4,8.8,0,0
47162,Tamariz de Campos,Valladolid,63,84,33.33,Crecimiento,29.8,227.3,3599.94,0.0,0.0,0.0,11.9,11.9,0,0
47163,Tiedra,Valladolid,319,282,-11.6,Media,44.7,938.5,1450.14,11.0,7.3,0.0,14.7,33.0,0,0
47164,Tordehumos,Valladolid,443,375,-15.35,Alta,27.2,322.6,1825.78,8.2,5.4,0.0,8.2,21.8,0,0
47165,Tordesillas,Valladolid,8936,8638,-3.33,Leve,22.6,135.1,433.92,7.4,3.3,0.7,7.3,18.6,0,1
47169,Torre de Esgueva,Valladolid,73,62,-15.07,Alta,41.9,520.0,4708.36,0,0,0,0,0,0,0
47170,Torre de Peñafiel,Valladolid,42,57,35.71,Crecimiento,36.8,700.0,4560.65,0.0,17.5,0.0,17.5,35.1,0,0
47166,Torrecilla de la Abadesa,Valladolid,296,250,-15.54,Alta,32.6,427.8,1229.14,16.9,0.0,0.0,0.0,16.9,0,0
47167,Torrecilla de la Orden,Valladolid,262,227,-13.36,Media,41.4,783.3,1919.33,17.6,0.0,0.0,0.0,17.6,0,0
47168,Torrecilla de la Torre,Valladolid,32,28,-12.5,Media,39.3,1100.0,5251.25,0,0,0,0,0,0,0
47171,Torrelobatón,Valladolid,456,386,-15.35,Alta,37.7,540.7,1058.01,5.2,0.0,0.0,5.2,10.3,0,0
47172,Torrescárcela,Valladolid,167,164,-1.8,Leve,31.3,212.5,1630.32,6.1,0.0,0.0,6.1,12.3,0,0
47173,Traspinedo,Valladolid,1076,1240,15.24,Crecimiento,22.8,141.7,469.35,6.1,5.3,0.0,3.1,14.5,0,0
47174,Trigueros del Valle,Valladolid,315,314,-0.32,Leve,30.9,267.6,1111.41,3.1,3.1,0.0,12.5,18.8,0,0
47175,Tudela de Duero,Valladolid,8683,8786,1.19,Crecimiento,19.1,103.6,384.57,4.8,1.0,0.0,1.1,6.9,0,1
47176,"Unión de Campos, La",Valladolid,272,202,-25.74,Alta,59.2,969.2,1413.11,4.7,0.0,0.0,0.0,4.7,0,0
47177,Urones de Castroponce,Valladolid,116,100,-13.79,Media,48.9,920.0,5124.33,10.6,0.0,0.0,10.6,21.3,0,0
47178,Urueña,Valladolid,191,203,6.28,Crecimiento,38.3,350.0,2253.85,5.0,29.9,10.0,24.9,69.7,0,0
47179,Valbuena de Duero,Valladolid,475,399,-16.0,Alta,36.9,357.5,1572.2,2.6,10.3,2.6,15.5,30.9,0,0
47180,Valdearcos de la Vega,Valladolid,91,64,-29.67,Alta,41.0,357.1,4615.54,0,0,0,0,0,0,0
47181,Valdenebro de los Valles,Valladolid,208,185,-11.06,Media,27.1,192.6,1443.18,5.2,0.0,0.0,10.4,15.6,0,0
47182,Valdestillas,Valladolid,1732,1612,-6.93,Media,21.4,132.3,644.08,6.7,1.8,0.6,0.6,9.7,0,0
47183,Valdunquillo,Valladolid,158,116,-26.58,Alta,54.1,1500.0,2691.31,36.0,0.0,0.0,0.0,36.0,0,0
47186,Valladolid,Valladolid,303905,300618,-1.08,Leve,28.3,178.8,0.0,6.9,1.5,0.6,0.7,9.7,1,1
47184,Valoria la Buena,Valladolid,680,745,9.56,Crecimiento,29.3,198.2,1141.11,4.0,5.4,0.0,5.4,14.8,0,0
47185,Valverde de Campos,Valladolid,106,91,-14.15,Media,38.5,500.0,2659.62,0,0,0,0,0,0,0
47187,Vega de Ruiponce,Valladolid,106,81,-23.58,Alta,42.5,485.7,2720.07,0,0,0,0,0,0,0
47188,Vega de Valdetronco,Valladolid,120,91,-24.17,Alta,55.7,980.0,3717.14,34.1,22.7,0.0,11.4,68.2,0,0
47189,Velascálvaro,Valladolid,171,163,-4.68,Leve,29.9,361.5,2119.61,6.4,0.0,0.0,0.0,6.4,0,0
47190,Velilla,Valladolid,111,113,1.8,Crecimiento,29.4,168.4,2628.1,0.0,0.0,0.0,18.3,18.3,0,0
47191,Velliza,Valladolid,122,121,-0.82,Leve,40.0,960.0,2501.34,0.0,0.0,0.0,25.0,25.0,0,0
47192,Ventosa de la Cuesta,Valladolid,113,101,-10.62,Media,39.3,440.0,2470.55,26.8,0.0,0.0,0.0,26.8,0,0
47193,Viana de Cega,Valladolid,2015,2292,13.75,Crecimiento,17.3,95.2,688.55,3.5,0.9,0.0,0.9,5.3,0,0
47196,Villabaruz de Campos,Valladolid,38,32,-15.79,Alta,51.6,800.0,8726.34,0,0,0,0,0,0,0
47197,Villabrágima,Valladolid,1061,1048,-1.23,Leve,26.2,162.1,936.89,7.4,0.9,0.0,1.9,10.2,0,0
47195,Villabáñez,Valladolid,549,507,-7.65,Media,30.0,263.3,1064.19,1.9,3.8,0.0,5.7,11.4,0,0
47198,Villacarralón,Valladolid,78,66,-15.38,Alta,36.6,866.7,3612.25,14.1,0.0,0.0,0.0,14.1,0,0
47199,Villacid de Campos,Valladolid,86,82,-4.65,Leve,37.2,640.0,3115.79,34.9,0.0,0.0,0.0,34.9,0,0
47200,Villaco,Valladolid,83,75,-9.64,Media,36.1,866.7,3104.0,27.8,0.0,0.0,0.0,27.8,0,0
47203,Villafrades de Campos,Valladolid,72,61,-15.28,Alta,42.4,1250.0,4732.14,0,0,0,0,0,0,0
47204,Villafranca de Duero,Valladolid,307,241,-21.5,Alta,40.8,536.8,999.93,12.0,0.0,0.0,0.0,12.0,0,0
47205,Villafrechós,Valladolid,491,468,-4.68,Leve,26.6,196.9,1144.39,4.2,2.1,0.0,2.1,8.4,0,1
47206,Villafuerte,Valladolid,105,86,-18.1,Alta,51.2,820.0,2534.57,12.5,0.0,0.0,62.5,75.0,0,0
47207,Villagarcía de Campos,Valladolid,334,288,-13.77,Media,39.8,433.3,2788.57,23.8,0.0,0.0,0.0,23.8,0,0
47208,Villagómez la Nueva,Valladolid,71,51,-28.17,Alta,44.7,700.0,5281.37,42.6,0.0,0.0,0.0,42.6,0,0
47210,Villalar de los Comuneros,Valladolid,437,490,12.13,Crecimiento,38.1,372.9,1419.95,6.4,0.0,0.0,2.1,8.5,0,1
47211,Villalba de la Loma,Valladolid,62,58,-6.45,Media,26.8,300.0,5211.84,17.9,0.0,0.0,0.0,17.9,0,0
47212,Villalba de los Alcores,Valladolid,420,392,-6.67,Media,29.4,305.3,1011.26,2.5,7.6,0.0,7.6,17.7,0,0
47213,Villalbarba,Valladolid,130,100,-23.08,Alta,42.7,4100.0,2794.69,20.8,0.0,0.0,0.0,20.8,0,0
47209,Villalán de Campos,Valladolid,46,32,-30.43,Alta,22.2,800.0,6045.63,0,0,0,0,0,0,0
47214,Villalón de Campos,Valladolid,1716,1496,-12.82,Media,35.3,326.2,1621.72,6.8,3.4,0.0,2.7,12.8,0,1
47215,Villamuriel de Campos,Valladolid,58,51,-12.07,Media,38.2,2100.0,5038.75,0,0,0,0,0,0,0
47217,Villanubla,Valladolid,2565,2915,13.65,Crecimiento,12.1,50.4,304.12,2.1,2.8,0.0,1.7,6.5,0,0
47218,Villanueva de Duero,Valladolid,1193,1258,5.45,Crecimiento,24.6,150.5,695.22,4.8,0.8,0.0,2.4,7.9,0,0
47222,Villanueva de San Mancio,Valladolid,86,102,18.6,Crecimiento,30.2,290.0,2085.44,0.0,0.0,0.0,20.8,20.8,0,0
47219,Villanueva de la Condesa,Valladolid,69,59,-14.49,Media,22.7,115.4,5131.51,0.0,15.2,0.0,15.2,30.3,0,1
47220,Villanueva de los Caballeros,Valladolid,188,157,-16.49,Alta,44.9,733.3,1959.59,13.6,13.6,0.0,6.8,34.0,0,0
47221,Villanueva de los Infantes,Valladolid,113,112,-0.88,Leve,34.5,307.7,2350.9,8.6,8.6,0.0,0.0,17.2,0,0
47223,Villardefrades,Valladolid,183,136,-25.68,Alta,33.1,350.0,1589.03,20.3,20.3,0.0,13.5,54.1,0,0
47224,Villarmentero de Esgueva,Valladolid,104,102,-1.92,Leve,28.0,280.0,2618.09,0.0,10.0,0.0,0.0,10.0,0,0
47225,Villasexmir,Valladolid,82,67,-18.29,Alta,47.8,1600.0,3094.78,0.0,0.0,0.0,59.7,59.7,0,0
47226,Villavaquerín,Valladolid,181,145,-19.89,Alta,27.7,268.8,1920.92,19.4,0.0,0.0,0.0,19.4,0,0
47227,Villavellid,Valladolid,68,53,-22.06,Alta,41.2,350.0,3868.31,39.2,0.0,0.0,0.0,39.2,0,0
47228,Villaverde de Medina,Valladolid,527,529,0.38,Crecimiento,24.3,150.0,1462.95,2.0,0.0,0.0,7.9,9.9,0,0
47229,Villavicencio de los Caballeros,Valladolid,243,221,-9.05,Media,61.9,2216.7,1469.62,9.3,4.7,0.0,4.7,18.6,0,0
47216,Villán de Tordesillas,Valladolid,122,122,0.0,Leve,29.5,257.1,1070.44,8.2,0.0,0.0,0.0,8.2,0,0
47194,Viloria,Valladolid,363,331,-8.82,Media,29.7,247.6,1052.78,5.7,0.0,0.0,8.6,14.3,0,0
47230,Wamba,Valladolid,343,295,-13.99,Media,37.8,375.9,784.95,6.9,0.0,0.0,0.0,6.9,0,0
47231,Zaratán,Valladolid,6124,6383,4.23,Crecimiento,10.1,40.2,246.66,2.2,2.2,0.2,0.5,5.0,0,0
47232,"Zarza, La",Valladolid,115,118,2.61,Crecimiento,30.6,566.7,3086.44,9.0,0.0,0.0,9.0,18.0,0,0
47075,Íscar,Valladolid,6536,6396,-2.14,Leve,21.4,121.7,336.99,5.6,1.4,0.9,0.3,8.2,0,1
49002,Abezames,Zamora,66,60,-9.09,Media,40.7,400.0,1821.43,0,0,0,0,0,0,0
49003,Alcañices,Zamora,1108,1061,-4.24,Leve,32.7,312.9,865.06,10.8,1.8,0.9,4.5,18.0,0,1
49004,Alcubilla de Nogales,Zamora,135,108,-20.0,Alta,51.4,933.3,1180.74,0,0,0,0,0,0,0
49005,Alfaraz de Sayago,Zamora,149,124,-16.78,Alta,38.3,460.0,2034.73,0,0,0,0,0,0,0
49006,Algodre,Zamora,167,135,-19.16,Alta,41.2,1350.0,1453.3,7.6,0.0,0.0,0.0,7.6,0,0
49007,Almaraz de Duero,Zamora,398,397,-0.25,Leve,44.6,409.5,793.22,5.2,0.0,2.6,5.2,13.0,0,0
49008,Almeida de Sayago,Zamora,500,422,-15.6,Alta,50.0,981.0,977.81,9.7,4.9,0.0,4.9,19.4,0,0
49009,Andavías,Zamora,448,420,-6.25,Media,40.7,402.4,1041.03,4.9,2.5,0.0,4.9,12.3,0,0
49010,Arcenillas,Zamora,415,448,7.95,Crecimiento,17.0,84.6,613.21,2.2,0.0,0.0,0.0,2.2,0,0
49011,Arcos de la Polvorosa,Zamora,242,216,-10.74,Media,33.2,500.0,879.75,9.5,4.7,0.0,0.0,14.2,0,0
49012,Argañín,Zamora,82,80,-2.44,Leve,41.8,412.5,2325.84,0,0,0,0,0,0,0
49013,Argujillo,Zamora,283,218,-22.97,Alta,51.2,733.3,1104.87,9.3,0.0,0.0,0.0,9.3,0,0
49014,Arquillinos,Zamora,114,113,-0.88,Leve,40.7,488.9,2913.47,9.3,0.0,9.3,0.0,18.5,0,0
49015,Arrabalde,Zamora,252,194,-23.02,Alta,60.8,2260.0,1189.59,5.4,0.0,0.0,0.0,5.4,0,0
49016,Aspariegos,Zamora,286,225,-21.33,Alta,40.1,684.6,1453.26,9.0,0.0,0.0,4.5,13.5,0,0
49017,Asturianos,Zamora,275,260,-5.45,Media,48.8,1025.0,1978.97,7.9,4.0,4.0,27.8,43.7,0,0
49018,Ayoó de Vidriales,Zamora,363,274,-24.52,Alta,58.0,900.0,960.31,7.6,3.8,0.0,3.8,15.2,0,0
49019,Barcial del Barco,Zamora,276,253,-8.33,Media,37.8,417.4,664.97,3.9,3.9,0.0,3.9,11.8,0,0
49020,Belver de los Montes,Zamora,315,253,-19.68,Alta,46.0,892.3,1097.43,4.0,0.0,0.0,0.0,4.0,0,0
49021,Benavente,Zamora,18550,17246,-7.03,Media,22.9,134.4,327.87,5.6,1.8,0.6,1.1,9.1,1,1
49022,Benegiles,Zamora,332,268,-19.28,Alta,39.7,757.1,928.13,7.5,0.0,0.0,0.0,7.5,0,0
49023,Bermillo de Sayago,Zamora,1104,1026,-7.07,Media,35.7,340.4,1103.14,8.7,2.9,0.0,7.7,19.3,0,1
49026,Bretocino,Zamora,248,195,-21.37,Alta,49.5,1371.4,1198.14,10.3,0.0,0.0,0.0,10.3,0,0
49025,Bretó,Zamora,184,166,-9.78,Media,47.2,1100.0,1089.0,18.4,0.0,0.0,0.0,18.4,0,0
49027,Brime de Sog,Zamora,155,116,-25.16,Alta,50.0,1140.0,952.81,8.8,0.0,0.0,0.0,8.8,0,0
49028,Brime de Urz,Zamora,129,99,-23.26,Alta,49.5,4800.0,1988.42,10.3,0.0,0.0,0.0,10.3,0,0
49029,Burganes de Valverde,Zamora,695,618,-11.08,Media,38.8,534.9,612.51,11.8,0.0,0.0,1.7,13.5,0,0
49030,Bustillo del Oro,Zamora,86,79,-8.14,Media,45.3,1133.3,1387.65,13.3,0.0,0.0,0.0,13.3,0,0
49024,"Bóveda de Toro, La",Zamora,781,676,-13.44,Media,36.6,408.2,872.85,8.8,4.4,0.0,0.0,13.2,0,0
49031,Cabañas de Sayago,Zamora,153,151,-1.31,Leve,44.8,800.0,1377.54,14.0,0.0,0.0,0.0,14.0,0,0
49032,Calzadilla de Tera,Zamora,350,287,-18.0,Alta,55.0,805.3,1228.63,3.6,3.6,0.0,18.0,25.2,0,0
49033,Camarzana de Tera,Zamora,889,746,-16.09,Alta,38.4,408.6,1295.92,16.1,4.0,0.0,4.0,24.2,0,1
49036,Carbajales de Alba,Zamora,586,466,-20.48,Alta,53.0,1240.0,1693.51,12.8,2.1,0.0,0.0,15.0,0,1
49037,Carbellino,Zamora,206,182,-11.65,Media,42.7,760.0,1267.53,5.6,11.2,0.0,11.2,28.1,0,0
49038,Casaseca de Campeán,Zamora,105,86,-18.1,Alta,35.6,640.0,1148.35,0.0,11.1,0.0,0.0,11.1,0,0
49039,Casaseca de las Chanas,Zamora,378,373,-1.32,Leve,27.6,202.0,924.74,5.4,0.0,0.0,0.0,5.4,0,0
49040,Castrillo de la Guareña,Zamora,129,118,-8.53,Media,29.4,285.7,1152.66,14.7,7.4,14.7,7.4,44.1,0,1
49041,Castrogonzalo,Zamora,491,430,-12.42,Media,35.3,463.6,596.71,6.9,2.3,6.9,2.3,18.5,0,0
49042,Castronuevo,Zamora,247,218,-11.74,Media,44.0,1055.6,1012.11,9.3,0.0,0.0,0.0,9.3,0,0
49043,Castroverde de Campos,Zamora,349,256,-26.65,Alta,44.7,778.6,962.71,12.3,4.1,0.0,8.2,24.6,0,0
49044,Cazurra,Zamora,89,74,-16.85,Alta,45.8,1100.0,2286.23,13.9,0.0,0.0,0.0,13.9,0,0
49034,Cañizal,Zamora,485,421,-13.2,Media,43.8,542.4,897.64,7.3,0.0,0.0,0.0,7.3,0,0
49035,Cañizo,Zamora,249,201,-19.28,Alta,47.7,1342.9,1866.25,5.1,5.1,0.0,5.1,15.2,0,0
49046,Cerecinos de Campos,Zamora,308,234,-24.03,Alta,38.8,1125.0,942.71,4.3,0.0,0.0,0.0,4.3,0,0
49047,Cerecinos del Carrizal,Zamora,121,108,-10.74,Media,33.9,223.5,1431.03,8.9,0.0,0.0,0.0,8.9,0,0
49048,Cernadilla,Zamora,138,110,-20.29,Alta,56.2,2950.0,1796.49,9.5,0.0,0.0,0.0,9.5,0,0
49050,Cobreros,Zamora,591,545,-7.78,Media,35.7,346.4,951.35,11.0,9.2,0.0,25.8,46.0,0,0
49052,Coomonte,Zamora,203,179,-11.82,Media,37.2,515.4,1214.77,16.7,0.0,0.0,11.1,27.8,0,0
49053,Coreses,Zamora,1080,1037,-3.98,Leve,28.5,218.8,626.5,5.7,3.8,0.0,3.8,13.2,0,0
49054,Corrales del Vino,Zamora,1052,929,-11.69,Media,33.0,282.6,1054.4,5.4,2.1,0.0,2.1,9.6,0,1
49055,Cotanes del Monte,Zamora,117,82,-29.91,Alta,41.2,1650.0,2080.02,12.5,0.0,0.0,0.0,12.5,0,0
49056,Cubillos,Zamora,322,295,-8.39,Media,36.2,353.3,661.52,3.4,0.0,0.0,0.0,3.4,0,0
49057,Cubo de Benavente,Zamora,116,117,0.86,Crecimiento,47.0,1375.0,3433.45,8.5,0.0,0.0,0.0,8.5,0,0
49058,"Cubo de Tierra del Vino, El",Zamora,355,298,-16.06,Alta,37.3,407.4,0.0,6.8,3.4,0.0,10.2,20.3,0,0
49059,Cuelgamures,Zamora,93,80,-13.98,Media,51.3,0.0,1623.58,0,0,0,0,0,0,0
49061,Entrala,Zamora,165,127,-23.03,Alta,39.8,662.5,1796.86,0.0,15.0,0.0,7.5,22.6,0,0
49062,Espadañedo,Zamora,129,104,-19.38,Alta,42.2,766.7,2610.59,9.2,0.0,0.0,0.0,9.2,0,0
49063,Faramontanos de Tábara,Zamora,365,340,-6.85,Media,41.3,503.8,785.4,12.6,0.0,0.0,3.2,15.8,0,0
49064,Fariza,Zamora,570,496,-12.98,Media,50.1,697.1,1108.7,0.0,2.1,2.1,26.7,30.8,0,0
49065,Fermoselle,Zamora,1335,1149,-13.93,Media,40.2,401.8,960.01,2.7,4.4,0.9,24.8,32.7,0,0
49066,Ferreras de Abajo,Zamora,565,451,-20.18,Alta,41.2,380.0,1107.14,4.3,2.2,0.0,2.2,8.7,0,0
49067,Ferreras de Arriba,Zamora,414,358,-13.53,Media,42.8,457.6,754.79,11.3,0.0,0.0,31.2,42.5,0,0
49068,Ferreruela,Zamora,518,419,-19.11,Alta,55.3,982.6,1093.45,7.3,4.9,0.0,0.0,12.2,0,0
49069,Figueruela de Arriba,Zamora,405,318,-21.48,Alta,56.8,1353.8,1768.76,12.9,3.2,0.0,9.7,25.8,0,0
49071,Fonfría,Zamora,837,763,-8.84,Media,42.3,700.0,802.56,12.6,1.3,0.0,2.5,16.4,0,0
49077,Fresno de Sayago,Zamora,204,143,-29.9,Alta,35.5,700.0,1482.7,7.2,0.0,0.0,0.0,7.2,0,0
49075,Fresno de la Polvorosa,Zamora,153,114,-25.49,Alta,48.7,950.0,1040.53,0,0,0,0,0,0,0
49076,Fresno de la Ribera,Zamora,381,342,-10.24,Media,28.4,273.5,830.99,3.1,0.0,0.0,0.0,3.1,0,0
49078,Friera de Valverde,Zamora,185,127,-31.35,Alta,49.6,1200.0,1119.01,16.5,0.0,0.0,0.0,16.5,0,0
49079,Fuente Encalada,Zamora,119,89,-25.21,Alta,41.9,975.0,0.0,0.0,0.0,0.0,10.8,10.8,0,0
49080,Fuentelapeña,Zamora,778,599,-23.01,Alta,43.8,626.8,1502.25,10.2,1.7,1.7,0.0,13.6,0,0
49082,Fuentes de Ropel,Zamora,416,361,-13.22,Media,38.9,480.0,1136.69,0.0,2.7,0.0,0.0,2.7,0,0
49081,Fuentesaúco,Zamora,1644,1606,-2.31,Leve,29.8,197.5,616.25,5.0,1.9,0.0,1.9,8.8,0,1
49083,Fuentesecas,Zamora,64,44,-31.25,Alta,48.8,1050.0,3704.12,0,0,0,0,0,0,0
49084,Fuentespreadas,Zamora,322,290,-9.94,Media,44.6,661.1,707.25,7.5,0.0,0.0,3.7,11.2,0,0
49085,Galende,Zamora,1190,1024,-13.95,Media,35.0,357.0,1471.95,21.5,19.6,3.9,65.6,110.7,0,0
49086,Gallegos del Pan,Zamora,129,116,-10.08,Media,36.4,614.3,1444.29,8.5,0.0,0.0,0.0,8.5,0,0
49087,Gallegos del Río,Zamora,550,467,-15.09,Alta,55.4,1938.5,1282.27,6.6,0.0,0.0,0.0,6.6,0,0
49088,Gamones,Zamora,101,92,-8.91,Media,48.9,628.6,1639.78,11.1,0.0,0.0,22.2,33.3,0,0
49090,Gema,Zamora,217,197,-9.22,Media,44.1,523.5,771.92,5.0,0.0,0.0,0.0,5.0,0,0
49091,Granja de Moreruela,Zamora,290,250,-13.79,Media,42.2,746.2,1342.48,8.7,8.7,0.0,21.7,39.1,0,0
49092,Granucillo,Zamora,144,104,-27.78,Alta,51.4,1080.0,1921.56,9.5,0.0,0.0,0.0,9.5,0,0
49093,Guarrate,Zamora,351,314,-10.54,Media,34.9,343.8,1098.93,3.2,0.0,0.0,0.0,3.2,0,0
49094,Hermisende,Zamora,273,216,-20.88,Alta,53.8,1614.3,1694.38,23.8,9.5,0.0,14.3,47.6,0,0
49095,"Hiniesta, La",Zamora,333,307,-7.81,Media,31.0,303.3,850.94,6.8,3.4,0.0,0.0,10.2,0,0
49096,Jambrina,Zamora,179,149,-16.76,Alta,42.3,630.0,1521.71,6.7,0.0,0.0,0.0,6.7,0,0
49097,Justel,Zamora,99,78,-21.21,Alta,52.0,3900.0,3090.8,40.0,0.0,0.0,0.0,40.0,0,0
49098,Losacino,Zamora,241,187,-22.41,Alta,53.7,918.2,1749.38,5.3,5.3,0.0,5.3,16.0,0,0
49099,Losacio,Zamora,144,89,-38.19,Alta,37.8,242.9,2254.99,0.0,11.1,11.1,11.1,33.3,0,0
49100,Lubián,Zamora,345,290,-15.94,Alta,46.8,479.3,1379.74,0.0,10.1,0.0,23.6,33.7,0,0
49101,Luelmo,Zamora,171,149,-12.87,Media,41.2,469.2,1243.99,0.0,0.0,0.0,13.5,13.5,0,0
49102,"Maderal, El",Zamora,214,169,-21.03,Alta,40.9,875.0,1310.5,5.8,0.0,0.0,0.0,5.8,0,0
49103,Madridanos,Zamora,478,453,-5.23,Media,35.6,261.9,1101.6,6.5,0.0,0.0,0.0,6.5,0,0
49104,Mahide,Zamora,381,310,-18.64,Alta,62.2,2066.7,1863.81,20.1,0.0,0.0,16.7,36.8,0,0
49105,Maire de Castroponce,Zamora,164,140,-14.63,Media,47.4,722.2,1454.65,21.9,0.0,0.0,0.0,21.9,0,0
49107,Malva,Zamora,140,100,-28.57,Alta,54.3,0.0,1616.21,10.9,10.9,0.0,0.0,21.7,0,0
49108,Manganeses de la Lampreana,Zamora,519,439,-15.41,Alta,41.1,565.6,1354.67,9.1,0.0,2.3,11.4,22.7,0,0
49109,Manganeses de la Polvorosa,Zamora,719,641,-10.85,Media,26.9,173.7,1017.29,6.2,0.0,0.0,0.0,6.2,0,0
49110,Manzanal de Arriba,Zamora,398,350,-12.06,Media,51.2,1416.7,1384.47,9.0,6.0,0.0,36.1,51.2,0,0
49112,Manzanal de los Infantes,Zamora,142,135,-4.93,Leve,43.6,580.0,1916.57,0.0,0.0,0.0,52.6,52.6,0,0
49111,Manzanal del Barco,Zamora,142,128,-9.86,Media,41.7,625.0,1530.59,16.7,0.0,0.0,8.3,25.0,0,0
49113,Matilla de Arzón,Zamora,184,157,-14.67,Media,46.3,6900.0,1281.47,6.7,0.0,0.0,0.0,6.7,0,0
49114,Matilla la Seca,Zamora,46,36,-21.74,Alta,54.5,1800.0,2614.96,0,0,0,0,0,0,0
49115,Mayalde,Zamora,207,152,-26.57,Alta,45.7,914.3,2017.15,0.0,0.0,7.1,0.0,7.1,0,0
49116,Melgar de Tera,Zamora,430,351,-18.37,Alta,50.6,1126.7,952.15,12.0,0.0,0.0,0.0,12.0,0,0
49117,Micereces de Tera,Zamora,490,414,-15.51,Alta,46.5,752.0,1068.56,12.4,0.0,0.0,9.9,22.3,0,0
49118,Milles de la Polvorosa,Zamora,230,199,-13.48,Media,38.8,571.4,1018.59,14.6,0.0,0.0,0.0,14.6,0,0
49119,Molacillos,Zamora,269,233,-13.38,Media,29.0,237.0,967.93,0.0,4.5,0.0,4.5,9.0,0,0
49120,Molezuelas de la Carballeda,Zamora,86,46,-46.51,Alta,61.7,2900.0,0.0,0,0,0,0,0,0,0
49121,Mombuey,Zamora,427,386,-9.6,Media,34.8,388.6,1039.52,7.7,5.1,0.0,7.7,20.5,0,1
49122,Monfarracinos,Zamora,992,995,0.3,Crecimiento,17.5,79.5,536.96,4.0,2.0,1.0,3.0,10.0,0,0
49123,Montamarta,Zamora,604,543,-10.1,Media,35.7,316.1,1165.48,5.5,5.5,1.8,12.8,25.5,0,0
49124,Moral de Sayago,Zamora,278,262,-5.76,Media,36.8,363.0,1152.47,3.8,3.8,0.0,7.5,15.0,0,0
49126,Moraleja de Sayago,Zamora,266,299,12.41,Crecimiento,39.9,413.8,1167.61,6.6,0.0,0.0,0.0,6.6,0,0
49125,Moraleja del Vino,Zamora,1660,1806,8.8,Crecimiento,21.2,116.8,484.75,1.7,1.1,0.6,0.6,3.9,0,0
49128,Morales de Rey,Zamora,618,517,-16.34,Alta,39.8,439.6,1243.38,1.9,1.9,0.0,1.9,5.7,0,0
49129,Morales de Toro,Zamora,996,919,-7.73,Media,28.3,216.5,391.56,6.5,2.2,1.1,0.0,9.7,0,0
49130,Morales de Valverde,Zamora,198,150,-24.24,Alta,59.0,1314.3,1239.95,6.4,0.0,0.0,0.0,6.4,0,0
49127,Morales del Vino,Zamora,2955,3085,4.4,Crecimiento,19.2,97.7,343.19,1.0,1.0,0.3,0.7,3.0,0,0
49131,Moralina,Zamora,302,219,-27.48,Alta,41.7,1760.0,888.58,4.7,9.5,0.0,14.2,28.4,0,0
49133,Moreruela de Tábara,Zamora,342,288,-15.79,Alta,44.5,614.3,900.19,13.8,3.4,0.0,6.9,24.1,0,0
49132,Moreruela de los Infanzones,Zamora,372,324,-12.9,Media,39.7,484.6,910.06,3.2,0.0,0.0,3.2,6.3,0,0
49134,Muelas de los Caballeros,Zamora,205,188,-8.29,Media,44.6,1025.0,1250.92,10.9,0.0,5.4,16.3,32.6,0,0
49135,Muelas del Pan,Zamora,705,616,-12.62,Media,42.6,494.1,990.16,5.1,6.8,1.7,18.6,32.1,0,0
49136,Muga de Sayago,Zamora,374,317,-15.24,Alta,35.8,438.5,968.85,6.3,3.1,0.0,0.0,9.4,0,0
49137,Navianos de Valverde,Zamora,205,163,-20.49,Alta,41.4,722.2,753.51,6.4,0.0,0.0,0.0,6.4,0,0
49138,Olmillos de Castro,Zamora,250,193,-22.8,Alta,56.6,2575.0,1793.46,5.5,0.0,0.0,0.0,5.5,0,0
49139,Otero de Bodas,Zamora,182,166,-8.79,Media,57.8,1200.0,1229.1,6.0,6.0,6.0,30.1,48.2,0,0
49141,Pajares de la Lampreana,Zamora,383,280,-26.89,Alta,46.5,770.6,1412.33,7.1,3.5,0.0,3.5,14.2,0,0
49143,Palacios de Sanabria,Zamora,261,230,-11.88,Media,38.1,409.1,1584.64,8.5,0.0,0.0,38.1,46.6,0,0
49142,Palacios del Pan,Zamora,262,240,-8.4,Media,44.6,444.0,863.46,4.0,0.0,0.0,0.0,4.0,0,0
49145,Pedralba de la Pradería,Zamora,306,195,-36.27,Alta,45.5,360.0,1958.76,30.3,0.0,0.0,5.1,35.4,0,0
49146,"Pego, El",Zamora,327,284,-13.15,Media,41.0,687.5,1557.45,0,0,0,0,0,0,0
49147,Peleagonzalo,Zamora,271,294,8.49,Crecimiento,40.4,348.5,680.1,7.0,0.0,0.0,0.0,7.0,0,0
49148,Peleas de Abajo,Zamora,235,255,8.51,Crecimiento,51.8,609.5,1150.4,4.0,0.0,0.0,0.0,4.0,0,0
49150,Peque,Zamora,154,122,-20.78,Alta,55.9,1550.0,2175.61,27.0,0.0,0.0,9.0,36.0,0,0
49151,"Perdigón, El",Zamora,740,650,-12.16,Media,29.8,215.1,685.66,10.4,4.5,0.0,4.5,19.3,0,0
49152,Pereruela,Zamora,591,496,-16.07,Alta,36.6,389.4,1001.93,8.0,2.0,2.0,22.0,34.0,0,0
49153,Perilla de Castro,Zamora,182,148,-18.68,Alta,48.7,1460.0,1026.82,20.0,0.0,0.0,6.7,26.7,0,0
49149,Peñausende,Zamora,437,375,-14.19,Media,29.5,265.1,1241.88,10.4,2.6,0.0,2.6,15.5,0,0
49155,Piedrahita de Castro,Zamora,93,106,13.98,Crecimiento,37.5,557.1,1828.41,9.6,0.0,0.0,9.6,19.2,0,0
49156,Pinilla de Toro,Zamora,252,184,-26.98,Alta,50.5,4700.0,1206.27,5.4,0.0,0.0,0.0,5.4,0,0
49157,Pino del Oro,Zamora,231,175,-24.24,Alta,41.6,1200.0,1159.5,5.8,0.0,0.0,5.8,11.6,0,0
49158,"Piñero, El",Zamora,240,215,-10.42,Media,39.6,381.8,960.09,0,0,0,0,0,0,0
49160,Pobladura de Valderaduey,Zamora,41,35,-14.63,Media,44.1,750.0,0.0,0,0,0,0,0,0,0
49159,Pobladura del Valle,Zamora,313,273,-12.78,Media,36.6,466.7,901.04,11.2,7.5,0.0,11.2,29.9,0,0
49162,Porto,Zamora,194,156,-19.59,Alta,41.1,1200.0,3437.78,20.5,6.8,0.0,27.4,54.8,0,0
49163,Pozoantiguo,Zamora,262,190,-27.48,Alta,54.0,1275.0,1761.8,10.6,0.0,0.0,0.0,10.6,0,0
49164,Pozuelo de Tábara,Zamora,172,145,-15.7,Alta,40.0,750.0,997.1,6.7,6.7,0.0,13.3,26.7,0,0
49165,Prado,Zamora,60,53,-11.67,Media,60.4,0.0,2051.8,0.0,0.0,0.0,18.9,18.9,0,0
49166,Puebla de Sanabria,Zamora,1484,1366,-7.95,Media,29.3,244.6,1225.48,6.5,15.1,5.0,31.7,58.4,0,1
49167,Pueblica de Valverde,Zamora,226,177,-21.68,Alta,56.1,1385.7,1225.89,5.8,5.8,0.0,5.8,17.3,0,0
49154,Pías,Zamora,143,94,-34.27,Alta,46.2,1050.0,2740.22,22.0,0.0,0.0,0.0,22.0,0,0
49170,Quintanilla de Urz,Zamora,109,97,-11.01,Media,41.8,683.3,1261.91,0.0,30.6,0.0,0.0,30.6,0,0
49168,Quintanilla del Monte,Zamora,100,95,-5.0,Media,47.3,880.0,1394.09,10.8,0.0,0.0,0.0,10.8,0,0
49169,Quintanilla del Olmo,Zamora,32,45,40.62,Crecimiento,44.7,0.0,4279.96,0,0,0,0,0,0,0
49171,Quiruelas de Vidriales,Zamora,710,635,-10.56,Media,43.2,468.4,1235.94,9.7,0.0,1.6,1.6,12.9,0,0
49172,Rabanales,Zamora,576,488,-15.28,Alta,44.4,884.0,1122.79,6.0,8.0,0.0,6.0,20.1,0,0
49174,Requejo,Zamora,156,111,-28.85,Alta,46.2,816.7,1619.91,37.7,9.4,0.0,66.0,113.2,0,0
49175,Revellinos,Zamora,279,229,-17.92,Alta,37.8,314.8,922.69,17.8,0.0,0.0,0.0,17.8,0,0
49176,Riofrío de Aliste,Zamora,747,599,-19.81,Alta,49.9,1050.0,1029.78,8.5,1.7,0.0,3.4,13.6,0,0
49177,Rionegro del Puente,Zamora,306,234,-23.53,Alta,44.6,1666.7,1225.9,8.9,8.9,0.0,4.5,22.3,0,0
49178,Roales,Zamora,848,1022,20.52,Crecimiento,17.4,85.6,723.28,1.0,1.0,1.0,0.0,2.9,0,0
49179,Robleda-Cervantes,Zamora,464,400,-13.79,Media,34.9,356.8,1402.78,10.6,2.6,0.0,74.1,87.3,0,0
49180,Roelos de Sayago,Zamora,178,138,-22.47,Alta,46.3,1260.0,1371.07,14.7,0.0,0.0,0.0,14.7,0,0
49181,Rosinos de la Requejada,Zamora,398,305,-23.37,Alta,53.4,1418.2,1447.91,13.7,0.0,0.0,6.8,20.5,0,0
49173,Rábano de Aliste,Zamora,414,314,-24.15,Alta,44.9,482.8,1583.43,16.0,6.4,0.0,3.2,25.6,0,0
49183,Salce,Zamora,104,85,-18.27,Alta,43.4,900.0,1702.27,12.0,0.0,0.0,12.0,24.1,0,0
49184,Samir de los Caños,Zamora,191,156,-18.32,Alta,44.3,1000.0,1283.81,12.7,0.0,0.0,0.0,12.7,0,0
49185,San Agustín del Pozo,Zamora,193,166,-13.99,Media,36.6,545.5,939.97,24.4,0.0,0.0,0.0,24.4,0,1
49186,San Cebrián de Castro,Zamora,272,249,-8.46,Media,49.0,1757.1,1861.3,12.0,4.0,4.0,4.0,23.9,0,0
49187,San Cristóbal de Entreviñas,Zamora,1481,1318,-11.01,Media,31.5,239.4,1793.29,9.8,2.3,0.0,2.3,14.3,0,0
49188,San Esteban del Molar,Zamora,125,109,-12.8,Media,34.7,585.7,1262.52,8.5,8.5,0.0,0.0,16.9,0,0
49189,San Justo,Zamora,247,215,-12.96,Media,39.6,410.0,1576.2,24.2,0.0,0.0,72.5,96.6,0,0
49190,San Martín de Valderaduey,Zamora,65,45,-30.77,Alta,46.8,2200.0,3163.28,0,0,0,0,0,0,0
49191,San Miguel de la Ribera,Zamora,304,252,-17.11,Alta,45.8,644.4,1007.18,4.0,0.0,0.0,7.9,11.9,0,0
49192,San Miguel del Valle,Zamora,156,119,-23.72,Alta,40.3,357.1,1212.03,16.1,0.0,0.0,0.0,16.1,0,0
49193,San Pedro de Ceque,Zamora,513,421,-17.93,Alta,43.9,968.4,780.44,14.3,0.0,0.0,2.4,16.7,0,0
49194,San Pedro de la Nave-Almendra,Zamora,379,322,-15.04,Alta,46.1,811.1,781.1,6.3,3.2,0.0,0.0,9.5,0,0
49208,San Vicente de la Cabeza,Zamora,427,323,-24.36,Alta,50.0,1400.0,1451.37,16.2,0.0,0.0,3.2,19.5,0,0
49209,San Vitero,Zamora,563,429,-23.8,Alta,45.7,643.3,1036.22,19.0,7.1,0.0,16.6,42.7,0,0
49197,Santa Clara de Avedillo,Zamora,180,159,-11.67,Media,49.0,576.9,1579.83,0.0,0.0,0.0,26.1,26.1,0,1
49199,Santa Colomba de las Monjas,Zamora,281,232,-17.44,Alta,46.8,555.0,608.42,8.4,0.0,0.0,0.0,8.4,0,0
49200,Santa Cristina de la Polvorosa,Zamora,1105,1027,-7.06,Media,32.9,241.8,585.05,4.8,0.0,1.0,1.0,6.8,0,0
49201,Santa Croya de Tera,Zamora,326,260,-20.25,Alta,53.1,642.9,774.43,11.8,3.9,0.0,0.0,15.7,0,0
49202,Santa Eufemia del Barco,Zamora,197,169,-14.21,Media,42.6,1200.0,1496.02,11.8,0.0,0.0,0.0,11.8,0,0
49204,Santa María de Valverde,Zamora,65,51,-21.54,Alta,63.3,0.0,2867.88,20.4,0.0,0.0,0.0,20.4,0,0
49203,Santa María de la Vega,Zamora,352,290,-17.61,Alta,45.2,991.7,1204.38,11.4,3.8,0.0,0.0,15.2,0,0
49205,Santibáñez de Tera,Zamora,411,358,-12.9,Media,47.4,572.4,1221.34,8.6,0.0,0.0,5.7,14.3,0,0
49206,Santibáñez de Vidriales,Zamora,1044,844,-19.16,Alta,39.9,386.4,1057.64,15.3,2.3,0.0,2.3,20.0,0,0
49207,Santovenia,Zamora,281,227,-19.22,Alta,42.7,775.0,1467.57,4.6,4.6,0.0,0.0,9.2,0,0
49210,Sanzoles,Zamora,556,466,-16.19,Alta,36.6,463.9,745.02,6.6,0.0,0.0,11.0,17.5,0,0
49216,Tapioles,Zamora,166,124,-25.3,Alta,51.6,1320.0,1121.42,7.8,0.0,0.0,0.0,7.8,0,0
49219,Toro,Zamora,9214,8369,-9.17,Media,27.3,190.3,203.78,4.2,2.8,1.3,4.0,12.2,0,1
49220,"Torre del Valle, La",Zamora,155,125,-19.35,Alta,39.3,800.0,1543.53,8.2,16.4,0.0,8.2,32.8,0,0
49221,Torregamones,Zamora,304,226,-25.66,Alta,39.2,387.0,972.7,13.2,13.2,0.0,22.0,48.5,0,0
49222,Torres del Carrizal,Zamora,431,407,-5.57,Media,27.5,178.1,552.95,2.4,2.4,0.0,2.4,7.2,0,0
49223,Trabazos,Zamora,1002,838,-16.37,Alta,45.4,720.8,1134.0,8.3,3.6,0.0,3.6,15.5,0,0
49224,Trefacio,Zamora,192,165,-14.06,Media,32.9,360.0,2544.77,12.2,12.2,0.0,237.8,262.2,0,0
49214,Tábara,Zamora,832,748,-10.1,Media,36.4,292.5,891.1,8.0,4.0,0.0,6.7,18.7,0,1
49225,Uña de Quintana,Zamora,157,121,-22.93,Alta,48.3,518.2,1440.27,25.4,0.0,0.0,0.0,25.4,0,0
49226,Vadillo de la Guareña,Zamora,285,243,-14.74,Media,40.0,800.0,1401.33,8.3,0.0,0.0,4.2,12.5,0,0
49227,Valcabado,Zamora,361,415,14.96,Crecimiento,20.0,109.2,1092.32,4.8,0.0,0.0,4.8,9.6,0,0
49228,Valdefinjas,Zamora,57,59,3.51,Crecimiento,45.0,675.0,2254.5,0,0,0,0,0,0,0
49229,Valdescorriel,Zamora,148,131,-11.49,Media,42.7,509.1,1173.62,15.3,0.0,0.0,0.0,15.3,0,0
49230,Vallesa de la Guareña,Zamora,106,68,-35.85,Alta,56.7,1900.0,2478.32,14.9,0.0,0.0,14.9,29.9,0,0
49231,Vega de Tera,Zamora,385,287,-25.45,Alta,44.7,536.4,987.83,15.2,0.0,0.0,0.0,15.2,0,0
49232,Vega de Villalobos,Zamora,112,91,-18.75,Alta,39.8,1166.7,1812.33,11.4,0.0,0.0,0.0,11.4,0,0
49233,Vegalatrave,Zamora,93,79,-15.05,Alta,53.2,700.0,3289.85,0.0,12.7,0.0,0.0,12.7,0,0
49234,Venialbo,Zamora,480,431,-10.21,Media,31.2,259.3,1334.54,2.2,2.2,0.0,2.2,6.7,0,0
49235,Vezdemarbán,Zamora,441,439,-0.45,Leve,36.9,371.4,1220.37,2.4,0.0,2.4,2.4,7.1,0,0
49236,Vidayanes,Zamora,92,76,-17.39,Alta,37.8,311.1,1725.15,0,0,0,0,0,0,0
49237,Videmala,Zamora,180,140,-22.22,Alta,52.3,1150.0,1590.54,15.2,0.0,0.0,0.0,15.2,0,0
49238,Villabrázaro,Zamora,238,263,10.5,Crecimiento,35.8,575.0,1071.93,15.6,3.9,0.0,11.7,31.1,0,0
49239,Villabuena del Puente,Zamora,786,586,-25.45,Alta,47.6,634.9,993.39,8.7,0.0,0.0,0.0,8.7,0,0
49240,Villadepera,Zamora,242,179,-26.03,Alta,49.1,900.0,1399.58,12.1,6.1,0.0,30.3,48.5,0,0
49241,Villaescusa,Zamora,276,237,-14.13,Media,48.5,966.7,1013.56,12.6,0.0,0.0,0.0,12.6,0,0
49243,Villaferrueña,Zamora,117,106,-9.4,Media,55.2,1450.0,1777.35,9.5,0.0,0.0,0.0,9.5,0,0
49242,Villafáfila,Zamora,506,440,-13.04,Media,42.6,700.0,838.97,7.0,4.7,0.0,2.3,14.1,0,0
49244,Villageriz,Zamora,50,64,28.0,Crecimiento,34.9,2200.0,1578.91,0,0,0,0,0,0,0
49245,Villalazán,Zamora,287,248,-13.59,Media,36.9,635.7,1076.77,8.3,4.1,0.0,0.0,12.4,0,0
49246,Villalba de la Lampreana,Zamora,257,212,-17.51,Alta,44.1,470.0,817.61,14.1,0.0,0.0,4.7,18.8,0,0
49247,Villalcampo,Zamora,476,379,-20.38,Alta,58.7,1311.8,827.14,13.2,0.0,0.0,2.6,15.8,0,0
49248,Villalobos,Zamora,261,193,-26.05,Alta,38.1,308.0,1429.65,9.9,0.0,0.0,9.9,19.8,0,1
49249,Villalonso,Zamora,101,79,-21.78,Alta,35.8,207.1,2712.18,12.3,0.0,0.0,12.3,24.7,0,0
49250,Villalpando,Zamora,1523,1399,-8.14,Media,33.8,242.7,477.15,11.9,7.0,1.4,6.3,26.6,0,1
49251,Villalube,Zamora,174,147,-15.52,Alta,47.6,1700.0,926.01,7.0,0.0,0.0,0.0,7.0,0,0
49252,Villamayor de Campos,Zamora,337,339,0.59,Crecimiento,33.2,440.0,1239.56,6.0,0.0,0.0,6.0,12.1,0,0
49255,Villamor de los Escuderos,Zamora,422,365,-13.51,Media,49.6,1292.9,1193.81,8.2,0.0,0.0,2.7,11.0,0,0
49257,Villanueva de Azoague,Zamora,329,381,15.81,Crecimiento,23.8,143.9,1488.36,5.0,2.5,2.5,0.0,10.0,0,0
49258,Villanueva de Campeán,Zamora,122,117,-4.1,Leve,39.1,1500.0,1290.98,8.7,0.0,0.0,17.4,26.1,0,0
49259,Villanueva de las Peras,Zamora,96,89,-7.29,Media,58.3,816.7,1246.45,11.9,0.0,0.0,11.9,23.8,0,0
49260,Villanueva del Campo,Zamora,914,761,-16.74,Alta,40.1,338.6,633.71,9.4,1.3,0.0,0.0,10.8,0,0
49256,Villanázar,Zamora,299,249,-16.72,Alta,41.8,535.0,1021.57,3.9,7.8,0.0,7.8,19.5,0,0
49263,Villar de Fallaves,Zamora,51,49,-3.92,Leve,46.0,575.0,2218.63,0,0,0,0,0,0,0
49264,Villar del Buey,Zamora,653,514,-21.29,Alta,48.5,903.8,837.79,10.3,8.2,0.0,18.6,37.1,0,0
49261,Villaralbo,Zamora,1893,1805,-4.65,Leve,24.7,157.3,1168.36,2.8,1.1,1.7,1.7,7.3,0,0
49262,Villardeciervos,Zamora,464,392,-15.52,Alta,41.7,679.2,1068.06,5.1,10.2,2.6,30.7,48.6,0,0
49265,Villardiegua de la Ribera,Zamora,134,116,-13.43,Media,45.5,625.0,1589.35,9.1,0.0,0.0,9.1,18.2,0,0
49267,Villardondiego,Zamora,99,127,28.28,Crecimiento,29.7,235.7,1466.06,9.0,0.0,0.0,0.0,9.0,0,0
49268,Villarrín de Campos,Zamora,450,415,-7.78,Media,52.6,1127.8,871.43,7.8,0.0,0.0,10.4,18.1,0,1
49269,Villaseco del Pan,Zamora,256,207,-19.14,Alta,46.5,783.3,1237.89,5.0,0.0,5.0,19.8,29.7,0,0
49270,Villavendimio,Zamora,163,156,-4.29,Leve,28.9,244.4,776.25,0,0,0,0,0,0,0
49272,Villaveza de Valverde,Zamora,89,72,-19.1,Alta,54.2,3900.0,1718.71,13.9,0.0,0.0,0.0,13.9,0,0
49271,Villaveza del Agua,Zamora,218,163,-25.23,Alta,55.2,3000.0,900.28,12.3,0.0,0.0,6.1,18.4,0,0
49266,Villárdiga,Zamora,87,62,-28.74,Alta,51.6,1066.7,2692.28,16.1,0.0,0.0,0.0,16.1,0,0
49273,Viñas,Zamora,211,160,-24.17,Alta,55.4,1366.7,2775.49,20.3,0.0,0.0,0.0,20.3,0,0
49275,Zamora,Zamora,63831,59506,-6.78,Media,28.8,190.8,15.04,5.0,1.7,0.9,4.4,12.0,1,1
