Denominación;Fecha última modificación;Dirección;Código Provincia;Codigo municipioINE;Provincia;Localidad;CP;Zona Acción Social;Teléfono;Fax;Nº Registro;Entidad Titular;Entidad Gestora;Naturaleza;email;Web;Sector;Tipo;Subtipo;Plazas;Latitud;Longitud;Director;Posicion
CENTRO DE DIA PARA PERSONAS MAYORES ARENAS SAN PEDRO;2022-09-13;PASEO PINTOR MARTINEZ VAZQUEZ 17;05;05014;AVILA;ARENAS DE SAN PEDRO;05400;TIÉTAR - ARENAS DE SAN PEDRO;920 372534;920 372535;050086;GERENCIA DE SERVICIOS SOCIALES DE CASTILLA Y LEÓN;;ADMINISTRACIÓN AUTONÓMICA;;;PERSONAS MAYORES;Centro de día;Hogar (Unidad de atención social);;40.2110364;-5.0857658;MIREYA FERNANDEZ MUÑOZ;40.2110364, -5.0857658
RESIDENCIA SAN PEDRO DE ALCANTARA;2024-04-30;CALLE SANTISIMA TRINIDAD 10;05;05014;AVILA;ARENAS DE SAN PEDRO;05400;TIÉTAR - ARENAS DE SAN PEDRO;920 370731;;050079;ASOCIACION EDAD DORADA MENSAJEROS DE LA PAZ;;ASOCIACIÓN;residencia.arenas@mensajerosdelapaz.com;;PERSONAS MAYORES;Residencia;Para asistidos;ASISTIDOS: 61;40.2090355;-5.087914899999999;RUBÉN JESÚS VÁZQUEZ MALNERO;40.2090355, -5.087914899999999
VIVIENDA SOCIAL SUPERVISADA INTRAS III;2025-02-17;CALLE MORAÑA (LA) 1 4º D;05;05019;AVILA;AVILA;05002;ÁVILA - SUR;920 353086;;050867;FUNDACION INTRAS;;FUNDACIÓN;cnm@intras.es;;PERSONAS CON DISCAPACIDAD;Vivienda;Personas con discapacidad por enfermedad mental;OTROS: 4;;;VIRGINIA LUCAS CARDOSO;
VIVIENDA SOCIAL SUPERVISADA INTRAS VI;2025-08-06;CALLE MORAÑA (LA) 4 4B;05;05019;AVILA;AVILA;05002;ÁVILA - SUR;983 399633;;051006;FUNDACION INTRAS;;FUNDACIÓN;vlc@intras.es;;PERSONAS CON DISCAPACIDAD;Vivienda;Personas con discapacidad por enfermedad mental;DISCAPACIDAD ENFERMEDAD MENTAL: 3;40.64986663133848;-4.700669010534823;;40.64986663133848, -4.700669010534823
"CENTRO ""LUZ III""";2024-10-15;CALLE SEGOVIA 20ESC. A-5º 4.;05;05019;AVILA;AVILA;05005;ÁVILA - NORTE;920 211463;;050322;ASOCIACIÓN ABULENSE DEL SÍNDROME DE DOWN;;ASOCIACIÓN;;;PERSONAS CON DISCAPACIDAD;Vivienda;Personas con discapacidad por trastorno del desarrollo intelectual leve o moderado;OTROS: 8;40.6597755;-4.6874103;Mª MAR RODRIGUEZ CRESPO;40.6597755, -4.6874103
CENTRO LUZ IV;2025-11-14;CALLE BILBAO 14 1º D_ESCALERA IZQUIERDA;05;05019;AVILA;AVILA;05003;ÁVILA - CENTRO;920 257460;;050359;ASOCIACIÓN ABULENSE DEL SÍNDROME DE DOWN;;ASOCIACIÓN;;;PERSONAS CON DISCAPACIDAD;Vivienda;Personas con discapacidad por trastorno del desarrollo intelectual leve o moderado;OTROS: 6;;;Mª MAR RODRIGUEZ CRESPO;
CASA DE MISERICORDIA;2022-01-05;PLAZA SAN NICOLAS 18;05;05019;AVILA;AVILA;05002;ÁVILA - SUR;920 226959;;050174;FUNDACIÓN ASOCIACIÓN DE MISERICORDIA;;FUNDACIÓN;administracion@casamisericordiaavila.com;;PERSONAS MAYORES;Residencia;Mixta para válidos y asistidos;ASISTIDOS: 122, VÁLIDOS: 5;40.6509983;-4.7027867;JESUS JUAN HERNANDEZ JIMENEZ;40.6509983, -4.7027867
CENTRO DE DIA CASA DE MISERICORDIA;2023-10-26;PLAZA FERIA (DE LA) 10;05;05019;AVILA;AVILA;05002;ÁVILA - SUR;920 352647;;050503;FUNDACIÓN ASOCIACIÓN DE MISERICORDIA;;FUNDACIÓN;;;PERSONAS MAYORES;Centro de día;Estancias diurnas;ASISTIDOS: 40;;;ESTHER ROJO JARA;
LA SANTA MARIA. VIV IENDA SUPERVISADA PARA PERSONAS CON DISCAPACIDAD ENFERMEDAD MENTAL;2025-07-03;CALLE CAPITAN MENDEZ VIGO 10 ESC A 1ºC;05;05019;AVILA;AVILA;05003;ÁVILA - SUR;920 352732;920 672043056;050581;FAEMA SALUD MENTAL ÁVILA;;ASOCIACIÓN;direccionviviendas@asociacionfaema.org;;PERSONAS CON DISCAPACIDAD;Vivienda;Personas con discapacidad por enfermedad mental;OTROS: 4;40.6527531;-4.6913464;JESÚS MARTÍN MARTÍN;40.6527531, -4.6913464
VIVIENDA SUPERVISADA PARA PERSONAS CON DISCAPACIDAD POR ENFERMEDAD MENTAL EL CHALET;2026-03-19;CALLE AJATES 10;05;05019;AVILA;AVILA;05005;ÁVILA - NORTE;608 731173;608 608731173;050992;FAEMA SALUD MENTAL ÁVILA;;ASOCIACIÓN;direccionviviendas@asociacionfaema.org;;PERSONAS CON DISCAPACIDAD;Vivienda;Personas con discapacidad por enfermedad mental;DISCAPACIDAD ENFERMEDAD MENTAL: 7;40.6592417;-4.6966988;JESÚS MARTÍN MARTÍN;40.6592417, -4.6966988
VIVIENDA SUPERVISADA PARA PERSONAS CON DISCAPACIDAD POR ENFERMEDAD MENTAL LA CONQUISTA;2024-05-15;CALLE CAPITAN MENDEZ VIGO 10 ESCALERA A - 3º D;05;05019;AVILA;AVILA;05003;ÁVILA - NORTE;920 352732;;050756;FAEMA SALUD MENTAL ÁVILA;;ASOCIACIÓN;direccionviviendas@asociacionfaema.org;;PERSONAS CON DISCAPACIDAD;Vivienda;Personas con discapacidad por enfermedad mental;OTROS: 4;;;MIGUEL HERRAEZ  CALVO;
VIVIENDA SUPERVISADA LA JUVENTUD;2025-07-07;AVENIDA JUVENTUD (DE LA) 5;05;05019;AVILA;AVILA;05003;ÁVILA - SUR;920 352732;;051000;FAEMA SALUD MENTAL ÁVILA;;ASOCIACIÓN;direccionviviendas@asociacionfaema.org;;PERSONAS CON DISCAPACIDAD;Vivienda;Personas con discapacidad por enfermedad mental;DISCAPACIDAD ENFERMEDAD MENTAL: 3;;;JESÚS  MARTÍN MARTÍN;
"VIVIENDA SUPERVISADA PARA PERSONAS CON DISCAPACIDAD POR ENFERMEDAD MENTAL ""LA RUECA""";2025-07-04;PASEO DON CARMELO 18 2ª PLANTA;05;05019;AVILA;AVILA;05001;ÁVILA - NORTE;920 352732;;050689;FAEMA SALUD MENTAL ÁVILA;;ASOCIACIÓN;direccionviviendas@asociacionfaema.org;;PERSONAS CON DISCAPACIDAD;Vivienda;Personas con discapacidad por enfermedad mental;OTROS: 8;;;JESÚS MARTÍN MARTÍN;
VIVIENDA SUPERVISADA LA MURALLA;2025-07-07;CALLE NUESTRA SEÑORA DE SONSOLES 81 4º B;05;05019;AVILA;AVILA;05002;ÁVILA - SUR;920 352732;;050949;FAEMA SALUD MENTAL ÁVILA;;ASOCIACIÓN;direccionviviendas@asociacionfaema.org;;PERSONAS CON DISCAPACIDAD;Vivienda;Personas con discapacidad por enfermedad mental;OTROS: 5;40.6481257;-4.6975447;JESÚS MARTÍN MARTÍN;40.6481257, -4.6975447
VIVIENDA SUPERVISADA LOS COLORES;2025-10-10;CALLE CAMINO DE LOS CHOPOS (DEL) 26 PORTAL 1 BAJO B;05;05019;AVILA;AVILA;05002;ÁVILA - SUR;920 352732;920 608731173;051015;FAEMA SALUD MENTAL ÁVILA;;ASOCIACIÓN;direccionviviendas@asociacionfaema.org;;PERSONAS CON DISCAPACIDAD;Vivienda;Personas con discapacidad por enfermedad mental;DISCAPACIDAD ENFERMEDAD MENTAL: 3;;;JESUS MARTIN MARTIN;
VIVIENDA PARA PERSONAS CON DISCAPACIDAD POR ENFERMEDAD MENTAL LA COLMENA;2025-07-07;AVENIDA DERECHOS HUMANOS (DE LOS) 40 BAJO A;05;05019;AVILA;AVILA;05003;ÁVILA - SUR;920 352732;;050816;FAEMA SALUD MENTAL ÁVILA;;ASOCIACIÓN;direccionviviendas@asociacionfaema.org;;PERSONAS CON DISCAPACIDAD;Vivienda;Personas con discapacidad por enfermedad mental;OTROS: 4;;;JESÚS MARTÍN MARTÍN;
VIVIENDA SUPERVISADA PARA PERSONAS CON DISCAPACIDAD POR ENFERMEDAD MENTAL LA CARACOLA;2025-07-07;AVENIDA DERECHOS HUMANOS (DE LOS) 42 BAJO A;05;05019;AVILA;AVILA;05003;ÁVILA - SUR;920 352732;;050817;FAEMA SALUD MENTAL ÁVILA;;ASOCIACIÓN;direccionviviendas@asociacionfaema.org;;PERSONAS CON DISCAPACIDAD;Vivienda;Personas con discapacidad por enfermedad mental;OTROS: 4;;;JESÚS MARTÍN MARTÍN;
VIVIENDA SUPERVISADA PARA PERSONAS CON DISCAPACIDAD POR ENFERMEDAD MENTAL LAS HERVENCIAS;2025-07-07;CALLE CIUDAD DE CACERES 4 PORTAL 2 - BAJO A;05;05019;AVILA;AVILA;05004;ÁVILA - NORTE;920 352732;920 672043056;050925;FAEMA SALUD MENTAL ÁVILA;;ASOCIACIÓN;direccionviviendas@asociacionfaema.org;;PERSONAS CON DISCAPACIDAD;Vivienda;Personas con discapacidad por enfermedad mental;OTROS: 4;40.6651146;-4.6691885;JESÚS MARTÍN MARTÍN;40.6651146, -4.6691885
VIVIENDA DERECHOS HUMANOS I;2024-06-15;AVENIDA DERECHOS HUMANOS (DE LOS) 22;05;05019;AVILA;AVILA;05003;ÁVILA - SUR;920 223194;;050975;PRONISA PLENA INCLUSIÓN ÁVILA;;ASOCIACIÓN;oficina@pronisa.org;;PERSONAS CON DISCAPACIDAD;Vivienda;Personas con discapacidad por trastorno del desarrollo intelectual leve o moderado;DISCAPACIDAD INTELECTUAL: 8;;;NURIA JIMÉNEZ JIMÉNEZ;
"MULTICENTRO ""SAN SEGUNDO""";2026-03-14;CALLE PEDRO DE LAGASCA 12-14;05;05019;AVILA;AVILA;05001;ÁVILA - CENTRO;920 212802;;050269;PRONISA PLENA INCLUSIÓN ÁVILA;;ASOCIACIÓN;;;PERSONAS CON DISCAPACIDAD;Centro de día;Personas con discapacidad por trastorno del desarrollo intelectual;OTROS: 47;40.6552324;-4.6993179;NURIA JIMENEZ JIMENEZ;40.6552324, -4.6993179
"C.RESIDENCIAL""INFANTAS ELENA Y CRISTINA"" PAB  4 DE ATENCIÓN A PERSONAS CON DISCAPACIDAD";2025-03-14;AVENIDA JUAN PABLO II 20;05;05019;AVILA;AVILA;05002;ÁVILA - SUR;920 257474;920 920257241;050346;DIPUTACIÓN PROVINCIAL DE ÁVILA;;ADMINISTRACIÓN LOCAL;;;PERSONAS CON DISCAPACIDAD;Residencia;Personas con discapacidad por trastorno del desarrollo intelectual;OTROS: 26;40.6466067;-4.6949856;ALICIA MENESES CARTÓN;40.6466067, -4.6949856
VIVIENDA NOVA VITA;2026-02-14;CALLE SANTO TOMAS 10;05;05019;AVILA;AVILA;05003;ÁVILA - SUR;920 239530;;050947;ASOCIACIÓN PARÁLISIS CEREBRAL Y PATOLOGÍAS AFINES (ASPACE-ÁVILA);;ASOCIACIÓN;gerencia@aspaceavila.org;;PERSONAS CON DISCAPACIDAD;Vivienda;Personas con disc. física, sensorial, por trastorno del desarrollo intelectual y/o por enfer. mental;OTROS: 8;40.6456904;-4.6926375;GUIOMAR MARTIN RODRIGUEZ;40.6456904, -4.6926375
HOGAR ACCEM AVILA II;2023-04-14;CALLE JORGE DE SANTAYANA 8-4;05;05019;AVILA;AVILA;05005;ÁVILA - NORTE;666 532610;;050970;ACCEM;;ASOCIACIÓN;avila@accem.es;;INFANCIA (Y JUVENTUD);Vivienda;Hogar de socialización;NNAMMAS: 8;40.66243;-4.68031;ENRIQUE BARBERO RODRIGUEZ;40.66243, -4.68031
"CENTRO PARA LA PROMOCIÓN DE LA AUTONOMIA PERSONAL E INSERCIÓN SOCIOLABORAL ""FUNDABEM-ÁVILA""";2023-03-03;CALLE RIO TERA 17;05;05019;AVILA;AVILA;05004;ÁVILA - CENTRO;920 225050;;050374;FUNDACIÓN ABULENSE PARA EL EMPLEO (FUNDABEM);;FUNDACIÓN;;;PERSONAS CON DISCAPACIDAD;Centro de día;Personas con discapacidad por trastorno del desarrollo intelectual;OTROS: 45;40.6629917;-4.676887499999999;FERNANDO GARCÍA GONZÁLEZ;40.6629917, -4.676887499999999
VIVIENDA APOYADA FUNDABEM;2025-10-14;CALLE NUESTRA SEÑORA DE SONSOLES 81 PORTAL 1 - 4ºC;05;05019;AVILA;AVILA;05002;ÁVILA - SUR;920 223749;;050411;FUNDACIÓN ABULENSE PARA EL EMPLEO (FUNDABEM);;FUNDACIÓN;;;PERSONAS CON DISCAPACIDAD;Vivienda;Personas con discapacidad por trastorno del desarrollo intelectual leve o moderado;OTROS: 5;40.6481257;-4.6975447;FERNANDO GARCIA GONZALEZ;40.6481257, -4.6975447
VIVIENDA SUPERVISADA FUNDABEM III;2026-03-14;CALLE RAFAELA DE ANTONIO 11 PORTAL 6 - 2ºD;05;05019;AVILA;AVILA;05003;ÁVILA - SUR;920 223947;;050572;FUNDACIÓN ABULENSE PARA EL EMPLEO (FUNDABEM);;FUNDACIÓN;;;PERSONAS CON DISCAPACIDAD;Vivienda;Personas con discapacidad por trastorno del desarrollo intelectual leve o moderado;OTROS: 4;40.64840299999999;-4.6974784;FERNANDO GARCIA GONZALEZ;40.64840299999999, -4.6974784
RESIDENCIA DE PERSONAS MAYORES SANTA TERESA JORNET;2024-11-28;CALLE EMPEDRADA 2;05;05019;AVILA;AVILA;05002;ÁVILA - CENTRO;920 224158;920 211007;050168;"HERMANITAS DE LOS ANCIANOS DESAMPARADOS EN ÁVILA . RESIDENCIA DE TERCERA EDAD ""SANTA TERESA JORNET""";;INSTITUCIONES, ÓRDENES, CONGREGACIONES RELIGIOSAS Y SIMILARES;avila@hermanitas.es;;PERSONAS MAYORES;Residencia;Mixta para válidos y asistidos;VÁLIDOS: 83, ASISTIDOS: 81;40.654282;-4.7031067;RITA CADILLO LOMBA;40.654282, -4.7031067
UNIDAD DE ESTANCIAS DIURNAS RESIDENCIA PERSONAS MAYORES VISTASOL;2020-10-14;CALLE CIUDAD DE TOLEDO (DE LA) 4;05;05019;AVILA;AVILA;05004;ÁVILA - NORTE;920 219272;;050484;VISTASOL RESIDENCIAS, S.L.;;SOCIEDADES;;;PERSONAS MAYORES;Centro de día;Estancias diurnas;ASISTIDOS: 25;40.6564225;-4.7003224;PAULINO LOPEZ FERNANDEZ Y FRANCISCO J. TALAVERA GALAN;40.6564225, -4.7003224
RESIDENCIA DE PERSONAS MAYORES SAN MIGUEL ARCANGEL;2022-09-27;PLAZA ACACIAS (DE LAS) 5;05;05021;AVILA;BARCO DE AVILA (EL);05600;ARAVALLE - EL BARCO DE ÁVILA;920 342044;;050093;"FUNDACIÓN MUNICIPAL ""SAN PEDRO DEL BARCO""";;FUNDACIÓN;fspedro2@hotmail.com;;PERSONAS MAYORES;Residencia;Mixta para válidos y asistidos;ASISTIDOS: 30, VÁLIDOS: 20;40.3557374;-5.5267089;FERNANDO REDONDO PEREZ DE LA OSSA;40.3557374, -5.5267089
"CENTRO RESIDENCIAL DE PERSONAS MAYORES ""VIRGEN DE LA PIEDAD""";2021-06-28;CALLE VIRGEN (LA) 34;05;05022;AVILA;BARRACO (EL);05110;ALBERCHE - CEBREROS;920 281485;;050207;AYUNTAMIENTO DE EL BARRACO;;ADMINISTRACIÓN LOCAL;ayuntamiento@elbarraco.org;;PERSONAS MAYORES;Residencia;Para asistidos;ASISTIDOS: 59;40.4743119;-4.6397407;ROBERTO GARCIA SASTRE;40.4743119, -4.6397407
RESIDENCIA DE MAYORES LOS CEREZOS;2026-02-27;CALLE ARROYO DE LA PARRA S/N;05;05022;AVILA;BARRACO (EL);05110;ALBERCHE - CEBREROS;920 281596;920 628281755;050447;RESIDENCIA DE MAYORES LOS CEREZOS, S.L.;;SOCIEDADES;residencialoscerezos@hotmail.com;;PERSONAS MAYORES;Residencia;Para asistidos;ASISTIDOS: 59;;;FELIX FERNANDEZ BARQUILLA;
CENTRO RESIDENCIAL PARA MAYORES BURGOSIERRA;2024-11-25;CARRETERA AVILA CASAVIEJA 2;05;05041;AVILA;BURGOHONDO;05113;ALBERCHE - CEBREROS;639 782367;;050734;NAVASANCHON S.L.;;SOCIEDADES;direccionburgosierra@gmail.com;;PERSONAS MAYORES;Residencia;Para asistidos;ASISTIDOS: 55;40.4162144;-4.7824886;NAZAREZ CORDERO FERNANDEZ;40.4162144, -4.7824886
UNIDAD DE ESTANCIAS DIURNAS DEL CENTRO DE DÍA DE CANDELEDA;2023-08-24;CALLE PEÑA CABALLERA 11(CTRA. ARENAS DE S.PEDRO);05;05047;AVILA;CANDELEDA;05480;TIÉTAR - ARENAS DE SAN PEDRO;920 380299;;050420;GERENCIA DE SERVICIOS SOCIALES DE CASTILLA Y LEÓN;EULEN SERVICIOS SOCIOSANITARIOS S.A.;ADMINISTRACIÓN AUTONÓMICA;;;PERSONAS MAYORES;Centro de día;Estancias diurnas;ASISTIDOS: 10;;;BEGOÑA GARCIA DEL VALLE;
CENTRO DE DIA PARA PERSONAS MAYORES DE CANDELEDA;2023-09-27;CALLE PEÑA CABALLERA 11(CTRA. ARENAS DE S. PEDRO);05;05047;AVILA;CANDELEDA;05480;TIÉTAR - ARENAS DE SAN PEDRO;920 380299;920 380299;050089;GERENCIA DE SERVICIOS SOCIALES DE CASTILLA Y LEÓN;;ADMINISTRACIÓN AUTONÓMICA;;;PERSONAS MAYORES;Centro de día;Hogar (Unidad de atención social);;;;BEGOÑA GARCIA DEL VALLE;
VIVIENDA TUTELADA Y RESPIRO FAMILIAR GABRIEL Y GALÁN;2025-02-26;CALLE GABRIEL Y GALAN 2 2º B;05;05047;AVILA;CANDELEDA;05480;TIÉTAR - ARENAS DE SAN PEDRO;920 381033;920 744639218;050997;ADISVATI - ASOCIACIÓN PARA EL DESARROLLO INTEGRAL DE LAS PERSONAS CON DISCAPACIDAD Y NECESIDADES ESPECIALES DEL VALLE DEL TIETAR;;ASOCIACIÓN;adisvati5@gmail.com;;PERSONAS CON DISCAPACIDAD;Vivienda;Personas con discapacidad por trastorno del desarrollo intelectual leve o moderado;DISCAPACIDAD INTELECTUAL: 3;40.155944;-5.2423091;ÁLVARO DOMÍNGUEZ MÁRQUEZ;40.155944, -5.2423091
CENTRO DE MAYORES DE CARDEÑOSA. UNIDAD DE ATENCION SOCIAL;2023-03-03;BARRIO PEÑA (LA) Nº 8;05;05049;AVILA;CARDEÑOSA;05320;ÁVILA RURAL;920 260001;;050745;AYUNTAMIENTO DE CARDEÑOSA;;ADMINISTRACIÓN LOCAL;;;PERSONAS MAYORES;Centro de día;Hogar (Unidad de atención social);;40.7411802;-4.7458724;JOSE GARCINUÑO GARCINUÑO;40.7411802, -4.7458724
CENTRO MULTISERVICIOS  TIERRA DE CEBREROS;2023-03-03;TRAVESÍA PLAZA ESPAÑA (DE LA) 3;05;05057;AVILA;CEBREROS;05260;ALBERCHE - CEBREROS;918 633101;;050847;PRONISA PLENA INCLUSIÓN ÁVILA;;ASOCIACIÓN;coordinacioncebreros@pronisa.org;;PERSONAS MAYORES;Centro de día;Hogar (Unidad de atención social);;40.4551704;-4.4653711;MANUEL MAIZ SAN SEGUNDO;40.4551704, -4.4653711
"CENTRO DE DIA ""CASA VIRGEN DE VALSORDO""";2026-03-12;AVENIDA CONSTITUCION 4;05;05057;AVILA;CEBREROS;05260;ALBERCHE - CEBREROS;918 631248;;050510;SGG CEBREROS, S.L.;;SOCIEDADES;;;PERSONAS MAYORES;Centro de día;Estancias diurnas;ASISTIDOS: 15;40.4553757;-4.4644635;LIDIA PABLO PÉREZ;40.4553757, -4.4644635
"RESIDENCIA DE PERSONAS MAYORES ""EL OLIVAR""";2025-10-01;CALLE ERAS (DE LAS) S/N;05;05075;AVILA;FRESNEDILLA;05427;TIÉTAR - LA ADRADA;918 673326;;050502;RESIDENCIA DE MAYORES EL OLIVAR SL;;SOCIEDADES;;;PERSONAS MAYORES;Residencia;Para asistidos;ASISTIDOS: 50;40.2315189;-4.62283;PATRICIA GARCIA MOURIZ;40.2315189, -4.62283
CENTRO RESIDENCIAL VILLA SANTA TERESA;2022-01-05;CARRETERA AVILA (DE) 2;05;05087;AVILA;GOTARRENDURA;05163;ÁVILA RURAL;920 269008;;050307;CONGREGACIÓN DE RELIGIOSAS ESCLAVAS DE LA VIRGEN DOLOROSA;;INSTITUCIONES, ÓRDENES, CONGREGACIONES RELIGIOSAS Y SIMILARES;direccion.gotarrendura@esclavasvirgendolorosa.es;;PERSONAS CON DISCAPACIDAD;Residencia;Personas con discapacidad por trastorno del desarrollo intelectual;OTROS: 60;40.8244806;-4.7387293;MARYOLEN BRAVO IBARRA;40.8244806, -4.7387293
VIVIENDA HOGAR SAN ANTONIO 1;;CALLE PISCINA (LA) 51;05;05093;AVILA;CAÑADA (LA);05294;ALBERCHE - CEBREROS;609 085800;;050990;SERVICIOS SOCIOSANITARIOS SAN SEGUNDO, S.L;;SOCIEDADES;ijimenezsansegundo@gmail.com;;INFANCIA (Y JUVENTUD);Vivienda;Vivienda hogar;OTROS: 9;;;IGNACIO JIMENEZ SAN SEGUNDO;
CENTRO DE DÍA PARA PERSONAS MAYORES;2020-10-14;CALLE PLATA (DE LA) S/N.;05;05099;AVILA;HORCAJO DE LAS TORRES;05210;MORAÑA ALTA - MADRIGAL DE LAS ALTAS TORRES;920 327001;920 327373;050319;AYUNTAMIENTO DE HORCAJO DE LAS TORRES;;ADMINISTRACIÓN LOCAL;;;PERSONAS MAYORES;Centro de día;Hogar (Unidad de atención social);;41.0658588;-5.0908049;FRUCTUOSO CORONA BLANCO;41.0658588, -5.0908049
"RESIDENCIA DE PERSONAS MAYORES ""SAN MARCOS""";2024-02-14;CALLE CASTAÑO GARRO 1;05;05100;AVILA;HORNILLO (EL);05415;TIÉTAR - ARENAS DE SAN PEDRO;655 863119;;050456;MARIA DEL CARMEN CORRAL VINUESA;;PERSONA FÍSICA-EMPRESA INDIVIDUAL;residencia_sanmarcos@yahoo.es;;PERSONAS MAYORES;Residencia;Para asistidos;ASISTIDOS: 30;;;MARIA DEL CARMEN CORRAL VINUESA;
UNIDAD DE ESTANCIAS DIURNAS DE HOYO DE PINARES;2024-11-12;CALLE PITANZA (LA) S/N;05;05102;AVILA;HOYO DE PINARES;05250;ALBERCHE - CEBREROS;918 881263;;050531;UNION DEMOCRATICA PENSIONISTAS Y JUBILADOS DE ESPAÑA (U.D.P.);CENTROS RESIDENCIALES GREDOS, SL;FEDERACIÓN-CONFEDERACIÓN;elregulin@hotmail.com;;PERSONAS MAYORES;Centro de día;Estancias diurnas;ASISTIDOS: 15;40.499817;-4.4189735;MARIA SONSOLES HERNANDEZ ALONSO;40.499817, -4.4189735
"RESIDENCIA DE PERSONAS MAYORES ""VIRGEN DEL ESPINO""";2026-03-17;CALLE LA TORRE S/N;05;05105;AVILA;HOYOS DEL ESPINO;05634;ARAVALLE - EL BARCO DE ÁVILA;920 349269;;050203;AYUNTAMIENTO DE HOYOS DEL ESPINO;GRUPO SERGESA, S.A.;ADMINISTRACIÓN LOCAL;;;PERSONAS MAYORES;Residencia;Para asistidos;ASISTIDOS: 36;40.3572584;-5.1735251;BÁRBARA GALÁN GONZÁLEZ;40.3572584, -5.1735251
CASA DEL BALNEARIO;2022-11-07;CARRETERA DE MARTIHERRERO KM. 5;05;05121;AVILA;MARTIHERRERO;05140;ÁVILA RURAL;920 269480;;050431;FUNDACIÓN LA CASA GRANDE DE MARTIHERRERO - CENTRO SANTA TERESA;;INSTITUCIONES, ÓRDENES, CONGREGACIONES RELIGIOSAS Y SIMILARES;;;PERSONAS CON DISCAPACIDAD;Vivienda;Personas con discapacidad por trastorno del desarrollo intelectual leve o moderado;OTROS: 6;40.67478800000001;-4.780162199999999;ANA TERESA JIMENEZ VAZQUEZ;40.67478800000001, -4.780162199999999
RESIDENCIA LAS CUMBRES;2023-10-26;CALLE VEGA (LA) 12;05;05121;AVILA;MARTIHERRERO;05140;ÁVILA - SUR;920 269527;920 269527;050491;ENCINAR CUADRADO, S.L.;;SOCIEDADES;residencialascumbres@hotmail.es;http://residencialascumbres.com/;PERSONAS CON DISCAPACIDAD;Residencia;Personas con discapacidad por enfermedad mental;OTROS: 45;;;MARIA EULOGIA GARCIA ENCINAR;
RESIDENCIA PARA PERSONAS  MAYORES DE NAVAHONDILLA;2022-11-07;CAMINO DE LA DEHESA Nº 1;05;05156;AVILA;NAVAHONDILLA;05429;VALLE DE CORNEJA - PIEDRAHÍTA;91 8610628;91 8676434;050566;AYUNTAMIENTO DE NAVAHONDILLA;ASISTENCIA AL DISCAPCITADO REAL PARA MAYORES , SL.;ADMINISTRACIÓN LOCAL;info@centromayoresnavahondilla.com;;PERSONAS MAYORES;Residencia;Para asistidos;ASISTIDOS: 48;40.3262748;-4.4925087;MARIA JUANA RAMOS SANCHEZ;40.3262748, -4.4925087
"UNIDAD DE ESTANCIAS DIURNAS ""AIRES DE GREDOS""";2023-03-03;CAMINO PARRILLA (DE LA) 47;05;05163;AVILA;NAVALUENGA;05100;ALBERCHE - CEBREROS;920 298511;920 298613;050423;AIRES DE GREDOS, S.L.;;SOCIEDADES;;;PERSONAS MAYORES;Centro de día;Estancias diurnas;ASISTIDOS: 5;40.4163239;-4.7087127;JUAN ANTONIO GONZALEZ GONZALEZ Y JOSE DELGADO RODRIGUEZ;40.4163239, -4.7087127
"RESIDENCIA PARA PERSONAS DE MAYORES ""VIRGEN DE LAS NIEVES""";2025-01-15;CARRETERA VENTA RASQUILLA, Nº 7;05;05165;AVILA;NAVARREDONDA DE GREDOS;05635;ARAVALLE - EL BARCO DE ÁVILA;920 348125;;050347;AYUNTAMIENTO DE NAVARREDONDA DE GREDOS;EMERALD VENTURES, S.L.;ADMINISTRACIÓN LOCAL;CENTROSRESIDENCIALESGREDOS@GMAIL.COM;;PERSONAS MAYORES;Residencia;Para asistidos;ASISTIDOS: 24;;;CRISTINA SANCHEZ REDONDO;
"RESIDENCIA DE PERSONAS MAYORES ""EL CERRILLO""";2022-01-05;CALLE CERRILLO 33;05;05166;AVILA;NAVARREDONDILLA;05120;ALBERCHE - CEBREROS;920 297667;920 297667;050418;MARIA DEL PILAR SANCHEZ SANCHEZ;RESIDENCIAS IZQUISAN, SL;PERSONA FÍSICA-EMPRESA INDIVIDUAL;residenciaelcerrillo@hotmail.es;;PERSONAS MAYORES;Residencia;Para asistidos;ASISTIDOS: 46;40.4519762;-4.822299;ARÓN GONZALO IZQUIERDO SANCHEZ;40.4519762, -4.822299
UNIDAD DE ESTANCIAS DIURNAS CENTRO POLIVALENTE DE SERVICIOS SOCIALES DE LAS NAVAS DEL MARQUÉS;2023-03-03;CALLE LEPANTO 1;05;05168;AVILA;NAVAS DEL MARQUES (LAS);05230;ALBERCHE - CEBREROS;91 8972000;91 9189721;050762;AYUNTAMIENTO DE LAS NAVAS DEL MARQUÉS;;ADMINISTRACIÓN LOCAL;;;PERSONAS MAYORES;Centro de día;Estancias diurnas;ASISTIDOS: 30;40.5990404;-4.3337309;GERARDO PEREZ GARCIA;40.5990404, -4.3337309
"RESIDENCIA DE PERSONAS MAYORES ""CIUDAD JARDIN""";2022-01-05;CALLE LUIS VALERO 23;05;05168;AVILA;NAVAS DEL MARQUES (LAS);05230;ALBERCHE - CEBREROS;91 8971121;;050304;GESERRES 2001, S.L.;;SOCIEDADES;anacorreal@telefonica.net;;PERSONAS MAYORES;Residencia;Para asistidos;ASISTIDOS: 29;40.6018287;-4.3365629;ANA ISABEL CORREAL ROSADO;40.6018287, -4.3365629
UNIDAD ESTANCIAS DIURNAS EL PINAR DE PEDRO BERNARDO;2020-10-14;PARAJE CAMINO DE LOS NARANJOS 2;05;05182;AVILA;PEDRO BERNARDO;05470;TIÉTAR - LA ADRADA;920 389052;;050489;EL PINAR DE PEDRO BERNARDO SL;;SOCIEDADES;;;PERSONAS MAYORES;Centro de día;Estancias diurnas;ASISTIDOS: 5;40.2428691;-4.9147649;FLORENTINO HERNANDEZ MALVAR;40.2428691, -4.9147649
"CENTRO DE DIA ""VIRGEN DEL ROSARIO""";2020-10-14;PLAZA MAYOR 1;05;05225;AVILA;SANTA MARIA DEL BERROCAL;05510;VALLE DE CORNEJA - PIEDRAHÍTA;;;050278;ASOCIACIÓN DE TERCERA EDAD SANTA MARÍA DEL BERROCAL;;ASOCIACIÓN;;;PERSONAS MAYORES;Centro de día;Hogar (Unidad de atención social);;40.4610472;-5.3707981;BERNARDINO SÁNCHEZ;40.4610472, -5.3707981
RESIDENCIA LAS CANDELAS;2019-02-27;CALLE NUEVA APERTURA 1;05;05231;AVILA;SAN VICENTE DE AREVALO;05217;MORAÑA - ARÉVALO;920 328180;;050454;RESIDENCIA LAS CANDELAS, S.L.;;SOCIEDADES;info.lascandelas@yahoo.es;;PERSONAS MAYORES;Residencia;Para asistidos;ASISTIDOS: 40;40.9677042;-4.7999791;MONICA BERRON GOMEZ;40.9677042, -4.7999791
"CENTRO DE PERSONAS MAYORES ""SAN BLAS""";2020-10-14;CAMINO MIRONCILLO (DE) 3;05;05239;AVILA;SOTALBO;05198;ÁVILA RURAL;920 267613;;050460;AYUNTAMIENTO DE SOTALBO;;ADMINISTRACIÓN LOCAL;;;PERSONAS MAYORES;Centro de día;Hogar (Unidad de atención social);;40.5415063;-4.8492289;VIDAL JIMENEZ MARTIN;40.5415063, -4.8492289
RESIDENCIA DE PERSONAS MAYORES VIRGEN DE LOS REMEDIOS;2022-04-05;CALLE DEHESA (LA) 103;05;05240;AVILA;SOTILLO DE LA ADRADA;05420;TIÉTAR - LA ADRADA;91 8661560;;050078;FUNDACIÓN CATALINA LABOURÉ;;FUNDACIÓN;direccion.virgendelosremedios@catalinalaboure.es;;PERSONAS MAYORES;Residencia;Para asistidos;ASISTIDOS: 87;40.2912354;-4.5896567;LUCIA MARTIN GABRIEL;40.2912354, -4.5896567
RESIDENCIA DE PERSONAS MAYORES SAN ANTONIO DE PADUA;2024-04-08;CAMINO DEL CASTAÑAR S/N;05;05241;AVILA;TIEMBLO (EL);05270;ALBERCHE - CEBREROS;918 627680;;050358;AYUNTAMIENTO DE EL TIEMBLO;NEXUS ATENCIÓN INTEGRAL, S.L;ADMINISTRACIÓN LOCAL;ffernandez@nexusintegral.com;;PERSONAS MAYORES;Residencia;Para asistidos;ASISTIDOS: 47;40.4020372;-4.4551495;ANA MORENO FELIU;40.4020372, -4.4551495
"CENTRO DE PERSONAS MAYORES ""SAN PASCUAL""";2020-10-14;CALLE IGLESIA S/N;05;05244;AVILA;TORMELLAS;05698;ARAVALLE - EL BARCO DE ÁVILA;920 343887;;050215;"ASOCIACIÓN DE TERCERA EDAD ""SAN PASCUAL""";;ASOCIACIÓN;;;PERSONAS MAYORES;Centro de día;Hogar (Unidad de atención social);;40.3045233;-5.5106492;ISIDORO TRUJILLANO MAYORAL;40.3045233, -5.5106492
CENTRO SOCIAL DE PERSONAS MAYORES VIRGEN DE LA SOLEDAD;2020-10-14;PLAZA VICTORIA S/N;05;05254;AVILA;VELAYOS;05295;MORAÑA - ARÉVALO;920 200236;;050176;ASOCIACIÓN DE TERCERA EDAD VIRGEN DE LA SOLEDAD;;ASOCIACIÓN;;;PERSONAS MAYORES;Centro de día;Hogar (Unidad de atención social);;40.8404812;-4.6232967;;40.8404812, -4.6232967
CLUB-COMEDOR DE PERSONAS MAYORES DE VILLANUEVA (SAN PEDRO BAUTISTA);2023-06-20;CALLE LANZAHITA 2;05;05905;AVILA;VILLANUEVA DE AVILA;05114;ALBERCHE - CEBREROS;920 295734;920 295858;050165;GERENCIA DE SERVICIOS SOCIALES DE CASTILLA Y LEÓN;;ADMINISTRACIÓN AUTONÓMICA;;;PERSONAS MAYORES;Centro de día;Hogar (Unidad de atención social);;40.3785622;-4.821695099999999;FELIX GIL RODRIGUEZ;40.3785622, -4.821695099999999
CENTRO DE DIA PARA PERSONAS MAYORES ARANDA DE DUERO;2024-10-04;PLAZA ARCO PAJARITO 1;09;09018;BURGOS;ARANDA DE DUERO;09400;ARANDA DE DUERO - CENTRO;947 501185;;090073;GERENCIA DE SERVICIOS SOCIALES DE CASTILLA Y LEÓN;;ADMINISTRACIÓN AUTONÓMICA;;;PERSONAS MAYORES;Centro de día;Hogar (Unidad de atención social);;41.6728175;-3.6879183;YOLANDA ROJO BAÑOS;41.6728175, -3.6879183
VIVIENDA HOGAR NUEVO FUTURO;2023-03-10;CALLE BURGO DE OSMA 27 1º T;09;09018;BURGOS;ARANDA DE DUERO;09400;ARANDA DE DUERO - ALLENDEDUERO;947 511948;;090107;ASOCIACION HOGARES NIÑOS NUEVO FUTURO;;ASOCIACIÓN;;;INFANCIA (Y JUVENTUD);Vivienda;Vivienda hogar;OTROS: 6;;;ALBERTO CALERO GONZALEZ;
CENTRO DE DÍA DEL MENOR EL RINCÓN;2021-09-30;CALLE DIEGO LAINEZ S/N;09;09018;BURGOS;ARANDA DE DUERO;09400;ARANDA DE DUERO - ALLENDEDUERO;947 510770;947 510770;090663;AYUNTAMIENTO DE ARANDA DE DUERO;;ADMINISTRACIÓN LOCAL;centrodiamenor@arandadeduero.es;;INFANCIA (Y JUVENTUD);Centro de día;Centro de día;OTROS: 15;41.6694661;-3.6784483;Elías Tristán;41.6694661, -3.6784483
CENTRO OCUPACIONAL MONTECILLO;2026-03-14;AVENIDA PORTUGAL S/N;09;09018;BURGOS;ARANDA DE DUERO;09400;ARANDA DE DUERO - ALLENDEDUERO;947 509234;947 509233;090051;ASOCIACIÓN  PARA AYUDA DE PERSONAS CON DISCAPACIDAD INTELECTUAL (ASADEMA);;ASOCIACIÓN;;;PERSONAS CON DISCAPACIDAD;Centro de día;Personas con discapacidad por trastorno del desarrollo intelectual;OTROS: 100;41.6678398;-3.7139465;VANESA BENITO ROJO;41.6678398, -3.7139465
VIVIENDA TUTELADA RUPERTA BARAYA;2026-02-18;AVENIDA RUPERTA BARAYA 15 2º C;09;09018;BURGOS;ARANDA DE DUERO;09400;ARANDA DE DUERO - ALLENDEDUERO;947 509234;;091585;ASOCIACIÓN  PARA AYUDA DE PERSONAS CON DISCAPACIDAD INTELECTUAL (ASADEMA);;ASOCIACIÓN;info@asadema.org;;PERSONAS CON DISCAPACIDAD;Vivienda;Personas con disc. física, sensorial, por trastorno del desarrollo intelectual y/o por enfer. mental;DISCAPACIDAD INTELECTUAL: 8;41.6685671;-3.695749699999999;Alejandra López Martín;41.6685671, -3.695749699999999
VIVIENDA TUTELADA SALVADOR DALI B;2024-05-15;CALLE SALVADOR DALI 3 1º B;09;09018;BURGOS;ARANDA DE DUERO;09400;ARANDA DE DUERO - ALLENDEDUERO;947 503757;947 509233;090469;ASOCIACIÓN  PARA AYUDA DE PERSONAS CON DISCAPACIDAD INTELECTUAL (ASADEMA);;ASOCIACIÓN;;;PERSONAS CON DISCAPACIDAD;Vivienda;Personas con discapacidad por trastorno del desarrollo intelectual leve o moderado;OTROS: 6;;;ALEJANDRA LOPEZ MARTIN;
VIVIENDA TUTELADA I;2024-05-15;CARRETERA ESTACION 53 - ESC 2 - 4º C;09;09018;BURGOS;ARANDA DE DUERO;09400;ARANDA DE DUERO - ALLENDEDUERO;947 509234;947 509233;090708;ASOCIACIÓN  PARA AYUDA DE PERSONAS CON DISCAPACIDAD INTELECTUAL (ASADEMA);;ASOCIACIÓN;asadema@terra.es;;PERSONAS CON DISCAPACIDAD;Vivienda;Personas con discapacidad por trastorno del desarrollo intelectual leve o moderado;OTROS: 5;41.6652298;-3.6887338;ROSA MARIA FIGUERO COB;41.6652298, -3.6887338
VIVIENDA TUTELADA II;2024-05-15;CARRETERA ESTACION 53 ESC. 2 - 4º E;09;09018;BURGOS;ARANDA DE DUERO;09400;ARANDA DE DUERO - ALLENDEDUERO;947 509234;947 509233;090709;ASOCIACIÓN  PARA AYUDA DE PERSONAS CON DISCAPACIDAD INTELECTUAL (ASADEMA);;ASOCIACIÓN;asadema@terra.es;;PERSONAS CON DISCAPACIDAD;Vivienda;Personas con discapacidad por trastorno del desarrollo intelectual leve o moderado;OTROS: 4;41.6652298;-3.6887338;ROSA MARIA FIGUERO COB;41.6652298, -3.6887338
VIVIENDA MENCÍA GONZÁLEZ D;2023-12-15;CALLE MENCIA GONZALEZ 3 1º D;09;09018;BURGOS;ARANDA DE DUERO;09400;ARANDA DE DUERO - ALLENDEDUERO;947 509234;947 509233;091237;ASOCIACIÓN  PARA AYUDA DE PERSONAS CON DISCAPACIDAD INTELECTUAL (ASADEMA);;ASOCIACIÓN;info@asadema.org;;PERSONAS CON DISCAPACIDAD;Vivienda;Personas con discapacidad por trastorno del desarrollo intelectual leve o moderado;OTROS: 4;41.6634763;-3.692696;ROSA MARIA FIGUERO COB;41.6634763, -3.692696
VIVIENDA MENCÍA GONZÁLEZ E;2023-05-05;CALLE MENCIA GONZALEZ 3 1º E;09;09018;BURGOS;ARANDA DE DUERO;09400;ARANDA DE DUERO - ALLENDEDUERO;947 509234;947 509233;091238;ASOCIACIÓN  PARA AYUDA DE PERSONAS CON DISCAPACIDAD INTELECTUAL (ASADEMA);;ASOCIACIÓN;info@asadema.org;;PERSONAS CON DISCAPACIDAD;Vivienda;Personas con discapacidad por trastorno del desarrollo intelectual leve o moderado;OTROS: 4;41.6634763;-3.692696;ROSA MARIA FIGUERO COB;41.6634763, -3.692696
"RESIDENCIA DE PERSONAS MAYORES ""CIUDAD DEL BIENESTAR""";2025-04-15;PASEO VIRGEN VIÑAS S/Nº;09;09018;BURGOS;ARANDA DE DUERO;09400;ARANDA DE DUERO - CENTRO;947 670067;947 694461128;091126;RESIDENCIAL NUESTRA SEÑORA DE LAS VIÑAS, SL;;SOCIEDADES;gerente@ciudaddelbienestar.com;;PERSONAS MAYORES;Residencia;Para asistidos;ASISTIDOS: 108;;;TELMA AURORA GONÇALVES VAZ;
DRIADA VERDE;2017-06-02;CALLE ABADIA DE FONCEA, 20;09;09026;BURGOS;ARLANZON;09199;BURGOS RURAL - NORTE;627 429104;;090785;DRIADA SALUD MENTAL, SL;;SOCIEDADES;;;PERSONAS CON DISCAPACIDAD;Vivienda;Personas con discapacidad por enfermedad mental;OTROS: 6;42.3227938;-3.4580391;ANA MARIA DE JUAN CAMARA;42.3227938, -3.4580391
DRIADA AZUL;2022-07-15;CALLE  ABADIA DE FONCEA, 22;09;09026;BURGOS;ARLANZON;09199;BURGOS RURAL - NORTE;627 429104;;090786;DRIADA SALUD MENTAL, SL;;SOCIEDADES;;;PERSONAS CON DISCAPACIDAD;Vivienda;Personas con discapacidad por enfermedad mental;OTROS: 6;42.3227938;-3.4580391;ANA MARIA DE JUAN CAMARA;42.3227938, -3.4580391
RESIDENCIA DE PERSONAS MAYORES SAN ANTON;2024-04-29;LA CAÑADA, S/N.;09;09034;BURGOS;BALBASES (LOS);09119;SANTA MARÍA DEL CAMPO;947 165529;947 626090811;090733;FUNDACIÓN VALLEHERMOSO;SERVIGERON, S.L.;FUNDACIÓN;residenciasananton@outlook.es;;PERSONAS MAYORES;Residencia;Para asistidos;ASISTIDOS: 49;;;MARIA CRISTINA ORTEGA MANJON;
CENTRO OCUPACIONAL DE BELORADO Y COMARCA;2022-11-07;AVENIDA CEREZO DE RIO TIRON;09;09048;BURGOS;BELORADO;09250;BELORADO;947 580226;947 581000;090018;AYUNTAMIENTO DE BELORADO;;ADMINISTRACIÓN LOCAL;;;PERSONAS CON DISCAPACIDAD;Centro de día;Personas con discapacidad por trastorno del desarrollo intelectual;OTROS: 15;42.3781083;-3.242995;ALICIA MARÍA MAYOR CRESPO;42.3781083, -3.242995
UNIDAD DE ESTANCIAS DIURNAS DE LA RESIDENCIA DE BURGOS;2023-11-10;CAMINO CORTES S/N;09;09059;BURGOS;BURGOS;09002;BURGOS - SAN JULIÁN;947 264375;;090293;GERENCIA DE SERVICIOS SOCIALES DE CASTILLA Y LEÓN;SANIVIDA, S.L;ADMINISTRACIÓN AUTONÓMICA;;;PERSONAS MAYORES;Centro de día;Estancias diurnas;ASISTIDOS: 60;;;ALICIA MARTINEZ MONZO;
CENTRO RESIDENCIAL DE ATENCIÓN A PERSONAS CON DISCAPACIDAD INTELECTUAL (FUENTES BLANCAS);2024-10-04;PARAJE FUENTES BLANCAS, S/N;09;09059;BURGOS;BURGOS;09193;BURGOS - SAN JULIÁN;947 485900;;090075;GERENCIA DE SERVICIOS SOCIALES DE CASTILLA Y LEÓN;;ADMINISTRACIÓN AUTONÓMICA;;;PERSONAS CON DISCAPACIDAD;Residencia;Personas con discapacidad por trastorno del desarrollo intelectual;OTROS: 123;;;ANTONIO SOLANA FERNANDEZ;
RESIDENCIA DE PERSONAS MAYORES DE BURGOS;2024-10-04;CAMINO CORTES S/N;09;09059;BURGOS;BURGOS;09002;BURGOS - SAN JULIÁN;947 264375;;090077;GERENCIA DE SERVICIOS SOCIALES DE CASTILLA Y LEÓN;;ADMINISTRACIÓN AUTONÓMICA;;;PERSONAS MAYORES;Residencia;Para asistidos;ASISTIDOS: 220;;;ALICIA MARTINEZ MONZO;
PISO TUTELADO PARA PERSONAS CON DISCAPACIDAD INTELECTUAL EL CID  1;2024-10-04;AVENIDA CASTILLA Y LEON 19- 2ºA-B;09;09059;BURGOS;BURGOS;09006;BURGOS - RÍO VENA;947 217382;;090401;GERENCIA DE SERVICIOS SOCIALES DE CASTILLA Y LEÓN;;ADMINISTRACIÓN AUTONÓMICA;;;PERSONAS CON DISCAPACIDAD;Vivienda;Personas con discapacidad por trastorno del desarrollo intelectual leve o moderado;OTROS: 8;42.3520754;-3.6826941;JESÚS HUERTOS DE LA FUENTE;42.3520754, -3.6826941
CENTRO DE DIA PARA PERSONAS MAYORES BURGOS III;2023-12-11;CARRETERA POZA 22;09;09059;BURGOS;BURGOS;09007;BURGOS - CAPISCOL;947 481252;;090072;GERENCIA DE SERVICIOS SOCIALES DE CASTILLA Y LEÓN;;ADMINISTRACIÓN AUTONÓMICA;;;PERSONAS MAYORES;Centro de día;Hogar (Unidad de atención social);;42.3569478;-3.6624031;ANA MARTA BLANCO GARCIA;42.3569478, -3.6624031
CENTRO DE DIA PARA PERSONAS MAYORES BURGOS II;2024-10-04;CALLE JUAN DE PADILLA 7;09;09059;BURGOS;BURGOS;09006;BURGOS - RÍO VENA;947 211281;;090071;GERENCIA DE SERVICIOS SOCIALES DE CASTILLA Y LEÓN;;ADMINISTRACIÓN AUTONÓMICA;;;PERSONAS MAYORES;Centro de día;Hogar (Unidad de atención social);;42.3487076;-3.6856353;Mª JESUS PEÑA SAEZ;42.3487076, -3.6856353
RESIDENCIA DE PROTECCIÓN DE MENORES GREGORIO SANTIAGO;2026-02-17;AVENIDA MONASTERIO DE LAS HUELGAS 27;09;09059;BURGOS;BURGOS;09001;BURGOS - SAN PEDRO Y SAN FELICES;947 202319;;090104;GERENCIA DE SERVICIOS SOCIALES DE CASTILLA Y LEÓN;;ADMINISTRACIÓN AUTONÓMICA;;;INFANCIA (Y JUVENTUD);Residencia;De protección;OTROS: 25;42.33727536629361;-3.718206812807019;MANUEL VEGA MERINO;42.33727536629361, -3.718206812807019
VIVIENDA HOGAR NUEVO FUTURO II;2023-03-10;CALLE CERVANTES 24 4º D;09;09059;BURGOS;BURGOS;09002;BURGOS - SAN JULIÁN;947 273669;;090108;ASOCIACION HOGARES NIÑOS NUEVO FUTURO;;ASOCIACIÓN;;;INFANCIA (Y JUVENTUD);Vivienda;Vivienda hogar;OTROS: 6;;;CRISTINA GARCIA MANRIQUE;
VIVIENDA INTRAS BURGOS V;2024-10-02;CALLE CONDES DE BERBERANA 4 4B;09;09059;BURGOS;BURGOS;09001;BURGOS - SAN PEDRO Y SAN FELICES;947 468157;947 608421306;091589;FUNDACION INTRAS;;FUNDACIÓN;resjd.burgos@intras.es;www.fundacionintras.es;PERSONAS CON DISCAPACIDAD;Vivienda;Personas con discapacidad por enfermedad mental;DISCAPACIDAD ENFERMEDAD MENTAL: 1;42.33782739999999;-3.7250341;Carolina Elena Elena;42.33782739999999, -3.7250341
VIVIENDA INTRAS BURGOS VI;2026-02-11;CALLE CONDES DE CASTILFALE 1 5A;09;09059;BURGOS;BURGOS;09001;BURGOS - SAN PEDRO Y SAN FELICES;947 468157;947 608421306;091672;FUNDACION INTRAS;;FUNDACIÓN;cee@intras.es;;PERSONAS CON DISCAPACIDAD;Vivienda;Personas con discapacidad por enfermedad mental;DISCAPACIDAD ENFERMEDAD MENTAL: 4;42.337901;-3.7250097;CAROLINA ELENA ELENA;42.337901, -3.7250097
VIVIENDA INTRAS BURGOS III;2024-10-02;CALLE NAVARRETE 1 2º A;09;09059;BURGOS;BURGOS;09001;BURGOS - SAN PEDRO Y SAN FELICES;947 468157;947 608421306;091311;FUNDACION INTRAS;;FUNDACIÓN;resjd.burgos@intras.es;;PERSONAS CON DISCAPACIDAD;Vivienda;Personas con discapacidad por enfermedad mental;OTROS: 2;42.34039569999999;-3.7328491;CAROLINA ELENA ELENA;42.34039569999999, -3.7328491
HOGAR DE ACOGIDA MENSAJEROS DE LA PAZ;2013-01-21;CAMINO MIRABUENO 35;09;09059;BURGOS;BURGOS;09002;BURGOS - SAN JULIÁN;947 205815;;090047;ASOCIACIÓN MENSAJEROS DE LA PAZ CASTILLA Y LEÓN;;ASOCIACIÓN;;;INFANCIA (Y JUVENTUD);Vivienda;Hogar de acogida;OTROS: 10;42.3327165;-3.6955575;MIGUEL ANGEL FERNANDEZ IBAÑEZ;42.3327165, -3.6955575
CASA ACOGIDA BURGOS;2023-09-27;S/C;09;09059;BURGOS;BURGOS;09000;ZDESCONOCIDO;947 274851;;091269;AYUNTAMIENTO DE BURGOS;;ADMINISTRACIÓN LOCAL;;;MUJER;Vivienda;Casa de acogida mujeres maltratadas;OTROS: 8;;;;
VIVIENDA ALFONSO X EL SABIO;2023-01-25;CALLE ALFONSO X EL SABIO 46 4º A;09;09059;BURGOS;BURGOS;09005;BURGOS - CENTRO - VADILLOS;947 223916;;091279;ASOCIACIÓN PROSALUD MENTAL DE BURGOS (PROSAME);;ASOCIACIÓN;direccion@saludmentalburgos.org;;PERSONAS CON DISCAPACIDAD;Vivienda;Personas con discapacidad por enfermedad mental;OTROS: 4;42.3478507;-3.6954794;María Santamaría Pardo;42.3478507, -3.6954794
PISO DE ACOGIDA;2026-03-14;PLAZA DE MARIA CRUZ EBRO 3-BAJO.B;09;09059;BURGOS;BURGOS;09006;BURGOS - RÍO VENA;947 239714;;090248;ASOCIACIÓN PROSALUD MENTAL DE BURGOS (PROSAME);;ASOCIACIÓN;;;PERSONAS CON DISCAPACIDAD;Vivienda;Personas con discapacidad por enfermedad mental;OTROS: 4;42.3528725;-3.6828958;María Santamaría Pardo;42.3528725, -3.6828958
VIVIENDA EL PATILLAS;2024-02-20;CALLE EL PATILLAS 1 1-A;09;09059;BURGOS;BURGOS;09003;BURGOS - SAN PEDRO DE LA FUENTE;947 223916;947 647925764;091586;ASOCIACIÓN PROSALUD MENTAL DE BURGOS (PROSAME);;ASOCIACIÓN;direccion@saludmentalburgos.org;;PERSONAS CON DISCAPACIDAD;Vivienda;Personas con discapacidad por enfermedad mental;DISCAPACIDAD ENFERMEDAD MENTAL: 5;42.3471067;-3.7141992;Maria Santamaria Pardo;42.3471067, -3.7141992
VIVIENDA SUPERVISADA FRONTÓN;2026-03-14;CALLE DEL FRONTON 4 1º A;09;09059;BURGOS;BURGOS;09007;BURGOS - GAMONAL I - LAS TORRES;947 223916;;091162;ASOCIACIÓN PROSALUD MENTAL DE BURGOS (PROSAME);;ASOCIACIÓN;direccion@saludmentalburgos.org;;PERSONAS CON DISCAPACIDAD;Vivienda;Personas con discapacidad por enfermedad mental;OTROS: 4;;;María Santamaría Pardo;
RESIDENCIA DE RELIGIOSAS ANGELICAS;2024-08-28;CALLE AZORIN 2;09;09059;BURGOS;BURGOS;09005;BURGOS - CENTRO - VADILLOS;947 274251;;090270;HERMANAS DEL SAGRADO CORAZON Y SANTOS ANGELES;;INSTITUCIONES, ÓRDENES, CONGREGACIONES RELIGIOSAS Y SIMILARES;direccion.burgos@angelicas.es;;PERSONAS MAYORES;Residencia;Para asistidos;ASISTIDOS: 102;42.3455774;-3.6994463;SONIA ESTEBAN FERNANDEZ;42.3455774, -3.6994463
RESIDENCIA DE PERSONAS MAYORES EL CARMEN;2025-01-31;AVENIDA MONASTERIO DE LAS HUELGAS 7;09;09059;BURGOS;BURGOS;09001;BURGOS - SAN PEDRO Y SAN FELICES;947 261667;947 646017435;090087;COMUNIDAD RESIDENCIA EL CARMEN;FUNDACIÓN ALIADOS POR LA INTEGRACIÓN;INSTITUCIONES, ÓRDENES, CONGREGACIONES RELIGIOSAS Y SIMILARES;sara.delgado@aliadosporlaintegracion.org;;PERSONAS MAYORES;Residencia;Para asistidos;ASISTIDOS: 36;42.337043;-3.7137991;SARA DELGADO ORDOÑEZ;42.337043, -3.7137991
VIVIENDA EL OLMO;2026-02-11;CALLE VIRGEN DEL SALTERIO 44;09;09059;BURGOS;BURGOS;09001;BURGOS - SAN PEDRO Y SAN FELICES;947 461243;;091671;ASOCIACIÓN DE PADRES DE PERSONAS CON AUTISMO;;ASOCIACIÓN;autismoburgos@autismoburgos.org;;PERSONAS CON DISCAPACIDAD;Vivienda;Personas con discapacidad por trastorno del espectro del autismo;DISCAPACIDAD INTELECTUAL: 7;42.32876691008271;-3.70968410028902;MARIA PILAR ZORRILLA ALBA;42.32876691008271, -3.70968410028902
VIVIENDA DE VIDA INDEPENDIENTE B;2023-09-27;PLAZA DE MARIA CRUZ EBRO 8 2º B;09;09059;BURGOS;BURGOS;09006;BURGOS - RÍO VENA;947 227266;947 297201;090707;ASOCIACIÓN PADRES Y TUTORES DEL CENTRO OCUPACIONAL EL CID DE BURGOS (APACID);;ASOCIACIÓN;apacid@apacid.com;www.apacid.com;PERSONAS CON DISCAPACIDAD;Vivienda;Personas con discapacidad por trastorno del desarrollo intelectual leve o moderado;OTROS: 5;;;MARIA CARMEN CARO RODRIGO;
CENTRO TERAPEUTICO DE DIA SAN JULIAN;2023-05-12;PLAZA SAN JULIAN 7BAJO.;09;09059;BURGOS;BURGOS;09002;BURGOS - SAN JULIÁN;947 205262;;090661;ASOCIACIÓN DE FAMILIARES DE ENFERMOS DE ALZHEIMER (AFABUR);;ASOCIACIÓN;sanjulian.afabur@gmail.com;;PERSONAS MAYORES;Centro de día;Estancias diurnas para enfermos de Alzheimer;ASISTIDOS: 45;;;OLGA ORTEGA CUBILLO;
CENTRO DE DIA EPOCA BURGOS;2024-01-09;CALLE ALONSO DE CARTAGENA 6;09;09059;BURGOS;BURGOS;09005;BURGOS - CENTRO - VADILLOS;947 242200;;090262;EPOCA BURGOS S.L.;;SOCIEDADES;epocaburgos@gmail.com;;PERSONAS MAYORES;Centro de día;Estancias diurnas;ASISTIDOS: 30;42.3484742;-3.69841;OLALLA PARDO QUINTILLAN;42.3484742, -3.69841
CENTRO DE DÍA PARA PERSONAS CON DISCAPACIDAD PSIQUICA GRAVE  LAS CALZADAS;2025-12-14;CALLE JUAN DE PADILLA 4;09;09059;BURGOS;BURGOS;09004;BURGOS - CENTRO - VADILLOS;947 227862;;090027;ASOCIACIÓN DE FAMILIARES DE PERSONAS CON DISCAPACIDAD INTELECTUAL - LAS CALZADAS;;ASOCIACIÓN;carmen.rojo@asociacionlascalzadas.org;;PERSONAS CON DISCAPACIDAD;Centro de día;Personas con discapacidad por trastorno del desarrollo intelectual;OTROS: 50;42.3520484;-3.6838167;CARMEN ROJO FERNANDEZ;42.3520484, -3.6838167
RESIDENCIA EL ACEBO;2024-12-13;CALLE FARMACEUTICO OBDULIO FERNANDEZ, Nº 9;09;09059;BURGOS;BURGOS;09006;BURGOS - GAMONAL I - LAS TORRES;947 223237;;090035;RESIDENCIA EL ACEBO, S..L.;;SOCIEDADES;acebosl.mercedes@gmail.com;;PERSONAS MAYORES;Residencia;Para asistidos;ASISTIDOS: 40;42.3470459;-3.6827707;MERCEDES CORCOLES SAN LAZARO;42.3470459, -3.6827707
CENTRO DE DIA DE APOYO AL MENOR -CDAM-;2021-09-30;CALLE SAN JOSE Nº 1 -bajo;09;09059;BURGOS;BURGOS;09007;BURGOS - CAPISCOL;947 480557;;090574;CÁRITAS DIOCESANA DE BURGOS;;INSTITUCIONES, ÓRDENES, CONGREGACIONES RELIGIOSAS Y SIMILARES;;;INFANCIA (Y JUVENTUD);Centro de día;Centro de día;OTROS: 20;42.3580189;-3.6690383;Mª Gutierrez Pulgar;42.3580189, -3.6690383
RESIDENCIA PARQUE FELIX;2021-09-30;CALLE FUNDACION SONSOLES BALLVE 2 Y 4;09;09059;BURGOS;BURGOS;09007;BURGOS - CAPISCOL;686 320198;;090977;RESIDENCIA PARQUE FELIX, SL;;SOCIEDADES;parquefelixresidencia@gmail.com;;PERSONAS MAYORES;Residencia;Para asistidos;ASISTIDOS: 46;42.3486781;-3.6702828;SARA PEREZ DUEÑAS;42.3486781, -3.6702828
CENTRO INTEGRAL FUENTECILLAS (CENTRO DE DÍA);2026-03-14;AVENIDA INDEPENDENCIA, Nº5;09;09059;BURGOS;BURGOS;09003;BURGOS - SAN PEDRO Y SAN FELICES;947 462004;;090492;ASOCIACIÓN DE AFECTADOS DE PARÁLISIS CEREBRAL Y AFINES (APACE-BURGOS);;ASOCIACIÓN;administracion@apaceburgos.com;;PERSONAS CON DISCAPACIDAD;Centro de día;Personas con discapacidad por trastorno del desarrollo intelectual;OTROS: 59;;;MARIA SACRAMENTO CASTELLANOS CARMONA;
CENTRO INTEGRAL FUENTECILLAS (RESIDENCIA);2025-02-14;AVENIDA INDEPENDENCIA, S/N;09;09059;BURGOS;BURGOS;09003;BURGOS - SAN PEDRO Y SAN FELICES;947 462004;;090491;ASOCIACIÓN DE AFECTADOS DE PARÁLISIS CEREBRAL Y AFINES (APACE-BURGOS);;ASOCIACIÓN;administracion@apaceburgos.com;;PERSONAS CON DISCAPACIDAD;Residencia;Personas con discapacidad por trastorno del desarrollo intelectual;DISCAPACIDAD INTELECTUAL: 33;42.3458512;-3.7147837;MARIA SACRAMENTO CASTELLANOS CARMONA;42.3458512, -3.7147837
CENTRO DE DIA BOSQUE;2020-10-14;PLAZA SAN JUAN DE LOS LAGOS 2 - BAJO 3.;09;09059;BURGOS;BURGOS;09006;BURGOS - RÍO VENA;947 224012;;090757;FUNDACIÓN JUAN SOÑADOR;;FUNDACIÓN;conexion@fundacionjuans.org;;INFANCIA (Y JUVENTUD);Centro de día;Centro de día;OTROS: 12;42.3542357;-3.687003;Imelda Navarro Arcos;42.3542357, -3.687003
RESIDENCIA SAN PEDRO Y SAN FELICES;2026-01-28;CALLE TERUEL 4;09;09059;BURGOS;BURGOS;09001;BURGOS - SAN PEDRO Y SAN FELICES;947 277850;;090440;RESIDENCIA ORPE, S.L.;;SOCIEDADES;rsanpedroysanfelices@hotmail.com;;PERSONAS MAYORES;Residencia;Para asistidos;ASISTIDOS: 101;42.33036405372768;-3.7063520351390036;WENQING NI;42.33036405372768, -3.7063520351390036
RESIDENCIA DE PERSONAS MAYORES NTRA.SEÑORA DEL ROSARIO;2024-05-13;CALLE CONDE DE HARO 17-19;09;09059;BURGOS;BURGOS;09006;BURGOS - RÍO VENA;947 245198;;090438;SOGEBUR S.L.;;SOCIEDADES;residenciansrosario@gmail.com;;PERSONAS MAYORES;Residencia;Para asistidos;ASISTIDOS: 25;42.3623243;-3.6763615;MARIA FELICIDAD VIYUELA DE LA CAL;42.3623243, -3.6763615
CENTRO DE MAYORES LOS JAZMINES;2025-03-14;CALLE JAEN 2 BAJO.;09;09059;BURGOS;BURGOS;09007;BURGOS - CAPISCOL;947 474651;;090580;ALPADA S.L.;;SOCIEDADES;info@residencialosjazmines.com;;PERSONAS MAYORES;Residencia;Para asistidos;ASISTIDOS: 55;42.3589889;-3.6632017;Cristina Hernando Alonso;42.3589889, -3.6632017
HOGAR DE ACOGIDA HECHOS;2024-10-09;CALLE PORTÓN DE LOS GUINDALES, Nº 6;09;09059;BURGOS;BURGOS;09001;BURGOS - SAN PEDRO DE LA FUENTE;947 202373;;091260;ASOCIACION HECHOS;;ASOCIACIÓN;rsadornil@hechos.eu;;INFANCIA (Y JUVENTUD);Vivienda;Hogar de acogida;NNAMMAS: 10;42.34309529999999;-3.7404353;ROSA Mª SADORNIL RAMOS;42.34309529999999, -3.7404353
RESIDENCIA  FUENTES BLANCAS;2024-02-20;PARAJE FUENTES BLANCAS, S/N;09;09059;BURGOS;BURGOS;09193;BURGOS - SAN JULIÁN;947 484850;947 947258623;090144;DIPUTACIÓN PROVINCIAL DE BURGOS;;ADMINISTRACIÓN LOCAL;;;PERSONAS MAYORES;Residencia;Para asistidos;ASISTIDOS: 203;;;ISAAC PUEBLA MAESTU;
CENTRO ASISTENCIAL CONDESTABLE;2023-06-14;CALLE ARLES 26;09;09059;BURGOS;BURGOS;09001;BURGOS - SAN PEDRO Y SAN FELICES;947 463048;;090570;EULEN SERVICIOS SOCIOSANITARIOS S.A.;;SOCIEDADES;condestable@eulen.com;;PERSONAS MAYORES;Residencia;Para asistidos;ASISTIDOS: 36;42.3414894;-3.7358527;MARÍA PILAR PÁRAMO RICO;42.3414894, -3.7358527
CENTRO GERONTOLOGICO DE BURGOS;2021-11-08;CALLE BERNARDINO OBREGON 9;09;09059;BURGOS;BURGOS;09001;BURGOS - SAN PEDRO Y SAN FELICES;947 257940;947 256360;090582;CENTRO GERONTOLOGICO DE BURGOS S.L.;;SOCIEDADES;direccion@geroburgos.com;;PERSONAS MAYORES;Residencia;Para asistidos;ASISTIDOS: 93;42.3381846;-3.7217016;CLARA BEATRIZ ROJO GONZALEZ;42.3381846, -3.7217016
MIO CID HOGAR RESIDENCIAL;2025-11-18;CALLE SANTIAGO APOSTOL 10BAJO;09;09059;BURGOS;BURGOS;09007;BURGOS - CAPISCOL;947 220504;947 616471406;090436;HORECID, S.L.;;SOCIEDADES;residenciamiocid@hotmail.es;;PERSONAS MAYORES;Residencia;Para asistidos;ASISTIDOS: 66;;;MIGUEL ANGEL RUIZ GUTIERREZ;
MODULO RESIDENCIAL ASPANIAS PUENTESAUCO D;2026-03-14;CALLE CONDESA MENCIA 150;09;09059;BURGOS;BURGOS;09006;BURGOS - RÍO VENA;947 239751;;090345;FUNDACIÓN ASPANIAS BURGOS;;FUNDACIÓN;;;PERSONAS CON DISCAPACIDAD;Residencia;Personas con discapacidad por trastorno del desarrollo intelectual;OTROS: 22;42.3608884;-3.6760361;OSCAR GARCIA MORENO;42.3608884, -3.6760361
VIVIENDA HOGAR ASPANIAS PUENTESAUCO VIVIENDA B;2026-03-14;CALLE CONDESA MENCIA 150;09;09059;BURGOS;BURGOS;09006;BURGOS - RÍO VENA;947 239751;;090346;FUNDACIÓN ASPANIAS BURGOS;;FUNDACIÓN;;;PERSONAS CON DISCAPACIDAD;Residencia;Personas con discapacidad por trastorno del desarrollo intelectual;OTROS: 13;42.3608884;-3.6760361;OSCAR GARCIA MORENO;42.3608884, -3.6760361
VIVIENDA HOGAR MODESTO CIRUELOS C;2026-02-14;CALLE MODESTO CIRUELOS 4 3º C;09;09059;BURGOS;BURGOS;09001;BURGOS - SAN PEDRO DE LA FUENTE;947 238562;;090624;FUNDACIÓN ASPANIAS BURGOS;;FUNDACIÓN;fundacion@aspaniasburgos.com;;PERSONAS CON DISCAPACIDAD;Vivienda;Personas con discapacidad por trastorno del desarrollo intelectual leve o moderado;OTROS: 4;42.3496715;-3.7348601;ANA GARCIA BARRIOS;42.3496715, -3.7348601
VIVIENDA HOGAR MODESTO CIRUELOS B;2026-02-14;CALLE MODESTO CIRUELOS 4 3-B;09;09059;BURGOS;BURGOS;09001;BURGOS - SAN PEDRO DE LA FUENTE;947 238562;;090623;FUNDACIÓN ASPANIAS BURGOS;;FUNDACIÓN;fundacion@aspaniasburgos.com;;PERSONAS CON DISCAPACIDAD;Vivienda;Personas con discapacidad por trastorno del desarrollo intelectual leve o moderado;OTROS: 4;42.3496715;-3.7348601;ANA GARCIA BARRIOS;42.3496715, -3.7348601
VIVIENDA HOGAR MODESTO CIRUELOS A;2026-02-14;CALLE MODESTO CIRUELOS 4 3-A;09;09059;BURGOS;BURGOS;09001;BURGOS - SAN PEDRO DE LA FUENTE;947 238562;;090622;FUNDACIÓN ASPANIAS BURGOS;;FUNDACIÓN;fundacion@aspaniasburgos.com;;PERSONAS CON DISCAPACIDAD;Vivienda;Personas con discapacidad por trastorno del desarrollo intelectual leve o moderado;OTROS: 4;42.3496715;-3.7348601;ANA GARCIA BARRIOS;42.3496715, -3.7348601
VIVIENDA HOGAR VALDEMORO;2025-08-14;CALLE VALDEMORO 1 1ºB;09;09059;BURGOS;BURGOS;09001;BURGOS - SAN PEDRO DE LA FUENTE;947 238562;;090702;FUNDACIÓN ASPANIAS BURGOS;;FUNDACIÓN;fundacion@aspaniasburgos.com;;PERSONAS CON DISCAPACIDAD;Vivienda;Personas con discapacidad por trastorno del desarrollo intelectual leve o moderado;OTROS: 6;42.3456893;-3.7218157;ANA GARCIA BARRIOS;42.3456893, -3.7218157
HOGAR RESIDENCIAL REAL Y ANTIGUA II;2019-07-23;CALLE HUESCA 4;09;09059;BURGOS;BURGOS;09001;BURGOS - SAN PEDRO Y SAN FELICES;947 269047;;090250;JUAN CARLOS MARTINEZ MARTINEZ;;PERSONA FÍSICA-EMPRESA INDIVIDUAL;residencialserju@gmail.com;;PERSONAS MAYORES;Residencia;Para asistidos;ASISTIDOS: 27;42.3292444;-3.7070849;JUAN CARLOS MARTÍNEZ MARTÍNEZ;42.3292444, -3.7070849
HOGAR RESIDENCIAL LA REAL Y ANTIGUA;2021-09-30;CALLE LOS TITOS, Nº 6 - 8;09;09059;BURGOS;BURGOS;09007;BURGOS - GAMONAL I - LAS TORRES;605 235892;;090683;JUAN CARLOS MARTINEZ MARTINEZ;;PERSONA FÍSICA-EMPRESA INDIVIDUAL;residencialserju@gmail.com;;PERSONAS MAYORES;Residencia;Para asistidos;ASISTIDOS: 21;42.3535437;-3.6721499;Juan Carlos Martínez Martínez;42.3535437, -3.6721499
RESIDENCIA BELLAVISTA;2023-02-21;CALLE SEVERO OCHOA 25;09;09059;BURGOS;BURGOS;09006;BURGOS - CAPISCOL;947 237623;;090290;GEAS DESARROLLOS EMPRESARIALES, SL;SERVICIOS RESIDENCIALES BELLAVISTA CARE, SL;SOCIEDADES;bellavistaresidencia@gmail.com;;PERSONAS MAYORES;Residencia;Para asistidos;ASISTIDOS: 69;42.3529942;-3.6777302;PATRICIA ALVAREZ TORRES;42.3529942, -3.6777302
HOGAR RESIDENCIA DE PERSONAS MAYORES DOÑA JIMENA;2023-05-26;CALLE DUQUE DE FRIAS,  Nº24;09;09059;BURGOS;BURGOS;09006;BURGOS - RÍO VENA;947 243236;947 264534;090129;KARMA BURGOS 2018, SLU;;SOCIEDADES;residenciajimena@hotmail.com;;PERSONAS MAYORES;Residencia;Para asistidos;DEPENDIENTES: 31;42.3609026;-3.6787012;MARTA HUERTOS GALERÓN;42.3609026, -3.6787012
"UNIDAD DE ESTANCIAS DIURNAS ""PLAZA REAL BURGOS""";2024-02-20;CALLE FEDERICO MARTINEZ VAREA 4;09;09059;BURGOS;BURGOS;09006;BURGOS - CENTRO - VADILLOS;947 255777;947 695262610;090696;LA SALETA CARE S.L.;;SOCIEDADES;registro@colisee.es;;PERSONAS MAYORES;Centro de día;Estancias diurnas;ASISTIDOS: 30;42.3518781;-3.691246999999999;BEATRIZ SANTAMARIA CORBELLA;42.3518781, -3.691246999999999
PI-SJD BURGOS 05;2026-01-28;CALLE AVERROES 12 3C;09;09059;BURGOS;BURGOS;09006;BURGOS - GAMONAL I - LAS TORRES;947 257730;947 697370968;091658;HOSPITAL SAN JUAN DE DIOS BURGOS;;INSTITUCIONES, ÓRDENES, CONGREGACIONES RELIGIOSAS Y SIMILARES;mariacarmen.jimenezp@sjd.es;;INCLUSIÓN SOCIAL;Vivienda;Vivienda para personas en situación de vulnerabilidad;MIXTO: 5;42.3574545015134;-3.67156629341459;ELENA URDANETA ARTOLA;42.3574545015134, -3.67156629341459
PI-SJD BURGOS 10;2026-01-30;CALLE OVIEDO 7 4ºIZQUIERDA;09;09059;BURGOS;BURGOS;09002;BURGOS - SAN JULIÁN;697 370968;697 947257730;091667;HOSPITAL SAN JUAN DE DIOS BURGOS;;INSTITUCIONES, ÓRDENES, CONGREGACIONES RELIGIOSAS Y SIMILARES;MARIACARMEN.JIMENEZ@SJD.ES;;INCLUSIÓN SOCIAL;Vivienda;Vivienda para personas en situación de vulnerabilidad;FAMILIAS: 5;;;ELENA URDANETA ARTOLA;
PI-SJD BURGOS 09;2026-01-30;CALLE COIMBRA 6 1D;09;09059;BURGOS;BURGOS;09001;BURGOS - SAN PEDRO Y SAN FELICES;697 370968;697 947257730;091666;HOSPITAL SAN JUAN DE DIOS BURGOS;;INSTITUCIONES, ÓRDENES, CONGREGACIONES RELIGIOSAS Y SIMILARES;MARIACARMEN.JIMENEZP@SJD.ES;;INCLUSIÓN SOCIAL;Vivienda;Vivienda para personas en situación de vulnerabilidad;FAMILIAS: 6;42.3431353;-3.7308135;ELENA URDANETA ARTOLA;42.3431353, -3.7308135
PI-SJD BURGOS 08;2026-01-30;AVENIDA DE LOS REYES CATOLICOS 11 4ºA;09;09059;BURGOS;BURGOS;09005;BURGOS - CENTRO - VADILLOS;;697370968;091665;HOSPITAL SAN JUAN DE DIOS BURGOS;;INSTITUCIONES, ÓRDENES, CONGREGACIONES RELIGIOSAS Y SIMILARES;MARIACARMEN.JIMENEZP@SJD.ES;;INCLUSIÓN SOCIAL;Vivienda;Vivienda para personas en situación de vulnerabilidad;FAMILIAS: 6;42.344952406461694;-3.695579142931938;ELENA URDANETA ARTOLA;42.344952406461694, -3.695579142931938
VITALIA BURGOS (CENTRO RESIDENCIAL);2023-05-15;CALLE SIERVAS DE JESUS 19;09;09059;BURGOS;BURGOS;09001;BURGOS - SAN PEDRO Y SAN FELICES;947 740303;;091474;VITALIA HOME S.L.U.;;SOCIEDADES;notificaciones@vitaliaplus.es;;PERSONAS MAYORES;Residencia;Para asistidos;ASISTIDOS: 124;42.3348455;-3.711593399999999;JOSÉ RAMÓN VALLE  PÉREZ;42.3348455, -3.711593399999999
HOGAR DE SOCIALIZACION LA SENDA;2025-03-04;CALLE DEL ENDRINAL, Nº 45 (VILLATORO);09;09059;BURGOS;VILLATORO;09006;BURGOS - RÍO VENA;949 265191;;090678;FUNDACIÓN SALUD Y COMUNIDAD;;FUNDACIÓN;;;INFANCIA (Y JUVENTUD);Centros de Menores Infractores;Centros de intervención educativa;OTROS: 8;42.3762771;-3.6965876;Pedro Luis Alegre Ruiz;42.3762771, -3.6965876
VIVIENDA PARA PERSONAS CON AUTISMO LOS ROSALES;2023-11-07;CALLE POZA (VILLIMAR) 60;09;09059;BURGOS;VILLIMAR;09007;BURGOS - GAMONAL I - LAS TORRES;947 461243;947 461245;091308;ASOCIACIÓN DE PADRES DE PERSONAS CON AUTISMO;;ASOCIACIÓN;autismoburgos@autismoburgos.org;;PERSONAS CON DISCAPACIDAD;Vivienda;Personas con discapacidad por trastorno del espectro del autismo;OTROS: 8;42.3697575;-3.6527196;ALBA RUTH MATIN DIEZ-ANDINO;42.3697575, -3.6527196
RESIDENCIA CASA RURAL PARA LAS PERSONAS MAYORES;2024-04-12;AVENIDA ANDRES DE CEREZO, Nº 57;09;09098;BURGOS;CEREZO DE RIOTIRON;09270;BELORADO;947 583326;;090282;"FUNDACIÓN ""SAN VITORES""";;FUNDACIÓN;residencia@cerezoderiotiron.es;;PERSONAS MAYORES;Residencia;Para asistidos;ASISTIDOS: 20;42.49024;-3.1384;IDOYA ROJO RIAÑO;42.49024, -3.1384
RESIDENCIA VILLA BIZI;2026-03-09;CARRETERA DE VITORIA 3;09;09109;BURGOS;UZQUIANO;09217;MIRANDA DE EBRO RURAL - CONDADO DE TREVIÑO;947 640145;;091571;PROMOCIONES ULANZO,S.L.;;SOCIEDADES;info@villabizi.com;;PERSONAS MAYORES;Residencia;Para asistidos;DEPENDIENTES: 24;;;VERONICA FERNANDEZ MELENDEZ;
CENTRO MULTISERVICIOS SAN ISIDRO LABRADOR. UNIDAD DE ATENCION SOCIAL.;2020-10-14;CALLE REAL , 48;09;09151;BURGOS;GUMIEL DE IZAN;09370;ARANDA DE DUERO RURAL;947 544111;947 544308;090878;AYUNTAMIENTO DE GUMIEL DE IZÁN;;ADMINISTRACIÓN LOCAL;ayuntamientogumieldeizan@gmail.com;;PERSONAS MAYORES;Centro de día;Hogar (Unidad de atención social);;41.7002083;-3.6638041;Jesús Briones Ontoria;41.7002083, -3.6638041
RESIDENCIA DE PERSONAS MAYORES NTRA. SRA. DEL ROSARIO;2024-02-20;AVENIDA VIRGEN (LA) S/N;09;09209;BURGOS;MEDINA DE POMAR;09500;MEDINA DE POMAR - TRESPADERNE;947 147205;947 601600013;090093;FUNDACIÓN HOSPITAL ASILO NUESTRA SEÑORA DEL ROSARIO;;FUNDACIÓN;info@residenciadelrosario.com;;PERSONAS MAYORES;Residencia;Para asistidos;ASISTIDOS: 68;;;MARIA OCHOA MARTINEZ;
CENTRO DE DÍA MULTISERVICIOS ZORITA-EL TRÉBOL.;2025-01-14;CALLE CERVANTES 1;09;09211;BURGOS;MELGAR DE FERNAMENTAL;09100;MELGAR DE FERNAMENTAL;947 373755;;090121;FUNDACIÓN CONDE FERNÁN ARMENTALEZ;;FUNDACIÓN;fundacion@fundacioncfamelgar.es;;PERSONAS CON DISCAPACIDAD;Centro de día;Personas con discapacidad por trastorno del desarrollo intelectual;DISCAPACIDAD INTELECTUAL: 99;42.4017533;-4.244533;ELOISA QUIROGAS CRESPO;42.4017533, -4.244533
RESIDENCIA DE PERSONAS MAYORES DE MIRANDA DE EBRO (D. FRANCISCO HURTADO DE MENDOZA Y Dª MARIA MARDONES);2025-11-04;CALLE SAN FRANCISCO Nº 19-20;09;09219;BURGOS;MIRANDA DE EBRO;09200;MIRANDA DE EBRO - OESTE;947 347830;;090277;GERENCIA DE SERVICIOS SOCIALES DE CASTILLA Y LEÓN;;ADMINISTRACIÓN AUTONÓMICA;belen.delnido@jcyl.es;;PERSONAS MAYORES;Residencia;Para asistidos;ASISTIDOS: 191;42.6814644;-2.9523094;BELÉN DEL NIDO ADONES;42.6814644, -2.9523094
CENTRO DE DIA PARA MENORES;2023-03-03;CALLE ALAVA , 6 - BAJO DERECHA;09;09219;BURGOS;MIRANDA DE EBRO;09200;MIRANDA DE EBRO - OESTE;947 349119;;090763;AYUNTAMIENTO DE MIRANDA DE EBRO;CRUZ ROJA ESPAÑOLA;ADMINISTRACIÓN LOCAL;juanceas@mirandadeebro.es;;INFANCIA (Y JUVENTUD);Centro de día;Centro de día;OTROS: 12;;;FERNANDO CAMPO CRESPO;
CENTRO DE DIA GRAVEMENTE AFECTADOS;2025-08-12;CALLE VICENTE ALEIXANDRE 5 -BAJO;09;09219;BURGOS;MIRANDA DE EBRO;09200;MIRANDA DE EBRO - ESTE;947 332355;;090741;AYUNTAMIENTO DE MIRANDA DE EBRO;ASPODEMI. ASOCIACION  DE PADRES Y FAMILIARES  DE PERSONAS CON DISCAPACIDAD INTELECTUAL DE  MIRANDA DE EBRO;ADMINISTRACIÓN LOCAL;secretaria@aspodemi.es;;PERSONAS CON DISCAPACIDAD;Centro de día;Personas con discapacidad por trastorno del desarrollo intelectual;OTROS: 8;42.6880116;-2.9393688;VIRGINIA IBAÑEZ VILLAR;42.6880116, -2.9393688
CENTRO SOCIOCULTURAL DE MAYORES;2025-04-29;CALLE ALMACENES 20-22-24;09;09219;BURGOS;MIRANDA DE EBRO;09200;MIRANDA DE EBRO - ESTE;947 336088;;090403;AYUNTAMIENTO DE MIRANDA DE EBRO;;ADMINISTRACIÓN LOCAL;;;PERSONAS MAYORES;Centro de día;Hogar (Unidad de atención social);;;;JUAN FRANCISCO HERNANDEZ GRANADO;
CENTRO OCUPACIONAL NUEVO HORIZONTE;2023-03-03;CALLE ALMACENES 18-20;09;09219;BURGOS;MIRANDA DE EBRO;09200;MIRANDA DE EBRO - ESTE;947 312801;947 312801;090572;ASOCIACIÓN DE AYUDA A PERSONAS CON ENFERMEDAD MENTAL DE MIRANDA DE EBRO- FEAFES MIRANDA-ASAYEME;;ASOCIACIÓN;;;PERSONAS CON DISCAPACIDAD;Centro de día;Personas con discapacidad por enfermedad mental;OTROS: 25;42.6884351;-2.9471973;SERGIO BUJO GARCIA;42.6884351, -2.9471973
CENTRO RESIDENCIAL VITAL;2022-07-13;CALLE SAN AGUSTIN 8 A Y 8 B;09;09219;BURGOS;MIRANDA DE EBRO;09200;MIRANDA DE EBRO - OESTE;947 656940;;091129;CENTRO ASISTENCIAL SAN NICOLAS, SL;;SOCIEDADES;Administracion@crvital.com;;PERSONAS MAYORES;Residencia;Para asistidos;ASISTIDOS: 55;42.6850412;-2.9465041;Oscar Soto Ruiz de Larramendi;42.6850412, -2.9465041
RESIDENCIA DE PERSONAS MAYORES SAN MIGUEL DEL MONTE;2024-02-20;CARRETERA TIRGO KM 5;09;09219;BURGOS;MIRANDA DE EBRO;09200;MIRANDA DE EBRO - OESTE;947 566050;947 947258623;090148;DIPUTACIÓN PROVINCIAL DE BURGOS;;ADMINISTRACIÓN LOCAL;bsocial@diputaciondeburgos.es;;PERSONAS MAYORES;Residencia;Para asistidos;ASISTIDOS: 103;;;ISAAC PUEBLA MAESTU;
"RESIDENCIA DE PERSONAS MAYORES ""CIUDAD DE MIRANDA""";2023-03-03;CARRETERA ORON Nº 67;09;09219;BURGOS;MIRANDA DE EBRO;09200;MIRANDA DE EBRO - ESTE;947 347270;;090506;RESIDENCIA CIUDAD DE MIRANDA S.L.;;SOCIEDADES;ciudaddemiranda@telefonica.net;;PERSONAS MAYORES;Residencia;Para asistidos;ASISTIDOS: 120;42.6771885;-2.9702525;NATALIA GARCÍA GUTÍERREZ;42.6771885, -2.9702525
RESIDENCIA SAN DIONISIO II (FUNDACION ZALDO);2022-08-23;CALLE SAGRADA FAMILIA 45A;09;09274;BURGOS;PRADOLUENGO;09260;BELORADO;947 586022;;091247;FUNDACIÓN RESIDENCIA DE ANCIANOS SAN DIONISIO;;FUNDACIÓN;resisandionisio@movistar.es;;PERSONAS MAYORES;Residencia;Para asistidos;ASISTIDOS: 32;42.3262974;-3.2057367;ENRIQUE HERNANDO ABAD;42.3262974, -3.2057367
RESIDENCIA DE PERSONAS MAYORES DE ROA;2022-10-19;CALLE ZACARIAS DELGADO 1;09;09321;BURGOS;ROA DE DUERO;09300;ROA DE DUERO;947 540567;947 541827;090006;FUNDACIÓN RAUDENSE DE TERCERA EDAD;;FUNDACIÓN;residenciaroa@terra.es;;PERSONAS MAYORES;Residencia;Para asistidos;ASISTIDOS: 50;41.6943481;-3.933329;JORGE SAINZ ALAS;41.6943481, -3.933329
RESIDENCIA DE PERSONAS MAYORES SANTA MARIA LA MAYOR;2024-03-07;AVENIDA DE LA ESTACION Nº 11;09;09330;BURGOS;SALAS DE LOS INFANTES;09600;SALAS DE LOS INFANTES;947 380750;947 616543883;090091;FUNDACIÓN PATRONATO SANTA MARÍA LA MAYOR;;FUNDACIÓN;patronato.s.mar@gmail.com;;PERSONAS MAYORES;Residencia;Para asistidos;ASISTIDOS: 49;42.0204597;-3.2880841;ROCIO DELGADO LACALLE;42.0204597, -3.2880841
CENTRO OCUPACIONAL SALAS DE LOS INFANTES (ASPANIAS);2026-03-14;AVENIDA GENERAL YAGÜE, Nº 26;09;09330;BURGOS;SALAS DE LOS INFANTES;09600;SALAS DE LOS INFANTES;947 380240;947 238513;090030;FUNDACIÓN ASPANIAS BURGOS;;FUNDACIÓN;;;PERSONAS CON DISCAPACIDAD;Centro de día;Personas con discapacidad por trastorno del desarrollo intelectual;OTROS: 46;42.018794;-3.2889999;LAURA RICA ROBLES;42.018794, -3.2889999
RESIDENCIA VIRGEN DEL CARMEN DE TRESPADERNE;2024-05-22;PARAJE DE LOS ROYALES S/N;09;09394;BURGOS;TRESPADERNE;09540;MEDINA DE POMAR - TRESPADERNE;947 304012;947 620998681;090691;FUNDACIÓN VIRGEN DEL CARMEN SAN LUIS Y SAN JOSÉ;EXPLOTACIONES GERIATRICAS VIRGEN DEL CARMEN, SL;FUNDACIÓN;info@residenciatrespaderne.es;;PERSONAS MAYORES;Residencia;Para asistidos;ASISTIDOS: 68;;;JUAN CLEMENTE BUSTAMANTE GARCÍA;
RESIDENCIA PUERTA DE MENA;2026-02-13;VILLARCAYO-BILBAO, S/Nº - PARCELA 1645 Nº 6;09;09410;BURGOS;MALTRANA;09585;ESPINOSA DE LOS MONTEROS - VALLE DE MENA;680 776333;;091103;CLECE MAYORES, SLU;;SOCIEDADES;notificaciones.noroeste@clece.es;;PERSONAS MAYORES;Residencia;Para asistidos;ASISTIDOS: 43;;;RAQUEL ENRIQUEZ PARRIEGO;
RESIDENCIA SAN VICENTE;2024-04-26;CARRETERA LEZANA S/N;09;09410;BURGOS;SOPEÑANO;09589;ESPINOSA DE LOS MONTEROS - VALLE DE MENA;947 126333;;090145;GESALUD MENA S.L.;;SOCIEDADES;resisanvicente@hotmail.es;;PERSONAS MAYORES;Residencia;Mixta para válidos y asistidos;ASISTIDOS: 20, VÁLIDOS: 2;43.0808492;-3.3441154;VERONICA VARELA MENDOZA;43.0808492, -3.3441154
VIVIENDA TUTELADA ASAMIMER;2024-10-15;CALLE OBRAS PUBLICAS 5 4ºD;09;09903;BURGOS;VILLARCAYO;09550;VILLARCAYO;947 131638;;090156;ASOCIACIÓN PARA AYUDA A PERSONAS CON DISCAPACIDAD DE LA ZONA NORTE DE BURGOS, COMARCA DE LAS MERINDADES (ASAMIMER);;ASOCIACIÓN;administracion@asamimer.org;;PERSONAS CON DISCAPACIDAD;Vivienda;Personas con disc. física, sensorial, por trastorno del desarrollo intelectual y/o por enfer. mental;OTROS: 5;42.93739;-3.57154;NURIA ORTIZ LÓPEZ;42.93739, -3.57154
RESIDENCIAL SANTA MARINA;2025-02-10;AVENIDA ALEMANIA 3;09;09903;BURGOS;VILLARCAYO;09550;VILLARCAYO;947 130460;;090971;HOTEL RESTAURANTE LA RUBIA, SL;GERONTO VILLA, SL;SOCIEDADES;info@residenciavillarcayo.es;;PERSONAS MAYORES;Residencia;Para asistidos;ASISTIDOS: 47;42.9384699;-3.5712221;FRANCISCO JAVIER CHACON RODRIGUEZ;42.9384699, -3.5712221
RESIDENCIA-HOGAR ASISTENCIAL ASPANIAS-QUINTANADUEÑAS;2026-03-14;CARRETERA BURGOS KM. 4'3;09;09907;BURGOS;QUINTANADUEÑAS;09197;BURGOS RURAL - NORTE;947 298200;;090031;FUNDACIÓN ASPANIAS BURGOS;;FUNDACIÓN;;;PERSONAS CON DISCAPACIDAD;Residencia;Personas con discapacidad por trastorno del desarrollo intelectual;OTROS: 57;;;MARIA OCIO SAN MIGUEL;
RESIDENCIA DE MAYORES S. FRANCISCO DE ASIS;2020-09-14;CARRETERA SANTA COLOMBA KM. 1;24;24008;LEON;ASTORGA;24700;ASTORGA;987 615500;;240008;FRANCISCANAS DE NUESTRA SEÑORA DEL BUEN CONSEJO;;INSTITUCIONES, ÓRDENES, CONGREGACIONES RELIGIOSAS Y SIMILARES;fbconsejo@rsfastorga.e.telefonica.net;;PERSONAS MAYORES;Residencia;Para asistidos;ASISTIDOS: 49;42.4589013;-6.0635263;Mª ISABEL SANZ TOQUERO;42.4589013, -6.0635263
RESIDENCIA PARA PERSONAS CON DISCAPACIDAD  SANTA MARÍA MADRE DE LA IGLESIA- COSAMAI;2023-11-03;CARRETERA SANABRIA Nº 6;24;24008;LEON;ASTORGA;24700;ASTORGA;987 615976;987 602377;240900;DIPUTACIÓN PROVINCIAL DE LEÓN;;ADMINISTRACIÓN LOCAL;;;PERSONAS CON DISCAPACIDAD;Residencia;Personas con discapacidad por trastorno del desarrollo intelectual;OTROS: 115;42.4552986;-6.061270899999999;FELIPE NUÑEZ GARCÍA;42.4552986, -6.061270899999999
CENTRO OCUPACIONAL COSAMAI;2025-09-01;CARRETERA SANABRIA Nº 34;24;24008;LEON;ASTORGA;24700;ASTORGA;987 615976;;241550;DIPUTACIÓN PROVINCIAL DE LEÓN;;ADMINISTRACIÓN LOCAL;felipe.nunez@dipuleon.es;;PERSONAS CON DISCAPACIDAD;Centro de día;Personas con discapacidad por trastorno del desarrollo intelectual;OTROS: 145;42.4515632;-6.0639069;MARIO SUÁREZ CORONA;42.4515632, -6.0639069
CENTRO SOCIAL LAS CINCO LLAGAS;2009-12-09;CALLE PUERTA SOL 2;24;24008;LEON;ASTORGA;24700;ASTORGA;987 602870;987 603011;240005;CARITAS DIOCESANA DE ASTORGA;;INSTITUCIONES, ÓRDENES, CONGREGACIONES RELIGIOSAS Y SIMILARES;lascincollagas@hotmail.es;;PERSONAS CON DISCAPACIDAD;Residencia;Personas con discapacidad física;OTROS: 44;42.453131;-6.0509634;JULIO FRANCISCO MOURELO VARA;42.453131, -6.0509634
CENTRO DE ESTANCIAS DIURNAS;2024-04-15;PLAZA SANTA COLOMBA S/N;24;24008;LEON;ASTORGA;24700;ASTORGA;987 602554;987 602554;240762;ASOCIACION DE FAMILIARES DE ENFERMOS ALZHEIMER DE ASTORGA;;ASOCIACIÓN;afaastorga@wanadoo.es;;PERSONAS MAYORES;Centro de día;Estancias diurnas para enfermos de Alzheimer;ASISTIDOS: 25;42.4577674;-6.052286;María José Martínez Palacios;42.4577674, -6.052286
RESIDENCIA DE PERSONAS MAYORES VEGA DEL ORBIGO;2022-11-07;CALLE DON PEDRO EL OCULISTA Nº 99;24;24010;LEON;BAÑEZA (LA);24750;LA BAÑEZA;987 641508;;240375;ZUCERESA, S.L.;;SOCIEDADES;vegadelorbigo@hotmail.com;;PERSONAS MAYORES;Residencia;Para asistidos;ASISTIDOS: 28;42.2928108;-5.8894109;M TERESA RODRIGUEZ GANGOSO;42.2928108, -5.8894109
VIVIENDA PARA PERSONAS CON DISCAPACIDAD PSIQUICA PASARELA I;2023-10-31;CARRETERA MADRID KM. 303 -1º IZDA;24;24010;LEON;BAÑEZA (LA);24750;LA BAÑEZA;987 580112;;240631;HOGAR SAN FRANCISCO-PASARELA S.L.;;SOCIEDADES;hogarsanfrancisco@yahoo.es;;PERSONAS CON DISCAPACIDAD;Vivienda;Personas con discapacidad por enfermedad mental;OTROS: 8;;;DAVID MARTÍNEZ ARIAS;
VIVIENDA PARA PERSONAS CON DISCAPACIDAD PSIQUICA PASARELA III;2023-10-31;CARRETERA MADRID KM. 303-2º DCHA.;24;24010;LEON;BAÑEZA (LA);24750;LA BAÑEZA;987 580112;;240633;HOGAR SAN FRANCISCO-PASARELA S.L.;;SOCIEDADES;hogarsanfrancisco@yahoo.es;;PERSONAS CON DISCAPACIDAD;Vivienda;Personas con discapacidad por enfermedad mental;OTROS: 7;;;DAVID MARTÍNEZ ARIAS;
CENTRO DE DIA PASARELA SALUD MENTAL;2023-03-03;CARRETERA MADRID-CORUÑA KM.303 104 BAJO;24;24010;LEON;BAÑEZA (LA);24750;LA BAÑEZA;627 417105;;241686;HOGAR SAN FRANCISCO-PASARELA S.L.;;SOCIEDADES;pasarela@pasarelasaludmental.com;;PERSONAS CON DISCAPACIDAD;Centro de día;Personas con discapacidad por enfermedad mental;OTROS: 40;42.3059702;-5.9020809;DAVID MARTINEZ ARIAS;42.3059702, -5.9020809
CENTRO DE DÍA LOS MAYOS- LA BAÑEZA;2022-11-07;PLAZA FRANCISCO DE QUEVEDO  Nº 3, BAJO;24;24010;LEON;BAÑEZA (LA);24750;LA BAÑEZA;987 795956;;241388;LOS MAYOS SERVICIOS SOCIALES, S.L.;;SOCIEDADES;administración@losmayos.es;;PERSONAS MAYORES;Centro de día;Estancias diurnas;ASISTIDOS: 45;42.30354519999999;-5.8963733;Azucena Martínez Rodríguez;42.30354519999999, -5.8963733
CENTRO DE DÍA PARA PERSONAS MAYORES DE BEMBIBRE;2020-12-04;CALLE SANTO (EL) S/N;24;24014;LEON;BEMBIBRE;24300;BEMBIBRE;987 510458;;240067;GERENCIA DE SERVICIOS SOCIALES DE CASTILLA Y LEÓN;;ADMINISTRACIÓN AUTONÓMICA;;;PERSONAS MAYORES;Centro de día;Hogar (Unidad de atención social);;42.6145739;-6.4130704;FATIMA LORENZANA RAMOS;42.6145739, -6.4130704
RESIDENCIA DE PERSONAS MAYORES EL SANTO;2024-05-08;CALLE SIRO ALONSO DE LA HUERTA Nº 24;24;24014;LEON;BEMBIBRE;24300;BEMBIBRE;987 511834;;240034;AYUNTAMIENTO DE BEMBIBRE;;ADMINISTRACIÓN LOCAL;direccion@residenciaelsanto.es;;PERSONAS MAYORES;Residencia;Para asistidos;ASISTIDOS: 113;42.6146185;-6.4120149;Mª BEGOÑA MARTIN-MATEOS BLANCO;42.6146185, -6.4120149
VIVIENDA TUTELAR CAMPOLAR VIVENCIAL;2022-11-07;CALLE AQUIANA  Nº 7 ENTREPLANTA;24;24014;LEON;BEMBIBRE;24300;BEMBIBRE;987 512227;;241384;CENTRO RESIDENCIAL ALTO BIERZO S.L.;;SOCIEDADES;;;PERSONAS CON DISCAPACIDAD;Vivienda;Personas con disc. física, sensorial, por trastorno del desarrollo intelectual y/o por enfer. mental;OTROS: 5;42.6190601;-6.4231129;Mª LUZ GARCÍA GONZÁLEZ;42.6190601, -6.4231129
"CENTRO DE DÍA PARA PERSONAS CON DISCAPCIDAD PSÍQUICA  GRAVE  ""SAN ZACARIAS""";2025-09-04;CALLE ERA (LA) 16;24;24031;LEON;CALZADA DEL COTO;24342;SAHAGÚN DE CAMPOS;987 246644;;240744;ASOCIACIÓN PROTECTORA DE PERSONAS CON DISCAPACIDAD INTELECTUAL (ASPRONA-LEÓN);;ASOCIACIÓN;gerencia@asprona-leon.es;;PERSONAS CON DISCAPACIDAD;Centro de día;Personas con discapacidad por trastorno del desarrollo intelectual;OTROS: 3;42.387572782407936;-5.079217945880669;PEDRO BARRIO SANTOS;42.387572782407936, -5.079217945880669
RESIDENCIA DE PERSONAS MAYORES EN CASTROCONTRIGO;2026-03-19;CALLE PUENTE (EL) Nº 65;24;24047;LEON;CASTROCONTRIGO;24735;LA CABRERA;987 100260;;241203;JUNTA VECINAL DE CASTROCONTRIGO;ARALIA SERVICIOS SOCIOSANITARIOS S.A.;ADMINISTRACIÓN LOCAL;mdominguez@araliaservicios.es;;PERSONAS MAYORES;Residencia;Para asistidos;ASISTIDOS: 24;;;ANDREA GUTIÉRREZ RUBIO;
CENTRO DE DÍA PARA PERSONAS MAYORES DE CISTIERNA;2020-12-04;PLAZA ESPAÑA 10;24;24056;LEON;CISTIERNA;24800;CISTIERNA;987 701225;;240066;GERENCIA DE SERVICIOS SOCIALES DE CASTILLA Y LEÓN;;ADMINISTRACIÓN AUTONÓMICA;;;PERSONAS MAYORES;Centro de día;Hogar (Unidad de atención social);;42.7900698;-5.1093139;AQUILINO CASTRO URDIALES;42.7900698, -5.1093139
"TALLER OCUPACIONAL ""REDIMORA""";2025-11-03;TRAVESÍA FRAY GERUNDIO DE CAMPAZAS S/N;24;24056;LEON;CISTIERNA;24800;CISTIERNA;987 701027;;240147;AYUNTAMIENTO DE CISTIERNA;ASOCIACIÓN PROTECTORA DE PERSONAS CON DISCAPACIDAD INTELECTUAL (ASPRONA-LEÓN);ADMINISTRACIÓN LOCAL;;;PERSONAS CON DISCAPACIDAD;Centro de día;Personas con discapacidad por trastorno del desarrollo intelectual;OTROS: 20;42.8044747;-5.1272941;MARÍA MORENO FERNÁNDEZ;42.8044747, -5.1272941
RESIDENCIA EL CARMEN;2026-03-13;AVENIDA ROBLA (LA) 61;24;24061;LEON;LORENZANA;24122;ZONA I - SAN ANDRÉS DEL RABANEDO;987 577033;;241175;FERMA EL CARMEN, S.L.;;SOCIEDADES;residenciaelcarmenlorenzana@gmail.com;;PERSONAS MAYORES;Residencia;Para asistidos;ASISTIDOS: 44;;;MARIA ÁNGELES MORÁN SASTRE;
RESIDENCIA PERSONAS MAYORES DE LORENZANA;2023-03-10;CARRETERA CABOALLES 91;24;24061;LEON;LORENZANA;24122;LA MAGDALENA;987 580023;;240082;GRUPO RESIDENCIAS LORENZANA S.L.;;SOCIEDADES;info@residenciaslorenzana.com;;PERSONAS MAYORES;Residencia;Para asistidos;ASISTIDOS: 44;42.6706943;-5.6356703;ANA PATRICIA FÉRNANDEZ PÉREZ;42.6706943, -5.6356703
RESIDENCIA RIO SIL;2025-05-27;CALLE CASCALLARES (LOS) 4;24;24064;LEON;CUBILLOS DEL SIL;24492;TORENO;987 411258;;241864;ARISOLIS AMBIENTAL S.L.;;SOCIEDADES;admon@lasencinassg.com;;PERSONAS MAYORES;Residencia;Para asistidos;DEPENDIENTES: 138;42.6205899619048;-6.57773862400543;MARIA MONTSERRAT GONZÁLEZ FERNÁNDEZ;42.6205899619048, -6.57773862400543
RESIDENCIA PERSONAS MAYORES EDAD DE ORO;2024-04-08;CALLE SAN JUAN S/N.;24;24065;LEON;VILLAR DE MAZARIFE;24392;LEÓN II - VALVERDE DE LA VIRGEN;987 306048;;240032;EDAD DE ORO, S.L.;;SOCIEDADES;direccion@edaddeoro.es;;PERSONAS MAYORES;Residencia;Para asistidos;ASISTIDOS: 103;;;RAQUEL PEREZ GARCIA;
RESIDENCIA GERIATRICA SAN BLAS;2026-01-27;CALLE ANCARES (LOS) 1;24;24070;LEON;FABERO;24420;FABERO;987 550977;;240206;AYUNTAMIENTO DE FABERO;GERIÁTRICO SAN  BLAS S.L.;ADMINISTRACIÓN LOCAL;contacto@geriatricosanblas.es;www.geriatricosanblas.es;PERSONAS MAYORES;Residencia;Para asistidos;ASISTIDOS: 76;;;MARINA TEJERA LAMELAS;
HOGAR DE PERSONAS MAYORES DE FRESNO DE LA VEGA;2020-10-14;PLAZA IGLESIA (LA) S/N;24;24073;LEON;FRESNO DE LA VEGA;24223;VALENCIA DE DON JUAN;987 770145;;240044;ASOCIACION HOGAR DE TERCERA EDAD DE FRESNO DE LA VEGA;;ASOCIACIÓN;;;PERSONAS MAYORES;Centro de día;Hogar (Unidad de atención social);;42.3453281;-5.5338796;POMPEYO FERNANDEZ FERNANDEZ;42.3453281, -5.5338796
RESIDENCIA DE PERSONAS MAYORES DE LEÓN;2025-10-17;AVENIDA PORTUGAL 10;24;24089;LEON;LEON;24009;LEÓN - ARMUNIA;987 202011;;240070;GERENCIA DE SERVICIOS SOCIALES DE CASTILLA Y LEÓN;;ADMINISTRACIÓN AUTONÓMICA;;;PERSONAS MAYORES;Residencia;Para asistidos;DEPENDIENTES: 161;42.584865726994785;-5.584004183901155;PURIFICACIÓN DOMINGUEZ ALVAREZ;42.584865726994785, -5.584004183901155
CASA ACOGIDA LEONESA DE CARIDAD;2023-09-27;S/C;24;24089;LEON;LEON;24000;ZDESCONOCIDO;;;240031;ASOCIACIÓN LEONESA DE CARIDAD;;ASOCIACIÓN;;;MUJER;Vivienda;Casa de acogida mujeres maltratadas;OTROS: 13;;;;
RESIDENCIA DE PERSONAS MAYORES SANTA LUISA;2022-10-25;AVENIDA ASTURIAS REGIMIENTO ALMANSA S/N;24;24089;LEON;LEON;24008;LEÓN - MARIANO ANDRÉS;987 226850;;240177;DIPUTACIÓN PROVINCIAL DE LEÓN;;ADMINISTRACIÓN LOCAL;direccion.santaluisa@dipuleon.es;;PERSONAS MAYORES;Residencia;Para asistidos;ASISTIDOS: 94;42.5998764;-5.571752;FRANCISCO BLANCO BARREDO;42.5998764, -5.571752
CENTRO DE DÍA LA LUZ;2026-03-14;CARRETERA CARBAJAL 2084;24;24089;LEON;LEON;24008;LEÓN - MARIANO ANDRÉS;987 875194;987 987875194;240146;ASOCIACIÓN LEONESA DE ATENCIÓN A PERSONAS AFECTADAS DE PARÁLISIS CEREBRAL (ASPACE-LEÓN);;ASOCIACIÓN;ayl@aspaceleon.org;;PERSONAS CON DISCAPACIDAD;Centro de día;Personas con discapacidad por trastorno del desarrollo intelectual;OTROS: 56;42.60897196150055;-5.580605289607479;CRISTINA GARCIA GONZÁLEZ;42.60897196150055, -5.580605289607479
"CENTRO OCUPACIONAL "" SAN LORENZO""";2025-11-14;PLAZA SAN LORENZO Nº 11;24;24089;LEON;LEON;24008;LEÓN - SAN MAMÉS;987 179220;;240967;ASOCIACIÓN LEONESA DE ATENCIÓN A PERSONAS AFECTADAS DE PARÁLISIS CEREBRAL (ASPACE-LEÓN);;ASOCIACIÓN;sfidalgo@aspaceleon.org;;PERSONAS CON DISCAPACIDAD;Centro de día;Personas con discapacidad por trastorno del desarrollo intelectual;OTROS: 10;42.6019604;-5.5651476;Susana Fidalgo Bajo;42.6019604, -5.5651476
RESIDENCIA SAN FROILAN;2026-02-14;CARRETERA CARBAJAL S/N;24;24089;LEON;LEON;24008;LEÓN - MARIANO ANDRÉS;987 875194;;240153;ASOCIACIÓN LEONESA DE ATENCIÓN A PERSONAS AFECTADAS DE PARÁLISIS CEREBRAL (ASPACE-LEÓN);;ASOCIACIÓN;residencias@aspaceleon.org;;PERSONAS CON DISCAPACIDAD;Residencia;Personas con discapacidad por trastorno del desarrollo intelectual;OTROS: 36;;;Carmen Fernández-Reinante Salvatierra;
CENTRO DE DÍA CHAKIS;2026-02-14;CALLE PABLO IGLESIAS 6;24;24089;LEON;LEON;24008;LEÓN - MARIANO ANDRÉS;987 246644;;240501;ASOCIACIÓN PROTECTORA DE PERSONAS CON DISCAPACIDAD INTELECTUAL (ASPRONA-LEÓN);;ASOCIACIÓN;sanbenitomenni@hotmail.com;;PERSONAS CON DISCAPACIDAD;Centro de día;Personas con discapacidad por trastorno del desarrollo intelectual;OTROS: 30;42.61234074498565;-5.589646161510231;DARIA GARCIA CAMPOS;42.61234074498565, -5.589646161510231
PISO FERNANDEZ PEÑA;2026-02-14;CALLE ANTONIO VAZQUEZ 17-1º A;24;24089;LEON;LEON;24005;LEÓN - PUENTE CASTRO;987 246644;;240935;ASOCIACIÓN PROTECTORA DE PERSONAS CON DISCAPACIDAD INTELECTUAL (ASPRONA-LEÓN);;ASOCIACIÓN;;;PERSONAS CON DISCAPACIDAD;Vivienda;Personas con disc. física, sensorial, por trastorno del desarrollo intelectual y/o por enfer. mental;OTROS: 7;42.58672019999999;-5.5623489;JORGE GARCÍA MARTÍNEZ;42.58672019999999, -5.5623489
PISO 2 PUERTA LA LASTRA;2026-02-14;AVENIDA JOSE AGUADO 25 - 1ºB;24;24089;LEON;LEON;24005;LEÓN - PUENTE CASTRO;987 246607;;240834;ASOCIACIÓN PROTECTORA DE PERSONAS CON DISCAPACIDAD INTELECTUAL (ASPRONA-LEÓN);;ASOCIACIÓN;;;PERSONAS CON DISCAPACIDAD;Vivienda;Personas con discapacidad por trastorno del desarrollo intelectual leve o moderado;OTROS: 8;42.59046569195541;-5.5652642860907084;JORGE GARCÍA MARTÍNEZ;42.59046569195541, -5.5652642860907084
VIVIENDA HUERTA LOZANO;2025-02-27;CALLE PERIODISTA LAMPARILLA 2;24;24089;LEON;LEON;24009;LEÓN - ARMUNIA;987 246644;;241842;ASOCIACIÓN PROTECTORA DE PERSONAS CON DISCAPACIDAD INTELECTUAL (ASPRONA-LEÓN);;ASOCIACIÓN;jorgegm@asprona-leon.es;;PERSONAS CON DISCAPACIDAD;Vivienda;Personas con discapacidad por trastorno del desarrollo intelectual leve o moderado;OTROS: 6;42.5814404;-5.5858804;JORGE GARCÍA MARTÍNEZ;42.5814404, -5.5858804
CENTRO DE DÍA MULTIACTIVIDAD FORMAS;2024-12-27;CALLE CABRERA 4;24;24089;LEON;LEON;24010;LEÓN - EL CRUCERO-LA VEGA;987 246644;987 661697603;241966;ASOCIACIÓN PROTECTORA DE PERSONAS CON DISCAPACIDAD INTELECTUAL (ASPRONA-LEÓN);;ASOCIACIÓN;GERENCIA@ASPRONA-LEON.ES;;PERSONAS CON DISCAPACIDAD;Centro de día;Centro de día multiactividad/ personas con discapacidad por transtorno del desarrollo intelectual;DISCAPACIDAD INTELECTUAL: 30;42.6040332;-5.587761;;42.6040332, -5.587761
RESIDENCIA PERSONAS MAYORES VIRGEN DEL CAMINO;2025-02-28;AVENIDA SAN MAMES 8;24;24089;LEON;LEON;24007;LEÓN - SAN MAMÉS;987 225582;;240182;AYUNTAMIENTO DE LEÓN;;ADMINISTRACIÓN LOCAL;paz.bravo@aytoleon.es;;PERSONAS MAYORES;Residencia;Mixta para válidos y asistidos;ASISTIDOS: 42, VÁLIDOS: 39;42.6042498;-5.569900899999999;MARIA PAZ BRAVO GONZÁLEZ;42.6042498, -5.569900899999999
CENTRO DE MAYORES PUENTE CASTRO-UNIDAD DE ATENCIÓN SOCIAL;2023-03-03;CALLE FLECHA (LA) S/N;24;24089;LEON;LEON;24071;LEÓN - PUENTE CASTRO;;;241192;AYUNTAMIENTO DE LEÓN;;ADMINISTRACIÓN LOCAL;;;PERSONAS MAYORES;Centro de día;Hogar (Unidad de atención social);;42.5780745;-5.5586441;JOSE LUIS RUBIO;42.5780745, -5.5586441
VIVIENDA SUPERVISADA - C/ MONASTERIO;2024-12-14;CALLE MONASTERIO 4 4ºB;24;24089;LEON;LEON;24004;LEÓN - CENTRO;987 210126;987 006061;240874;ASOCIACIÓN LEONESA DE FAMILIARES Y AMIGOS DE ENFERMOS MENTALES - ALFAEM;;ASOCIACIÓN;gerencia@alfaem.org;;PERSONAS CON DISCAPACIDAD;Vivienda;Personas con discapacidad por enfermedad mental;OTROS: 4;42.59255;-5.572979999999999;CARLOS MOUTA FERNANDEZ;42.59255, -5.572979999999999
CENTRO RESIDENCIAL ALFAEM PARA PERSONAS CON ENFERMEDAD MENTAL;2024-10-15;CALLE CARDENAL TORQUEMADA Nº 20;24;24089;LEON;LEON;24008;LEÓN - MARIANO ANDRÉS;987 228996;;241357;ASOCIACIÓN LEONESA DE FAMILIARES Y AMIGOS DE ENFERMOS MENTALES - ALFAEM;;ASOCIACIÓN;fundacion@alfaem.org;;PERSONAS CON DISCAPACIDAD;Residencia;Personas con discapacidad por enfermedad mental;OTROS: 44;42.6114387;-5.574621200000001;VANESA GRANJA HERRERA;42.6114387, -5.574621200000001
VIVIENDA SUPERVISADA RAMOS;2024-12-14;CALLE MARCELINO ELOSUA Nº 13 1º C;24;24089;LEON;LEON;24007;LEÓN - MARIANO ANDRÉS;987 210126;;241475;ASOCIACIÓN LEONESA DE FAMILIARES Y AMIGOS DE ENFERMOS MENTALES - ALFAEM;;ASOCIACIÓN;gerencia@alfaem.org;;PERSONAS CON DISCAPACIDAD;Vivienda;Personas con disc. física, sensorial, por trastorno del desarrollo intelectual y/o por enfer. mental;OTROS: 4;42.60828;-5.58313;CARLOS MOUTA FERNANDEZ;42.60828, -5.58313
VIVIENDA SUPERVISADA NIETO;2023-11-15;AVENIDA SAN MAMES Nº 69 4º H;24;24089;LEON;LEON;24007;LEÓN - MARIANO ANDRÉS;987 210126;;241443;ASOCIACIÓN LEONESA DE FAMILIARES Y AMIGOS DE ENFERMOS MENTALES - ALFAEM;;ASOCIACIÓN;gerencia@alfaem.org;;PERSONAS CON DISCAPACIDAD;Vivienda;Personas con discapacidad por enfermedad mental;OTROS: 4;42.60751279999999;-5.5711244;CARLOS MOUTA FERNANDEZ;42.60751279999999, -5.5711244
VIVIENDA SUPERVISADA FIDALGO;2023-10-31;AVENIDA PADRE ISLA 112;24;24089;LEON;LEON;24008;LEÓN - MARIANO ANDRÉS;987 210126;;241230;ASOCIACIÓN LEONESA DE FAMILIARES Y AMIGOS DE ENFERMOS MENTALES - ALFAEM;;ASOCIACIÓN;viviendas@alfaem.org;;PERSONAS CON DISCAPACIDAD;Vivienda;Personas con discapacidad por trastorno del desarrollo intelectual leve o moderado;OTROS: 4;42.606875;-5.5792457;CARLOS MOUTA FERNANDEZ;42.606875, -5.5792457
VIVIENDA HOGAR PELLETIER;2007-11-06;CALLE PEÑA PINTA 3;24;24089;LEON;LEON;24008;LEÓN - MARIANO ANDRÉS;987 246366;;240022;NUESTRA SEÑORA DE LA CARIDAD DEL BUEN PASTOR;;INSTITUCIONES, ÓRDENES, CONGREGACIONES RELIGIOSAS Y SIMILARES;;;INFANCIA (Y JUVENTUD);Vivienda;Vivienda hogar;OTROS: 8;42.6163719;-5.5685226;M. CARMEN FERNADEZ MARTINEZ;42.6163719, -5.5685226
RESIDENCIA DE MAYORES VIRGEN DE LA GUIA;2023-06-16;CALLE CAYO JESUS FERNANDEZ ESPINO 1;24;24089;LEON;LEON;24007;LEÓN - EL EJIDO;987 276170;987 276186;240390;RESIDENCIA VIRGEN DE LA GUIA S.L.;;SOCIEDADES;info@virgendelaguia.com;;PERSONAS MAYORES;Residencia;Para asistidos;ASISTIDOS: 90;42.6014031;-5.5610617;INMACULADA FRANCO CASTELLANOS;42.6014031, -5.5610617
VIVIENDA HOGAR JOAQUINA DE VEDRUNA;2009-05-26;AVENIDA CUBOS (LOS) 11;24;24089;LEON;LEON;24007;LEÓN - SAN MAMÉS;987 270467;;240060;HERMANAS CARMELITAS DE LA CARIDAD DE VEDRUNA;;INSTITUCIONES, ÓRDENES, CONGREGACIONES RELIGIOSAS Y SIMILARES;;;INFANCIA (Y JUVENTUD);Vivienda;Vivienda hogar;OTROS: 8;42.6010322;-5.566874;Mª LUZ GONZALEZ BLANCO;42.6010322, -5.566874
CENTRO DE REFERENCIA ESTATAL DE ATENCIÓN A PERSONAS EN SITUACIÓN DE DEPENDENCIA-CREDEI;2023-03-03;CALLE MOISES DE LEON 56;24;24089;LEON;LEON;24006;LEÓN - PUENTE CASTRO;628 032903;;241768;INSTITUTO DE MAYORES Y SERVICIOS SOCIALES. IMSERSO;;ADMINISTRACIÓN CENTRAL;buzon@imserso.es;;PERSONAS MAYORES;Centro de día;Hogar (Unidad de atención social);;42.5912838;-5.561608300000001;Fernando de la Torre Fernández;42.5912838, -5.561608300000001
CENTRO DE DÍA ASPAYM LEÓN;2023-06-20;CALLE SAN JUAN DE SAHAGUN, Nº 25;24;24089;LEON;LEON;24007;LEÓN - SAN MAMÉS;987 807390;;241026;FUNDACIÓN ASPAYM CASTILLA Y LEÓN;;FUNDACIÓN;;;PERSONAS CON DISCAPACIDAD;Centro de día;Personas con discapacidad física;OTROS: 40;;;MARÍA P. REYERO HIDALGO;
"HOGAR PARA LA SOCIALIZACION ""SANTIAGO CUATRO""";2008-05-26;CALLE ALCAZAR DE TOLEDO 47º B;24;24089;LEON;LEON;27001;LEÓN - CENTRO;923 219511;;240666;CASA ESCUELAS PIAS SANTIAGO UNO (PP ESCOLAPIOS) DE SALAMANCA;;INSTITUCIONES, ÓRDENES, CONGREGACIONES RELIGIOSAS Y SIMILARES;;;INFANCIA (Y JUVENTUD);Vivienda;Vivienda hogar;OTROS: 8;42.5974387;-5.5753103;MANUEL JESUS GARROTE FERNANDO;42.5974387, -5.5753103
HOGAR DE ACOGIDA CALASANZ PUENTE VIDA;2023-03-03;AVENIDA QUEVEDO 9;24;24089;LEON;LEON;24009;LEÓN - EL CRUCERO-LA VEGA;923 219511;;241683;CASA ESCUELAS PIAS SANTIAGO UNO (PP ESCOLAPIOS) DE SALAMANCA;;INSTITUCIONES, ÓRDENES, CONGREGACIONES RELIGIOSAS Y SIMILARES;santiagocuatro@casaecsuelasantiagouno.es;;INFANCIA (Y JUVENTUD);Vivienda;Hogar de acogida;OTROS: 9;42.6004979;-5.584722;MANUEL JESÚS GARROTE FERNANDO;42.6004979, -5.584722
CENTRO DE ATENCION INTEGRAL PARA ENFERMOS DE ALZHEIMER;2025-02-24;CALLE FOTOGRAFO PEPE GRACIA S/N;24;24089;LEON;LEON;24005;LEÓN - PUENTE CASTRO;987 260796;;240853;ASOCIACIÓN DE FAMILIARES DE ENFERMOS DE ALZHEIMER Y OTRAS DEMENCIAS DE LEÓN - (ALZHEIMER-LEÓN);;ASOCIACIÓN;info@alzheimerleon.org;;PERSONAS MAYORES;Centro de día;Estancias diurnas para enfermos de Alzheimer;ASISTIDOS: 90;42.5884289;-5.5634497;FLOR JUAN DIEGUEZ;42.5884289, -5.5634497
RESIDENCIA PIEDRAS BLANCAS SAN ISIDRO;2023-01-23;CALLE MAESTROS HERMANOS ALVARADO Nº 2;24;24089;LEON;LEON;24008;LEÓN - MARIANO ANDRÉS;671 641872;;241460;ENTRE VIÑAS Y OLIVARES S.L;;SOCIEDADES;direccion@piedrasblancassanisidro.es;;PERSONAS MAYORES;Residencia;Para asistidos;ASISTIDOS: 116;42.6290223;-5.598314999999999;ALEJANDRO MARTÍNEZ MATA;42.6290223, -5.598314999999999
GENESENIOR LEÓN;2026-02-06;CALLE FRANCISCO GINER DE LOS RIOS, 1;24;24089;LEON;LEON;24008;LEÓN - MARIANO ANDRÉS;620 690739;620 680781830;242022;GENESENIOR LEÓN S.L.;;SOCIEDADES;aisanchez@aliadosporlaintegracion.org;;PERSONAS MAYORES;Residencia;Para asistidos;DEPENDIENTES: 166;42.6301613;-5.5997637;;42.6301613, -5.5997637
CENTRO DE DÍA BUENDÍA LA SAL;2025-04-10;CALLE COFRADIA DEL CIENTO 2;24;24089;LEON;LEON;24009;LEÓN - EL CRUCERO-LA VEGA;987 807805;;240314;CENTROS BUENDIA LEÓN S.L.;;SOCIEDADES;direccion.leon2@orpea.net;;PERSONAS MAYORES;Centro de día;Estancias diurnas;ASISTIDOS: 15;;;IGNACIO TEJERA MONTAÑO;
RESIDENCIA DE PERSONAS MAYORES FLOR Y FELISA;2022-05-13;CALLE IGLESIA (LA) S/NLa Iglesia s/n;24;24102;LEON;NOCEDA;24319;TORRE DEL BIERZO;987 055018;;240439;AYUNTAMIENTO DE NOCEDA DEL BIERZO;RESIDENCIA TERCERA EDAD LAS ENCINAS, S.L.;ADMINISTRACIÓN LOCAL;admon@lasencinassg.com;;PERSONAS MAYORES;Residencia;Para asistidos;ASISTIDOS: 33;42.6934835;-6.3650066;VIRGINIA JUAN JUAN;42.6934835, -6.3650066
RESIDENCIA DE PERSONAS MAYORES SAN FROILAN;2022-08-19;CALLE MOLINOS (LOS), Nº 20;24;24105;LEON;VILECHA;24192;LEÓN II - VALVERDE DE LA VIRGEN;987 289516;;240143;RESIDENCIA SAN FROILAN S.L.;;SOCIEDADES;informacion@residenciasanfroilan.es;;PERSONAS MAYORES;Residencia;Para asistidos;ASISTIDOS: 36;42.5458094;-5.5619331;CAROLINA MORROS SOÑER;42.5458094, -5.5619331
"CENTRO GERONTOLOGICO ""VALLE DEL DUERNA""";2025-03-07;CALLE GRANJA (LA) Nº 8;24;24108;LEON;PALACIOS DE LA VALDUERNA;24764;LA BAÑEZA;987 665600;;240124;GERIALE, S.L.;;SOCIEDADES;;;PERSONAS MAYORES;Residencia;Mixta para válidos y asistidos;VÁLIDOS: 6, ASISTIDOS: 31;;;FERNANDO GARCÍA DOMINGUEZ;
UNIDAD DE ATENCIÓN SOCIAL PALACIOS DEL SIL;2022-11-07;CALLE IGLESIA (LA) S/N;24;24109;LEON;PALACIOS DEL SIL;24495;TORENO;987 487001;;241041;AYUNTAMIENTO DE PALACIOS DEL SIL;ASOCIACION PARKINSON BABIA-LACIANA;ADMINISTRACIÓN LOCAL;parkinsonbabiaylaciana@gmail.com;;PERSONAS MAYORES;Centro de día;Hogar (Unidad de atención social);;42.8759872;-6.433696299999999;Fernando Fernandez Astorgano;42.8759872, -6.433696299999999
CENTRO DE DÍA LAS NIEVES;2022-11-07;CALLE VEGA (LA) Nº 64;24;24110;LEON;PARAMO DEL SIL;24470;TORENO;987 425330;;240983;VALLE DEL OZA, S.L.;;SOCIEDADES;direccion@centroresidenciallasnieves.com;;PERSONAS MAYORES;Centro de día;Estancias diurnas;ASISTIDOS: 15;42.819326;-6.4959155;maria corral martinez;42.819326, -6.4959155
CLUB JUBILADOS, PENSIONISTAS Y DE PERSONAS MAYORES GORDON;2020-10-14;PLAZA MAYOR 1;24;24114;LEON;POLA DE GORDON (LA);24600;CUENCA DE MATALLANA;987 588250;;240040;ASOCIACION CLUB JUBILADOS, PENSIONISTAS Y DE TERCERA EDAD DE LA POLA DE GORDON;;ASOCIACIÓN;;;PERSONAS MAYORES;Centro de día;Hogar (Unidad de atención social);;42.8546693;-5.6701499;;42.8546693, -5.6701499
RESIDENCIA NUESTRA SEÑORA DEL BUEN SUCESO;2026-02-17;CALLE POETA MANUEL GARCÍA BURGOS, Nº 22;24;24114;LEON;POLA DE GORDON (LA);24600;CUENCA DE MATALLANA;987 588387;;240087;ARALIA SERVICIOS SOCIOSANITARIOS S.A.;;SOCIEDADES;pola97@terra.es;;PERSONAS MAYORES;Residencia;Para asistidos;ASISTIDOS: 151;;;IRMA CAROLINA MALDONADO OJEDA;
CENTRO DE DÍA COMPOSTILLA;2025-05-14;CALLE III AVENIDA DE COMPOSTILLA, Nº 24 A;24;24115;LEON;PONFERRADA;24404;PONFERRADA - ZONA CENTRO - LA PUEBLA;987 412841;;240981;ASPRONA BIERZO;;ASOCIACIÓN;;;PERSONAS CON DISCAPACIDAD;Centro de día;Personas con discapacidad por trastorno del desarrollo intelectual;OTROS: 57;;;MARIA BELÉN RODRÍGUEZ SANJURJO;
VIVIENDA CEMBA 3;2025-11-14;CALLE CEMBA (LA) 9;24;24115;LEON;PONFERRADA;24401;PONFERRADA - ZONA BAJA - FLORES SIL;626 998957;626 626998957;241995;ASPRONA BIERZO;;ASOCIACIÓN;aspronabierzo@aspronabierzo.org;;PERSONAS CON DISCAPACIDAD;Vivienda;Personas con disc. física, sensorial, por trastorno del desarrollo intelectual y/o por enfer. mental;DISCAPACIDAD INTELECTUAL: 3;;;;
VIVIENDA CEMBA 1;2025-11-14;CALLE CEMBA (LA) 9;24;24115;LEON;PONFERRADA;24401;PONFERRADA - ZONA BAJA - FLORES SIL;626 998957;626 626998957;241993;ASPRONA BIERZO;;ASOCIACIÓN;aspronabierzo@aspronabierzo.org;;PERSONAS CON DISCAPACIDAD;Vivienda;Personas con disc. física, sensorial, por trastorno del desarrollo intelectual y/o por enfer. mental;DISCAPACIDAD INTELECTUAL: 1;;;;
VIVIENDA CEMBA 2;2025-11-14;CALLE CEMBA (LA) 9;24;24115;LEON;PONFERRADA;24401;PONFERRADA - ZONA BAJA - FLORES SIL;626 998957;626 626998957;241994;ASPRONA BIERZO;;ASOCIACIÓN;aspronabierzo@aspronabierzo.org;;PERSONAS CON DISCAPACIDAD;Vivienda;Personas con disc. física, sensorial, por trastorno del desarrollo intelectual y/o por enfer. mental;DISCAPACIDAD INTELECTUAL: 3;;;;
CENTRO DE DIA FLANDES;2025-10-14;AVENIDA TERCIO DE FLANDES Nº 24;24;24115;LEON;PONFERRADA;24004;PONFERRADA - ZONA ALTA - EL PLANTÍO;987 455228;;241817;ASPRONA BIERZO;;ASOCIACIÓN;aspronabierzo@aspronabierzo.org;;PERSONAS CON DISCAPACIDAD;Centro de día;Personas con discapacidad por trastorno del desarrollo intelectual;OTROS: 20;;;MARIA BELÉN RODRÍGUEZ SANJURJO;
VIVIENDA SUPERVISADA PARQUE DEL TEMPLE;2023-11-15;CALLE PARQUE DEL TEMPLE  Nº 9 BAJO B;24;24115;LEON;PONFERRADA;24400;PONFERRADA - ZONA BAJA - FLORES SIL;987 427720;987 006061;240876;ASOCIACIÓN LEONESA DE FAMILIARES Y AMIGOS DE ENFERMOS MENTALES - ALFAEM;;ASOCIACIÓN;;;PERSONAS CON DISCAPACIDAD;Vivienda;Personas con discapacidad por enfermedad mental;OTROS: 4;42.54570229999999;-6.604544199999999;CARLOS MOUTA FERNANDEZ;42.54570229999999, -6.604544199999999
PISO SUPERVISADO;2023-05-05;CALLE BADAJOZ 16- 2º C;24;24115;LEON;PONFERRADA;24400;PONFERRADA - ZONA BAJA - FLORES SIL;987 427720;987 77217;240681;ASOCIACIÓN LEONESA DE FAMILIARES Y AMIGOS DE ENFERMOS MENTALES - ALFAEM;;ASOCIACIÓN;;;PERSONAS CON DISCAPACIDAD;Vivienda;Personas con discapacidad por enfermedad mental;OTROS: 4;42.5458693;-6.6140527;LAURA DE LA TORRE FERNANDEZ;42.5458693, -6.6140527
VIVIENDA SUPERVISADA MARTINEZ;2023-11-15;CALLE PARQUE DEL TEMPLE Nº 5 1º A;24;24115;LEON;PONFERRADA;24403;PONFERRADA - ZONA BAJA - FLORES SIL;987 210126;;241568;ASOCIACIÓN LEONESA DE FAMILIARES Y AMIGOS DE ENFERMOS MENTALES - ALFAEM;;ASOCIACIÓN;gerencia@alfaem.org;;PERSONAS CON DISCAPACIDAD;Vivienda;Personas con disc. física, sensorial, por trastorno del desarrollo intelectual y/o por enfer. mental;OTROS: 4;42.5455879;-6.604568100000001;CARLOS MOUTA FERNANDEZ;42.5455879, -6.604568100000001
"VIVIENDA-HOGAR ""CRUZ DE LOS ÁNGELES ""A""";2020-12-03;AVENIDA HUERTAS DEL SACRAMENTO 18-2º A-B;24;24115;LEON;PONFERRADA;24400;PONFERRADA - ZONA CENTRO - LA PUEBLA;987 424176;987 240600;240193;FUNDACION CRUZ DE LOS ANGELES;;FUNDACIÓN;;;INFANCIA (Y JUVENTUD);Vivienda;Vivienda hogar;OTROS: 8;42.5541328;-6.5939953;;42.5541328, -6.5939953
"VIVIENDA HOGAR ""CRUZ DE LOS ÁNGELES ""B""";2020-12-03;AVENIDA HUERTAS DEL SACRAMENTO 18-1º A-B;24;24115;LEON;PONFERRADA;24400;PONFERRADA - ZONA CENTRO - LA PUEBLA;987 424176;987 240600;240192;FUNDACION CRUZ DE LOS ANGELES;;FUNDACIÓN;;;INFANCIA (Y JUVENTUD);Vivienda;Vivienda hogar;OTROS: 8;42.5541328;-6.5939953;;42.5541328, -6.5939953
RESIDENCIA DE MAYORES RIOSECO;2026-02-17;CALLE PARQUE (EL) 7;24;24133;LEON;RIOSECO DE TAPIA;24275;LA MAGDALENA;987 590034;;240563;AYUNTAMIENTO DE RIOSECO DE TAPIA;CK SENIOR GESTIÓN, S.L;ADMINISTRACIÓN LOCAL;mbgarcia@seniorsi.es;;PERSONAS MAYORES;Residencia;Para asistidos;ASISTIDOS: 30;;;GLORIA ALVÁREZ PRIETO;
RESIDENCIA VIRGEN DE CELADA- ALCALDE JOSÉ LUIS GARCÍA FERNÁNDEZ;2024-04-30;CALLE EMILIA MENENDEZ 32;24;24134;LEON;ROBLA (LA);24640;CUENCA DE MATALLANA;987 430031;;241671;AYUNTAMIENTO DE LA ROBLA;ARALIA SERVICIOS SOCIOSANITARIOS S.A.;ADMINISTRACIÓN LOCAL;ma.sanchez@araliaservicios.es;;PERSONAS MAYORES;Residencia;Para asistidos;ASISTIDOS: 84;42.80214549999999;-5.6313019;MERCEDES DOMINGUEZ OSORIO;42.80214549999999, -5.6313019
HOGAR DE PENSIONISTAS Y JUBILADOS LA ROBLA;2020-10-14;CALLE CAÑUCO (EL) S/N;24;24134;LEON;ROBLA (LA);24640;CUENCA DE MATALLANA;987 570987;;240152;AYUNTAMIENTO DE LA ROBLA;;ADMINISTRACIÓN LOCAL;;;PERSONAS MAYORES;Centro de día;Hogar (Unidad de atención social);;42.8013221;-5.6314617;;42.8013221, -5.6314617
CENTRO EDUCATIVO JALAMA;2011-11-09;AVENIDA SAN IGNACIO DE LOYOLA 159, BAJO;24;24142;LEON;SAN ANDRES DEL RABANEDO;24010;ZONA I - SAN ANDRÉS DEL RABANEDO;987 224045;;240459;ASECAL;;ASOCIACIÓN;;;INFANCIA (Y JUVENTUD);Centros de Menores Infractores;Centros de intervención educativa;OTROS: 5;42.6055894;-5.5911654;DAVID PERULERO  ALONSO;42.6055894, -5.5911654
PISO DE ACOGIDA;2025-12-17;CALLE PARROCO PABLO DIEZ;24;24142;LEON;SAN ANDRES DEL RABANEDO;24010;ZONA I - SAN ANDRÉS DEL RABANEDO;687 584633;687 687584633;242012;ACCEM;ACCEM;ASOCIACIÓN;leon@accem.es;;INCLUSIÓN SOCIAL;Vivienda;Vivienda para personas en situación de vulnerabilidad;MIXTO: 4;42.5985251;-5.5944559;;42.5985251, -5.5944559
VIVIENDA HOGAR CRUZ DE LOS ÁNGELES - ROMERAL 118;2022-11-07;AVENIDA ROMERAL (EL) Nº 118;24;24142;LEON;SAN ANDRES DEL RABANEDO;24009;ZONA I - SAN ANDRÉS DEL RABANEDO;985 211399;985 204180;240921;FUNDACION CRUZ DE LOS ANGELES;;FUNDACIÓN;;;INFANCIA (Y JUVENTUD);Vivienda;Vivienda hogar;OTROS: 8;42.6140647;-5.6179926;TERESA ESTRADA VILLAZÓN;42.6140647, -5.6179926
CASER RESIDENCIAL LEÓN;2025-12-01;CALLE BURBIA 2-6;24;24142;LEON;SAN ANDRES DEL RABANEDO;24010;ZONA I - SAN ANDRÉS DEL RABANEDO;987 875608;;240532;CASER RESIDENCIAL, S.A.U.;;SOCIEDADES;mgonzalez6@caseresidencial.es;www.caseresidencial.es;PERSONAS MAYORES;Residencia;Para asistidos;ASISTIDOS: 200;42.604483547212496;-5.594774692685577;BEATRIZ IGLESIAS LOUREIRO;42.604483547212496, -5.594774692685577
CENTRO DE DÍA CASER LEÓN;2022-07-07;CALLE BURBIA 2-6;24;24142;LEON;SAN ANDRES DEL RABANEDO;24010;ZONA I - SAN ANDRÉS DEL RABANEDO;987 875608;987 222803;240533;CASER RESIDENCIAL, S.A.U.;;SOCIEDADES;ssierra@caserresidencial.es;www.alboradaresidencia.com;PERSONAS MAYORES;Centro de día;Estancias diurnas;ASISTIDOS: 30;42.6039343;-5.5953862;Maria Teresa González González;42.6039343, -5.5953862
CENTRO DE DÍA DE PERSONAS MAYORES DE TROBAJO DEL CAMINO;2021-09-30;PLAZA PARROCO BALDOMERO GARCIA GUTIERREZ;24;24142;LEON;TROBAJO DEL CAMINO;24010;ZONA I - SAN ANDRÉS DEL RABANEDO;;;240455;AYUNTAMIENTO DE SAN ANDRÉS DEL RABANEDO;;ADMINISTRACIÓN LOCAL;;;PERSONAS MAYORES;Centro de día;Hogar (Unidad de atención social);;42.5944931;-5.6195112;Jopse Carlos Lozano Gallego;42.5944931, -5.6195112
CENTRO DE DÍA SANTA MARÍA DEL PÁRAMO;2025-02-24;CALLE JARDIN VIEJO 8;24;24157;LEON;SANTA MARIA DEL PARAMO;24240;SANTA MARÍA DEL PÁRAMO;987 260796;;241463;AYUNTAMIENTO DE SANTA MARIA DEL PARAMO;ASOCIACIÓN DE FAMILIARES DE ENFERMOS DE ALZHEIMER Y OTRAS DEMENCIAS DE LEÓN - (ALZHEIMER-LEÓN);ADMINISTRACIÓN LOCAL;rural@alzheimerleon.org;;PERSONAS MAYORES;Centro de día;Estancias diurnas;ASISTIDOS: 49;42.35199780000001;-5.7492049;NIEVES LOMA LUIS;42.35199780000001, -5.7492049
CENTRO RESIDENCIAL PARAMO;2021-09-30;AVENIDA ASTURIAS 45;24;24157;LEON;SANTA MARIA DEL PARAMO;24240;SANTA MARÍA DEL PÁRAMO;658 113755;;241627;CENTRO RESIDENCIAL PARAMO S.L.;;SOCIEDADES;paramo@grupocampolar.com;;PERSONAS MAYORES;Residencia;Para asistidos;ASISTIDOS: 103;42.3580419;-5.745414299999999;RODRIGO FIDALGO LIZ;42.3580419, -5.745414299999999
RESIDENCIA SAN NICOLAS DE BARI;2026-02-14;CAMINO ANTIMIO S/N;24;24162;LEON;QUINTANA DE RANEROS;24391;LEÓN II - VALVERDE DE LA VIRGEN;987 280211;;240052;ASOCIACIÓN PROTECTORA DE PERSONAS CON DISCAPACIDAD INTELECTUAL (ASPRONA-LEÓN);;ASOCIACIÓN;;;PERSONAS CON DISCAPACIDAD;Residencia;Personas con discapacidad por trastorno del desarrollo intelectual;OTROS: 60;42.5326206;-5.6445088;ANA MORÁN JIMENO;42.5326206, -5.6445088
RESIDENCIA LA ERA;2021-09-30;CALLE FUENTE (LA) S/N;24;24163;LEON;POBLADURA DEL BERNESGA;24121;LEÓN - CENTRO;987 830400;;241646;AYUNTAMIENTO DE SARIEGOS;IBEROCASER S.L.;ADMINISTRACIÓN LOCAL;ayuntamiento@sariegos.es;;PERSONAS MAYORES;Residencia;Para asistidos;ASISTIDOS: 70;42.656132;-5.6563119;MARIA DE LAS NIEVES SANCHEZ PASCUAL;42.656132, -5.6563119
RESIDENCIA DE  PERSONAS MAYORES VIRGEN DE VILLAVERDE;2024-05-07;CALLE ARTESIANO (EL) 7;24;24166;LEON;HUERGA DE GARABALLES;24768;LA BAÑEZA;987 644164;;240109;PURIFICACION SAN MARTIN CORDERO;;PERSONA FÍSICA-EMPRESA INDIVIDUAL;virgendevillaverde@hotmail.com;;PERSONAS MAYORES;Residencia;Para asistidos;ASISTIDOS: 24;;;PURIFICACION SAN MARTIN CORDERO;
RESIDENCIA DE MAYORES VIRGEN DE COVADONGA;2020-09-14;CALLE PRAGUILLA (LA) 13;24;24166;LEON;HUERGA DE GARABALLES;24768;LA BAÑEZA;987 642426;;240727;RESIDENCIA DE MAYORES  VIRGEN DE COVADONGA S.L;;SOCIEDADES;residenciavirgendecovadonga@gmail.com;;PERSONAS MAYORES;Residencia;Para asistidos;ASISTIDOS: 36;42.3384358;-5.8991397;SONIA FALAGAN LOPEZ;42.3384358, -5.8991397
RESIDENCIA CONDES DE TORENO;2026-03-03;PONFERRADA-LA ESPINA, KM 21,300;24;24169;LEON;TORENO;24450;TORENO;987 527830;;240682;ARALIA SERVICIOS SOCIOSANITARIOS S.A.;;SOCIEDADES;brubial@begar.es;;PERSONAS MAYORES;Residencia;Para asistidos;ASISTIDOS: 88;;;ÓSCAR FERNANDO PÉREZ MUÑOZ;
RESIDENCIA EDAD DORADA SANTA MARIA DEL AZOGUE;2025-01-23;CALLE CALVO SOTELO S/N.;24;24181;LEON;VALDERAS;24220;VALENCIA DE DON JUAN;987 762510;;240209;AYUNTAMIENTO DE VALDERAS;EDAD DORADA MENSAJEROS DE LA PAZ CASTILLA Y LEÓN;ADMINISTRACIÓN LOCAL;residenciavalderas@mensajerosdelapazcyl.org;;PERSONAS MAYORES;Residencia;Para asistidos;DEPENDIENTES: 36;42.0784076;-5.4430083;CARMEN CARBALLO CORREDERA;42.0784076, -5.4430083
CENTRO DE DÍA ALCORDANZA;2023-12-12;CALLE SAN COSME 1A;24;24188;LEON;VALENCIA DE DON JUAN;24200;VALENCIA DE DON JUAN;675 070940;;241362;ASOCIACIÓN DE ALZHEIMER ALCORDANZA DE VALENCIA DE DON JUAN;;ASOCIACIÓN;asociacion.alcordanza@gmail.com;;PERSONAS MAYORES;Centro de día;Estancias diurnas para enfermos de Alzheimer;ASISTIDOS: 15;;;SARA MANSILLA ALVAREZ;
RESIDENCIA MONTEJOS;2022-11-07;AVENIDA SAN MARTIN  Nº 2 BAJO;24;24189;LEON;MONTEJOS DEL CAMINO;24282;LEÓN II - VALVERDE DE LA VIRGEN;987 303010;987 249321;240015;RESIDENCIA MONTEJOS S.L.;;SOCIEDADES;info@residenciamontejos.es;;PERSONAS MAYORES;Residencia;Para asistidos;ASISTIDOS: 22;42.6345327;-5.6983979;Marta Rodriguez Lopez;42.6345327, -5.6983979
RESIDENCIA LA CASINA;2026-01-05;CALLE SANTA MARINA 9;24;24189;LEON;VIRGEN DEL CAMINO (LA);24198;LEÓN II - VALVERDE DE LA VIRGEN;650 735708;;241887;HOSPITALIDAD DE NUESTRA SEÑORA DE LOURDES;EDAD DORADA MENSAJEROS DE LA PAZ CASTILLA Y LEÓN;INSTITUCIONES, ÓRDENES, CONGREGACIONES RELIGIOSAS Y SIMILARES;info@mensajerosdelapazcyl.org;;PERSONAS MAYORES;Residencia;Para asistidos;DEPENDIENTES: 43;42.5796533;-5.6440259;ELENA CASTRO DUCAL (Sustitución temporal de Juan M. Fernandez Arias desde 08/08/2023);42.5796533, -5.6440259
RESIDENCIA DE PERSONAS MAYORES  VEGAS DEL CONDADO;2026-03-13;CALLE PLAZA (LA) S/N;24;24201;LEON;VEGAS DEL CONDADO;24153;LEÓN I - VILLAQUILAMBRE;987 340332;;240004;AYUNTAMIENTO DE VEGAS DEL CONDADO;;ADMINISTRACIÓN LOCAL;;;PERSONAS MAYORES;Residencia;Para asistidos;ASISTIDOS: 24;;;CONCEJALA DE BIENESTAR SOCIAL POR DELEGACIÓN DEL ALCALDE (ANA LÓPEZ JUÁREZ);
RESIDENCIA DE PERSONAS MAYORES DE VILLABLINO;2025-05-12;AVENIDA ASTURIAS S/N;24;24202;LEON;VILLABLINO;24100;VILLABLINO;987 481057;;240642;GERENCIA DE SERVICIOS SOCIALES DE CASTILLA Y LEÓN;REAL FUNDACION HOSPITAL DE LA REINA;ADMINISTRACIÓN AUTONÓMICA;araceli.frances@ute-orthem.provire.es;;PERSONAS MAYORES;Residencia;Para asistidos;ASISTIDOS: 65;42.9411855;-6.3257747;ARACELI FRANCÉS GARCÍA;42.9411855, -6.3257747
CENTRO TERAPEUTICO ALZHEIMER LACIANA;2023-10-23;PLAZA MANUEL IGLESIAS 8;24;24202;LEON;VILLASECA DE LACIANA;24140;VILLABLINO;987 873537;;241841;ASOCIACION DE FAMILIARES DE ALZHEIMER Y DEMENCIAS LACIANA;;ASOCIACIÓN;alzheimerlaciana@hotmail.es;;PERSONAS MAYORES;Centro de día;Estancias diurnas para enfermos de Alzheimer;OTROS: 20;;;ISABEL BARES FERNÁNDEZ;
HOGAR VALCARCE ALFAYATE;2023-03-09;CALLE CONCEPCION 8;24;24209;LEON;VILLAFRANCA DEL BIERZO;24500;VILLAFRANCA DEL BIERZO;987 540235;987 542078;240080;FUNDACIÓN HOGAR VALCARCE ALFAYATE;HERMANOS FRANCISCANOS DE LA CRUZ BLANCA;FUNDACIÓN;fundacion.alfayate@gmail.com;;PERSONAS MAYORES;Residencia;Para asistidos;ASISTIDOS: 37;42.609642;-6.812973500000001;MANUEL ORTÍZ CEBALLOS;42.609642, -6.812973500000001
RESIDENCIA DE PERSONAS MAYORES DE BRAÑUELAS;2024-03-18;CALLE VISTA ALEGRE S/N;24;24210;LEON;BRAÑUELAS;24360;ASTORGA;987 633014;;240441;AYUNTAMIENTO DE VILLAGATÓN;EDAD DORADA MENSAJEROS DE LA PAZ CASTILLA Y LEÓN;ADMINISTRACIÓN LOCAL;residenciabranuelas@mensajerosdelapazcyl.org;;PERSONAS MAYORES;Residencia;Para asistidos;ASISTIDOS: 28;42.6328063;-6.1984356;MARIA ÁNGELES GONZÁLEZ RODRÍGUEZ;42.6328063, -6.1984356
"UNIDAD DE ESTANCIAS DIURNAS ""ALICIA""";2020-10-14;CALLE RENUEVA S/N;24;24212;LEON;VILLAMAÑAN;24234;VALENCIA DE DON JUAN;987 207952;987 218691;240758;CENTRO DE MAYORES ALICIA, S.L.;;SOCIEDADES;direccion@centrodemayoresalicia.es;;PERSONAS MAYORES;Centro de día;Estancias diurnas;ASISTIDOS: 15;42.3205442;-5.5808382;JOSE LUIS GRANJA FERNANDEZ;42.3205442, -5.5808382
CENTRO DE MAYORES ALICIA;2026-03-18;CALLE RENUEVA S/N;24;24212;LEON;VILLAMAÑAN;24234;VALENCIA DE DON JUAN;987 767422;987 767423;240757;APRENDE A VIVIR VILLAMAÑAN S.L.;;SOCIEDADES;direccion@centrodemayoresalicia.es;;PERSONAS MAYORES;Residencia;Para asistidos;ASISTIDOS: 85;42.3205442;-5.5808382;MARIA LUISA PELLITERO RODRIGUEZ;42.3205442, -5.5808382
CENTRO DE DÍA VILLAZULEMA-UNIDAD DE ATENCIÓN SOCIAL;2021-09-30;CALLE BARRERAS (LAS) 50;24;24222;LEON;VILLARRODRIGO DE LAS REGUERAS;24195;LEÓN I - VILLAQUILAMBRE;987 287234;;241630;AYUNTAMIENTO DE VILLAQUILAMBRE;;ADMINISTRACIÓN LOCAL;;;PERSONAS MAYORES;Centro de día;Hogar (Unidad de atención social);;42.6376481;-5.5347201;EVA ALEGRE GONZALEZ;42.6376481, -5.5347201
CENTRO OCUPACIONAL SAN JUAN EVANGELISTA;2025-12-14;CALLE PIO DE CELA S/N;24;24223;LEON;VEGUELLINA DE ORBIGO;24350;RIBERA DEL ÓRBIGO;987 374195;;240050;ASOCIACIÓN PROTECTORA DE PERSONAS CON DISCAPACIDAD INTELECTUAL (ASPRONA-LEÓN);;ASOCIACIÓN;;;PERSONAS CON DISCAPACIDAD;Centro de día;Personas con discapacidad por trastorno del desarrollo intelectual;OTROS: 20;42.4450719;-5.8854022;OSCAR CREGO CASADO;42.4450719, -5.8854022
RESIDENCIA DE PERSONAS MAYORES NUESTRA SEÑORA DEL PERPETUO SOCORRO;2025-04-07;CALLE SEVERO OCHOA 5;24;24223;LEON;VEGUELLINA DE ORBIGO;24350;RIBERA DEL ÓRBIGO;987 374516;;240333;AYUNTAMIENTO DE VILLAREJO DE ORBIGO;DOMUS AUREA SERVICIOS PARA EL HOGAR, S. L.;ADMINISTRACIÓN LOCAL;;;PERSONAS MAYORES;Residencia;Para asistidos;ASISTIDOS: 74;;;NOELIA CUETO ALONSO;
RESIDENCIA GERIÁTRICA ALDEAS BETANIA;2025-02-18;CALLE IGLESIA (LA) 6;24;24223;LEON;VILLAREJO DE ORBIGO;24358;RIBERA DEL ÓRBIGO;987 376500;;240406;ALDEAS BETANIA S.L.;;SOCIEDADES;direccion.aldeasbetania@grupoage.com;;PERSONAS MAYORES;Residencia;Para asistidos;ASISTIDOS: 70;;;AROA FERNÁNDEZ GALLEGO;
CENTRO DE DÍA MUNICIPAL DE CASTRILLO DE LA RIBERA - UNIDAD DE ATENCIÓN SOCIAL;2025-10-30;CALLE REAL S/N;24;24227;LEON;CASTRILLO DE LA RIBERA;24226;LEÓN I - VILLAQUILAMBRE;987 246455;987 987246455;241188;ASOCIACIÓN PROTECTORA DE PERSONAS CON DISCAPACIDAD INTELECTUAL (ASPRONA-LEÓN);;ASOCIACIÓN;correo@asspronaleon.org;;PERSONAS MAYORES;Centro de día;Hogar (Unidad de atención social);;42.5263297;-5.4743;ANA ISABEL MORÁN CASADO;42.5263297, -5.4743
UNIDAD DE ESTANCIAS DIURNAS BUENOS AIRES;2023-06-15;CALLE REAL Nº 28;24;24228;LEON;CASTRILLO DE SAN PELAYO;24356;LA BAÑEZA;987 206552;;241091;NEUROCARE HOME LEÓN, S.L;;SOCIEDADES;info@residenciabuenosaires.es;;PERSONAS MAYORES;Centro de día;Estancias diurnas;ASISTIDOS: 120;42.4332398;-5.8710606;Sandra Zapatero Suárez;42.4332398, -5.8710606
CENTRO DE DIA PARA PERSONAS MAYORES DE AGUILAR DE CAMPOO;2020-10-14;PLAZA MARMOLEJO S/N;34;34004;PALENCIA;AGUILAR DE CAMPOO;34800;AGUILAR DE CAMPOO;979 125776;979 123863;340159;GERENCIA DE SERVICIOS SOCIALES DE CASTILLA Y LEÓN;;ADMINISTRACIÓN AUTONÓMICA;;;PERSONAS MAYORES;Centro de día;Hogar (Unidad de atención social);;42.7933048;-4.2602146;MARIANO RUIZ ESTEBANEZ;42.7933048, -4.2602146
"VIVIENDA TUTELADA ""VIRGEN DE LLANO""";2023-05-05;AVENIDA VIRGEN DEL LLANO 19, BAJO IZQUIERDA;34;34004;PALENCIA;AGUILAR DE CAMPOO;34800;AGUILAR DE CAMPOO;979 123574;;340336;FUNDACIÓN PERSONAS;;FUNDACIÓN;;;PERSONAS CON DISCAPACIDAD;Vivienda;Personas con disc. física, sensorial, por trastorno del desarrollo intelectual y/o por enfer. mental;OTROS: 5;42.7898305;-4.2720619;ANTONIO JAVIER MOTA CUENDE;42.7898305, -4.2720619
CENTRO DE DIA VIRGEN DE LLANO;2024-01-15;CALLE PRIOR (DEL) 8;34;34004;PALENCIA;AGUILAR DE CAMPOO;34800;AGUILAR DE CAMPOO;983 225125;983 475395;340702;FUNDACIÓN PERSONAS;;FUNDACIÓN;fundacionpersonas@fundacionpersonas.es;;PERSONAS CON DISCAPACIDAD;Centro de día;Personas con discapacidad por trastorno del desarrollo intelectual;OTROS: 16;;;LORENZO GONZÁLEZ TORRES;
CLUB DE JUBILADOS DE AMPUDIA;2020-10-14;CALLE ONTIVEROS S/N.;34;34010;PALENCIA;AMPUDIA;34160;VILLARRAMIEL;979 768233;;340216;CAJA DUERO (ANTES CAJA AHORROS SALAMANCA Y SORIA);;CAJAS DE AHORRO;;;PERSONAS MAYORES;Centro de día;Hogar (Unidad de atención social);;41.9145502;-4.7792936;;41.9145502, -4.7792936
RESIDENCIA NUESTRA SEÑORA DE LA PROVIDENCIA;2025-09-18;CALLE MAYOR 18-20;34;34012;PALENCIA;ANTIGÜEDAD;34248;BALTANÁS - TORQUEMADA;979 797926;979 659271569;340246;AYUNTAMIENTO DE ANTIGÜEDAD;GRUPO HEBBAR CERRATO S.L.;ADMINISTRACIÓN LOCAL;;;PERSONAS MAYORES;Residencia;Para asistidos;ASISTIDOS: 25;41.9449933;-4.119235;LIDIA BARTOLOMÉ OLMOS;41.9449933, -4.119235
CENTRO DE DIA DE ASTUDILLO;2023-03-03;CALLE GENERAL FRANCO 8;34;34017;PALENCIA;ASTUDILLO;34450;ASTUDILLO - FRÓMISTA;979 822033;979 822471;340543;AYUNTAMIENTO DE ASTUDILLO;;ADMINISTRACIÓN LOCAL;;;PERSONAS MAYORES;Centro de día;Hogar (Unidad de atención social);;42.193836;-4.2925204;....;42.193836, -4.2925204
RESIDENCIA DE PERSONAS MAYORES LA MILAGROSA;2025-04-02;AVENIDA JUAN JOSE LUCAS 1;34;34022;PALENCIA;BALTANAS;34240;BALTANÁS - TORQUEMADA;979 790171;;340275;FUNDACIÓN  VIRGEN DE REVILLA;;FUNDACIÓN;;;PERSONAS MAYORES;Residencia;Para asistidos;ASISTIDOS: 38;41.9368191;-4.2478757;ÁNGELA RODRÍGUEZ AICUA;41.9368191, -4.2478757
UNIDAD DE ESTANCIAS DIURNAS LA MILAGROSA;2023-09-28;AVENIDA JUAN JOSE LUCAS 1;34;34022;PALENCIA;BALTANAS;34240;BALTANÁS - TORQUEMADA;979 790171;979 790666;340602;FUNDACIÓN  VIRGEN DE REVILLA;;FUNDACIÓN;;;PERSONAS MAYORES;Centro de día;Estancias diurnas;ASISTIDOS: 15;41.9368191;-4.2478757;ÁNGELA RODRÍGUEZ AIZCUA;41.9368191, -4.2478757
CENTRO DE DÍA BAÑOSALUD;2025-10-31;CALLE BARBOTAN 2;34;34023;PALENCIA;VENTA DE BAÑOS;34200;VENTA DE BAÑOS - DUEÑAS;979 770848;;340312;CLECE MAYORES, SLU;;SOCIEDADES;;;PERSONAS MAYORES;Centro de día;Estancias diurnas;ASISTIDOS: 15;41.9170193;-4.4960383;ISABEL FRANCO ZAPATERO;41.9170193, -4.4960383
RESIDENCIA DE PERSONA MAYORES VILLA MARIA;2024-09-16;CALLE CARRETERA A ITERO , S/N;34;34025;PALENCIA;BARCENA DE CAMPOS;34477;CARRIÓN DE LOS CONDES - OSORNO;979 745971;979 619870971;340536;RESIDENCIA MORAN MENDAÑA, S.L.;;SOCIEDADES;correo@residenciavillamaria.es;;PERSONAS MAYORES;Residencia;Para asistidos;ASISTIDOS: 71;;;MARÍA ISABEL ROLDÁN GONZÁLEZ;
RESIDENCIA DE PERSONAS MAYORES CRISTO DE SAN FELICES;2022-11-07;CARRETERA PALENCIA VILLADA Nº 1;34;34029;PALENCIA;BECERRIL DE CAMPOS;34310;PAREDES DE NAVA - VILLADA;979 833321;979 833321;340167;FUNDACIÓN BENÉFICO-SOCIAL CRISTO DE SAN FELICES;SERVICIOS RESIDENCIALES VAZFER S.L.;FUNDACIÓN;;;PERSONAS MAYORES;Residencia;Para asistidos;ASISTIDOS: 39;42.1111193;-4.6374884;JAVIER RODRÍGUEZ VILLAR;42.1111193, -4.6374884
"CENTRO OCUPACIONAL""CARRION DE LOS CONDES""";2025-12-14;POLIGONO POLIGONO INDUSTRIAL CARRETERA DE OSORNO;34;34047;PALENCIA;CARRION DE LOS CONDES;34120;CARRIÓN DE LOS CONDES - OSORNO;979 707248;;340468;FUNDACIÓN BRIAN;;FUNDACIÓN;;;PERSONAS CON DISCAPACIDAD;Centro de día;Personas con discapacidad por trastorno del desarrollo intelectual;OTROS: 53;;;NAOMÍ CAMOLEZ FANTAZIA;
RESIDENCIA DE PERSONAS MAYORES VITALIA CERVERA;2024-06-25;CALLE FELIPE CALVO 7;34;34056;PALENCIA;CERVERA DE PISUERGA;34840;CERVERA DE PISUERGA - LA PERNÍA;979 870882;979 682214552;340603;VITALIA HOME S.L.U.;;SOCIEDADES;;;PERSONAS MAYORES;Residencia;Para asistidos;ASISTIDOS: 104;42.8630995;-4.4944712;Mª DEL PILAR VICENTE GARCÍA;42.8630995, -4.4944712
CENTRO DE DÍA CON UNIDAD DE ESTANCIAS DIURNAS VITALIA CERVERA;2023-06-23;CALLE FELIPE CALVO 7;34;34056;PALENCIA;CERVERA DE PISUERGA;34840;PALENCIA - ZONA II - NORTE;979 870882;979 870311;340604;VITALIA HOME S.L.U.;;SOCIEDADES;;;PERSONAS MAYORES;Centro de día;Estancias diurnas;ASISTIDOS: 30;42.8630995;-4.4944712;RAQUEL DELGADO MOYA;42.8630995, -4.4944712
"CENTRO DE DÍA ""MATARREDONDA""";2020-10-14;CALLE IGLESIA (LA) 9;34;34058;PALENCIA;CEVICO NAVERO;34247;BALTANÁS - TORQUEMADA;979 797473;979 797473;340689;AYUNTAMIENTO DE CEVICO NAVERO;;ADMINISTRACIÓN LOCAL;aytoceviconaver@dip-palencia.es;;PERSONAS MAYORES;Centro de día;Hogar (Unidad de atención social);;42.011121;-4.532032;PABLO CALVO ESTEBAN;42.011121, -4.532032
CENTRO DE DIA PARA PERSONAS MAYORES DE DUEÑAS;2020-10-14;PLAZA CONDE DE VALLELLANO 14;34;34069;PALENCIA;DUEÑAS;34210;VENTA DE BAÑOS - DUEÑAS;979 780166;979 780328;340160;GERENCIA DE SERVICIOS SOCIALES DE CASTILLA Y LEÓN;;ADMINISTRACIÓN AUTONÓMICA;;;PERSONAS MAYORES;Centro de día;Hogar (Unidad de atención social);;41.8776725;-4.5457171;FRANCISCO J. PEREZ ANTOLIN;41.8776725, -4.5457171
CLUB DE JUBILADOS DE FROMISTA;2020-10-14;AVENIDA INGENIERO RIVERA , S/N;34;34074;PALENCIA;FROMISTA;34440;ASTUDILLO - FRÓMISTA;979 810058;;340272;CAJA DUERO (ANTES CAJA AHORROS SALAMANCA Y SORIA);;CAJAS DE AHORRO;;;PERSONAS MAYORES;Centro de día;Hogar (Unidad de atención social);;42.2654745;-4.4063112;;42.2654745, -4.4063112
CENTRO OCUPACIONAL CAMINAL;2025-12-14;CALLE FRANCESA S/N;34;34074;PALENCIA;FROMISTA;34440;ASTUDILLO - FRÓMISTA;979 706954;979 000000000;340638;FUNDACIÓN BRIAN;;FUNDACIÓN;;;PERSONAS CON DISCAPACIDAD;Centro de día;Personas con discapacidad por trastorno del desarrollo intelectual;OTROS: 25;42.2688069;-4.4060023;NAOMÍ CAMOLEZ FANTAZIA;42.2688069, -4.4060023
VIVIENDA CAMINAL;2025-12-14;AVENIDA CARMEN MONTES 15;34;34074;PALENCIA;FROMISTA;34005;ASTUDILLO - FRÓMISTA;979 706954;979 999999999;340628;FUNDACIÓN BRIAN;;FUNDACIÓN;;;PERSONAS CON DISCAPACIDAD;Vivienda;Personas con disc. física, sensorial, por trastorno del desarrollo intelectual y/o por enfer. mental;OTROS: 7;42.26611428022707;-4.4038722061701385;NAOMÍ CAMOLEZ FANTAZIA;42.26611428022707, -4.4038722061701385
RESIDENCIA PARA PERSONAS MAYORES DOMUSVI PALENCIA;2025-06-04;CALLE CORRAL D'OR;34;34077;PALENCIA;FUENTES DE VALDEPERO;34419;ASTUDILLO - FRÓMISTA;979 808439;979 983361657;340457;GERO VITALIA PALENCIA, S.L.;;SOCIEDADES;direccion.palencia@domusvi.es;;PERSONAS MAYORES;Residencia;Mixta para válidos y asistidos;VÁLIDOS: 2, ASISTIDOS: 166;;;MARÍA DOLORES SANTOS BALÓN;
"UNIDAD DE ESTANCIAS DIURNAS ""DOMUSVI PALENCIA""";2024-10-02;CALLE CORRAL DOR, S/N;34;34077;PALENCIA;FUENTES DE VALDEPERO;34419;ASTUDILLO - FRÓMISTA;979 808439;979 983362036;340458;GERO VITALIA PALENCIA, S.L.;;SOCIEDADES;direccion.palencia@domusvi.es;;PERSONAS MAYORES;Centro de día;Estancias diurnas;ASISTIDOS: 12;;;RAQUEL MARTÍNEZ VARONA;
CENTRO DE DIA PARA PERSONAS MAYORES DE GUARDO;2022-07-18;PLAZA EL MINERO, S/N;34;34080;PALENCIA;GUARDO;34880;GUARDO;979 850550;979 852706;340162;GERENCIA DE SERVICIOS SOCIALES DE CASTILLA Y LEÓN;;ADMINISTRACIÓN AUTONÓMICA;;;PERSONAS MAYORES;Centro de día;Hogar (Unidad de atención social);;42.7888967;-4.8466153;MARIO CARLOS RODRIGUEZ LAURIN;42.7888967, -4.8466153
"CENTRO OCUPACIONAL ""CORCOS""";2026-03-14;CARRETERA MAGDALENA (LA) 11;34;34080;PALENCIA;GUARDO;34880;GUARDO;979 851995;979 850661;340202;FUNDACIÓN PERSONAS;;FUNDACIÓN;laura.rojo@fundacionpersonas.es;;PERSONAS CON DISCAPACIDAD;Centro de día;Personas con discapacidad por trastorno del desarrollo intelectual;OTROS: 30;;;LAURA ROJO JUAREZ;
CENTRO DE DIA INTEGRAL PARA LA ATENCION A PERSONAS CON DISCAPACIDAD INTELECTUAL;2024-12-14;CARRETERA MAGDALENA (LA) 11;34;34080;PALENCIA;GUARDO;34880;GUARDO;979 853302;979 853431;340575;FUNDACIÓN PERSONAS;;FUNDACIÓN;laura.rojo@fundacionpersonas.es;;PERSONAS CON DISCAPACIDAD;Centro de día;Personas con discapacidad por trastorno del desarrollo intelectual;OTROS: 20;;;LAURA ROJO JUAREZ;
"RESIDENCIA GERIATRICA DE HERRERA DE PISUERGA ""LA PIEDAD""";2025-09-19;AVENIDA MARIA AUXILIADORA 7;34;34083;PALENCIA;HERRERA DE PISUERGA;34400;HERRERA DE PISUERGA - ALAR DEL REY;979 140030;;340217;AYUNTAMIENTO DE HERRERA DE PISUERGA;ASOCIACIÓN MENSAJEROS DE LA PAZ;ADMINISTRACIÓN LOCAL;info@mensajerosdelapaz.com;;PERSONAS MAYORES;Residencia;Para asistidos;ASISTIDOS: 60;42.5961535;-4.3349328;CRISTINA LOPEZ BLAZQUEZ;42.5961535, -4.3349328
CENTRO DE DIA DE PERSONAS MAYORES LA TREBEDE;2020-10-14;CALLE IGLESIA (DE LA) 3;34;34092;PALENCIA;LANTADILLA;34468;CARRIÓN DE LOS CONDES - OSORNO;979 152069;;340335;AYUNTAMIENTO DE LANTADILLA;;ADMINISTRACIÓN LOCAL;;;PERSONAS MAYORES;Centro de día;Hogar (Unidad de atención social);;42.3691933;-4.2923281;SILVANO LANTADA PUEBLA;42.3691933, -4.2923281
RESIDENCIA DOÑA CARMEN;2025-02-12;BARRIO BARRIO AZUCARERA 15;34;34108;PALENCIA;MONZON DE CAMPOS;34410;ASTUDILLO - FRÓMISTA;979 808100;979 607959395;341096;LIEVE S.L.;;SOCIEDADES;RESIDENCIADONACARMEN@HOTMAIL.COM;;PERSONAS MAYORES;Residencia;Para asistidos;DEPENDIENTES: 24;;;ÁNGELES GUADALUPE PALACIOS CASADEMUNT;
CENTRO DE DIA PARA PERSONAS MAYORES - RESIDENCIA PERSONAS MAYORES;2023-06-20;AVENIDA PONCE DE LEON S/N;34;34120;PALENCIA;PALENCIA;34005;PALENCIA - ZONA II - NORTE;979 722547;979 710086;340158;GERENCIA DE SERVICIOS SOCIALES DE CASTILLA Y LEÓN;;ADMINISTRACIÓN AUTONÓMICA;;;PERSONAS MAYORES;Centro de día;Hogar (Unidad de atención social);;42.0032696;-4.5344079;SANTOS JESUS CID VILLANUEVA;42.0032696, -4.5344079
VIVIENDA HOGAR NUEVO FUTURO;2007-10-15;CALLE GENERAL SAN MARTIN 3, 1º A-B.;34;34120;PALENCIA;PALENCIA;34004;PALENCIA - ZONA III - SUR;979 723164;;340198;ASOCIACION HOGARES NIÑOS NUEVO FUTURO;;ASOCIACIÓN;;;INFANCIA (Y JUVENTUD);Vivienda;Vivienda hogar;OTROS: 8;42.0016981;-4.5187391;;42.0016981, -4.5187391
HOGAR DE ACOGIDA MENSAJEROS 2 DE PALENCIA;2024-11-27;CALLE MERCEDES JUNCO CALDERON 17;34;34120;PALENCIA;PALENCIA;34004;PALENCIA - ZONA III - SUR;;669542040;341098;ASOCIACIÓN MENSAJEROS DE LA PAZ CASTILLA Y LEÓN;;ASOCIACIÓN;administracion@mensapazcyl.org;;INFANCIA (Y JUVENTUD);Vivienda;Hogar de acogida;OTROS: 9;41.9936322;-4.527838000000001;SUSANA RODRÍGUEZ LÓPEZ;41.9936322, -4.527838000000001
PISO FHOA (LAS HUERTAS);2024-12-05;CALLE FRANCISCO VIGHI 7 2E;34;34120;PALENCIA;PALENCIA;34004;PALENCIA - ZONA III - SUR;979 744171;979 625235590;341100;FUNDACIÓN HERMANOS ORTEGA ARCONADA (F.H.O.A.);;FUNDACIÓN;fhoa@fhoa.es;;PERSONAS CON DISCAPACIDAD;Vivienda;Personas con discapacidad por enfermedad mental;DISCAPACIDAD ENFERMEDAD MENTAL: 4;41.9925214;-4.516914700000001;FERNANDO FRANCO VÁZQUEZ;41.9925214, -4.516914700000001
CENTRO RESIDENCIAL DE PERSONAS MAYORES SAN BERNABE Y SAN ANTOLIN;2026-03-02;CALLE MANFLORIDO, Nº 5;34;34120;PALENCIA;PALENCIA;34005;PALENCIA - ZONA II - NORTE;979 749500;979 979749500;340238;FUNDACIÓN BENÉFICA SAN BERNABE Y SAN ANTOLÍN;;FUNDACIÓN;resisanbernabe@yahoo.es;;PERSONAS MAYORES;Residencia;Para asistidos;ASISTIDOS: 260;42.0124861;-4.5375041;VANESA Mª GUZON TRIGUEROS;42.0124861, -4.5375041
"CENTRO ""PADRE BENITO MENNI""";2021-12-29;PASEO PADRE FAUSTINO CALVO , S/N;34;34120;PALENCIA;PALENCIA;34005;PALENCIA - ZONA II - NORTE;979 742300;979 742890;340259;ORDEN HOSPITALARIA HERMANOS SAN JUAN DE DIOS;;INSTITUCIONES, ÓRDENES, CONGREGACIONES RELIGIOSAS Y SIMILARES;;;PERSONAS CON DISCAPACIDAD;Residencia;Personas con discapacidad por trastorno del desarrollo intelectual;OTROS: 49;42.000997;-4.550321;NOELIA PIRON VILLARROEL;42.000997, -4.550321
CENTRO DE DIA PARA PERSONAS MAYORES;2026-01-26;PASEO PADRE FAUSTINO CALVO S/N;34;34120;PALENCIA;PALENCIA;34005;PALENCIA - ZONA II - NORTE;979 742300;;340452;ORDEN HOSPITALARIA HERMANOS SAN JUAN DE DIOS;;INSTITUCIONES, ÓRDENES, CONGREGACIONES RELIGIOSAS Y SIMILARES;;;PERSONAS MAYORES;Centro de día;Estancias diurnas;ASISTIDOS: 48;42.0046448;-4.5429413;CECILIA PEREZ VEGA;42.0046448, -4.5429413
HOGAR SOCIAL VIÑALTA;2024-08-19;AVENIDA VIÑALTA 38;34;34120;PALENCIA;PALENCIA;34005;PALENCIA - ZONA II - NORTE;979 742300;;341093;ORDEN HOSPITALARIA HERMANOS SAN JUAN DE DIOS;;INSTITUCIONES, ÓRDENES, CONGREGACIONES RELIGIOSAS Y SIMILARES;miguelangel.garcia@sjd.es;;INFANCIA (Y JUVENTUD);Vivienda;Hogar de socialización;NNAMMAS: 10;42.0072272;-4.5439083;MARIANO CORTÉS ALONSO-VILLALOBOS;42.0072272, -4.5439083
CENTRO DE DIA DISCAPACITADOS PADRE CELEDONIO;2023-10-15;PASEO PADRE FAUSTINO CALVO S/N;34;34120;PALENCIA;PALENCIA;34005;PALENCIA - ZONA II - NORTE;979 742300;979 742890;340831;ORDEN HOSPITALARIA HERMANOS SAN JUAN DE DIOS;;INSTITUCIONES, ÓRDENES, CONGREGACIONES RELIGIOSAS Y SIMILARES;palencia.diradmin@hsjd.es;;PERSONAS CON DISCAPACIDAD;Centro de día;Personas con discapacidad por trastorno del desarrollo intelectual;DISCAPACIDAD INTELECTUAL: 62;42.0010427;-4.5502453;VANESSA FRECHOSO MARCOS;42.0010427, -4.5502453
"CENTRO DE DIA ""SAN JUANILLO""";2020-10-14;CALLE ROBLES (LOS) 3;34;34120;PALENCIA;PALENCIA;34003;PALENCIA - ZONA IV - NORESTE;979 718169;979 718138;340607;AYUNTAMIENTO DE PALENCIA;CLECE, S.A.;ADMINISTRACIÓN LOCAL;;;PERSONAS MAYORES;Centro de día;Hogar (Unidad de atención social);;42.0142496;-4.5282982;HELIODORO GALLEGO CUESTA;42.0142496, -4.5282982
"CENTRO DE DIA PARA PERSONAS MAYORES ""LA PUEBLA""";2020-10-14;CALLE PUEBLA (LA) 9;34;34120;PALENCIA;PALENCIA;34001;PALENCIA - ZONA I - CENTRO;979 718176;979 718138;340445;AYUNTAMIENTO DE PALENCIA;;ADMINISTRACIÓN LOCAL;;;PERSONAS MAYORES;Centro de día;Hogar (Unidad de atención social);;42.0081819;-4.5285091;Mª LUISA MARTIN SERRANO;42.0081819, -4.5285091
VIVIENDA PROTEGIDA VILLA SAN JOSE;2024-05-15;CALLE PASTORES (LOS) 18BAJO J;34;34120;PALENCIA;PALENCIA;34005;PALENCIA - ZONA I - CENTRO;979 742791;;340103;CONGREGACION SIERVOS DE LA CARIDAD PP.GUANELIANOS;;INSTITUCIONES, ÓRDENES, CONGREGACIONES RELIGIOSAS Y SIMILARES;;;PERSONAS CON DISCAPACIDAD;Vivienda;Personas con disc. física, sensorial, por trastorno del desarrollo intelectual y/o por enfer. mental;OTROS: 8;42.0146774;-4.5388835;FERNANDO DE LA TORRE CABORNERO;42.0146774, -4.5388835
VIVIENDA PROTEGIDA VILLA SAN JOSE II;2024-05-15;AVENIDA BRASILIA 14-5 DCHA;34;34120;PALENCIA;PALENCIA;34004;PALENCIA - ZONA IV - NORESTE;979 742830;979 742830;340736;CONGREGACION SIERVOS DE LA CARIDAD PP.GUANELIANOS;;INSTITUCIONES, ÓRDENES, CONGREGACIONES RELIGIOSAS Y SIMILARES;villasanjose@villasanjose.es;;PERSONAS CON DISCAPACIDAD;Vivienda;Personas con discapacidad por trastorno del desarrollo intelectual leve o moderado;OTROS: 5;42.0098101;-4.5191222;FERNANDO DE LA TORRE CABORNERO;42.0098101, -4.5191222
RESIDENCIA DE PERSONAS MAYORES SAN TELMO.;2021-12-16;AVENIDA SAN TELMO 17;34;34120;PALENCIA;PALENCIA;34004;PALENCIA - ZONA III - SUR;979 728200;979 722074;340300;DIPUTACIÓN PROVINCIAL DE PALENCIA;;ADMINISTRACIÓN LOCAL;;;PERSONAS MAYORES;Residencia;Para asistidos;ASISTIDOS: 99;41.9957297;-4.5185178;SERGIO ABRIL GONZALEZ;41.9957297, -4.5185178
VIVIENDA APOYADA ABETOS;2025-07-08;CALLE ABETOS (LOS) 6 2C;34;34120;PALENCIA;PALENCIA;34003;PALENCIA - ZONA IV - NORESTE;979 746342;979 693024705;341103;ASOCIACION SALUD MENTAL PALENCIA - FEAFES PALENCIA;;ASOCIACIÓN;direccion@saludmentalpalencia.org;;PERSONAS CON DISCAPACIDAD;Vivienda;Personas con discapacidad por enfermedad mental;DISCAPACIDAD ENFERMEDAD MENTAL: 4;42.01445962168234;-4.530683555117319;ROMÁN GÓMEZ GUTIÉRREZ;42.01445962168234, -4.530683555117319
VIVIENDA APOYADA FEAFES PALENCIA 3;2025-07-14;CALLE JOSE ZORRILLA 5-3º A;34;34120;PALENCIA;PALENCIA;34001;PALENCIA - ZONA I - CENTRO;979 746342;979 693024705;340772;ASOCIACION SALUD MENTAL PALENCIA - FEAFES PALENCIA;;ASOCIACIÓN;direccion@saludmentalpalencia.org;;PERSONAS CON DISCAPACIDAD;Vivienda;Personas con discapacidad por enfermedad mental;OTROS: 4;42.0112706;-4.5314654;ROMÁN GÓMEZ GUTIÉRREZ;42.0112706, -4.5314654
PISO Nº 21, 7º, PUERTA 5;2024-08-15;CALLE FRANCISCO VIGHI 21, 7º, PUERTA 5;34;34120;PALENCIA;PALENCIA;34004;PALENCIA - ZONA III - SUR;979 723512;;340251;FUNDACIÓN BRIAN;;FUNDACIÓN;;;PERSONAS CON DISCAPACIDAD;Vivienda;Personas con discapacidad por trastorno del desarrollo intelectual leve o moderado;OTROS: 3;41.9912396;-4.5152938;ALVARO ROSALES VILLASUR;41.9912396, -4.5152938
CENTRO DE DIA FIDEL RAMOS;2024-03-15;PASEO OTERO (DEL) 1-3;34;34120;PALENCIA;PALENCIA;34003;PALENCIA - ZONA IV - NORESTE;979 740699;;340781;FUNDACIÓN BRIAN;;FUNDACIÓN;;;PERSONAS CON DISCAPACIDAD;Centro de día;Personas con discapacidad por trastorno del desarrollo intelectual;OTROS: 25;42.0163901;-4.5338243;ALVARO ROSALES VILLASUR;42.0163901, -4.5338243
VIVIENDA Nº 19, BAJO D;2024-12-14;CALLE TELLO TELLEZ DE MENESES 19, bajo d;34;34120;PALENCIA;PALENCIA;34004;PALENCIA - ZONA III - SUR;;;340342;FUNDACIÓN BRIAN;;FUNDACIÓN;;;PERSONAS CON DISCAPACIDAD;Vivienda;Personas con disc. física, sensorial, por trastorno del desarrollo intelectual y/o por enfer. mental;OTROS: 3;41.9989679;-4.518992;ALVARO ROSALES VILLASUR;41.9989679, -4.518992
SANTIAGO 22 2ºG;2024-10-15;CALLE SANTIAGO 22 2ºG;34;34120;PALENCIA;PALENCIA;34002;PALENCIA - ZONA III - SUR;979 160601;;341004;FUNDACIÓN BRIAN;;FUNDACIÓN;;;PERSONAS CON DISCAPACIDAD;Vivienda;Personas con disc. física, sensorial, por trastorno del desarrollo intelectual y/o por enfer. mental;OTROS: 3;41.9994919;-4.5217051;ALVARO ROSALES VILLASUR;41.9994919, -4.5217051
RESIDENCIAL AMON;2024-08-23;AVENIDA SANTIAGO AMON 17, BAJO;34;34120;PALENCIA;PALENCIA;34002;PALENCIA - ZONA I - CENTRO;979 727458;;340197;CENTRO RESIDENCIAL AMON S.L.;;SOCIEDADES;info@residenciaamon.com;;PERSONAS MAYORES;Residencia;Para asistidos;ASISTIDOS: 36;42.003341;-4.529876799999999;Mª DE LA SALUD GARCÍA SOBLECHERO;42.003341, -4.529876799999999
CENTRO DE DÍA ASPACE-PALENCIA;2023-11-02;CALLE RENAULT ESPAÑA (DE);34;34120;PALENCIA;PALENCIA;34004;PALENCIA - ZONA IV - NORESTE;979 752512;;341066;ASOCIACIÓN DE PADRES Y TUTORES DE PERSONAS CON PARÁLISIS CEREBRAL Y PATOLOGÍAS AFINES (ASPACE-PALENCIA);;ASOCIACIÓN;ASPACEPALENCIA@HOTMAIL.COM;;PERSONAS CON DISCAPACIDAD;Centro de día;Personas con discapacidad física;DISCAPACIDAD FISICA: 21;42.0122474;-4.5172215;JUAN JOSÉ GARCÍA SÁNCHEZ;42.0122474, -4.5172215
CENTRO DE DIA PARA DISCAPACITADOS FISICOS (ACREMIF);2024-10-18;CALLE FRANCISCO VIGHI 21, BAJO D;34;34120;PALENCIA;PALENCIA;34004;PALENCIA - ZONA III - SUR;979 160046;979 606847310;340293;ASOCIACIÓN CULTURAL Y RECREATIVA DE MINUSVÁLIDOS FÍSICOS (ACREMIF);;ASOCIACIÓN;;;PERSONAS CON DISCAPACIDAD;Centro de día;Personas con discapacidad física;OTROS: 20;41.9906954;-4.5145643;ANA ISABEL FUENTE MARTÍN;41.9906954, -4.5145643
RESIDENCIA DE MAYORES LA JULIA;2021-02-09;CALLE LABRADOR 15;34;34120;PALENCIA;PALENCIA;34005;PALENCIA - ZONA III - SUR;979 060015;979 707126;340621;RESIDENCIA DE MAYORES LA JULIA, S.L.;;SOCIEDADES;;;PERSONAS MAYORES;Residencia;Para asistidos;ASISTIDOS: 55;41.9972794;-4.5270155;LAURA FRANCO VILDA;41.9972794, -4.5270155
CENTRO OCUPACIONAL OTERO;2026-03-14;AVENIDA MADRID 50;34;34120;PALENCIA;PALENCIA;34004;PALENCIA - ZONA III - SUR;979 729735;979 727950;340228;FUNDACIÓN PERSONAS;;FUNDACIÓN;antonio.mota@fundacionpersonas.es;;PERSONAS CON DISCAPACIDAD;Centro de día;Personas con discapacidad por trastorno del desarrollo intelectual;OTROS: 120;41.9852133;-4.5160315;ANTONIO JAVIER MOTA CUENDE;41.9852133, -4.5160315
VIVIENDA TUTELADA FLORIDA BLANCA;2023-11-15;CALLE FLORIDABLANCA  Nº 10 1º B;34;34120;PALENCIA;PALENCIA;34003;PALENCIA - ZONA IV - NORESTE;979 701760;;340129;FUNDACIÓN PERSONAS;;FUNDACIÓN;;;PERSONAS CON DISCAPACIDAD;Vivienda;Personas con disc. física, sensorial, por trastorno del desarrollo intelectual y/o por enfer. mental;OTROS: 5;42.0178891;-4.5320592;ANTONIO JAVIER MOTA CUENDE;42.0178891, -4.5320592
VIVIENDA TUTELADA LA PAZ;2024-12-14;CALLE PAZ (LA) 7-2º IZQ.;34;34120;PALENCIA;PALENCIA;34004;PALENCIA - ZONA III - SUR;979 713863;;340130;FUNDACIÓN PERSONAS;;FUNDACIÓN;;;PERSONAS CON DISCAPACIDAD;Vivienda;Personas con disc. física, sensorial, por trastorno del desarrollo intelectual y/o por enfer. mental;OTROS: 6;;;ANTONIO JAVIER MOTA CUENDE;
RESIDENCIA NUESTRO HOGAR;2023-05-05;AVENIDA MADRID KM. 6;34;34120;PALENCIA;PALENCIA;34004;PALENCIA - ZONA III - SUR;979 729740;979 727950;340220;FUNDACIÓN PERSONAS;;FUNDACIÓN;;;PERSONAS CON DISCAPACIDAD;Residencia;Personas con discapacidad por trastorno del desarrollo intelectual;OTROS: 53;41.9924545;-4.5196618;ANTONIO JAVIER MOTA CUENDE;41.9924545, -4.5196618
"VIVIENDA TUTELADA ""LA PUEBLA""";2026-03-14;CALLE PUEBLA (LA) , 3 -Escalera A, Bajo;34;34120;PALENCIA;PALENCIA;34002;PALENCIA - ZONA I - CENTRO;979 727950;979 165045;340590;FUNDACIÓN PERSONAS;;FUNDACIÓN;aspanis@feapscyl.org;;PERSONAS CON DISCAPACIDAD;Vivienda;Personas con discapacidad por trastorno del desarrollo intelectual leve o moderado;OTROS: 5;42.0088711;-4.5292009;ANTONIO JAVIER MOTA CUENDE;42.0088711, -4.5292009
VIVIENDA FRANCISCO VIGHI;2023-11-15;CALLE FRANCISCO VIGHI 29 1º 4;34;34120;PALENCIA;PALENCIA;34004;PALENCIA - ZONA III - SUR;979 727950;;340737;FUNDACIÓN PERSONAS;;FUNDACIÓN;;;PERSONAS CON DISCAPACIDAD;Vivienda;Personas con discapacidad por trastorno del desarrollo intelectual leve o moderado;OTROS: 4;41.991044;-4.514049099999999;ANTONIO JAVIER MOTA CUENDE;41.991044, -4.514049099999999
RESIDENCIA LA FUENTE;2019-02-27;AVENIDA ASTURIAS 20;34;34120;PALENCIA;PALENCIA;34005;PALENCIA - ZONA II - NORTE;979 750142;979 750142;340484;RESIDENCIA TERCERA EDAD LA FUENTE, S.L.;;SOCIEDADES;;;PERSONAS MAYORES;Residencia;Para asistidos;ASISTIDOS: 22;42.0216944;-4.5450095;ROSA MARÍA MORO DE CASTRO;42.0216944, -4.5450095
UNIDAD PARA PERSONAS CON DISCAPACIDAD INTELECTUAL CON GRAVES TRASTORNOS DEL COMPORTAMIENTO;2025-07-18;CARRETERA BURGOS S/N;34;34120;PALENCIA;PALENCIA;34004;PALENCIA - ZONA III - SUR;979 165324;;340601;FUNDACIÓN HOSPITALARIAS;;FUNDACIÓN;ch@sanluis.org;;PERSONAS CON DISCAPACIDAD;Residencia;Personas con discapacidad por enfermedad mental;OTROS: 9;;;MANUEL GARCÍA MANSO;
"CENTRO ASISTENCIAL DE MINUSVALIDOS ""MARIA JOSEFA RECIO""";2025-07-18;CARRETERA BURGOS S/N;34;34120;PALENCIA;PALENCIA;34004;PALENCIA - ZONA III - SUR;979 165324;;340515;FUNDACIÓN HOSPITALARIAS;;FUNDACIÓN;;;PERSONAS CON DISCAPACIDAD;Residencia;Personas con discapacidad por enfermedad mental;OTROS: 40;;;CRISTINA DE PABLO MOZO;
"CENTRO OCUPACIONAL PARA PERSONAS CON DISCAPACIDAD PSIQUICA ""SAN LUIS""";2025-06-23;CARRETERA BURGOS S/N;34;34120;PALENCIA;PALENCIA;34004;PALENCIA - ZONA IV - NORESTE;979 165324;979 165443;340600;FUNDACIÓN HOSPITALARIAS;;FUNDACIÓN;ch@sanluis.org;;PERSONAS CON DISCAPACIDAD;Centro de día;Personas con discapacidad por trastorno del desarrollo intelectual;OTROS: 45;41.990985;-4.5108484;SUSANA ANTOLÍN VILLEGAS;41.990985, -4.5108484
RESIDENCIA RIO PISUERGA;2025-09-26;CALLE ERAS (LAS) 1;34;34158;PALENCIA;SALINAS DE PISUERGA;34830;CERVERA DE PISUERGA - LA PERNÍA;979 120026;979 999999999;340277;AYUNTAMIENTO DE SALINAS DE PISUERGA;AGEYDEN SIGLO XXI, S.L.;ADMINISTRACIÓN LOCAL;tsocial.riopisuerga@grupoage.net;;PERSONAS MAYORES;Residencia;Para asistidos;ASISTIDOS: 104;;;GREGORIO SARDIÑAS RICA;
RESIDENCIA CENTRO SAN CEBRIAN;2026-03-14;AVENIDA NUESTRA SEÑORA DEL PRADO 7;34;34159;PALENCIA;SAN CEBRIAN DE CAMPOS;34429;ASTUDILLO - FRÓMISTA;979 154050;979 000000000;340037;FUNDACIÓN BRIAN;;FUNDACIÓN;e.delrio@somosbrian.com;;PERSONAS CON DISCAPACIDAD;Residencia;Personas con discapacidad por trastorno del desarrollo intelectual;OTROS: 66;42.1989328;-4.5324066;SUSANA ANTÓN MARÍN;42.1989328, -4.5324066
PISO 16, 1º DERECHA;2026-02-14;AVENIDA NUESTRA SEÑORA DEL PRADO 16, 1º DCHA.;34;34159;PALENCIA;SAN CEBRIAN DE CAMPOS;34429;ASTUDILLO - FRÓMISTA;979 154050;979 979740699;340247;FUNDACIÓN BRIAN;;FUNDACIÓN;;;PERSONAS CON DISCAPACIDAD;Vivienda;Personas con discapacidad por trastorno del desarrollo intelectual leve o moderado;OTROS: 5;;;SUSANA ANTÓN MARÍN;
HOGAR III (PISO 14, 1º IZDA);2025-12-14;AVENIDA NUESTRA SEÑORA DEL PRADO 14, 1º IZDA.;34;34159;PALENCIA;SAN CEBRIAN DE CAMPOS;34429;ASTUDILLO - FRÓMISTA;979 154050;979 979740699;340236;FUNDACIÓN BRIAN;;FUNDACIÓN;;;PERSONAS CON DISCAPACIDAD;Vivienda;Personas con disc. física, sensorial, por trastorno del desarrollo intelectual y/o por enfer. mental;OTROS: 4;;;SUSANA ANTÓN MARÍN;
VIVIENDA COLECTIVA DERECHA;2026-03-18;AVENIDA NUESTRA SEÑORA DEL PRADO;34;34159;PALENCIA;SAN CEBRIAN DE CAMPOS;34429;ASTUDILLO - FRÓMISTA;979 154050;;341005;FUNDACIÓN BRIAN;;FUNDACIÓN;;;PERSONAS CON DISCAPACIDAD;Vivienda;Personas con discapacidad por trastorno del desarrollo intelectual leve o moderado;DISCAPACIDAD INTELECTUAL: 8;42.1990242;-4.5314053;SUSANA ANTÓN MARÍN;42.1990242, -4.5314053
RESIDENCIA DE PERSONAS MAYORES VALDEOLMILLOS;2022-06-29;CALLE CANTARRANAS 2;34;34189;PALENCIA;VALDEOLMILLOS;34239;BALTANÁS - TORQUEMADA;979 802451;;340005;RESIDENCIA VALDEOLMILLOS SALUD, S.L.(REVALSA);;SOCIEDADES;;;PERSONAS MAYORES;Residencia;Para asistidos;ASISTIDOS: 34;42.0410399;-4.3995392;ELENA ALONSO ZUMEL;42.0410399, -4.3995392
RESIDENCIA DE PERSONAS MAYORES CASADO DEL ALISAL;2025-08-04;AVENIDA ASILO 12-14;34;34206;PALENCIA;VILLADA;34340;PAREDES DE NAVA - VILLADA;979 844144;;340232;FUNDACIÓN CASADO DEL ALISAL;GEROSALUD MEDITERRANEA S.L.;FUNDACIÓN;fcasadoalisal@hotmail.com;;PERSONAS MAYORES;Residencia;Para asistidos;ASISTIDOS: 113;42.2519751;-4.964157;ESTHER DURÁNTEZ RODRÍGUEZ;42.2519751, -4.964157
CENTRO DE DIA DE VILLALOBON;2025-07-23;CALLE MONTILLA, Nº 1 -B;34;34217;PALENCIA;VILLALOBON;34419;ASTUDILLO - FRÓMISTA;979 765132;;340523;AYUNTAMIENTO DE VILLALOBON;FUNDACIÓN HOSPITALARIAS;ADMINISTRACIÓN LOCAL;;;PERSONAS MAYORES;Centro de día;Estancias diurnas;ASISTIDOS: 30;42.0347807;-4.506156;EMILIO NEGRO GONZALEZ;42.0347807, -4.506156
CENTRO DE DÍA VILLAMURIEL DE CERRATO;2025-09-14;CALLE VELAZQUEZ 59;34;34225;PALENCIA;VILLAMURIEL DE CERRATO;34190;VENTA DE BAÑOS - DUEÑAS;979 776191;;341050;AYUNTAMIENTO DE VILLAMURIEL DE CERRATO;FUNDACIÓN BRIAN;ADMINISTRACIÓN LOCAL;secretario@villamurieldecerrato.es;;PERSONAS CON DISCAPACIDAD;Centro de día;Personas con discapacidad por trastorno del desarrollo intelectual;DISCAPACIDAD INTELECTUAL: 21;;;ROBERTO MARTÍN CASADO;
CENTRO DE PERSONAS MAYORES S. ROQUE;2021-09-30;AVENIDA VALDEGUDIN;34;34225;PALENCIA;VILLAMURIEL DE CERRATO;34190;VENTA DE BAÑOS - DUEÑAS;979 776434;;340020;AYUNTAMIENTO DE VILLAMURIEL DE CERRATO;;ADMINISTRACIÓN LOCAL;;;PERSONAS MAYORES;Centro de día;Hogar (Unidad de atención social);;41.9539958;-4.5151693;;41.9539958, -4.5151693
CENTRO OCUPACIONAL PRELABORAL;2025-09-14;POLIGONO INDUSTRIAL MERCAPASA;34;34225;PALENCIA;VILLAMURIEL DE CERRATO;34190;VENTA DE BAÑOS - DUEÑAS;;;340437;FUNDACIÓN TRABAJO INCLUSIVO DE BRIÁN;FUNDACIÓN BRIAN;FUNDACIÓN;;;PERSONAS CON DISCAPACIDAD;Centro de día;Personas con discapacidad por trastorno del desarrollo intelectual;OTROS: 30;41.9422872;-4.5000131;ALVARO ROSALES VILLASUR;41.9422872, -4.5000131
CENTRO DE EMERGENCIA DE SORIA;2024-01-26;;42;42173;SORIA;SORIA;42000;ZDESCONOCIDO;000 000000;;420447;CRUZ ROJA ESPAÑOLA;;ASOCIACIÓN;;;MUJER;Residencia;Acogida para mujeres;OTROS: 8;41.766436;-2.4790872;;41.766436, -2.4790872
UNIDAD DE ESTANCIAS DIURNAS GEROHOTEL PRADO BOYAL;2022-02-01;CALLE DEL PRADO 16;47;47076;VALLADOLID;LAGUNA DE DUERO;47140;LAGUNA DE DUERO;983 214444;;470805;CLECE VITAM, S.A.;;SOCIEDADES;sramon@senior.eus;;PERSONAS MAYORES;Centro de día;Estancias diurnas;ASISTIDOS: 30;41.5909063;-4.724532;SILVIA RAMÓN YAGÜE;41.5909063, -4.724532
RESIDENCIA VIRGEN DEL CARMEN;2023-09-12;CARRETERA VALDESTILLAS 22;47;47111;VALLADOLID;PEDRAJA DE PORTILLO;47196;PORTILLO;983 553060;;470999;"FUNDACION ""EL MANDAMIENTO NUEVO""";;FUNDACIÓN;direccion.vcarmen@mandanuevo.es;;PERSONAS MAYORES;Residencia;Para asistidos;DEPENDIENTES: 42;41.47433909999999;-4.648213399999999;LUCÍA HERRERO GUTIÉRREZ;41.47433909999999, -4.648213399999999
NUMERO TRES. VIVIENDA LETRA A, 1ª. PLANTA, PORTAL 1;2025-12-14;CALLE HOSPITAL 1-1ª PLANTA;34;34903;PALENCIA;BAHILLO;34127;CARRIÓN DE LOS CONDES - OSORNO;979 740699;979 000000000;340326;FUNDACIÓN BRIAN;;FUNDACIÓN;;;PERSONAS CON DISCAPACIDAD;Vivienda;Personas con disc. física, sensorial, por trastorno del desarrollo intelectual y/o por enfer. mental;OTROS: 4;;;NATALÍ CAMOLEZ FANTAZIA;
RESIDENCIA LA PERNÍA;2023-06-23;CALLE CARRETERA 30;34;34904;PALENCIA;SAN SALVADOR DE CANTAMUDA;34847;CERVERA DE PISUERGA - LA PERNÍA;979 879028;;341053;AYUNTAMIENTO DE LA PERNIA;SEGERSAD PENINSULAR, S.L.;ADMINISTRACIÓN LOCAL;;;PERSONAS MAYORES;Residencia;Para asistidos;DEPENDIENTES: 29;42.968249;-4.493996;MARIANO SAN ABELARDO RODRIGUEZ;42.968249, -4.493996
RESIDENCIA DE PERSONAS MAYORES ALARAZ;2022-11-07;CALZADA PEÑARANDA Nº 9;37;37007;SALAMANCA;ALARAZ;37312;PEÑARANDA DE BRACAMONTE;923 550171;;370478;RESIDENCIAS HERMANOS ALMAR, S.L.;;SOCIEDADES;residencia.alaraz@gmail.com;;PERSONAS MAYORES;Residencia;Para asistidos;ASISTIDOS: 63;40.7499674;-5.2850506;ESTHER Mª NAVA MARTÍN;40.7499674, -5.2850506
VIVIENDA ALBA I;2023-03-15;CALLE PATRONATO SANTA TERESA 3, 1ºA;37;37008;SALAMANCA;ALBA DE TORMES;37800;ALBA DE TORMES;923 186893;;371663;ASPRODES - FEAPS SALAMANCA;;ASOCIACIÓN;asprodes@asprodes.es;;PERSONAS CON DISCAPACIDAD;Vivienda;Personas con discapacidad por trastorno del desarrollo intelectual leve o moderado;OTROS: 3;40.8237459;-5.5120954;Mª INMACULADA LORENZO MARTÍN;40.8237459, -5.5120954
RESIDENCIA DE PERSONAS MAYORES SANTIAGO Y SAN MARCOS;2025-07-23;CALLE NUEVA DEL RELOJ 4;37;37008;SALAMANCA;ALBA DE TORMES;37800;ALBA DE TORMES;923 300974;;370069;PATRONATO SANTIAGO Y SAN MARCOS;;FUNDACIÓN;res.santi-marcosalba@hotmail.com;;PERSONAS MAYORES;Residencia;Para asistidos;ASISTIDOS: 44;40.8272817;-5.511559699999999;ESTHER VILLAR;40.8272817, -5.511559699999999
"UNIDAD DE ESTANCIAS DIURNAS ""VIRGEN DE LA PEÑA DE FRANCIA""";2020-10-14;AVENIDA PEÑA DE FRANCIA 20;37;37010;SALAMANCA;ALBERCA (LA);37624;TAMAMES;923 415465;;370918;AYUNTAMIENTO DE LA ALBERCA;AZVASE, S.L.;ADMINISTRACIÓN LOCAL;;;PERSONAS MAYORES;Centro de día;Estancias diurnas;ASISTIDOS: 20;40.4887764;-6.1137487;JESUS PASCUAL BARÉS;40.4887764, -6.1137487
RESIDENCIA MUNICIPAL PARA MAYORES LA LLANADA;2025-11-11;CALLE LLANADA 29;37;37014;SALAMANCA;ALDEADAVILA DE LA RIBERA;37250;LUMBRALES;923 505411;;370003;AYUNTAMIENTO DE ALDEADAVILA DE LA RIBERA;;ADMINISTRACIÓN LOCAL;lallanada@aldeadavila.es;;PERSONAS MAYORES;Residencia;Mixta para válidos y asistidos;VÁLIDOS: 4, ASISTIDOS: 58;41.21675086280354;-6.619720223840236;ESTELA GALLEGO GALLEGO;41.21675086280354, -6.619720223840236
CENTRO RESIDENCIAL DE ATENCIÓN PARA PERSONAS CON DISCAPACIDAD INTELECTUAL DE BÉJAR;2024-02-26;SUBIDA LAUDELINO CUBINO;37;37046;SALAMANCA;BEJAR;37700;BÉJAR;923 403175;;370062;GERENCIA DE SERVICIOS SOCIALES DE CASTILLA Y LEÓN;;ADMINISTRACIÓN AUTONÓMICA;gildonan@jcyl.es;;PERSONAS CON DISCAPACIDAD;Residencia;Personas con discapacidad por trastorno del desarrollo intelectual;OTROS: 80;;;JESÚS CELESTINO SÁNCHEZ MARTÍN (EN FUNCIONES);
CENTRO OCUPACIONAL PARA PERSONAS CON DISCAPACIDAD INTELECTUAL DE BÉJAR;2024-02-26;SUBIDA LAUDELINO CUBINO;37;37046;SALAMANCA;BEJAR;37700;CIUDAD RODRIGO I;923 403175;;370676;GERENCIA DE SERVICIOS SOCIALES DE CASTILLA Y LEÓN;;ADMINISTRACIÓN AUTONÓMICA;;;PERSONAS CON DISCAPACIDAD;Centro de día;Personas con discapacidad por trastorno del desarrollo intelectual;OTROS: 46;;;Antonio Gil Donaire;
VIVIENDA SOL III;2023-11-15;CALLE SOL BAJO E;37;37046;SALAMANCA;BEJAR;37700;BÉJAR;923 186893;;371395;ASPRODES - FEAPS SALAMANCA;;ASOCIACIÓN;asprodes@asprodes.es;;PERSONAS CON DISCAPACIDAD;Vivienda;Personas con disc. física, sensorial, por trastorno del desarrollo intelectual y/o por enfer. mental;OTROS: 4;;;NURIA BLÁZQUEZ CAMPOS;
VIVIENDA SOL II;2023-11-15;CALLE SOL BAJO C;37;37046;SALAMANCA;BEJAR;37700;BÉJAR;923 186893;;371383;ASPRODES - FEAPS SALAMANCA;;ASOCIACIÓN;asprodes@asprodes.es;;PERSONAS CON DISCAPACIDAD;Vivienda;Personas con disc. física, sensorial, por trastorno del desarrollo intelectual y/o por enfer. mental;OTROS: 4;;;NURIA BLÁZQUEZ CAMPOS;
VIVIENDA SOL I;2025-04-14;CALLE SOL BAJO B;37;37046;SALAMANCA;BEJAR;37700;BÉJAR;923 186893;;371382;ASPRODES - FEAPS SALAMANCA;;ASOCIACIÓN;asprodes@asprodes.es;;PERSONAS CON DISCAPACIDAD;Vivienda;Personas con disc. física, sensorial, por trastorno del desarrollo intelectual y/o por enfer. mental;OTROS: 4;;;NURIA BLÁZQUEZ CAMPOS;
RESIDENCIAL BELEÑA;2023-11-15;CALLE ENCINA 30;37;37047;SALAMANCA;BELEÑA;37789;ALBA DE TORMES;923 381023;923 381425;370777;AMANECER DUERO, S.L.;;SOCIEDADES;amanecerduero@terra.es;;PERSONAS MAYORES;Residencia;Para asistidos;ASISTIDOS: 184;40.7499795;-5.6280792;Alberto Rodriguez Boyero;40.7499795, -5.6280792
RESIDENCIA DE PERSONAS MAYORES LAS AZUCENAS II;2025-12-23;STA. MARTA - HUERTA, KM. 8;37;37069;SALAMANCA;CALVARRASA DE ABAJO;37181;LAS VILLAS - SANTA MARTA DE TORMES;923 100500;;370912;SALMANTICA DE GESTIÓN GERIÁTRICA, S.L.;;SOCIEDADES;info@residencialasazucenas.es;;PERSONAS MAYORES;Residencia;Para asistidos;ASISTIDOS: 99;;;ÁNGEL RICARDO DE LA TORRE LASO;
CENTRO OCUPACIONAL EL ENCINAR I;2024-12-14;CALLE ESCUELAS 33;37;37073;SALAMANCA;CALZADA DE VALDUNCIEL;37797;SALAMANCA RURAL - NORTE;923 310223;;370068;ASOCIACIÓN DE PADRES DE LA ARMUÑA LA BESANA - ASPAR;;ASOCIACIÓN;;;PERSONAS CON DISCAPACIDAD;Centro de día;Personas con discapacidad por trastorno del desarrollo intelectual;OTROS: 25;41.085623;-5.702447;RAUL LORENZO CARRASCAL;41.085623, -5.702447
UNIDAD DE ESTANCIAS DIURNAS  CALZADA DE VALDUNCIEL;2025-06-17;CALLE POZO DEL CAMPO S/N;37;37073;SALAMANCA;CALZADA DE VALDUNCIEL;37797;SALAMANCA RURAL - NORTE;923 310274;;370837;AYUNTAMIENTO DE CALZADA DE VALDUNCIEL;S&B ASOCIADOS SERVICIO DEPENDENCIA 2015, S.L.;ADMINISTRACIÓN LOCAL;;;PERSONAS MAYORES;Centro de día;Estancias diurnas;ASISTIDOS: 3;41.0859324;-5.6996515;JOSÉ ANTONIO BELDA LORENZO;41.0859324, -5.6996515
RESIDENCIA PARA PERSONAS MAYORES ALBERTIA CASTELLANOS;2022-04-06;CALLE VITIGUDINO 1-3;37;37092;SALAMANCA;CASTELLANOS DE MORISCOS;37439;SALAMANCA RURAL - NORTE;923 880077;923 355686;371190;ALBERTIA SERVICIOS SOCIOSANITARIOS, S.A.;;SOCIEDADES;castellanos@bellavistasalamanca.es;;PERSONAS MAYORES;Residencia;Para asistidos;ASISTIDOS: 176;41.0111519;-5.6067431;Pablo Esmoris Esmoris;41.0111519, -5.6067431
VIVIENDA COMUNITARIA;2022-11-07;CARRETERA NUEVA Nº 17;37;37102;SALAMANCA;CERRO (EL);37726;BÉJAR;923 431247;;370554;AYUNTAMIENTO DE EL CERRO;SOFIA HERNÁNDEZ HERNÁNDEZ;ADMINISTRACIÓN LOCAL;;;PERSONAS MAYORES;Residencia;Para asistidos;ASISTIDOS: 14;40.3311736;-5.9120879;SOFÍA HERNÁNDEZ HERNÁNDEZ;40.3311736, -5.9120879
CENTRO DE DIA PARA PERSONAS MAYORES DE CIUDAD RODRIGO;2020-10-14;CALLE ENRIQUE ZARANDIETA S/N;37;37107;SALAMANCA;CIUDAD-RODRIGO;37500;CIUDAD RODRIGO I;923 460158;;370060;GERENCIA DE SERVICIOS SOCIALES DE CASTILLA Y LEÓN;;ADMINISTRACIÓN AUTONÓMICA;;;PERSONAS MAYORES;Centro de día;Hogar (Unidad de atención social);;40.5972587;-6.5316;MIGUEL ANGEL DIAZ GARCIA;40.5972587, -6.5316
VIVIENDA SANTO DOMINGO I;2025-01-14;CALLE ARAPILES;37;37107;SALAMANCA;CIUDAD-RODRIGO;37500;CIUDAD RODRIGO I;923 480627;;371703;ASPRODES - FEAPS SALAMANCA;;ASOCIACIÓN;asprodes@asprodes.es;;PERSONAS CON DISCAPACIDAD;Vivienda;Personas con discapacidad por trastorno del desarrollo intelectual leve o moderado;DISCAPACIDAD INTELECTUAL: 8;40.5981617;-6.5264976;SORAYA BERNAL HERNÁNDEZ;40.5981617, -6.5264976
RESIDENCIA NUEVA VETUSTA;2025-04-14;CALLE VOLADERO 85;37;37107;SALAMANCA;CIUDAD-RODRIGO;37500;ZDESCONOCIDO;923 186893;;371434;ASPRODES - FEAPS SALAMANCA;;ASOCIACIÓN;asprodes@asprodes.es;;PERSONAS CON DISCAPACIDAD;Residencia;Personas con discapacidad por trastorno del desarrollo intelectual;OTROS: 33;40.5966649;-6.5201821;LAURA LÓPEZ LÓPEZ;40.5966649, -6.5201821
RESIDENCIA MIXTA DE CIUDAD RODRIGO;2023-02-16;CALLE HOSPICIO 2;37;37107;SALAMANCA;CIUDAD-RODRIGO;37500;CIUDAD RODRIGO I;923 460187;923 481129;370370;DIPUTACIÓN PROVINCIAL DE SALAMANCA;;ADMINISTRACIÓN LOCAL;;;PERSONAS MAYORES;Residencia;Mixta para válidos y asistidos;VÁLIDOS: 81, ASISTIDOS: 87;40.60373329999999;-6.530726899999999;Mª ELENA ALEGRÍA REBOLLO;40.60373329999999, -6.530726899999999
RESIDENCIA CARACILLO;2022-06-23;BEJAR-CIUDAD RODRIGO, KM. 94'700;37;37107;SALAMANCA;CIUDAD-RODRIGO;37500;CIUDAD RODRIGO I;923 182526;;370484;CENTRO RESIDENCIAL CARACILLO, S.L.;;SOCIEDADES;;;PERSONAS MAYORES;Residencia;Para asistidos;ASISTIDOS: 83;40.5971513;-6.5227749;JESUS GARCIA MUÑOZ;40.5971513, -6.5227749
UNIDAD DE ESTANCIAS DIURNAS OBISPO TELLEZ;2022-11-07;PLAZA CRISTOBAL CASTILLEJO Nº 14;37;37107;SALAMANCA;CIUDAD-RODRIGO;37500;CIUDAD RODRIGO I;923 498034;923 498033;370567;CONFRANDES, S.L.;;SOCIEDADES;;;PERSONAS MAYORES;Centro de día;Estancias diurnas;ASISTIDOS: 20;40.5960899;-6.53255;CEFERINO SANTOS RUBIO;40.5960899, -6.53255
CENTRO OCUPACIONAL MIRÓBRIGA;2025-10-14;PLAZA CONSTITUCION 2;37;37107;SALAMANCA;SAN JUANEJO;37591;CIUDAD RODRIGO I;923 480627;;370039;ASPRODES - FEAPS SALAMANCA;;ASOCIACIÓN;;;PERSONAS CON DISCAPACIDAD;Centro de día;Personas con discapacidad por trastorno del desarrollo intelectual;OTROS: 95;40.5703426;-6.474678399999999;SORAYA BERNAL HERNÁNDEZ;40.5703426, -6.474678399999999
CLUB DE PERSONAS MAYORES;2020-10-14;PLAZA MAYOR 7;37;37113;SALAMANCA;CUBO DE DON SANCHO;37281;CIUDAD RODRIGO I;923 440386;;370240;AYUNTAMIENTO DE CUBO DE DON SANCHO;;ADMINISTRACIÓN LOCAL;;;PERSONAS MAYORES;Centro de día;Hogar (Unidad de atención social);;40.8904237;-6.3056785;PEDRO J. MORO BENITO;40.8904237, -6.3056785
RESIDENCIA MUNICIPAL SAN MARCOS;2024-09-02;LA IGLESIA, Nº 2;37;37132;SALAMANCA;FREGENEDA (LA);37220;LUMBRALES;923 521122;;370531;AYUNTAMIENTO DE LA FREGENEDA;;ADMINISTRACIÓN LOCAL;;;PERSONAS MAYORES;Residencia;Para asistidos;ASISTIDOS: 22;;;JOSEFA LEON PEREZ;
RESIDENCIA DE PERSONAS MAYORES LA PIEDAD;2025-07-23;CALLE SANTA CATALINA Nº 72;37;37136;SALAMANCA;FUENTEGUINALDO;37540;CIUDAD RODRIGO II;;634008873;370580;AYUNTAMIENTO DE FUENTEGUINALDO;RESIDENCIAS EXTREMEÑAS DE MAYORES, S.L.;ADMINISTRACIÓN LOCAL;administracion@geriarea.com;;PERSONAS MAYORES;Residencia;Para asistidos;ASISTIDOS: 40;40.425082;-6.674146299999999;ALBA MARCOS GONZÁLEZ;40.425082, -6.674146299999999
RESIDENCIA DE PERSONAS MAYORES SAN JOSE;2024-05-08;CALLE LARGA 20;37;37137;SALAMANCA;FUENTELIANTE;37272;LUMBRALES;923 506381;;370007;CONGREGACIÓN MARTA Y MARIA RESIDENCIA DE ANCIANOS SAN JOSÉ;;INSTITUCIONES, ÓRDENES, CONGREGACIONES RELIGIOSAS Y SIMILARES;rfuenteliante@martaymaria.org;;PERSONAS MAYORES;Residencia;Para asistidos;ASISTIDOS: 34;;;ENMA ELISET RODAS MEJIA;
RESIDENCIA PERSONAS MAYORES SAN ISIDRO LABRADOR;2023-04-19;CAMINO PEDRAZA DE ALBA 1;37;37141;SALAMANCA;GAJATES;37874;ALBA DE TORMES;923 167557;923 383015;371099;AYUNTAMIENTO DE GAJATES;ATULADO AYUDA ASISTENCIAL, S.L.U.;ADMINISTRACIÓN LOCAL;residenciagajates@gmail.com;;PERSONAS MAYORES;Residencia;Para asistidos;ASISTIDOS: 12;;;ROMAN GARCIA HERNANDEZ;
CENTRO OCUPACIONAL EL ENCINAR II;2025-03-14;CALLE ADOLFO SUAREZ, Nº 2;37;37152;SALAMANCA;GOMECELLO;37420;LAS VILLAS - SANTA MARTA DE TORMES;923 350527;;370067;ASOCIACIÓN DE PADRES DE LA ARMUÑA LA BESANA - ASPAR;;ASOCIACIÓN;asparlabesana@plenainclusioncyl.org;;PERSONAS CON DISCAPACIDAD;Centro de día;Personas con discapacidad por trastorno del desarrollo intelectual;OTROS: 15;;;JOSÉ DELGADO GÓMEZ;
"CENTRO DE DIA PARA DISCAPACITADOS GRAVEMENTE AFECTADOS ""ASPAR LA BESANA""";2020-10-14;CALLE GENERALISIMO S/N;37;37152;SALAMANCA;GOMECELLO;37420;LAS VILLAS - SANTA MARTA DE TORMES;923 350527;923 310223;370617;ASOCIACIÓN DE PADRES DE LA ARMUÑA LA BESANA - ASPAR;;ASOCIACIÓN;asparlabesana@plenainclusioncyl.org;;PERSONAS CON DISCAPACIDAD;Centro de día;Personas con discapacidad por trastorno del desarrollo intelectual;OTROS: 10;41.0411723;-5.5391434;JOSE DELGADO GOMEZ;41.0411723, -5.5391434
"VIVIENDA TUTELADA ""TESO DE LA VEGA""";2025-02-26;CALLE VELASCO 15;37;37152;SALAMANCA;GOMECELLO;37420;LAS VILLAS - SANTA MARTA DE TORMES;923 310223;;371324;ASOCIACIÓN DE PADRES DE LA ARMUÑA LA BESANA - ASPAR;;ASOCIACIÓN;asparlabesana@plenainclusioncyl.org;;PERSONAS CON DISCAPACIDAD;Vivienda;Personas con disc. física, sensorial, por trastorno del desarrollo intelectual y/o por enfer. mental;OTROS: 8;41.0409223;-5.5339801;JOSÉ DELGADO GÓMEZ;41.0409223, -5.5339801
RESIDENCIA LA ASUNCION DE GUIJUELO;2025-11-25;CALLE GALICIA 11;37;37156;SALAMANCA;GUIJUELO;37770;GUIJUELO;923 580010;;370491;"FUNDACIÓN BENÉFICO PARTICULAR ""LA ASUNCIÓN DE GUIJUELO""";LA SALETA CARE S.L.;FUNDACIÓN;rmartin@colisee.es;;PERSONAS MAYORES;Residencia;Para asistidos;ASISTIDOS: 76;40.55729365255028;-5.66881498342914;PEDRO URÍA FERNÁNDEZ;40.55729365255028, -5.66881498342914
RESIDENCIA PARA PERSONAS MAYORES LA LAGUNA;2022-02-03;CALLE ESTACION , S/N;37;37160;SALAMANCA;HINOJOSA DE DUERO;37230;LUMBRALES;923 515066;;370400;AYUNTAMIENTO DE HINOJOSA DE DUERO;;ADMINISTRACIÓN LOCAL;;;PERSONAS MAYORES;Residencia;Para asistidos;ASISTIDOS: 42;40.9855142;-6.7901243;JOSE ARTURO SÁNCHEZ ILLERA;40.9855142, -6.7901243
RESIDENCIA MUNICIPAL RIVERA DE AZABA;2025-07-23;CALLE FUENTE 7;37;37166;SALAMANCA;ITUERO DE AZABA;37551;CIUDAD RODRIGO II;923 471535;;371044;AYUNTAMIENTO DE ITUERO DE AZABA;TESSA MEDIOAMBIENTAL S.L.;ADMINISTRACIÓN LOCAL;;;PERSONAS MAYORES;Residencia;Para asistidos;ASISTIDOS: 22;40.4874247;-6.6920801;ALBA MARCOS GONZÁLEZ;40.4874247, -6.6920801
RESIDENCIA VILLA DE LEDESMA;2023-05-10;CALZADA SAN PEDRO Nº 31;37;37170;SALAMANCA;LEDESMA;37100;LEDESMA;923 570569;923 570569;370078;RESIDENCIA VILLA DE LEDESMA, S.L.;;SOCIEDADES;info@residenciadeledesma.com;www.residenciadeledesma.com;PERSONAS MAYORES;Residencia;Para asistidos;ASISTIDOS: 64;41.0873972;-5.999598;Casilda Sánchez Lucas;41.0873972, -5.999598
RESIDENCIA DE PERSONAS MAYORES LA MATA;2025-07-23;CARRETERA DE GUIJUELO, Nº 4;37;37172;SALAMANCA;LINARES DE RIOFRIO;37760;LINARES;923 416115;;371025;RESIDENCIAL LA MATA, C.B.;;SOCIEDADES;residencialamata4@hotmail.com;;PERSONAS MAYORES;Residencia;Para asistidos;ASISTIDOS: 20;;;MARIA ANGELES MARTIN HUERTOS;
RESIDENCIA DE PERSONAS MAYORES EL CERRO;2023-02-20;CARRETERA DE ANAYA S/N;37;37174;SALAMANCA;MACOTERA;37310;PEÑARANDA DE BRACAMONTE;923 555037;;370002;FUNDACIÓN RESIDENCIA EL CERRO;;FUNDACIÓN;residenciaelcerromacotera@yahoo.es;;PERSONAS MAYORES;Residencia;Para asistidos;ASISTIDOS: 47;;;JULIANA REQUEJO HOYOS;
RESIDENCIA DE PERSONAS MAYORES SANTA ANA;2025-10-23;CALLE SANTA ANA S/N;37;37174;SALAMANCA;MACOTERA;37310;PEÑARANDA DE BRACAMONTE;923 555499;;370782;AYUNTAMIENTO DE MACOTERA;LA SALETA CARE S.L.;ADMINISTRACIÓN LOCAL;dmacotera@colisee.es;;PERSONAS MAYORES;Residencia;Para asistidos;ASISTIDOS: 23;40.8295119;-5.2886028;Mª TERESA DELGADO SÁNCHEZ;40.8295119, -5.2886028
CASA ASISTIDA PARA PERSONAS MAYORES;2022-02-03;CARRETERA MONLERAS 5;37;37180;SALAMANCA;MANZANO (EL);37171;LEDESMA;923 577158;;370130;AYUNTAMIENTO DE EL MANZANO;ASOCIACION DE DESARROLLO COMUNITARIO BUENOS AIRES (ASDECOBA);ADMINISTRACIÓN LOCAL;;;PERSONAS MAYORES;Residencia;Para asistidos;ASISTIDOS: 10;41.1769214;-6.27634;LOURDES RUANO VICENTE;41.1769214, -6.27634
RESIDENCIA JESAN;2022-02-03;CARRETERA ZAMORA KM. 330;37;37185;SALAMANCA;CASTELLANOS DE VILLIQUERA;37798;SALAMANCA RURAL - NORTE;923 320394;;370468;CONSTRUCCIONES URBAIN, S.L.;;SOCIEDADES;direccion@residenciajesan.com;;PERSONAS MAYORES;Residencia;Para asistidos;ASISTIDOS: 84;41.0511744;-5.695819;Mª ISABEL ALONSO GARCÍA;41.0511744, -5.695819
RESIDENCIA DE PERSONAS MAYORES ABADENGO;2024-02-27;PLAZA MAYOR 13 A;37;37223;SALAMANCA;OLMEDO DE CAMACES;37292;LUMBRALES;923 506019;;370077;VALERIANO PABLOS DELGADO, S.L.;;SOCIEDADES;;;PERSONAS MAYORES;Residencia;Mixta para válidos y asistidos;ASISTIDOS: 12, VÁLIDOS: 12;;;ELENA ISABEL BARAHONA PÉREZ;
RESIDENCIA MUNICIPAL DE MAYORES JALAMA;2024-07-03;CALLE ESCUELAS 10;37;37234;SALAMANCA;PAYO (EL);37524;CIUDAD RODRIGO II;923 690198;;371627;AYUNTAMIENTO DE EL PAYO;ANDRÉS SAN JOSÉ VICENTE;ADMINISTRACIÓN LOCAL;ayto.elpayo@hotmail.com;;PERSONAS MAYORES;Residencia;Para asistidos;ASISTIDOS: 24;40.28689;-6.72856;MARIA TERESA SANCHEZ ALONSO;40.28689, -6.72856
CENTRO RESIDENCIAL PARA PERSONAS MAYORES DE PEÑAPARDA;2024-12-18;CALLE FUENTEGUINALDO;37;37245;SALAMANCA;PEÑAPARDA;37523;CIUDAD RODRIGO II;923 486568;;370049;AYUNTAMIENTO DE PEÑAPARDA;;ADMINISTRACIÓN LOCAL;;;PERSONAS MAYORES;Residencia;Para asistidos;ASISTIDOS: 16;40.322776;-6.6688318;DÉBORA RODRÍGUEZ SACRISTÁN;40.322776, -6.6688318
CENTRO OCUPACIONAL ACOPEDIS;2023-11-15;CALLE CAMPO CHARRO 8;37;37246;SALAMANCA;PEÑARANDA DE BRACAMONTE;37300;PEÑARANDA DE BRACAMONTE;923 840812;923 541710;370144;ASOCIACIÓN DE PADRES DE MINUSVÁLIDOS COMARCA PEÑARANDA (ACOPEDIS);;ASOCIACIÓN;direccion@acopedis.es;;PERSONAS CON DISCAPACIDAD;Centro de día;Personas con discapacidad por trastorno del desarrollo intelectual;OTROS: 55;40.8948641;-5.2046698;SUSANA TORRES JIMÉNEZ;40.8948641, -5.2046698
"VIVIENDA TUTELADA ""LOS CHOPOS""";2025-02-14;CALLE CAMPO CHARRO 13;37;37246;SALAMANCA;PEÑARANDA DE BRACAMONTE;37300;PEÑARANDA DE BRACAMONTE;923 540812;923 540812;370945;ASOCIACIÓN DE PADRES DE MINUSVÁLIDOS COMARCA PEÑARANDA (ACOPEDIS);;ASOCIACIÓN;;;PERSONAS CON DISCAPACIDAD;Vivienda;Personas con disc. física, sensorial, por trastorno del desarrollo intelectual y/o por enfer. mental;OTROS: 8;40.8954357;-5.2048574;JUAN MADRID HERNANDEZ;40.8954357, -5.2048574
RESIDENCIA DE PERSONAS MAYORES SAN SEBASTIAN;2024-12-27;AVENIDA DON LUIS FELIPE BENITEZ BARRUECO, Nº 7;37;37250;SALAMANCA;PEREÑA DE LA RIBERA;37175;VITIGUDINO;923 142025;;370094;AYUNTAMIENTO DE PEREÑA DE LA RIBERA;;ADMINISTRACIÓN LOCAL;residenciasansebastian@hotmail.es;;PERSONAS MAYORES;Residencia;Para asistidos;ASISTIDOS: 29;;;TERESA HERRERO PINTO;
"CLUB DE PERSONAS MAYORES ""LA ESTRELLA""";2020-10-14;CALLE VICENTE MORALES , 4;37;37258;SALAMANCA;PUEBLA DE AZABA;37553;CIUDAD RODRIGO II;923 471096;;370432;"ASOCIACION DE TERCERA EDAD ""LA ESTRELLA""";;ASOCIACIÓN;;;PERSONAS MAYORES;Centro de día;Hogar (Unidad de atención social);;40.4475061;-6.7477592;RAMIRO PEDRO ANTUNEZ MARTIN;40.4475061, -6.7477592
UNIDAD DE ESTANCIAS DIURNAS DE LA RESIDENCIA PARA PERSONAS MAYORES SAN JUAN DE SAHAGÚN;2023-06-14;AVENIDA SANTIAGO MADRIGAL 49;37;37274;SALAMANCA;SALAMANCA;37003;SALAMANCA - ZONA 4 - EL ROLLO;923 182264;;371688;GERENCIA DE SERVICIOS SOCIALES DE CASTILLA Y LEÓN;;ADMINISTRACIÓN AUTONÓMICA;;;PERSONAS MAYORES;Centro de día;Estancias diurnas;DEPENDIENTES: 16;40.97158;-5.636979999999999;MARÍA RENEDO RODRÍGUEZ;40.97158, -5.636979999999999
CENTRO DE DIA PARA PERSONAS CON DISCAPACIDAD INTELECTUAL DE SALAMANCA (LA SALLE);2023-06-20;PASEO LUNES DE AGUAS S/N;37;37274;SALAMANCA;SALAMANCA;37008;SALAMANCA - ZONA 2 - CHAMBERÍ - BUENOS AIRES;923 192738;923 192737;370601;GERENCIA DE SERVICIOS SOCIALES DE CASTILLA Y LEÓN;;ADMINISTRACIÓN AUTONÓMICA;;;PERSONAS CON DISCAPACIDAD;Centro de día;Personas con discapacidad por trastorno del desarrollo intelectual;OTROS: 105;40.9562902;-5.685683;Isabel Fernández Cambón;40.9562902, -5.685683
CENTRO DE DIA PARA PERSONAS MAYORES SAN JUAN DE MATA;2020-10-14;AVENIDA FILIBERTO VILLALOBOS 116;37;37274;SALAMANCA;SALAMANCA;37007;SALAMANCA - ZONA 7 - SAN BERNARDO - VIDAL;923 252296;;370058;GERENCIA DE SERVICIOS SOCIALES DE CASTILLA Y LEÓN;;ADMINISTRACIÓN AUTONÓMICA;;;PERSONAS MAYORES;Centro de día;Hogar (Unidad de atención social);;40.9694925;-5.6734621;ANGEL CASTRO RODERO;40.9694925, -5.6734621
ASILO DE PERSONAS MAYORES HERMANITAS DE LOS POBRES;2023-11-28;AVENIDA SAN AGUSTIN 43-63;37;37274;SALAMANCA;SALAMANCA;37005;SALAMANCA - ZONA 5 - GARRIDO NORTE;923 220890;;370239;ASILO DE ANCIANOS HERMANITAS DE LOS POBRES;;INSTITUCIONES, ÓRDENES, CONGREGACIONES RELIGIOSAS Y SIMILARES;;;PERSONAS MAYORES;Residencia;Para asistidos;ASISTIDOS: 110;40.9785431;-5.659237399999999;ANTONIA CASTILLO MOLINA;40.9785431, -5.659237399999999
HOGAR LOS ROSALES I;2025-07-23;CALLE POLLO MARTIN 34, 4A Y B;37;37274;SALAMANCA;SALAMANCA;37004;SALAMANCA - ZONA 6 - GARRIDO SUR;923 223141;;370310;HOGAR LOS ROSALES S.L.;;SOCIEDADES;alrubra3@yahoo.es;;PERSONAS MAYORES;Residencia;Para asistidos;ASISTIDOS: 12;;;ALICIA RUBIO BRAGADO;
VIVIENDA LUGO D;2025-07-14;CALLE LUGO 19-21 2º D;37;37274;SALAMANCA;SALAMANCA;37003;SALAMANCA - ZONA 4 - EL ROLLO;923 268371;;370044;ASPRODES - FEAPS SALAMANCA;;ASOCIACIÓN;;;PERSONAS CON DISCAPACIDAD;Vivienda;Personas con disc. física, sensorial, por trastorno del desarrollo intelectual y/o por enfer. mental;OTROS: 8;40.9656803;-5.6490173;ISABEL FUENTES GONZALEZ;40.9656803, -5.6490173
VIVIENDA LUGO A;2024-10-15;CALLE LUGO 19-21 2ºA;37;37274;SALAMANCA;SALAMANCA;37003;SALAMANCA - ZONA 4 - EL ROLLO;923 181854;;370042;ASPRODES - FEAPS SALAMANCA;;ASOCIACIÓN;;;PERSONAS CON DISCAPACIDAD;Vivienda;Personas con disc. física, sensorial, por trastorno del desarrollo intelectual y/o por enfer. mental;OTROS: 8;40.9656803;-5.6490173;ISABEL FUENTES GONZALEZ;40.9656803, -5.6490173
VIVIENDA COMUNEROS II;2024-09-15;AVENIDA COMUNEROS Nº 44-46 4º B;37;37274;SALAMANCA;SALAMANCA;37003;SALAMANCA - ZONA 4 - EL ROLLO;923 186496;;370461;ASPRODES - FEAPS SALAMANCA;;ASOCIACIÓN;;;PERSONAS CON DISCAPACIDAD;Vivienda;Personas con discapacidad por trastorno del desarrollo intelectual leve o moderado;OTROS: 5;40.96846050000001;-5.6495435;ISABEL FUENTES GONZALEZ;40.96846050000001, -5.6495435
VIVIENDA EL SALADO II;;CALLE BATALLA DEL SALADO 3 2º B;37;37274;SALAMANCA;SALAMANCA;37003;SALAMANCA - ZONA 4 - EL ROLLO;923 183701;;371648;ASPRODES - FEAPS SALAMANCA;;ASOCIACIÓN;asprodes@asprodes.es;;PERSONAS CON DISCAPACIDAD;Vivienda;Personas con discapacidad por trastorno del desarrollo intelectual leve o moderado;DISCAPACIDAD INTELECTUAL: 3;;;;
VIVIENDA LEDESMA;2023-05-05;CALLE LEDESMA 1, 1º B;37;37274;SALAMANCA;SALAMANCA;37007;SALAMANCA - ZONA 7 - SAN BERNARDO - VIDAL;923 181854;;371456;ASPRODES - FEAPS SALAMANCA;;ASOCIACIÓN;ecruz260@asprodes.es;;PERSONAS CON DISCAPACIDAD;Vivienda;Personas con discapacidad por trastorno del desarrollo intelectual leve o moderado;OTROS: 4;40.9717499;-5.667714300000001;.;40.9717499, -5.667714300000001
VIVIENDA MAESTRO CORREAS;2024-08-15;CALLE MAESTRO CORREAS 2 2º C;37;37274;SALAMANCA;SALAMANCA;37003;SALAMANCA - ZONA 4 - EL ROLLO;923 186893;;371659;ASPRODES - FEAPS SALAMANCA;;ASOCIACIÓN;asprodes@asprodes.es;;PERSONAS CON DISCAPACIDAD;Vivienda;Personas con discapacidad por trastorno del desarrollo intelectual leve o moderado;DISCAPACIDAD INTELECTUAL: 4;;;Mª INMACULADA LORENZO MARTÍN;
VIVIENDA CAMINO DE LAS AGUAS 75;2023-01-18;CAMINO AGUAS 75;37;37274;SALAMANCA;SALAMANCA;37003;SALAMANCA - ZONA 4 - EL ROLLO;923 186893;;371651;ASPRODES - FEAPS SALAMANCA;;ASOCIACIÓN;asprodes@asprodes.es;;PERSONAS CON DISCAPACIDAD;Vivienda;Personas con discapacidad por trastorno del desarrollo intelectual leve o moderado;DISCAPACIDAD INTELECTUAL: 3;;;Mª INMACULADA LORENZO MARTÍN;
"RESIDENCIA ""MADRIGAL I""";2025-06-14;CALLE MADRIGAL DE LAS ALTAS TORRES 2-4;37;37274;SALAMANCA;SALAMANCA;37003;SALAMANCA - ZONA 4 - EL ROLLO;923 186989;;370741;ASPRODES - FEAPS SALAMANCA;;ASOCIACIÓN;;;PERSONAS CON DISCAPACIDAD;Residencia;Personas con discapacidad por trastorno del desarrollo intelectual;OTROS: 25;40.9654117;-5.648495;ÁNGELA GÓMEZ LLORENTE;40.9654117, -5.648495
VIVIENDA AVENIDA DE LOS CIPRESES;2023-01-18;AVENIDA CIPRESES 91;37;37274;SALAMANCA;SALAMANCA;37004;SALAMANCA - ZONA 5 - GARRIDO NORTE;923 186893;;371658;ASPRODES - FEAPS SALAMANCA;;ASOCIACIÓN;asprodes@asprodes.es;;PERSONAS CON DISCAPACIDAD;Vivienda;Personas con discapacidad por trastorno del desarrollo intelectual leve o moderado;DISCAPACIDAD INTELECTUAL: 4;40.9743779;-5.6469042;;40.9743779, -5.6469042
VIVIENDA TORRES QUEVEDO;2023-05-05;CALLE TORRES QUEVEDO 3, 3º IZQ;37;37274;SALAMANCA;SALAMANCA;37004;SALAMANCA - ZONA 6 - GARRIDO SUR;;;371055;ASPRODES - FEAPS SALAMANCA;;ASOCIACIÓN;;;PERSONAS CON DISCAPACIDAD;Vivienda;Personas con discapacidad por trastorno del desarrollo intelectual leve o moderado;OTROS: 6;40.9705887;-5.653268799999999;JUAN ANTONIO RECIO MOMPÓ;40.9705887, -5.653268799999999
VIVIENDA CAMINO DE LAS AGUAS 28;2023-05-05;CAMINO AGUAS  Nº 28 3º B;37;37274;SALAMANCA;SALAMANCA;37003;SALAMANCA - ZONA 1 - CENTRO;923 186693;;371528;ASPRODES - FEAPS SALAMANCA;;ASOCIACIÓN;asprodes@asprodes.es;;PERSONAS CON DISCAPACIDAD;Vivienda;Personas con discapacidad por trastorno del desarrollo intelectual leve o moderado;OTROS: 4;40.963725;-5.651958;Mª Inmaculada Lorenzo Martín;40.963725, -5.651958
VIVIENDA VISTAHERMOSA I;2025-06-14;CARRETERA VISTAHERMOSA 26 1ª PLANTA;37;37274;SALAMANCA;SALAMANCA;37008;ZDESCONOCIDO;923 186893;;371435;ASPRODES - FEAPS SALAMANCA;;ASOCIACIÓN;asprodes@asprodes.es;;PERSONAS CON DISCAPACIDAD;Vivienda;Personas con disc. física, sensorial, por trastorno del desarrollo intelectual y/o por enfer. mental;OTROS: 8;40.9513316;-5.678048599999999;INMACULADA LORENZO MARTIN;40.9513316, -5.678048599999999
VIVIENDA VISTAHERMOSA II;2024-09-15;CARRETERA VISTAHERMOSA 26 2ª PLANTA;37;37274;SALAMANCA;SALAMANCA;37008;ZDESCONOCIDO;923 186893;;371436;ASPRODES - FEAPS SALAMANCA;;ASOCIACIÓN;asprodes@asprodes.es;;PERSONAS CON DISCAPACIDAD;Vivienda;Personas con disc. física, sensorial, por trastorno del desarrollo intelectual y/o por enfer. mental;OTROS: 8;40.9513316;-5.678048599999999;INMACULADA LORENZO MARTIN;40.9513316, -5.678048599999999
VIVIENDA ESTACIÓN 103;2023-02-22;PASEO ESTACION 103 2º B;37;37274;SALAMANCA;SALAMANCA;37003;SALAMANCA - ZONA 5 - GARRIDO NORTE;923 186893;;371657;ASPRODES - FEAPS SALAMANCA;;ASOCIACIÓN;asprodes@asprodes.es;;PERSONAS CON DISCAPACIDAD;Vivienda;Personas con discapacidad por trastorno del desarrollo intelectual leve o moderado;OTROS: 5;;;Mª INMACULADA LORENZO MARTÍN;
"UNIDAD DE ESTANCIAS DIURNAS ""HOGAR CENTRO I""";2020-10-14;PASEO ESTACION 85;37;37274;SALAMANCA;SALAMANCA;37004;SALAMANCA - ZONA 6 - GARRIDO SUR;923 216101;;370574;AYUNTAMIENTO DE SALAMANCA;GERENCIA TERRITORIAL DE SERVICIOS SOCIALES DE SALAMANCA;ADMINISTRACIÓN LOCAL;;;PERSONAS MAYORES;Centro de día;Estancias diurnas;ASISTIDOS: 15;40.9713389;-5.6512521;GERENCIA TERRITORIAL DE SERVICIOS SOCIALES;40.9713389, -5.6512521
CLUB MUNICIPAL PERSONAS MAYORES DE TEJARES;2020-10-14;CALLE MEDIODIA 28;37;37274;SALAMANCA;SALAMANCA;37008;SALAMANCA - ZONA 2 - CHAMBERÍ - BUENOS AIRES;;;370050;AYUNTAMIENTO DE SALAMANCA;;ADMINISTRACIÓN LOCAL;;;PERSONAS MAYORES;Centro de día;Hogar (Unidad de atención social);;40.9541833;-5.6956588;;40.9541833, -5.6956588
"VIVIENDA HOGAR ""GUILLERMO ARCE I""";2010-01-28;CALLE GARCIA TEJADO 26-32 -1º IZQDA.;37;37274;SALAMANCA;SALAMANCA;37007;SALAMANCA - ZONA 1 - CENTRO;923 265000;;370139;DIPUTACIÓN PROVINCIAL DE SALAMANCA;;ADMINISTRACIÓN LOCAL;;;INFANCIA (Y JUVENTUD);Vivienda;Vivienda hogar;OTROS: 7;40.964117;-5.6718412;;40.964117, -5.6718412
RESIDENCIA ASISTIDA PROVINCIAL;2022-02-03;CALLE GARCIA TEJADO 2;37;37274;SALAMANCA;SALAMANCA;37007;SALAMANCA - ZONA 1 - CENTRO;923 216202;923 265000;370366;DIPUTACIÓN PROVINCIAL DE SALAMANCA;;ADMINISTRACIÓN LOCAL;;;PERSONAS MAYORES;Residencia;Para asistidos;ASISTIDOS: 138;40.9639952;-5.6720995;Mª JOSE CUEVAS RAMOS;40.9639952, -5.6720995
VIVIENDA ROLLO;2024-03-15;PASEO ROLLO 90 4º A;37;37274;SALAMANCA;SALAMANCA;37003;SALAMANCA - ZONA 4 - EL ROLLO;923 190150;;370875;SALUD MENTAL SALAMANCA-AFEMC;;ASOCIACIÓN;;;PERSONAS CON DISCAPACIDAD;Vivienda;Personas con discapacidad por enfermedad mental;OTROS: 4;40.9679715;-5.6481333;EUSEBIO PEREZ GARCIA;40.9679715, -5.6481333
VIVIENDA ALFAREROS 1;2024-02-22;CALLE ALFAREROS 2. 4º I;37;37274;SALAMANCA;SALAMANCA;37008;SALAMANCA - ZONA 8 - PIZARRALES;923 190150;;371279;SALUD MENTAL SALAMANCA-AFEMC;;ASOCIACIÓN;direccion@feafessalamanca.org;;PERSONAS CON DISCAPACIDAD;Vivienda;Personas con discapacidad por enfermedad mental;OTROS: 4;40.975747;-5.6740119;EUSEBIO PEREZ GARCIA;40.975747, -5.6740119
VIVIENDA LUCERO 2;2024-02-22;CALLE LUCERO 3-5 2º D;37;37274;SALAMANCA;SALAMANCA;37001;SALAMANCA - ZONA 1 - CENTRO;923 190150;;371186;SALUD MENTAL SALAMANCA-AFEMC;;ASOCIACIÓN;direccion@feafessalamanca.org;;PERSONAS CON DISCAPACIDAD;Vivienda;Personas con discapacidad por enfermedad mental;OTROS: 3;40.9617953;-5.6598042;EUSEBIO PEREZ GARCIA;40.9617953, -5.6598042
CASA ACOGIDA BEATRIZ DE SUABIA;2023-09-27;S/C;37;37274;SALAMANCA;SALAMANCA;37000;ZDESCONOCIDO;000 000000;;370426;ASOCIACION BEATRIZ DE SUABIA;;ASOCIACIÓN;;;MUJER;Vivienda;Casa de acogida mujeres maltratadas;OTROS: 12;;;;
"CENTRO RESIDENCIA ALZHEIMER ""BONI MEDIERO""";2024-02-02;CALLE MARAGATERIA 31-33;37;37274;SALAMANCA;SALAMANCA;37006;SALAMANCA - ZONA 5 - GARRIDO NORTE;923 282561;923 283820;370488;ASOCIACION FAMILIARES ENFERMOS DE ALZHEIMER - AFA;;ASOCIACIÓN;;;PERSONAS MAYORES;Residencia;Para asistidos;ASISTIDOS: 53;40.98223;-5.66653;ANA IGLESIAS GÓMEZ;40.98223, -5.66653
"RESIDENCIA DE PERSONAS MAYORES ""SAN RAFAEL""";2023-06-15;CALLE ZORITA 2-12;37;37274;SALAMANCA;SALAMANCA;37003;SALAMANCA - ZONA 4 - EL ROLLO;923 182742;;370097;PATRONATO BENEFICO VIRGEN DE LA VEGA - RESIDENCIA DE ANCIANOS SAN RAFAEL;;FUNDACIÓN;dir@residenciasanrafael.es;;PERSONAS MAYORES;Residencia;Para asistidos;ASISTIDOS: 220;40.9650012;-5.6524405;JOSE LUIS CALVO SACRISTÁN;40.9650012, -5.6524405
CENTRO DE DIA PARA PERSONAS CON DISCAPACIDAD PSIQUICA GRAVE  INSOLAMIS;2025-08-14;CALLE ANTONIO MONTESINOS 14;37;37274;SALAMANCA;SALAMANCA;37003;SALAMANCA - ZONA 4 - EL ROLLO;923 186859;;370779;INTEGRACIÓN SOCIO LABORAL MINUSVÁLIDOS PSÍQUICOS INSOLAMIS;;ASOCIACIÓN;;;PERSONAS CON DISCAPACIDAD;Centro de día;Personas con discapacidad por trastorno del desarrollo intelectual;OTROS: 80;40.963469824508515;-5.648275828126999;HUGO MARTÍN SAN CIPRIANO;40.963469824508515, -5.648275828126999
CENTRO DE DÍA GERHOGAR;2021-09-30;PASEO DOCTOR TORRES VILLARROEL 34-36;37;37274;SALAMANCA;SALAMANCA;37005;SALAMANCA - ZONA 7 - SAN BERNARDO - VIDAL;923 050868;;371486;USAGID 2014, S.L. - GERHOGAR;;SOCIEDADES;info@gerhogar.es;;PERSONAS MAYORES;Centro de día;Estancias diurnas;ASISTIDOS: 32;40.9725866;-5.6625982;.;40.9725866, -5.6625982
VIVIENDA HOGAR EL LAZARILLO II;2025-12-12;CALLE LAMBERTO DE ECHEVERRIA 32;37;37274;SALAMANCA;SALAMANCA;37007;SALAMANCA - ZONA 7 - SAN BERNARDO - VIDAL;;659576455;371834;ARIADNA - ASOCIACIÓN DE PADRES Y TERAPEUTAS DE PERSONAS CON AUTISMO Y/O TRASTORNOS GENERALIZADOS DEL DESARROLLO;;ASOCIACIÓN;gerencia@autismosalamanca.org;;INFANCIA (Y JUVENTUD);Vivienda;Vivienda hogar;OTROS: 4;40.96398517508425;-5.6905982311202905;;40.96398517508425, -5.6905982311202905
CENTRO SOCIAL Y ASISTENCIAL;2023-05-05;CALLE CORREGIDOR CABALLERO LLANES 9-13;37;37274;SALAMANCA;SALAMANCA;37005;SALAMANCA - ZONA 5 - GARRIDO NORTE;923 240101;;370282;ASOCIACIÓN SALMANTINA DE ESCLEROSIS MÚLTIPLE - ASDEM;;ASOCIACIÓN;;;PERSONAS CON DISCAPACIDAD;Centro de día;Personas con discapacidad por trastorno del desarrollo intelectual;OTROS: 51;40.9765228;-5.6594758;TRINIDAD INGELMO FERNANDEZ;40.9765228, -5.6594758
HOGAR DE ACOGIDA ARRIBES DEL TORMES;2024-10-09;CALLE POZO AMARILLO 36 3ª PLANTA;37;37274;SALAMANCA;SALAMANCA;37001;SALAMANCA - ZONA 1 - CENTRO;630 178853;;371346;FUNDACION DIAGRAMA - INTERVENCION PSICOSOCIAL;;FUNDACIÓN;rmateos@diagrama.org;;INFANCIA (Y JUVENTUD);Vivienda;Hogar de acogida;NNAMMAS: 10;;;.;
RESIDENCIA DE PERSONAS MAYORES COSTA ZURGUEN;2024-11-25;CALLE CORBACERA 7. EDIFICIO RUTA DE LA PLATA;37;37274;SALAMANCA;SALAMANCA;37008;SALAMANCA - ZONA 3 - SAN JOSÉ - LA VEGA;923 191616;;370129;ASISTENCIA GERIATRICA SALMANTINA, S.L.;;SOCIEDADES;direccion@costazurguen.com;;PERSONAS MAYORES;Residencia;Para asistidos;ASISTIDOS: 59;;;BEATRIZ SANTOS SANTOS;
VIVIENDA HOGAR SANTIAGO 2;2022-11-07;RIBERA PUENTE Nº 56;37;37274;SALAMANCA;SALAMANCA;37008;SALAMANCA - ZONA 1 - CENTRO;923 263280;;370599;CASA ESCUELAS PIAS SANTIAGO UNO (PP ESCOLAPIOS) DE SALAMANCA;;INSTITUCIONES, ÓRDENES, CONGREGACIONES RELIGIOSAS Y SIMILARES;;;INFANCIA (Y JUVENTUD);Vivienda;Vivienda hogar;OTROS: 10;40.95953310000001;-5.669903499999999;Luis Garrote Fernando;40.95953310000001, -5.669903499999999
CENTRO DE DIA SALAMANCA VIDA;2020-10-14;PASEO CANALEJAS 132;37;37274;SALAMANCA;SALAMANCA;37001;SALAMANCA - ZONA 1 - CENTRO;923 266567;;370876;VILLANAVAL DE SALAMANCA, SL;;SOCIEDADES;;;PERSONAS MAYORES;Centro de día;Estancias diurnas;ASISTIDOS: 49;40.962279;-5.6589773;ANGEL MONTOIRO SANCHEZ;40.962279, -5.6589773
RESIDENCIA LUISA Y NIEVES FIDALGO MORALES;2022-11-07;CALLE HERMANAS FIDALGO MORALES Nº 43;37;37274;SALAMANCA;SALAMANCA;37006;SALAMANCA - ZONA 8 - PIZARRALES;923 282818;;370995;FUNDACION LUISA Y NIEVES FIDALGO MORALES;UNION GERIATRICA SERVITALIA S.L.;FUNDACIÓN;angelporras@fidalgomorales.com;;PERSONAS MAYORES;Residencia;Para asistidos;ASISTIDOS: 80;40.9794171;-5.6691729;ANGEL PORRAS PISONERO;40.9794171, -5.6691729
CASA ACOGIDA JORBALAN;2022-02-14;S/C;37;37274;SALAMANCA;SALAMANCA;37000;ZDESCONOCIDO;;;371355;RELIGIOSAS ADORATRICES ESCLAVAS DEL SANTISIMO  SACRAMENTO Y DE LA CARIDAD;;INSTITUCIONES, ÓRDENES, CONGREGACIONES RELIGIOSAS Y SIMILARES;;;MUJER;Vivienda;Casa de acogida mujeres maltratadas;OTROS: 9;;;NC;
"UNIDAD DE ESTANCIAS DIURNAS ""RESIDENCIAL LA VEGA""";2021-09-30;AVENIDA PADRE IGNACIO ELLACURIA S/N;37;37274;SALAMANCA;SALAMANCA;37008;SALAMANCA - ZONA 2 - CHAMBERÍ - BUENOS AIRES;923 194266;;371061;LA SALETA CARE S.L.;;SOCIEDADES;;;PERSONAS MAYORES;Centro de día;Estancias diurnas;ASISTIDOS: 25;40.9581757;-5.682198199999999;GODOFREDO GARCIA GOMEZ;40.9581757, -5.682198199999999
CENTRO RESIDENCIAL SAN ANTONIO;2023-11-23;PASEO SAN ANTONIO 50;37;37274;SALAMANCA;SALAMANCA;37003;SALAMANCA - ZONA 4 - EL ROLLO;923 800267;;371433;CLECE VITAM, S.A.;;SOCIEDADES;cperezc@clece.es;;PERSONAS MAYORES;Residencia;Para asistidos;DEPENDIENTES: 80;40.9645879;-5.6546755;ESTÍBALIZ DE FRIAS MADERO;40.9645879, -5.6546755
"VIVIENDA COMUNITARIA ""CRISTO DEL CORDERO""";2022-02-03;CALLE NOVENO 43-45;37;37285;SALAMANCA;SAN FELICES DE LOS GALLEGOS;37270;LUMBRALES;923 521712;;370320;AYUNTAMIENTO DE SAN FELICES DE LOS GALLEGOS;IÑIGO S.R. RESIDENCIAS S.L.;ADMINISTRACIÓN LOCAL;rosanti-64@hotmail.com;;PERSONAS MAYORES;Residencia;Para asistidos;ASISTIDOS: 14;40.8484616;-6.7072009;Mª DEL ROCÍO SANTOS ÍÑIGO;40.8484616, -6.7072009
CENTRO DE PERSONAS MAYORES DE SAN MIGUEL DE VALERO;2020-10-14;CALLE IGLESIA 16, bajo;37;37287;SALAMANCA;SAN MIGUEL DE VALERO;37363;LINARES;923 415522;;370551;AYUNTAMIENTO DE SAN MIGUEL DE VALERO;;ADMINISTRACIÓN LOCAL;;;PERSONAS MAYORES;Centro de día;Hogar (Unidad de atención social);;40.5423119;-5.9215187;Sangel Torres Sanchez;40.5423119, -5.9215187
RESIDENCIA BALLESOL SALAMANCA;2018-09-24;AVENIDA ASTURIAS S/N.;37;37294;SALAMANCA;SANTA MARTA DE TORMES;37900;LAS VILLAS - SANTA MARTA DE TORMES;923 201234;923 131010;370629;INTERCENTROS BALLESOL, S. A.;;SOCIEDADES;dirección.salamanca@ballesol.es;;PERSONAS MAYORES;Residencia;Para asistidos;ASISTIDOS: 153;40.9498076;-5.6421995;YOLANDA CAÑIZAL GONZALEZ;40.9498076, -5.6421995
VIVIENDA TORMES;2023-12-15;CALLE JUAN CARLOS I 4-1ºD;37;37294;SALAMANCA;SANTA MARTA DE TORMES;37900;LAS VILLAS - SANTA MARTA DE TORMES;923 130275;;370038;ASPRODES - FEAPS SALAMANCA;;ASOCIACIÓN;;;PERSONAS CON DISCAPACIDAD;Vivienda;Personas con discapacidad por trastorno del desarrollo intelectual leve o moderado;OTROS: 4;40.9498824;-5.6311956;;40.9498824, -5.6311956
RESIDENCIA EL CUETO;2025-03-14;CAMINO CARBAJOSA S/N;37;37294;SALAMANCA;SANTA MARTA DE TORMES;37900;LAS VILLAS - SANTA MARTA DE TORMES;923 200325;;370463;ASPRODES - FEAPS SALAMANCA;;ASOCIACIÓN;;;PERSONAS CON DISCAPACIDAD;Residencia;Personas con discapacidad por trastorno del desarrollo intelectual;OTROS: 22;40.9450825;-5.6379033;MERCEDES VILLANUEVA MARTÍNEZ;40.9450825, -5.6379033
CENTRO DE ESTANCIAS DIURNAS CRUZ ROJA;2023-11-23;CALLE GOLONDRINAS S/N.GOLONDRINAS S/N. URBANIZACIÓN VALDELAGUA;37;37294;SALAMANCA;SANTA MARTA DE TORMES;37900;LAS VILLAS - SANTA MARTA DE TORMES;923 138395;923 228482;370577;CRUZ ROJA ESPAÑOLA;;ASOCIACIÓN;;;PERSONAS MAYORES;Centro de día;Estancias diurnas;ASISTIDOS: 75;;;PALOMA CORREDERA APARICIO;
RESIDENCIA PERSONAS MAYORES HIJAS DE SAN CAMILO;2025-04-09;CARRETERA MADRID, Nº 463;37;37294;SALAMANCA;SANTA MARTA DE TORMES;37900;LAS VILLAS - SANTA MARTA DE TORMES;923 138420;;370004;CONGREGACION RELIGIOSA HIJAS S. CAMILO;;INSTITUCIONES, ÓRDENES, CONGREGACIONES RELIGIOSAS Y SIMILARES;sancamilo_stama@terra.es;;PERSONAS MAYORES;Residencia;Para asistidos;ASISTIDOS: 150;;;YANET LUZ CORI URRUTIA;
"RESIDENCIA DE PERSONAS MAYORES "" LA INMACULADA CONCEPCION""";2021-07-30;CARRETERA LUMBRALES S/N;37;37302;SALAMANCA;SAUCELLE;37257;LUMBRALES;923 513404;;370626;AYUNTAMIENTO DE SAUCELLE;SERVICIOS RESIDENCIALES ALPA S.L.U.;ADMINISTRACIÓN LOCAL;gallego-vicente@hotmail.com;;PERSONAS MAYORES;Residencia;Mixta para válidos y asistidos;ASISTIDOS: 28, VÁLIDOS: 2;41.0452591;-6.7532855;MIRIAM MARTÍN ORTIZ;41.0452591, -6.7532855
RESIDENCIA DE PERSONAS MAYORES SAN ANTONIO DE PADUA II;2022-11-07;AVENIDA DE LA CONSTITUCIÓN Nº 29;37;37310;SALAMANCA;SIETEIGLESIAS DE TORMES;37892;ALBA DE TORMES;923 371247;923 371276;370991;RESIDENCIA MASARO S.L.;;SOCIEDADES;residencia@residenciasanantoniodepadua.com;;PERSONAS MAYORES;Residencia;Para asistidos;ASISTIDOS: 95;40.7414332;-5.578137799999999;OSCAR MAIDE SANCHEZ;40.7414332, -5.578137799999999
"VIVIENDA TUTELADA ""NUESTRA CASA""";2024-12-14;AVENIDA CONSTITUCION 88;37;37323;SALAMANCA;TOPAS;37799;SALAMANCA RURAL - NORTE;923 310223;923 310223;370839;ASOCIACIÓN DE PADRES DE LA ARMUÑA LA BESANA - ASPAR;;ASOCIACIÓN;;;PERSONAS CON DISCAPACIDAD;Vivienda;Personas con disc. física, sensorial, por trastorno del desarrollo intelectual y/o por enfer. mental;OTROS: 5;41.1545374;-5.6372511;MARCELINA LEDESMA GARCIA;41.1545374, -5.6372511
HOGAR DE MAYORES DE VALDELACASA;2020-10-14;CALLE ATALAYA 1BIS;37;37333;SALAMANCA;VALDELACASA;37791;GUIJUELO;923 150767;;370569;AYUNTAMIENTO DE VALDELACASA;;ADMINISTRACIÓN LOCAL;;;PERSONAS MAYORES;Centro de día;Hogar (Unidad de atención social);;40.5062389;-5.7633821;CARMEN MARTIN MERINO;40.5062389, -5.7633821
RESIDENCIA MUNICIPAL DE PERSONAS MAYORES SAN SEBASTIAN;2023-02-03;CALLE SAN SEBASTIAN 7;37;37335;SALAMANCA;VALDELOSA;37799;SALAMANCA RURAL - NORTE;923 314802;;370639;AYUNTAMIENTO DE VALDELOSA;;ADMINISTRACIÓN LOCAL;;;PERSONAS MAYORES;Residencia;Para asistidos;ASISTIDOS: 19;;;ESMERALDA VIÑUELA RODRÍGUEZ;
RESIDENCIA PERSONAS MAYORES SAN SEBASTIAN;2025-07-23;CALLE CUESTA 7;37;37350;SALAMANCA;VILVESTRE;37258;LUMBRALES;923 524786;;370010;CONGREGACIÓN MARTA Y MARÍA RESIDENCIA SAN SEBASTIÁN DE VILVESTRE;;INSTITUCIONES, ÓRDENES, CONGREGACIONES RELIGIOSAS Y SIMILARES;;;PERSONAS MAYORES;Residencia;Mixta para válidos y asistidos;VÁLIDOS: 30, ASISTIDOS: 10;41.1052031;-6.7282252;NOELIA DEL CARMEN CASTRILLO LÓPEZ;41.1052031, -6.7282252
VIVIENDA ARALUZ V2;2024-12-14;CAMINO ALTO A LOS VILLARES SECTOR 7;37;37354;SALAMANCA;VILLAMAYOR;37185;SALAMANCA RURAL - NORTE;923 289585;;371453;ASOCIACIÓN DE PADRES DE PERSONAS CON PARÁLISIS CEREBRAL Y ENCEFALOPATÍAS AFINES  (ASPACE-SALAMANCA);;ASOCIACIÓN;residencia.araluz@aspacesalamanca.org;;PERSONAS CON DISCAPACIDAD;Vivienda;Personas con disc. física, sensorial, por trastorno del desarrollo intelectual y/o por enfer. mental;OTROS: 8;;;JOSE LUIS SAINZ DE ROZAS BEDIALAUNETA;
NUEVA VIVIENDA ARALUZ V4;2025-01-14;CALLE TRAVIESA 19-21, BAJO B;37;37354;SALAMANCA;VILLAMAYOR;37185;SALAMANCA RURAL - NORTE;923 289585;923 289559;370944;ASOCIACIÓN DE PADRES DE PERSONAS CON PARÁLISIS CEREBRAL Y ENCEFALOPATÍAS AFINES  (ASPACE-SALAMANCA);;ASOCIACIÓN;aspacesa@telefonica.net;;PERSONAS CON DISCAPACIDAD;Vivienda;Personas con disc. física, sensorial, por trastorno del desarrollo intelectual y/o por enfer. mental;OTROS: 6;41.0002447;-5.6960657;JOSE LUIS SAINZ DE ROZAS BEDIALAUNETA;41.0002447, -5.6960657
CENTRO DE DÍA CON UNIDAD DE ESTANCIAS DIURNAS SAUVIA;2020-10-14;CARRETERA ZAMORA 7;37;37362;SALAMANCA;VILLARES DE LA REINA;37184;SALAMANCA RURAL - NORTE;670 491311;;370835;LA SALETA CARE S.L.;;SOCIEDADES;;;PERSONAS MAYORES;Centro de día;Estancias diurnas;ASISTIDOS: 30;40.9943884;-5.6658446;JOSE ANTONIO VILLA GARCIA;40.9943884, -5.6658446
RESIDENCIA MUNICIPAL MIXTA DE PERSONAS MAYORES SAN CRISTOBAL;2025-08-20;CALLE ERAS 35;37;37364;SALAMANCA;VILLARINO DE LOS AIRES;37160;VITIGUDINO;923 142033;;370091;AYUNTAMIENTO DE VILLARINO DE LOS AIRES;RESIDENCIAS ASISTENCIALES EL NIÑO JESUS S.L.;ADMINISTRACIÓN LOCAL;;;PERSONAS MAYORES;Residencia;Para asistidos;ASISTIDOS: 48;41.27141790910221;-6.469501770091532;ÁNGELA CRISTINA CARÇAO CORDEIRO;41.27141790910221, -6.469501770091532
"RESIDENCIA MUNICIPAL ""NUESTRA SEÑORA DE LOS REYES""";2021-09-30;CALLE TORRE S/N;37;37370;SALAMANCA;VILLASECO DE LOS REYES;37150;LEDESMA;923 089986;;370795;AYUNTAMIENTO DE VILLASECO DE LOS REYES;ASOCIACION DE DESARROLLO COMUNITARIO BUENOS AIRES (ASDECOBA);ADMINISTRACIÓN LOCAL;asdecoba@terra.es;;PERSONAS MAYORES;Residencia;Para asistidos;ASISTIDOS: 11;41.1603986;-6.187332899999999;Lourdes Ruano Vicente;41.1603986, -6.187332899999999
CENTRO OCUPACIONAL PARA PERSONAS CON DISCAPACIDAD INTELECTUAL DE VITIGUDINO;2025-02-26;PASEO SOCORRO 4;37;37376;SALAMANCA;VITIGUDINO;37210;VITIGUDINO;000 000000;;370889;GERENCIA DE SERVICIOS SOCIALES DE CASTILLA Y LEÓN;ASPRODES - FEAPS SALAMANCA;ADMINISTRACIÓN AUTONÓMICA;;;PERSONAS CON DISCAPACIDAD;Centro de día;Personas con discapacidad por trastorno del desarrollo intelectual;OTROS: 37;41.0052213;-6.436528099999999;ROCIO TORRES VILLORIA;41.0052213, -6.436528099999999
"RESIDENCIA DE PERSONAS MAYORES ""SANCTI SPIRITU""";2025-02-21;PLAZA HOSPITAL 5;40;40024;SEGOVIA;AYLLON;40520;RIAZA - AYLLÓN;921 553563;;400162;AYUNTAMIENTO DE AYLLON;;ADMINISTRACIÓN LOCAL;residenciadeancianos@ayllon.es;;PERSONAS MAYORES;Residencia;Para asistidos;ASISTIDOS: 47;41.4191495;-3.3783067;MARIA DEL PILAR PEREZ MARTIN;41.4191495, -3.3783067
RESIDENCIA PERSONAS MAYORES VIRGEN DEL PINAR;2025-09-11;CALLE SOL 4;40;40040;SEGOVIA;CANTALEJO;40320;CANTALEJO;921 522051;921 629615174;400026;AYUNTAMIENTO DE CANTALEJO;;ADMINISTRACIÓN LOCAL;direccion@residenciacantalejo.es;;PERSONAS MAYORES;Residencia;Mixta para válidos y asistidos;VÁLIDOS: 4, ASISTIDOS: 52;41.254127;-3.9257947;SILVIA ARIAS RODRIGUEZ;41.254127, -3.9257947
ESTANCIAS DIURNAS;2025-08-21;CALLE SOL 4;40;40040;SEGOVIA;CANTALEJO;40320;CANTALEJO;921 522051;;400121;AYUNTAMIENTO DE CANTALEJO;;ADMINISTRACIÓN LOCAL;;;PERSONAS MAYORES;Centro de día;Estancias diurnas;ASISTIDOS: 15;41.254127;-3.9257947;SILVIA ARIAS RODRIGUEZ;41.254127, -3.9257947
"RESIDENCIA DE MAYORES ""MARIA INMACULADA""";2023-03-03;CALLE COLEGIO 1;40;40043;SEGOVIA;CARBONERO EL MAYOR;40270;CARBONERO EL MAYOR-TUREGANO;921 561950;921 561951;400296;SERVICIOS ASISTENCIALES PARA MAYORES, S.L.;;SOCIEDADES;residelsello@yahoo.es;;PERSONAS MAYORES;Residencia;Para asistidos;ASISTIDOS: 68;41.122496;-4.2657321;MARIA BELEN REDONDO ORTIZ;41.122496, -4.2657321
CENTRO DE DIA PARA PERSONAS MAYORES DE CUELLAR;2020-10-14;CALLE MODESTO FRAILE 11;40;40063;SEGOVIA;CUELLAR;40200;CUÉLLAR;921 140106;;400052;GERENCIA DE SERVICIOS SOCIALES DE CASTILLA Y LEÓN;;ADMINISTRACIÓN AUTONÓMICA;;;PERSONAS MAYORES;Centro de día;Hogar (Unidad de atención social);;41.4033522;-4.3133279;;41.4033522, -4.3133279
RESIDENCIA DE PERSONAS MAYORES EL ALAMILLO;2025-04-11;CALLE ALAMILLO 50;40;40063;SEGOVIA;CUELLAR;40200;CUÉLLAR;921 141861;;400039;CÁRITAS DIOCESANA DE SEGOVIA;;INSTITUCIONES, ÓRDENES, CONGREGACIONES RELIGIOSAS Y SIMILARES;residenciaelalamillo@caritassegovia.es;;PERSONAS MAYORES;Residencia;Para asistidos;ASISTIDOS: 63;;;ROSARIO CACHORRO DE FRUTOS;
CENTRO DE DÍA VALDIHUERTOS;2023-03-03;CALLE FOTOGRAFO RAFAEL S/N;40;40063;SEGOVIA;CUELLAR;40200;CUÉLLAR;921 144870;;400705;CENTRO DE MAYORES VALDIHUERTOS, S.L.;;SOCIEDADES;valdihuertos@valdihuertos.com;;PERSONAS MAYORES;Centro de día;Estancias diurnas;ASISTIDOS: 15;41.4045917;-4.3095514;MARÍA ESPESO ARRIBAS;41.4045917, -4.3095514
CENTRO DE MAYORES VALDIHUERTOS;2024-10-16;CALLE FOTOGRAFO RAFAEL, S/N;40;40063;SEGOVIA;CUELLAR;40200;CUÉLLAR;921 144910;921 656762052;400344;CENTRO DE MAYORES VALDIHUERTOS, S.L.;;SOCIEDADES;valdihuertos@valdihuertos.com;;PERSONAS MAYORES;Residencia;Para asistidos;ASISTIDOS: 122;41.4045917;-4.3095514;MARIA ESPESO ARRIBAS;41.4045917, -4.3095514
CENTRO OCUPACIONAL NTRA. SRA. DE LOS ANGELES;2023-05-05;CARRETERA BAHABON 10;40;40063;SEGOVIA;CUELLAR;40200;CUÉLLAR;921 141443;;400020;FUNDACIÓN PERSONAS;;FUNDACIÓN;ignacio.matesanz@fundacionpersonas.es;;PERSONAS CON DISCAPACIDAD;Centro de día;Personas con discapacidad por trastorno del desarrollo intelectual;OTROS: 45;41.4028543;-4.3189282;MARTA MADROÑO CALVO;41.4028543, -4.3189282
"CENTRO SOCIO-SANITARIO ""EL ESPINAR""";2023-03-03;MARIGARCIA, S/N;40;40076;SEGOVIA;ESPINAR (EL);40400;EL ESPINAR - VILLACASTÍN;921 182470;;400340;PROYECTOS GERMAT 2008, S.L.;;SOCIEDADES;gestioncomercial@csselespinar.es;;PERSONAS MAYORES;Residencia;Para asistidos;ASISTIDOS: 128;40.7177126;-4.2474407;TERESA RICO GOMEZ;40.7177126, -4.2474407
RESIDENCIA VIRGEN DE VELADIEZ;2024-11-22;CARRETERA SEGOVIA KM. 1,8;40;40077;SEGOVIA;ESPIRDO;40191;SEGOVIA RURAL;921 467260;;400427;FUNDACION DIAGRAMA - INTERVENCION PSICOSOCIAL;;FUNDACIÓN;atayala@diagrama.org;;PERSONAS MAYORES;Residencia;Para asistidos;ASISTIDOS: 59;;;AXEL TOBIAS AYALA DALLDORF;
RESIDENCIA DE PERSONAS MAYORES SAN MIGUEL;2026-01-08;CALLE SEGOVIA 4;40;40086;SEGOVIA;FUENTEPELAYO;40294;CARBONERO EL MAYOR-TUREGANO;921 574397;921 693786141;400069;AYUNTAMIENTO DE FUENTEPELAYO;;ADMINISTRACIÓN LOCAL;residencia@fuentepelayo.es;;PERSONAS MAYORES;Residencia;Para asistidos;ASISTIDOS: 21;41.22027937060162;-4.176665951269422;ALFREDO ZURDO MANRIQUE;41.22027937060162, -4.176665951269422
"CENTRO DE UNIDAD DE ATENCIÓN SOCIAL ""LA LASTRA""";2023-03-03;CALLE SOL 16;40;40110;SEGOVIA;LASTRAS DE CUELLAR;40352;CANTALEJO - FUENTESAUCO DE FUENTIDUEÑA;921 169030;921 169246;400449;AYUNTAMIENTO DE LASTRAS DE CUELLAR;;ADMINISTRACIÓN LOCAL;aytolastras@hotmail.com;;PERSONAS MAYORES;Centro de día;Hogar (Unidad de atención social);;40.9435626;-4.1130022;MARIA VICTORIA AVIAL ARRIBAS;40.9435626, -4.1130022
"CENTRO DE ATENCION A PERSONAS CON DISCAPACIDAD INTELECTUAL ""LOS JUNCOS""";2022-09-21;AVENIDA SOTILLO (EL) 27;40;40112;SEGOVIA;LASTRILLA (LA);40196;SEGOVIA RURAL;921 436612;921 441440;400044;DIPUTACIÓN PROVINCIAL DE SEGOVIA;;ADMINISTRACIÓN LOCAL;campsotillo@dipsegovia.es;www.dipsegovia.es camp-el-sotillo;PERSONAS CON DISCAPACIDAD;Residencia;Personas con discapacidad por trastorno del desarrollo intelectual;OTROS: 68;40.9630563;-4.0947128;MARIA ANGUSTIAS SERNANDEZ YEBRA;40.9630563, -4.0947128
"RESIDENCIA DE MAYORES ""SAN ANTONIO""";2023-03-03;CALLE FUENTE PIA S/N.;40;40122;SEGOVIA;MARUGAN;40142;SEGOVIA RURAL;921 196530;;400313;MARIA ISABEL PEREZ PLATA;;PERSONA FÍSICA-EMPRESA INDIVIDUAL;residenciasanantonio@aisasl.es;;PERSONAS MAYORES;Residencia;Para asistidos;ASISTIDOS: 27;40.8933484;-4.3881372;Mª ISABEL PEREZ PLATA;40.8933484, -4.3881372
RESIDENCIA DE PERSONAS MAYORES LA ALAMEDA;2023-12-05;CALLE RAMON Y CAJAL S/N;40;40138;SEGOVIA;NAVA DE LA ASUNCION;40450;COCA - NAVA DE LA ASUNCIÓN;921 580945;921 441440;400045;DIPUTACIÓN PROVINCIAL DE SEGOVIA;;ADMINISTRACIÓN LOCAL;;;PERSONAS MAYORES;Residencia;Para asistidos;ASISTIDOS: 67;41.1550522;-4.4908263;ASUNCION SERRANO GARCIA;41.1550522, -4.4908263
UNIDAD DE ESTANCIAS DIURNAS DE NAVA DE LA ASUNCION;2023-03-03;CALLE POZOBUENO Nº 2;40;40138;SEGOVIA;NAVA DE LA ASUNCION;40450;COCA - NAVA DE LA ASUNCIÓN;921 580036;921 580519;400356;AYUNTAMIENTO DE NAVA DE LA ASUNCION;RESIDENCIA SERGECO S.L.;ADMINISTRACIÓN LOCAL;;;PERSONAS MAYORES;Centro de día;Estancias diurnas;ASISTIDOS: 15;41.1547007;-4.4907704;JUAN JOSÉ MAROTO SÁEZ;41.1547007, -4.4907704
RESIDENCIA DE PERSONAS MAYORES NUESTRA SEÑORA DE LA FUENCISLA;2025-04-22;CARRETERA GRANJA;40;40155;SEGOVIA;PALAZUELOS DE ERESMA;40194;SAN ILDEFONSO;921 421800;921 639187442;400038;DIPUTACIÓN PROVINCIAL DE SEGOVIA;;ADMINISTRACIÓN LOCAL;cvicentec@dipsegovia;;PERSONAS MAYORES;Residencia;Mixta para válidos y asistidos;VÁLIDOS: 10, ASISTIDOS: 60;;;MARIA CRISTINA VICENTE CANCIO;
RESIDENCIA SAN FERNANDO;2023-03-03;PASEO BOLONIA S/N;40;40181;SEGOVIA;SAN ILDEFONSO O LA GRANJA;40100;SAN ILDEFONSO;921 473904;921 473906;400324;AYUNTAMIENTO DEL REAL SITIO DE SAN ILDEFONSO;YECORA TERCERA EDAD, S.L.;ADMINISTRACIÓN LOCAL;nuria@residenciasanfernando.com;;PERSONAS MAYORES;Residencia;Para asistidos;ASISTIDOS: 118;40.9046376;-4.0105955;NURIA DE LA VIUDA RAMOS;40.9046376, -4.0105955
RESIDENCIA NUGAR LA GRANJA;2026-01-19;PASEO MOLINILLO 5;40;40181;SEGOVIA;SAN ILDEFONSO O LA GRANJA;40100;SAN ILDEFONSO;921 470069;;400369;NUGAR LA GRANJA S.L.;;SOCIEDADES;administracion@nugarlagranja.es;;PERSONAS MAYORES;Residencia;Para asistidos;ASISTIDOS: 80;40.9018281;-4.002009699999999;FRANCISCO JAVIER GALLEGO SOLER;40.9018281, -4.002009699999999
"RESIDENCIA DE PERSONAS MAYORES ""LOS SAN PEDROS""";2022-06-23;DE LA GARNACHA, 4;40;40184;SEGOVIA;SAN PEDRO DE GAILLOS;40389;CANTALEJO;921 531036;;400004;ASOCIACION SOCIAL LOS SAN PEDROS;;ASOCIACIÓN;rlossanpedros@hotmail.com;;PERSONAS MAYORES;Residencia;Para asistidos;ASISTIDOS: 50;41.2274583;-3.808932;SHEILA GORDALIZA TORREGROSA;41.2274583, -3.808932
VIVIENDA HOGAR SAN JUAN DE LA CRUZ (E-2);2023-09-26;CARRETERA TRESCASAS 101 (URBANIZACIÓN TÍO PINTADO);40;40194;SEGOVIA;SEGOVIA;40003;SEGOVIA - ZONA II;921 434575;;400007;COMPAÑÍA DE LAS HIJAS DE LA CARIDAD DE SAN VICENTE DE PAUL PROVINCIA ESPAÑA CENTRO;;INSTITUCIONES, ÓRDENES, CONGREGACIONES RELIGIOSAS Y SIMILARES;;;INFANCIA (Y JUVENTUD);Vivienda;Vivienda hogar;OTROS: 6;;;VIRGINIA PEÑA POZA;
VIVIENDA HOGAR SAN JUAN DE LA CRUZ (E-4);2023-06-15;CARRETERA TRESCASAS 103- URBANIZACION TIO PINTADO;40;40194;SEGOVIA;SEGOVIA;40003;SEGOVIA - ZONA II;921 434575;;400008;COMPAÑÍA DE LAS HIJAS DE LA CARIDAD DE SAN VICENTE DE PAUL PROVINCIA ESPAÑA CENTRO;;INSTITUCIONES, ÓRDENES, CONGREGACIONES RELIGIOSAS Y SIMILARES;;;INFANCIA (Y JUVENTUD);Vivienda;Vivienda hogar;OTROS: 6;;;VIRGINIA PEÑA POZA;
UNIDAD DE ESTANCIAS DIURNAS DE LA RESIDENCIA DE PERSONAS MAYORES (SAN LORENZO);2026-02-03;CARRETERA VALLADOLID 10;40;40194;SEGOVIA;SEGOVIA;40003;SEGOVIA - ZONA II;921 436061;;400089;GERENCIA DE SERVICIOS SOCIALES DE CASTILLA Y LEÓN;SANIVIDA, S.L;ADMINISTRACIÓN AUTONÓMICA;;;PERSONAS MAYORES;Centro de día;Estancias diurnas;ASISTIDOS: 32;40.959487467127815;-4.107053856251827;BEATRIZ CABRERA FADRIQUE;40.959487467127815, -4.107053856251827
CENTRO INTEGRAL DE SERVICIOS SOCIALES LA ALBUERA;2021-09-30;CALLE ANDRES REGUERA ANTON S/N;40;40194;SEGOVIA;SEGOVIA;40004;SEGOVIA - ZONA II;921 442545;;400134;AYUNTAMIENTO DE SEGOVIA;;ADMINISTRACIÓN LOCAL;;;PERSONAS MAYORES;Centro de día;Hogar (Unidad de atención social);;40.9457137;-4.1047133;;40.9457137, -4.1047133
VIVIENDA APOYADA;2023-03-03;PLAZA MESTER DE CLERECIA (DEL) 12-1º C;40;40194;SEGOVIA;SEGOVIA;40006;SEGOVIA - ZONA I;921 431608;921 429568;400280;ASOCIACIÓN AMANECER-SALUD MENTAL SEGOVIA;;ASOCIACIÓN;;;PERSONAS CON DISCAPACIDAD;Vivienda;Personas con discapacidad por enfermedad mental;OTROS: 4;40.9494272;-4.1192092;PATRICIA DEL RIO MARTIN;40.9494272, -4.1192092
VIVIENDA SUPERVISADA;2023-03-03;CALLE JUAN DE VERA Y DE LA TORRE 20 PLANTA 1ª LETRA B. ESCALERA IZQUIERDA BLOQUE 2;40;40194;SEGOVIA;SEGOVIA;40006;SEGOVIA - ZONA II;921 431608;;400552;ASOCIACIÓN AMANECER-SALUD MENTAL SEGOVIA;;ASOCIACIÓN;segovia@feafescyl.org;;PERSONAS CON DISCAPACIDAD;Vivienda;Personas con discapacidad por enfermedad mental;OTROS: 6;40.92931249999999;-4.0942053;PATRICIA DEL RIO MARTIN;40.92931249999999, -4.0942053
UNIDAD DE ESTANCIAS DIURNAS AFA SEGOVIA;2022-11-07;CALLE COMUNIDAD Y TIERRA DE SEGOVIA, Nº1;40;40194;SEGOVIA;SEGOVIA;40006;SEGOVIA - ZONA III;619 850850;;400730;ASOCIACION DE FAMILIARES DE ENFERMOS DE ALZHEIMER DE SEGOVIA;;ASOCIACIÓN;alzheimersg@gmail.com;;PERSONAS MAYORES;Centro de día;Estancias diurnas para enfermos de Alzheimer;ASISTIDOS: 48;40.9360635;-4.1018819;ANA ISABEL DE PEDRO GARCIA;40.9360635, -4.1018819
CENTRO DE DIA NUESTRA SEÑORA DE LA ENCARNACION;2023-11-15;CALLE MARIA ZAMBRANO 3;40;40194;SEGOVIA;SEGOVIA;40001;SEGOVIA - ZONA I;921 460074;921 460076;400401;CASA NUESTRA SEÑORA DE LA ENCARNACION;;INSTITUCIONES, ÓRDENES, CONGREGACIONES RELIGIOSAS Y SIMILARES;;;PERSONAS CON DISCAPACIDAD;Centro de día;Personas con discapacidad por trastorno del desarrollo intelectual;OTROS: 23;40.9518104;-4.1236733;VANESA HERNANDEZ CONTRERAS;40.9518104, -4.1236733
RESIDENCIA SANTA EULALIA;2021-03-08;CALLE OTONES 3;40;40205;SEGOVIA;TORREIGLESIAS;40192;CANTALEJO;921 509511;;400106;FUNDACION SANTA EULALIA;;FUNDACIÓN;residenciasantaeulalia15@gmail.com;;PERSONAS MAYORES;Residencia;Para asistidos;ASISTIDOS: 48;41.1056208;-4.0332617;Mª CONCEPCION  LLORENTE  RINCON;41.1056208, -4.0332617
"RESIDENCIA ""SAN JUAN BAUTISTA""";2026-01-12;CALLE REVERENDO PADRE JUAN DE FRUTOS 32;40;40210;SEGOVIA;URUEÑAS;40317;SEPULVEDA - PEDRAZA;921 127795;921 699700142;400351;FUNDACION CRISTO DEL HUMILLADERO DE URUEÑAS;;FUNDACIÓN;residenciauruenas@yahoo.es;;PERSONAS MAYORES;Residencia;Para asistidos;ASISTIDOS: 24;41.35588936980698;-3.774759078063665;MARÍA DEL LIRIO CALLEJO AYUSO;41.35588936980698, -3.774759078063665
"UNIDAD DE ESTANCIAS DIURNAS ""OTERUELO""";2023-03-03;CALLE OTERUELO S/N;40;40216;SEGOVIA;VALVERDE DEL MAJANO;40140;SEGOVIA RURAL;921 490960;921 490959;400393;CENTRO RESIDENCIAL OTERUELO S.L.;;SOCIEDADES;direccion@centroresidencialoteruelo.es;;PERSONAS MAYORES;Centro de día;Estancias diurnas;ASISTIDOS: 30;40.9552389;-4.2340623;Mª TERESA NATALIA SANZ SASTRE;40.9552389, -4.2340623
CENTRO RESIDENCIAL DOCTOR BARRIOS;2025-07-04;ORTIGOSA A LA LOSA, S/N;40;40901;SEGOVIA;ORTIGOSA DEL MONTE;40421;EL ESPINAR - VILLACASTÍN;921 489201;;400350;APRENDE A VIVIR ORTIGOSA S.L.;;SOCIEDADES;direccion@aprendeavivirortigosa.es;centrodoctorbarrios.es;PERSONAS MAYORES;Residencia;Para asistidos;ASISTIDOS: 122;;;ESTEFANIA MARTIN PARRON;
CENTRO DE JUBILADOS SAN ISIDRO;2022-11-07;PLAZA MAYOR, Nº 1;40;40902;SEGOVIA;COZUELOS DE FUENTIDUEÑA;40354;CANTALEJO - FUENTESAUCO DE FUENTIDUEÑA;921 164941;;400032;ASOCIACIÓN DE JUBILADOS SAN ISIDRO LABRADOR;;ASOCIACIÓN;;;PERSONAS MAYORES;Centro de día;Hogar (Unidad de atención social);;41.3917511;-4.0944647;;41.3917511, -4.0944647
CLUB DE LA PERSONAS MAYORES DE AGREDA;2024-04-10;CALLE ANTONIO SONIER PUERTA S/N;42;42004;SORIA;AGREDA;42100;EL MONCAYO;975 240924;975 655947706;420020;ASOCIACION DE TERCERA EDAD DE AGREDA;;ASOCIACIÓN;fjypsoria@gmail.com;;PERSONAS MAYORES;Centro de día;Hogar (Unidad de atención social);;41.8540329;-1.9201821;SANTIAGO PERAL RUIZ;41.8540329, -1.9201821
RESIDENCIA PARA PERSONAS MAYORES EL LAGO DE TERA;2022-02-15;CALLE MARQUES DE VADILLO 32;42;42019;SORIA;ALMARZA;42169;TIERRAS ALTAS DE SORIA;975 250406;975 250296;420230;RESIDENCIA DE LA TERCERA EDAD EL LAGO DE TERA, S.L.;;SOCIEDADES;pilarmodrego@residenciadealmarza.es;;PERSONAS MAYORES;Residencia;Para asistidos;ASISTIDOS: 49;41.9437077;-2.4683125;PILAR MODREGO ALCALDE;41.9437077, -2.4683125
CENTRO DE DIA PARA PERSONAS MAYORES ALMAZÁN;2022-11-18;CALLE DIEGO LAINEZ 14;42;42020;SORIA;ALMAZAN;42200;ALMAZÁN;975 310137;975 310169;420065;GERENCIA DE SERVICIOS SOCIALES DE CASTILLA Y LEÓN;;ADMINISTRACIÓN AUTONÓMICA;angjiman@jcyl.es;;PERSONAS MAYORES;Centro de día;Hogar (Unidad de atención social);;41.4861431;-2.5340237;ANA Mª ANGULO JIMENEZ;41.4861431, -2.5340237
RESIDENCIA PERSONAS MAYORES NTRA. SRA. DE GUADALUPE;2022-07-20;CALLE GUADALUPE 9;42;42020;SORIA;ALMAZAN;42200;ALMAZÁN;975 300011;;420056;AYUNTAMIENTO DE ALMAZAN;PATRONATO MUNICIPAL NUESTRA SEÑORA DE GUADALUPE;ADMINISTRACIÓN LOCAL;secretaria@almazan.es/ resi.guada@gmail.com;;PERSONAS MAYORES;Residencia;Mixta para válidos y asistidos;ASISTIDOS: 54, VÁLIDOS: 42;41.4855019;-2.5323457;LAURA LAZARO DIAZ;41.4855019, -2.5323457
CLUB DE PERSONAS MAYORES FRAY TOMAS;2024-04-10;CALLE URBANO MARTINEZ 3;42;42035;SORIA;BERLANGA DE DUERO;42360;BERLANGA DE DUERO;975 240924;975 616403981;420037;"ASOCIACION DE TERCERA EDAD ""FRAY TOMAS""";;ASOCIACIÓN;fjypsoria@gmail;;PERSONAS MAYORES;Centro de día;Hogar (Unidad de atención social);;41.4657609;-2.8610001;GREGORIO HERNÁNDO HERNANDEZ;41.4657609, -2.8610001
CENTRO PERSONAS MAYORES VIRGEN DE LOS SANTOS;2024-04-10;PLAZA MAYOR S/N;42;42039;SORIA;BOROBIA;42138;EL MONCAYO;975 240924;975 669622929;420052;ASOCIACION DE TERCERA EDAD VIRGEN DE LOS SANTOS;;ASOCIACIÓN;fjypsoria@gmail.com;;PERSONAS MAYORES;Centro de día;Hogar (Unidad de atención social);;;;MANUELA MODREGO MODREGO;
VIVIENDA RURAL PARA PERSONAS EN RIESGO DE EXCLUSIÓN;2022-02-09;CALLE PALACIO 3;42;42042;SORIA;BUITRAGO;42162;SORIA RURAL;975 232196;;420361;ASOCIACION DE FAMILIARES Y ENFERMOS PSIQUICOS VIRGEN DEL CAMINO - ASOVICA;;ASOCIACIÓN;direccion@asovica.es;;PERSONAS CON DISCAPACIDAD;Vivienda;Personas con discapacidad por enfermedad mental;OTROS: 8;41.84849;-2.40902;NATALIA BRIONGOS HERNANDEZ;41.84849, -2.40902
CLUB DE DE LA PERSONAS MAYORES SAN AGUSTIN;2024-04-10;CALLE ELETA 5;42;42043;SORIA;BURGO DE OSMA (EL);42300;RIBERA DEL DUERO;975 240924;975 675679399;420077;ASOCIACION DE TERCERA EDAD SAN AGUSTIN;;ASOCIACIÓN;fjypsoria@gmail.com;;PERSONAS MAYORES;Centro de día;Hogar (Unidad de atención social);;41.5848041;-3.0698126;CONCEPCION LAFUENTE SANZ;41.5848041, -3.0698126
RESIDENCIA HOGAR SANTA CRISTINA;2022-11-15;CALLE SANTA TERESA JORNET 8;42;42043;SORIA;BURGO DE OSMA (EL);42300;RIBERA DEL DUERO;975 340116;975 360469;420050;HERMANITAS DE LOS ANCIANOS DESAMPARADOS BURGO DE OSMA - HOGAR SANTA CRISTINA;;INSTITUCIONES, ÓRDENES, CONGREGACIONES RELIGIOSAS Y SIMILARES;burgodeosma@hermanitas.es;;PERSONAS MAYORES;Residencia;Mixta para válidos y asistidos;ASISTIDOS: 34, VÁLIDOS: 91;41.5885678;-3.0749999;MIRIAM GIL VILLAR;41.5885678, -3.0749999
"RESIDENCIA DE MAYORES ""VIRGEN DEL CARMEN""";2022-02-07;CALLE SEMINARIO 2;42;42043;SORIA;BURGO DE OSMA (EL);42300;RIBERA DEL DUERO;975 360486;;420192;AYUNTAMIENTO DE EL BURGO DE OSMA - CIUDAD DE OSMA;HORELAVEGA S.L.;ADMINISTRACIÓN LOCAL;residenciaslatorre1@gmail.com;www.residenciasparamayores.com;PERSONAS MAYORES;Residencia;Para asistidos;ASISTIDOS: 41;41.5852783;-3.069993;SUSANA ESTHER GOMEZ GOMEZ;41.5852783, -3.069993
CLUB DE PENSIONISTAS CIUDAD DE OSMA;2024-04-15;CALLE REAL 86;42;42043;SORIA;OSMA;42300;RIBERA DEL DUERO;975 240924;;420026;ASOCIACION DE PENSIONISTAS CIUDAD DE OSMA;;ASOCIACIÓN;fjypsoria@gmail.com;;PERSONAS MAYORES;Centro de día;Hogar (Unidad de atención social);;;;LORENZA DE PABLO AYLAGAS;
CENTRO DE PERSONAS MAYORES DEZA;2024-04-10;CALLE SAN MARTIN S/N;42;42076;SORIA;DEZA;42125;CAMPO DE GÓMARA;976 870274;976 691759932;420102;ASOCIACION DE TERCERA EDAD DE DEZA;;ASOCIACIÓN;;;PERSONAS MAYORES;Centro de día;Hogar (Unidad de atención social);;41.4652847;-2.0218469;JOSEFINA GARCÍA LAFUENTE;41.4652847, -2.0218469
CLUB DE PERSONAS MAYORES DE GUIJOSA;2021-09-30;CALLE ERAS;42;42080;SORIA;GUIJOSA;42141;PINARES SUR;975 372645;;420031;ASOCIACION DE TERCERA EDAD DE GUIJOSA;;ASOCIACIÓN;;;PERSONAS MAYORES;Centro de día;Hogar (Unidad de atención social);;41.7544742;-3.2664329;JOSE NAVARRO LLORENTE;41.7544742, -3.2664329
RESIDENCIA MEDINACELI;2022-07-20;CALLE SANTA ISABEL 6;42;42113;SORIA;MEDINACELI;42240;SORIA SUR;975 326938;;420055;AYUNTAMIENTO DE MEDINACELI;;ADMINISTRACIÓN LOCAL;javier@p-rubia.es;;PERSONAS MAYORES;Residencia;Para asistidos;ASISTIDOS: 27;41.1723749;-2.4338511;FRANCISCO JAVIER SANZ ALONSO;41.1723749, -2.4338511
"RESIDENCIA MIXTA DE PERSONAS MAYORES ""LA SOLANA""";2022-11-07;CAMINO DE LA ESTACION S/N;42;42123;SORIA;MORON DE ALMAZAN;42223;ALMAZÁN;975 306059;;420119;RESIDENCIA NUESTRA SEÑORA DE LOS SANTOS, S.L.;;SOCIEDADES;info@residenciademayoreslasolana.es;www.residenciademayoreslasolana.es;PERSONAS MAYORES;Residencia;Para asistidos;ASISTIDOS: 66;41.4129104;-2.4128432;MARI CRUZ JIMÉNEZ RAMOS;41.4129104, -2.4128432
CENTRO SOCIAL DE OLVEGA;2022-09-19;CALLE DOCTOR SALCEDO 36;42;42134;SORIA;OLVEGA;42110;EL MONCAYO;976 645693;;420172;AYUNTAMIENTO DE ÓLVEGA;;ADMINISTRACIÓN LOCAL;mmanuela.calvo@jcyl.es;;PERSONAS MAYORES;Centro de día;Hogar (Unidad de atención social);;41.7802508;-1.9844894;MARIA MANUELA CALVO MIRANDA;41.7802508, -1.9844894
CLUB PERSONAS MAYORES SAN BARTOLOME;2022-08-19;PLAZA ODON ALONSO;42;42149;SORIA;TARDAJOS DE DUERO;42191;SORIA RURAL;975 180080;;420035;"ASOCIACION CULTURAL ""SAN BARTOLOME""";;ASOCIACIÓN;;;PERSONAS MAYORES;Centro de día;Hogar (Unidad de atención social);;41.7623478;-2.4760461;VICTOR ANGULO GARCIA;41.7623478, -2.4760461
RESIDENCIA VIRGEN DEL PRADO;2022-02-07;CALLE MURALLA S/N.;42;42155;SORIA;RETORTILLO DE SORIA;42315;BERLANGA DE DUERO;975 345406;975 345406;420155;AYUNTAMIENTO DE RETORTILLO DE SORIA;SOCAL SERVICIOS ALMAZÁN,  S.L.;ADMINISTRACIÓN LOCAL;residenciavirgendelprado@gmail.com;;PERSONAS MAYORES;Residencia;Mixta para válidos y asistidos;VÁLIDOS: 2, ASISTIDOS: 49;41.3111732;-2.9808817;MARIA JESUS GAMARRA GALLEGO;41.3111732, -2.9808817
RESIDENCIA NUESTRA SEÑORA DE LAS MERCEDES;2026-01-19;CALLE CANTARRANAS 45;42;42160;SORIA;ROYO (EL);42153;SORIA RURAL;975 271061;;420032;DIPUTACIÓN PROVINCIAL DE SORIA;MIMARA RESIDENCIAL S.L.;ADMINISTRACIÓN LOCAL;notificaciones@grupomimara.com;;PERSONAS MAYORES;Residencia;Para asistidos;ASISTIDOS: 84;41.9049726;-2.6433097;MARTA CERRADA PUEBLA;41.9049726, -2.6433097
UNIDAD DE ESTANCIAS DIURNAS DE LA RESIDENCIA DE PERSONAS MAYORES DE SAN ESTEBAN DE GORMAZ (VIRGEN DEL RIVERO);2023-06-20;CALLE ISAAC GARCIA ALONSO 31;42;42162;SORIA;SAN ESTEBAN DE GORMAZ;42330;RIBERA DEL DUERO;975 351141;975 351142;420238;GERENCIA DE SERVICIOS SOCIALES DE CASTILLA Y LEÓN;VITALIA HOME S.L.U.;ADMINISTRACIÓN AUTONÓMICA;mlchamorro@vitaliaplus.es;;PERSONAS MAYORES;Centro de día;Estancias diurnas;ASISTIDOS: 10;41.5707787;-3.2024615;MARIA LUISA CHAMORRO GARCIA;41.5707787, -3.2024615
RESIDENCIA DE PERSONAS MAYORES SAN ESTEBAN DE GORMAZ (VIRGEN DEL RIVERO);2023-06-20;CALLE ISAAC GARCIA ALONSO 31;42;42162;SORIA;SAN ESTEBAN DE GORMAZ;42330;RIBERA DEL DUERO;975 351141;975 351142;420069;GERENCIA DE SERVICIOS SOCIALES DE CASTILLA Y LEÓN;VITALIA HOME S.L.U.;ADMINISTRACIÓN AUTONÓMICA;mlchamorro@vitaliaplus.es;;PERSONAS MAYORES;Residencia;Para asistidos;ASISTIDOS: 90;41.5707787;-3.2024615;MARIA LUISA CHAMORRO GARCIA;41.5707787, -3.2024615
CLUB DE PERSONAS MAYORES SAN MIGUEL;2023-11-14;CALLE PESCADORES;42;42162;SORIA;SAN ESTEBAN DE GORMAZ;42330;RIBERA DEL DUERO;646 646794;;420036;"ASOCIACION DE PENSIONISTAS ""SAN MIGUEL""";;ASOCIACIÓN;sanesteban@asesoralcala.com;;PERSONAS MAYORES;Centro de día;Hogar (Unidad de atención social);;41.5742647;-3.2034692;PASCUALA PALOMAR HERNANDO;41.5742647, -3.2034692
"UNIDAD DE ESTANCIAS DIURNAS ""SAN BLAS""";2023-06-21;AVENIDA Mª EUGENIA MARTÍNEZ DEL CAMPO 5;42;42164;SORIA;SAN LEONARDO DE YAGÜE;42140;PINARES SUR;975 376531;975 376531;420248;AYUNTAMIENTO DE SAN LEONARDO DE YAGÜE;ASISTENCIA GERIÁTRICA SAN LEONARDO, S.L.U;ADMINISTRACIÓN LOCAL;sanblas@residenciareal.com;www.geroconfor.com;PERSONAS MAYORES;Centro de día;Estancias diurnas;ASISTIDOS: 12;;;SERGIO RAMON SOTO BAHAMONDE;
UNIDAD DE ESTANCIAS DIURNAS VIRGEN DE LA PEÑA;2025-08-19;CALLE COSA (LA) 47;42;42165;SORIA;SAN PEDRO MANRIQUE;42174;TIERRAS ALTAS DE SORIA;975 381281;975 682827724;420097;AYUNTAMIENTO DE SAN PEDRO MANRIQUE;MIMARA RESIDENCIAL S.L.;ADMINISTRACIÓN LOCAL;notificaciones@grupomimara.com;;PERSONAS MAYORES;Centro de día;Estancias diurnas;ASISTIDOS: 4;42.02889737417013;-2.227765795071538;LUCIE PAVLIKOVA;42.02889737417013, -2.227765795071538
RESIDENCIA PERSONAS MAYORES NUESTRA SEÑORA DE LA VEGA;2022-02-07;CALLE HERMANOS LOPE GARCIA, Nº 9;42;42171;SORIA;SERON DE NAGIMA;42127;ALMAZÁN;975 307052;975 307052;420048;HORELAVEGA S.L.;;SOCIEDADES;ignacio.latorre@residenciasparamayores.com;www.residenciasparamayores.com;PERSONAS MAYORES;Residencia;Para asistidos;ASISTIDOS: 58;41.4957783;-2.2027827;MARIA ANGELES RAMOS ESCOLANO;41.4957783, -2.2027827
ANEXO CENTRO DE DIA PARA PERSONAS MAYORES SORIA I;2022-03-10;AVENIDA MARIANO VICEN 19;42;42173;SORIA;SORIA;42003;SORIA - ZONA 1 - ESTE;975 222715;;420062;GERENCIA DE SERVICIOS SOCIALES DE CASTILLA Y LEÓN;;ADMINISTRACIÓN AUTONÓMICA;mjosefa.onsurbe@jcyl.es;;PERSONAS MAYORES;Centro de día;Hogar (Unidad de atención social);;41.7604974;-2.4699152;Mª JOSE ONSURBE RAMIREZ;41.7604974, -2.4699152
RESIDENCIA ASOVICA;2023-09-15;CAMINO ROYALES (LOS) 4;42;42173;SORIA;SORIA;42005;SORIA - ZONA 2 - OESTE;638 389714;638 214196;420310;ASOCIACION DE FAMILIARES Y ENFERMOS PSIQUICOS VIRGEN DEL CAMINO - ASOVICA;RESIDENCIA ASOVICA SOCIEDAD LIMITADA;ASOCIACIÓN;direccionresidencia@asovica.es;www.asovica.es;PERSONAS CON DISCAPACIDAD;Residencia;Personas con discapacidad por enfermedad mental;OTROS: 40;41.7612987;-2.4848469;MARCOS GÓMEZ ROMERO;41.7612987, -2.4848469
CENTRO OCUPACIONAL FELIX ALMERIA;2025-04-01;POLIGONO INDUSTRIAL LAS CASAS, CALLE D, PARCELA 54, NAVE 7;42;42173;SORIA;SORIA;42001;ZDESCONOCIDO;975 232196;;420070;ASOCIACION DE FAMILIARES Y ENFERMOS PSIQUICOS VIRGEN DEL CAMINO - ASOVICA;;ASOCIACIÓN;info@asovica.es;www.asovica.es;PERSONAS CON DISCAPACIDAD;Centro de día;Personas con discapacidad por enfermedad mental;OTROS: 60;;;NATALIA BRIONGOS HERNANDEZ;
HOGAR CALASANZ EMAUS;2024-08-20;CALLE EDUARDO SAAVEDRA 7 B;42;42173;SORIA;SORIA;42001;SORIA - ZONA 2 - OESTE;;678666975;420454;FUNDACIÓN ITAKA ESCOLAPIOS;;FUNDACIÓN;sergiobarriales@itakaescolapios.org;;INFANCIA (Y JUVENTUD);Vivienda;Hogar de socialización;NNAMMAS: 8;41.7652892;-2.478537;ROSIRIS DEL CARMEN LASTRE ARRIETA;41.7652892, -2.478537
"VIVIENDA DE LA ASOCIACIÓN ""VIRGEN DEL CAMINO""";2025-04-14;CALLE MARTIRES DE LA INDEPENDENCIA 15 1º;42;42173;SORIA;SORIA;42004;SORIA - ZONA 2 - OESTE;975 232196;975 660071145;420109;FUNDACION DE AYUDA AL DISCAPACITADO Y ENFERMO PSIQUICO DE SORIA (FADESS);ASOCIACION DE FAMILIARES Y ENFERMOS PSIQUICOS VIRGEN DEL CAMINO - ASOVICA;FUNDACIÓN;direccion@asovica.es;www.asovica.es;PERSONAS CON DISCAPACIDAD;Vivienda;Personas con discapacidad por enfermedad mental;OTROS: 7;;;NATALIA BRIONGOS HERNANDEZ;
PISO SUPERVISADO;2025-04-14;CALLE MARTIRES DE LA INDEPENDENCIA 15-3º;42;42173;SORIA;SORIA;42001;SORIA - ZONA 2 - OESTE;975 215101;975 660071145;420252;FUNDACION DE AYUDA AL DISCAPACITADO Y ENFERMO PSIQUICO DE SORIA (FADESS);ASOCIACION DE FAMILIARES Y ENFERMOS PSIQUICOS VIRGEN DEL CAMINO - ASOVICA;FUNDACIÓN;fadess@hotmail.com;www.menssanasoria.com;PERSONAS CON DISCAPACIDAD;Vivienda;Personas con discapacidad por enfermedad mental;OTROS: 7;;;NATALIA BRIONGOS HERNANDEZ;
VIVIENDA SUPERVISADA;2025-04-14;CALLE MARTIRES DE LA INDEPENDENCIA 15 2ª PLANTA;42;42173;SORIA;SORIA;42001;SORIA - ZONA 2 - OESTE;975 232196;975 660071145;420396;FUNDACION DE AYUDA AL DISCAPACITADO Y ENFERMO PSIQUICO DE SORIA (FADESS);ASOCIACION DE FAMILIARES Y ENFERMOS PSIQUICOS VIRGEN DEL CAMINO - ASOVICA;FUNDACIÓN;direccion@asovica.es;;PERSONAS CON DISCAPACIDAD;Vivienda;Personas con discapacidad por enfermedad mental;OTROS: 4;;;NATALIA BRIONGOS HERNANDEZ;
CENTRO RESIDENCIAL ODON ALONSO;2022-02-21;CALLE VENERABLE PALAFOX S/N;42;42173;SORIA;SORIA;42001;SORIA - ZONA 2 - OESTE;975 239159;975 9752143;420312;CENTRO RESIDENCIAL EL PICO FRENTES, SL;;SOCIEDADES;odonalonso@hotmail.com;;PERSONAS MAYORES;Residencia;Para asistidos;ASISTIDOS: 77;41.7682589;-2.4741138;Mª PILAR GOMEZ SANZ;41.7682589, -2.4741138
"RESIDENCIA DE MAYORES ""MANUELA""";2022-02-10;CAMINO ROYALES (LOS) 6;42;42173;SORIA;SORIA;42005;SORIA - ZONA 2 - OESTE;975 242095;975 226818;420269;EUGENIO LATORRE E HIJOS, S.L.;;SOCIEDADES;residenciamanuela@gmail.com;www.residenciasparamayores.com;PERSONAS MAYORES;Residencia;Para asistidos;ASISTIDOS: 122;41.7623062;-2.4817597;IGNACIO LATORRE MARTÍNEZ;41.7623062, -2.4817597
"UNIDAD DE ESTANCIAS DIURNAS ""MANUELA";2022-02-10;CAMINO ROYALES (LOS) 6;42;42173;SORIA;SORIA;42005;SORIA - ZONA 2 - OESTE;975 242095;975 226818;420270;EUGENIO LATORRE E HIJOS, S.L.;;SOCIEDADES;residenciamanuela@gmail.com;www.residenciasparamayores.com;PERSONAS MAYORES;Centro de día;Estancias diurnas;ASISTIDOS: 15;41.7623062;-2.4817597;IGNACIO LATORRE MARTÍNEZ;41.7623062, -2.4817597
HOGAR DEL PENSIONISTA;2024-04-10;AVENIDA RAMON Y CAJAL 19;42;42181;SORIA;TARDELCUENDE;42294;SORIA RURAL;975 240924;975 658857153;420008;ASOCIACION CULTURAL DE LA TERCERA EDAD;;ASOCIACIÓN;fjypsoria@gmail.com;;PERSONAS MAYORES;Centro de día;Hogar (Unidad de atención social);;41.594147;-2.6425482;CARMEN GEMA CORREDOR CORREDOR;41.594147, -2.6425482
RESIDENCIA DE MAYORES EL PALACIO;2022-02-07;CALLE ANDRES VILLACIEROS S/N;42;42215;SORIA;VINUESA;42150;PINARES NORTE;975 378215;975 378215;420187;HORELAVEGA S.L.;;SOCIEDADES;residenciaslatorre1@gmail.com;www.residenciasparamayores.com;PERSONAS MAYORES;Residencia;Para asistidos;ASISTIDOS: 56;41.7635982;-2.4649206;IGNACIO DEL TORO CASADO;41.7635982, -2.4649206
RESIDENCIA DE PERSONAS MAYORES EL COMPASCO;2025-12-02;CALLE SOTO 6;47;47007;VALLADOLID;ALDEAMAYOR DE SAN MARTIN;47162;PORTILLO;983 558379;;470458;COMPASCO ALDEAMAYOR, S.L.;;SOCIEDADES;COMPASCOALDEAMAYOR15@HOTMAIL.COM;;PERSONAS MAYORES;Residencia;Para asistidos;DEPENDIENTES: 21;41.5144124;-4.6364313;VIRGINIA LÓPEZ GÓMEZ;41.5144124, -4.6364313
RESIDENCIA DE ADULTOS VIRGEN DEL OLMAR;2023-03-10;CARRETERA PEÑAFIEL S/N;47;47033;VALLADOLID;CANALEJAS DE PEÑAFIEL;47311;PEÑAFIEL;983 892169;;470554;EL OLMAR - 99 S.L.;;SOCIEDADES;elolmar.direccion@aisacyl.es;;PERSONAS MAYORES;Residencia;Para asistidos;ASISTIDOS: 58;41.5259062;-4.1127931;NOELIA HARINA ZAMORA;41.5259062, -4.1127931
RESIDENCIA PARA MAYORES EL MIRADOR DE CIGALES;2025-12-17;CALLE MIRADOR Nº 4;47;47050;VALLADOLID;CIGALES;47270;VALORIA LA BUENA;983 580710;;471013;AYUNTAMIENTO DE CIGALES;APRENDE A VIVIR S.L.;ADMINISTRACIÓN LOCAL;;;PERSONAS MAYORES;Residencia;Para asistidos;ASISTIDOS: 60;41.7617907;-4.7041714;SONIA PEREZ VILLACORTA;41.7617907, -4.7041714
RESIDENCIA DE PERSONAS MAYORES SANTA TERESITA;2022-09-27;AVENIDA DE DIEGO VELAZQUEZ S/N.;47;47052;VALLADOLID;CISTERNIGA (LA);47193;CERCANÍAS 2;983 403428;983 306684;470795;SAMPIETRO GARCÍA, S. L.;;SOCIEDADES;info@residenciasantateresita.es;;PERSONAS MAYORES;Residencia;Para asistidos;ASISTIDOS: 45;41.6075704;-4.6854299;RAMON SAMPIETRO GARCIA;41.6075704, -4.6854299
RESIDENCIA REINA DOÑA URRACA;2025-10-22;CALLE SATURNINO GONZALEZ Nº 20;47;47065;VALLADOLID;FRESNO EL VIEJO;47480;NAVA DEL REY;983 818992;;471422;AYUNTAMIENTO DE FRESNO EL VIEJO;DOMUS AUREA SERVICIOS PARA EL HOGAR, S. L.;ADMINISTRACIÓN LOCAL;fresnoelviejo2011@gmail.com;;PERSONAS MAYORES;Residencia;Para asistidos;ASISTIDOS: 19;41.1955674;-5.1439312;ANDRÉS AYALA GARCÍA;41.1955674, -5.1439312
RESIDENCIA LA BLANCA PALOMA;2022-01-12;CARRETERA VILLANUBLA 1;47;47066;VALLADOLID;FUENSALDAÑA;47194;CERCANÍAS 2;983 583120;;470343;APRENDE A VIVIR FUENSALDAÑA, S.L.U.;;SOCIEDADES;administracion@aprendeavivir.es;;PERSONAS MAYORES;Residencia;Para asistidos;ASISTIDOS: 48;41.7069636;-4.7704533;ANA RUTH FUERTES CENTENO;41.7069636, -4.7704533
RESIDENCIA PERSONAS MAYORES STA. Mª DE LOS MARTIRES;2025-02-24;AVENIDA JUAN CARLOS DOMINGUEZ 16;47;47075;VALLADOLID;ISCAR;47420;ÍSCAR;983 620464;;470106;FUNDACION BENEFICO-SOCIAL SANTA Mª DE LOS MARTIRES;;FUNDACIÓN;resimariaiscar@gmail.com;;PERSONAS MAYORES;Residencia;Para asistidos;ASISTIDOS: 49;41.3596099;-4.527111;JAZMIN MUÑOZ VILLARREAL;41.3596099, -4.527111
VIVIENDA SAN JUAN DE DIOS 5;2023-05-05;CALLE ALBATROS 4- 1º G;47;47076;VALLADOLID;LAGUNA DE DUERO;47140;VALLADOLID - PAJARILLOS BAJOS;983 544162;;470492;CENTRO SAN JUAN DE DIOS;;INSTITUCIONES, ÓRDENES, CONGREGACIONES RELIGIOSAS Y SIMILARES;;;PERSONAS CON DISCAPACIDAD;Vivienda;Personas con discapacidad por trastorno del desarrollo intelectual leve o moderado;OTROS: 6;41.5810584;-4.7182818;RAÚL RUIZ LÓPEZ;41.5810584, -4.7182818
VIVIENDA SAN JUAN DE DIOS 2;2023-05-05;CALLE ALBATROS 4- 1º H;47;47076;VALLADOLID;LAGUNA DE DUERO;47140;LAGUNA DE DUERO;983 544164;;470281;CENTRO SAN JUAN DE DIOS;;INSTITUCIONES, ÓRDENES, CONGREGACIONES RELIGIOSAS Y SIMILARES;;;PERSONAS CON DISCAPACIDAD;Vivienda;Personas con discapacidad por trastorno del desarrollo intelectual leve o moderado;OTROS: 6;41.5810584;-4.7182818;RAÚL RUIZ LÓPEZ;41.5810584, -4.7182818
VIVIENDA SAN JUAN DE DIOS 4;2023-05-05;CALLE ALBATROS 2- 2º F;47;47076;VALLADOLID;LAGUNA DE DUERO;47140;LAGUNA DE DUERO;983 544123;;470282;CENTRO SAN JUAN DE DIOS;;INSTITUCIONES, ÓRDENES, CONGREGACIONES RELIGIOSAS Y SIMILARES;;;PERSONAS CON DISCAPACIDAD;Vivienda;Personas con discapacidad por trastorno del desarrollo intelectual leve o moderado;OTROS: 6;41.5812689;-4.7182708;RAÚL RUIZ LÓPEZ;41.5812689, -4.7182708
VIVIENDA SAN JUAN DE DIOS CANTABRIA 113;2024-12-14;CALLE COMUNIDAD DE CANTABRIA Nº 113;47;47076;VALLADOLID;LAGUNA DE DUERO;47140;LAGUNA DE DUERO;983 222875;;471459;CENTRO SAN JUAN DE DIOS;;INSTITUCIONES, ÓRDENES, CONGREGACIONES RELIGIOSAS Y SIMILARES;;;PERSONAS CON DISCAPACIDAD;Vivienda;Personas con discapacidad por trastorno del desarrollo intelectual leve o moderado;OTROS: 7;41.5774331;-4.716539;RAÚL RUIZ LÓPEZ;41.5774331, -4.716539
RESIDENCIA DE PERSONAS MAYORES LOS ARCES;2021-04-21;AVENIDA MADRID 3;47;47076;VALLADOLID;LAGUNA DE DUERO;47140;LAGUNA DE DUERO;983 543550;;470350;AYMO RESIDENCIA, S. L.U;;SOCIEDADES;;;PERSONAS MAYORES;Residencia;Para asistidos;ASISTIDOS: 30;41.5873739;-4.7190082;ROSA Mª CERRATO GARCÍA;41.5873739, -4.7190082
RESIDENCIA DE LAGUNA DE DUERO;2026-02-14;CALLE PISUERGA 1;47;47076;VALLADOLID;LAGUNA DE DUERO;47140;LAGUNA DE DUERO;983 540660;983 475395;470811;FUNDACIÓN PERSONAS;;FUNDACIÓN;teresa.lopez@fundacionpersonas.es;;PERSONAS CON DISCAPACIDAD;Residencia;Personas con discapacidad por trastorno del desarrollo intelectual;OTROS: 24;41.5868467;-4.7308743;MARÍA TERESA LÓPEZ ENCINAS;41.5868467, -4.7308743
CLUB DE JUBILADOS MEDINA DEL CAMPO;2020-10-14;AVENIDA LOPE DE VEGA , 2;47;47085;VALLADOLID;MEDINA DEL CAMPO;47400;MEDINA DEL CAMPO;923 800338;;470477;CAJA DUERO (ANTES CAJA AHORROS SALAMANCA Y SORIA);;CAJAS DE AHORRO;;;PERSONAS MAYORES;Centro de día;Hogar (Unidad de atención social);;41.3106004;-4.9139254;;41.3106004, -4.9139254
RESIDENCIA DE ACOGIDA DE MENORES LA ALAMEDA DE MOJADOS;2025-08-01;AVENIDA PASEOS 7;47;47090;VALLADOLID;MOJADOS;47250;CERCANÍAS 1;983 607018;;470154;GERENCIA DE SERVICIOS SOCIALES DE CASTILLA Y LEÓN;;ADMINISTRACIÓN AUTONÓMICA;;;INFANCIA (Y JUVENTUD);Residencia;RESIDENCIA DE ACOGIDA;OTROS: 30;41.4364243;-4.6616764;GLORIA VARONA VARONA;41.4364243, -4.6616764
CENTRO DE DIA DE PEDRAJAS DE SAN ESTEBAN;2022-08-30;CALLE ESCUELAS 1;47;47112;VALLADOLID;PEDRAJAS DE SAN ESTEBAN;47430;ÍSCAR;983 625823;;471046;AYUNTAMIENTO DE PEDRAJAS DE SAN ESTEBAN;;ADMINISTRACIÓN LOCAL;centrodedia@pedrajas.es;;PERSONAS MAYORES;Centro de día;Hogar (Unidad de atención social);;41.342577;-4.5826209;SERGIO LEDO ARRANZ;41.342577, -4.5826209
UNIDAD DE ESTANCIAS DIURNAS;2023-10-30;AVENIDA RESIDENCIA S/N;47;47114;VALLADOLID;PEÑAFIEL;47300;PEÑAFIEL;983 880051;;470600;FUNDACIÓN HOSPITAL ASILO DE LA SANTISIMA TRINIDAD;;FUNDACIÓN;santanatrinidad@terra.es;;PERSONAS MAYORES;Centro de día;Estancias diurnas;ASISTIDOS: 20;41.5918328;-4.1237694;LAURA RUIZ MARTIN;41.5918328, -4.1237694
RESIDENCIA DE PERSONAS MAYORES SANTIAGO APOSTOL;2022-11-07;CARRETERA BOCOS KM. 2 (BARRIO DE RABANALES);47;47114;VALLADOLID;PEÑAFIEL;47300;PEÑAFIEL;983 881812;983 880577;470409;RESIDENCIA DE TERCERA EDAD SANTIAGO APOSTOL, S.L.;;SOCIEDADES;;;PERSONAS MAYORES;Residencia;Mixta para válidos y asistidos;VÁLIDOS: 4, ASISTIDOS: 53;41.5984715;-4.124511500000001;SANTIAGO ASENJO MÍNGUEZ;41.5984715, -4.124511500000001
VIVIENDA INTRAS PEÑAFIEL PLAZA ESPAÑA;2023-10-30;PLAZA ESPAÑA 3 4ºA;47;47114;VALLADOLID;PEÑAFIEL;47300;PEÑAFIEL;983 399633;;471901;FUNDACION INTRAS;;FUNDACIÓN;gmv@intras.es;;PERSONAS CON DISCAPACIDAD;Vivienda;Personas con discapacidad por enfermedad mental;DISCAPACIDAD ENFERMEDAD MENTAL: 3;41.596601;-4.1180372;GUSTAVO MARTÍN VILLAREJO;41.596601, -4.1180372
RESIDENCIA DE PERSONAS MAYORES TIERRA DE PINARES;2022-06-29;PLAZA PARQUE Nº 4;47;47122;VALLADOLID;PORTILLO;47160;PORTILLO;983 556266;;470601;AYUNTAMIENTO DE PORTILLO;;ADMINISTRACIÓN LOCAL;;;PERSONAS MAYORES;Residencia;Para asistidos;ASISTIDOS: 37;41.4748437;-4.592578;ALFONSO CRIADO RICO;41.4748437, -4.592578
RESIDENCIA DE PERSONAS MAYORES VIRGEN DE LOS REMEDIOS;2021-12-13;CALLE SANTA MARIA 1;47;47124;VALLADOLID;POZALDEZ;47220;SERRADA;983 822326;;470556;FUNDACION SOCIAL VIRGEN DE LOS REMEDIOS;;FUNDACIÓN;info@residenciadepozaldez.es;;PERSONAS MAYORES;Residencia;Para asistidos;ASISTIDOS: 28;41.3730009;-4.8433665;GUILLERMO RODRÍGUEZ GARCÍA;41.3730009, -4.8433665
RESIDENCIA DE PERSONAS MAYORES SAN JAVIER;2024-02-08;CALLE ENCINA 6(URBANIZACIÓN COTO DE SIMANCAS);47;47161;VALLADOLID;SIMANCAS;47130;CERCANÍAS 1;983 590542;;470578;NACRISAMA, S. L.;;SOCIEDADES;ressanjavier@gmail.com;;PERSONAS MAYORES;Residencia;Mixta para válidos y asistidos;ASISTIDOS: 30, VÁLIDOS: 1;;;ESTEFANIA MELERO ESCORCIO;
CENTRO DE DIA VILLA DE TORDESILLAS;2023-11-06;CALLE FERNANDO I DE HABSBURGO S/N;47;47165;VALLADOLID;TORDESILLAS;47100;TORDESILLAS;983 770654;;471247;AYUNTAMIENTO DE TORDESILLAS;ARALIA SERVICIOS SOCIOSANITARIOS S.A.;ADMINISTRACIÓN LOCAL;;;PERSONAS MAYORES;Centro de día;Estancias diurnas;ASISTIDOS: 15;;;CARMEN SERRANO BLANCO;
"HOGAR DE DIA PARA LA PERSONAS MAYORES ""HOSPITAL PEREGRINOS""";2020-10-14;CALLE HOSPITAL DE PEREGRINOS 8;47;47165;VALLADOLID;TORDESILLAS;47100;TORDESILLAS;983 770654;983 796076;470575;AYUNTAMIENTO DE TORDESILLAS;;ADMINISTRACIÓN LOCAL;;;PERSONAS MAYORES;Centro de día;Hogar (Unidad de atención social);;41.501337;-5.0023604;MILAGROS ZARZUELO CAPELLAN;41.501337, -5.0023604
RESIDENCIA DE PERSONAS MAYORES EL ROSAL DEL ATRIO;2025-09-09;CALLE ROSA 10;47;47173;VALLADOLID;TRASPINEDO;47330;PINODUERO;983 682685;;470429;PEÑARRANZ RESIDENCIAL, S. L.;;SOCIEDADES;s.gerico@gvertice.s;;PERSONAS MAYORES;Residencia;Para asistidos;ASISTIDOS: 31;41.57455869872897;-4.475312174607027;LUCIA PORRERO DE PRADO;41.57455869872897, -4.475312174607027
"RESIDENCIA PARA PERSONAS MAYORES ""PINAR DE HERRERA""";2024-12-16;CALLE PUENTE HERRERA 5;47;47175;VALLADOLID;HERRERA DE DUERO;47161;PINODUERO;983 528890;;470760;GETESA 6000, S.L.;"SERVICIOS Y CUIDADOS ""LA AMISTAD"", S. L.";SOCIEDADES;;;PERSONAS MAYORES;Residencia;Para asistidos;ASISTIDOS: 24;41.5863823;-4.5811062;ANTONIO VÁZQUEZ DE PRADA MEDRANO;41.5863823, -4.5811062
UNIDAD DE ESTANCIAS DIURNAS DEL CENTRO DE DÍA DE TUDELA DE DUERO;2022-12-09;CALLE CALVARIO S/N;47;47175;VALLADOLID;TUDELA DE DUERO;47320;PINODUERO;983 410900;;470580;GERENCIA DE SERVICIOS SOCIALES DE CASTILLA Y LEÓN;SANIVIDA, S.L;ADMINISTRACIÓN AUTONÓMICA;;;PERSONAS MAYORES;Centro de día;Estancias diurnas;ASISTIDOS: 12;41.5864431;-4.5831322;;41.5864431, -4.5831322
"RESIDENCIA PARA MAYORES ""EL MIRADOR DEL DUERO""";2024-12-11;CARRETERA ALDEAMAYOR 4;47;47175;VALLADOLID;TUDELA DE DUERO;47320;PINODUERO;983 521850;;470677;GESTIÓN DE SISTEMAS PARA LA DEPENDENCIA, S.L.;;SOCIEDADES;direccion@elmiradordelduero.es;www.amma.es;PERSONAS MAYORES;Residencia;Para asistidos;ASISTIDOS: 110;41.5783161;-4.5791795;CRISTINA PALOMO GARCIA;41.5783161, -4.5791795
RESIDENCIA DE PERSONAS MAYORES VIRGEN DE DUERO;2025-04-25;CALLE TRATADO DE TORDESILLAS 1;47;47175;VALLADOLID;TUDELA DE DUERO;47320;PINODUERO;983 522440;;470405;CENTRO DE MAYORES VIRGEN DE DUERO, S.L.;;SOCIEDADES;sonia@centromayoresvirgenduero.es;;PERSONAS MAYORES;Residencia;Para asistidos;ASISTIDOS: 25;;;SONIA Mª VAZQUEZ FERNÁNDEZ;
RESIDENCIA EL PARAMO;2023-05-08;CALLE REAL 4;47;47182;VALLADOLID;VALDESTILLAS;47240;SERRADA;983 551366;983 551494;470331;DEL OLMO Y SEGOVIA SL;;SOCIEDADES;residenciaelparamo@gmail.com;;PERSONAS MAYORES;Residencia;Para asistidos;ASISTIDOS: 22;41.4762387;-4.770817099999999;ELENA SEGOVIA NORIEGA;41.4762387, -4.770817099999999
RESIDENCIA DE PERSONAS MAYORES AVE MARIA;2021-12-13;CALLE ROMERUELA 1;47;47184;VALLADOLID;VALORIA LA BUENA;47200;VALORIA LA BUENA;983 502167;;470783;ONECHA TREJO, S. L.;;SOCIEDADES;residenciaavemaria@valorialabuena.com;;PERSONAS MAYORES;Residencia;Para asistidos;ASISTIDOS: 72;41.7986299;-4.5346179;LAURA VÁZQUEZ FERNÁNDEZ;41.7986299, -4.5346179
CENTRO GERONTOLOGICO LACORT;2024-06-25;CALLE JOSE MARIA LACORT 20;47;47186;VALLADOLID;VALLADOLID;47002;VALLADOLID - CAMPILLO;983 390433;;470317;CENTRO GERONTOLOGICO LACORT, S.L.;;SOCIEDADES;lacort@residenciaslacort.com;;PERSONAS MAYORES;Residencia;Para asistidos;DEPENDIENTES: 53;41.6488632;-4.7224943;DAVID BAENA SAUCO;41.6488632, -4.7224943
RESIDENCIA DE PERSONAS MAYORES;2024-06-14;CARRETERA RUEDA 64;47;47186;VALLADOLID;VALLADOLID;47008;VALLADOLID - SUR - LA RUBIA;983 228400;;470315;GERENCIA DE SERVICIOS SOCIALES DE CASTILLA Y LEÓN;;ADMINISTRACIÓN AUTONÓMICA;;;PERSONAS MAYORES;Residencia;Para asistidos;DEPENDIENTES: 292;41.6222571;-4.742153699999999;CARMEN GARCÍA DE LA TORRE;41.6222571, -4.742153699999999
CENTRO OCUPACIONAL PARA PERSONAS CON DISCAPACIDAD INTELECTUAL;2022-12-09;CALLE PAJARILLOS 1;47;47186;VALLADOLID;VALLADOLID;47012;VALLADOLID - PAJARILLOS ALTOS;983 398400;983 292439;470837;GERENCIA DE SERVICIOS SOCIALES DE CASTILLA Y LEÓN;;ADMINISTRACIÓN AUTONÓMICA;;;PERSONAS CON DISCAPACIDAD;Centro de día;Personas con discapacidad por trastorno del desarrollo intelectual;OTROS: 30;41.6463232;-4.7033551;ANTONIO DIEZHANDINO ANDRES;41.6463232, -4.7033551
RESIDENCIA DE PROTECCIÓN DE MENORES JOSÉ MONTERO DE VALLADOLID;2023-03-10;CALLE MIRABEL 9;47;47186;VALLADOLID;VALLADOLID;47003;VALLADOLID - CENTRO;983 350079;;470153;GERENCIA DE SERVICIOS SOCIALES DE CASTILLA Y LEÓN;;ADMINISTRACIÓN AUTONÓMICA;;;INFANCIA (Y JUVENTUD);Residencia;De protección;OTROS: 36;41.6598049;-4.7291473;MODESTO MATEO BRAVO;41.6598049, -4.7291473
ÁREA DE INTERVENCIÓN PARA LA SOCIALIZACIÓN DEL CENTRO AUTONÓMICO ZAMBRANA;2025-09-18;PASEO JUAN CARLOS I 14;47;47186;VALLADOLID;VALLADOLID;47012;VALLADOLID - DELICIAS - CANTERAC;983 457570;;471050;GERENCIA DE SERVICIOS SOCIALES DE CASTILLA Y LEÓN;;ADMINISTRACIÓN AUTONÓMICA;;;INFANCIA (Y JUVENTUD);Vivienda;UNIDAD PARA LA SOCIALIZACIÓN;OTROS: 22;41.6322628597432;-4.7199892477056;...;41.6322628597432, -4.7199892477056
CENTRO OCUPACIONAL ARTE LIBRO;2020-10-14;CALLE FIDEL RECIO 5;47;47186;VALLADOLID;VALLADOLID;47002;VALLADOLID - CAMPILLO;983 303097;;470457;"ASOCIACION PRODEFICIENTES ""ARTE LIBRO""";;ASOCIACIÓN;;;PERSONAS CON DISCAPACIDAD;Centro de día;Personas con discapacidad por trastorno del desarrollo intelectual;OTROS: 12;41.6497609;-4.7196903;BUENAVENTURA PRISCO GARCIA;41.6497609, -4.7196903
VIVIENDA HOGAR NUEVO FUTURO;2021-09-30;CALLE MIRLO 59- 1º B-C;47;47186;VALLADOLID;VALLADOLID;47012;VALLADOLID - PAJARILLOS ALTOS;983 306581;;471248;ASOCIACION HOGARES NIÑOS NUEVO FUTURO;;ASOCIACIÓN;;;INFANCIA (Y JUVENTUD);Centros de Menores Infractores;Centros de intervención educativa;OTROS: 8;41.6492457;-4.7021728;MARIA DEL CARMEN VAZQUEZ DE PRADA NAJERA;41.6492457, -4.7021728
HOGAR TUTELADO EL JUGLAR I;2007-11-06;CALLE MIRABEL 9-2º DCHA.;47;47186;VALLADOLID;VALLADOLID;47003;VALLADOLID - CENTRO;983 374018;;470254;FUNDACION ADSIS;;FUNDACIÓN;;;INFANCIA (Y JUVENTUD);Vivienda;Hogar tutelado;OTROS: 6;41.659639;-4.7292171;JOAQUIN ALVAREZ PEREZ;41.659639, -4.7292171
VIVIENDA INTRAS VALLADOLID XXVI;2025-06-14;CALLE REAL DE BURGOS Nº 2 BAJO DERECHA;47;47186;VALLADOLID;VALLADOLID;47011;VALLADOLID - BARRIO ESPAÑA - SAN PEDRO REGALADO;983 399633;;471562;FUNDACION INTRAS;;FUNDACIÓN;gmv@intras.es;;PERSONAS CON DISCAPACIDAD;Vivienda;Personas con discapacidad por enfermedad mental;OTROS: 3;;;GUSTAVO MARTÍN VILLAREJO;
VIVIENDA INTRAS VALLADOLID XXVII;2023-10-30;AVENIDA GIJON Nº 14 5º D;47;47186;VALLADOLID;VALLADOLID;47009;VALLADOLID - HUERTA DEL REY - GIRÓN;983 399633;;471563;FUNDACION INTRAS;;FUNDACIÓN;gmv@intras.es;;PERSONAS CON DISCAPACIDAD;Vivienda;Personas con discapacidad por enfermedad mental;OTROS: 3;41.6609199;-4.7366199;GUSTAVO MARTÍN VILLAREJO;41.6609199, -4.7366199
VIVIENDA INTRAS VALLADOLID XXIX;2023-10-30;CALLE MANUEL AZAÑA Nº 29 1º D;47;47186;VALLADOLID;VALLADOLID;47014;VALLADOLID - PARQUESOL;983 399633;;471548;FUNDACION INTRAS;;FUNDACIÓN;gmv@intras.es;;PERSONAS CON DISCAPACIDAD;Vivienda;Personas con discapacidad por enfermedad mental;OTROS: 2;41.6363744;-4.7638562;GUSTAVO MARTÍN VILLAREJO;41.6363744, -4.7638562
VIVIENDA INTRAS VALLADOLID XXX;2023-10-30;CALLE VEGA Nº 7 2º B;47;47186;VALLADOLID;VALLADOLID;47004;VALLADOLID - CAMPILLO;983 399633;;471559;FUNDACION INTRAS;;FUNDACIÓN;gmv@intras.es;;PERSONAS CON DISCAPACIDAD;Vivienda;Personas con discapacidad por enfermedad mental;OTROS: 1;41.6483807;-4.723635499999999;GUSTAVO MARTÍN VILLAREJO;41.6483807, -4.723635499999999
VIVIENDA INTRAS VALLADOLID XXXI;2025-11-14;CALLE VEGA Nº 7 2º A;47;47186;VALLADOLID;VALLADOLID;47004;VALLADOLID - CAMPILLO;983 399633;;471560;FUNDACION INTRAS;;FUNDACIÓN;gmv@intras.es;;PERSONAS CON DISCAPACIDAD;Vivienda;Personas con discapacidad por enfermedad mental;OTROS: 1;41.6483807;-4.723635499999999;GUSTAVO MARTÍN VILLAREJO;41.6483807, -4.723635499999999
VIVIENDA INTRAS VALLADOLID XLIV;2025-10-14;CALLE JUAN DE HERRERA Nº 2 BAJO IZDA.;47;47186;VALLADOLID;VALLADOLID;47006;VALLADOLID - SUR - LA RUBIA;983 399633;;471581;FUNDACION INTRAS;;FUNDACIÓN;rcs@intras.es;;PERSONAS CON DISCAPACIDAD;Vivienda;Personas con discapacidad por enfermedad mental;OTROS: 2;41.6317952;-4.7417411;PABLO GÓMEZ CONEJO;41.6317952, -4.7417411
VIVIENDA INTRAS INDUSTRIAS 28;2025-02-18;CALLE INDUSTRIAS 28 3;47;47186;VALLADOLID;VALLADOLID;47005;VALLADOLID - VADILLOS;983 399633;983 648563639;471924;FUNDACION INTRAS;;FUNDACIÓN;vrm@intras.es;;PERSONAS CON DISCAPACIDAD;Vivienda;Personas con discapacidad por enfermedad mental;DISCAPACIDAD ENFERMEDAD MENTAL: 3;41.6481435;-4.7143245;PABLO GOMEZ CORNEJO;41.6481435, -4.7143245
VIVIENDA INTRAS VALLADOLID LVI;2023-10-30;CALLE ARCA REAL Nº 15 1º A;47;47186;VALLADOLID;VALLADOLID;47013;VALLADOLID - DELICIAS - CANTERAC;983 399633;;471623;FUNDACION INTRAS;;FUNDACIÓN;gmv@intras.es;;PERSONAS CON DISCAPACIDAD;Vivienda;Personas con discapacidad por enfermedad mental;OTROS: 2;41.6390931;-4.7226096;GUSTAVO MARTÍN VILLAREJO;41.6390931, -4.7226096
VIVIENDA INTRAS VALLADOLID V;2025-06-14;CALLE PORVENIR Nº 15 2º L;47;47186;VALLADOLID;VALLADOLID;47005;VALLADOLID - VADILLOS;983 399633;;471403;FUNDACION INTRAS;;FUNDACIÓN;gmv@intras.es;;PERSONAS CON DISCAPACIDAD;Vivienda;Personas con discapacidad por enfermedad mental;OTROS: 3;41.6491751;-4.712691500000001;GUSTAVO MARTÍN VILLAREJO;41.6491751, -4.712691500000001
VIVIENDA INTRAS VALLADOLID IX;2025-04-14;CALLE COVADONGA Nº 14-4º B;47;47186;VALLADOLID;VALLADOLID;47005;VALLADOLID - HOSPITAL;983 399633;;471445;FUNDACION INTRAS;;FUNDACIÓN;gmv@intras.es;;PERSONAS CON DISCAPACIDAD;Vivienda;Personas con discapacidad por enfermedad mental;OTROS: 3;41.6553742;-4.712998;GUSTAVO MARTÍN VILLAREJO;41.6553742, -4.712998
VIVIENDA INTRAS VALLADOLID XII;2023-10-30;CALLE MANUEL AZAÑA Nº 31 4º D;47;47186;VALLADOLID;VALLADOLID;47014;VALLADOLID - PARQUESOL;983 399633;;471456;FUNDACION INTRAS;;FUNDACIÓN;gmv@intras.es;;PERSONAS CON DISCAPACIDAD;Vivienda;Personas con discapacidad por enfermedad mental;OTROS: 2;;;GUSTAVO MARTÍN VILLAREJO;
VIVIENDA INTRAS VALLADOLID LX;2023-11-15;CALLE MORENA Nº 25 1º A;47;47186;VALLADOLID;VALLADOLID;47009;VALLADOLID - HUERTA DEL REY - GIRÓN;983 399633;;471750;FUNDACION INTRAS;;FUNDACIÓN;gmv@intras.es;;PERSONAS CON DISCAPACIDAD;Vivienda;Personas con discapacidad por enfermedad mental;OTROS: 1;41.65971709999999;-4.7434466;GUSTAVO MARTÍN VILLAREJO;41.65971709999999, -4.7434466
VIVIENDA INTRAS VALLADOLID LXII;2023-10-30;PLAZA SAN JUAN Nº 3 1º A;47;47186;VALLADOLID;VALLADOLID;47016;VALLADOLID - PAJARILLOS ALTOS;983 399633;;471751;FUNDACION INTRAS;;FUNDACIÓN;gmv@intras.es;;PERSONAS CON DISCAPACIDAD;Vivienda;Personas con discapacidad por enfermedad mental;OTROS: 2;41.6514626;-4.7177787;GUSTAVO MARTÍN VILLAREJO;41.6514626, -4.7177787
VIVIENDA INTRAS VALLADOLID AVDA PALENCIA;2025-02-18;AVENIDA PALENCIA 43 BAJO IZQUIERDA;47;47186;VALLADOLID;VALLADOLID;47010;VALLADOLID - HOSPITAL;983 399633;;471962;FUNDACION INTRAS;;FUNDACIÓN;vrm@intras.es;;PERSONAS CON DISCAPACIDAD;Vivienda;Personas con discapacidad por enfermedad mental;DISCAPACIDAD ENFERMEDAD MENTAL: 1;;;PABLO GOMEZ CORNEJO;
UNIDAD DE ESTANCIAS DIURNAS ZONA SUR;2023-03-03;CALLE VELAZQUEZ S/N.;47;47186;VALLADOLID;VALLADOLID;47007;VALLADOLID - SUR - LA RUBIA;985 426105;985 426300;470839;AYUNTAMIENTO DE VALLADOLID;SERVEO SOCIAL S.L.U.;ADMINISTRACIÓN LOCAL;;;PERSONAS MAYORES;Centro de día;Estancias diurnas;ASISTIDOS: 22;41.6312697;-4.7392673;ANA GABILONDO SANTANDER;41.6312697, -4.7392673
CENTRO DE PERSONAS MAYORES DELICIAS;2022-11-07;CARRETERA CIRCUNVALACION Nº 28;47;47186;VALLADOLID;VALLADOLID;47013;VALLADOLID - DELICIAS - CANTERAC;;;470309;AYUNTAMIENTO DE VALLADOLID;;ADMINISTRACIÓN LOCAL;;;PERSONAS MAYORES;Centro de día;Hogar (Unidad de atención social);;41.6166953;-4.7199927;;41.6166953, -4.7199927
CENTRO DE PERSONAS MAYORES ZONA SUR;2023-03-03;CALLE VELAZQUEZ S/N;47;47186;VALLADOLID;VALLADOLID;47007;VALLADOLID - SUR - LA RUBIA;983 426100;983 426300;470838;AYUNTAMIENTO DE VALLADOLID;;ADMINISTRACIÓN LOCAL;;;PERSONAS MAYORES;Centro de día;Hogar (Unidad de atención social);;41.6312697;-4.7392673;ANA GABILONDO SANTANDER;41.6312697, -4.7392673
"CENTRO DE PERSONAS MAYORES ""RIO ESGUEVA"" (ATENCION SOCIAL)";2021-09-30;PLAZA ENCUENTRO DE LOS PUEBLOS S/N;47;47186;VALLADOLID;VALLADOLID;47011;VALLADOLID - BELÉN - PILARICA;983 214020;;471400;AYUNTAMIENTO DE VALLADOLID;;ADMINISTRACIÓN LOCAL;;;PERSONAS MAYORES;Centro de día;Hogar (Unidad de atención social);;41.6516224;-4.708735;Mª DOLORES MARTIN RODRIGUEZ;41.6516224, -4.708735
CASA ACOGIDA NUEVA ESPERANZA;2022-08-30;S/C;47;47186;VALLADOLID;VALLADOLID;47000;ZDESCONOCIDO;;;471485;CARITAS DIOCESANA DE VALLADOLID;;INSTITUCIONES, ÓRDENES, CONGREGACIONES RELIGIOSAS Y SIMILARES;;;MUJER;Vivienda;Casa de acogida mujeres maltratadas;OTROS: 10;;;;
RESIDENCIA BALLESOL - LA VICTORIA;2025-06-13;AVENIDA GIJON 28;47;47186;VALLADOLID;VALLADOLID;47009;VALLADOLID - LA VICTORIA;983 361583;;470787;INTERCENTROS BALLESOL, S. A.;;SOCIEDADES;direccion.valladolid@ballesol.es;;PERSONAS MAYORES;Residencia;Para asistidos;DEPENDIENTES: 164;41.66137673855776;-4.740204928773377;SIRA DURÁN NAVARRO;41.66137673855776, -4.740204928773377
CENTRO EL CARMEN;2007-11-06;CALLE COSTA DE LA LUZ 2, 4, 6;47;47186;VALLADOLID;VALLADOLID;47010;VALLADOLID - BARRIO ESPAÑA - SAN PEDRO REGALADO;983 268751;;470527;HIJAS CARIDAD S. VICENTE PAUL (PROV.S.SEBASTIAN);;INSTITUCIONES, ÓRDENES, CONGREGACIONES RELIGIOSAS Y SIMILARES;;;INFANCIA (Y JUVENTUD);Residencia;RESIDENCIA DE ACOGIDA;OTROS: 24;41.6714941;-4.711627;MARIA DOLORES PERFECTO BARCOS;41.6714941, -4.711627
CENTRO DE DIA ASOCIACION CASA DE BENEFICENCIA DE VALLADOLID;2021-09-30;CAMINO CEMENTERIO 6;47;47186;VALLADOLID;VALLADOLID;47011;VALLADOLID - BARRIO ESPAÑA - SAN PEDRO REGALADO;983 251404;983 253215;471178;ASOCIACIÓN CASA DE BENEFICENCIA DE VALLADOLID;;ASOCIACIÓN;casa_de_beneficencia@beneficencia.net;;PERSONAS MAYORES;Centro de día;Estancias diurnas;ASISTIDOS: 20;41.6620561;-4.7100213;IGNACIO SERRANO GARCIA;41.6620561, -4.7100213
"RESIDENCIA DEL SAGRADO CORAZON ""LAS ANGELICAS""";2025-08-22;CALLE CERRADA 9-11;47;47186;VALLADOLID;VALLADOLID;47010;VALLADOLID - RONDILLA- SANTA CLARA;983 259150;;470474;HERMANAS DEL SAGRADO CORAZON Y SANTOS ANGELES;;INSTITUCIONES, ÓRDENES, CONGREGACIONES RELIGIOSAS Y SIMILARES;admin.general@angelicas.es;;PERSONAS MAYORES;Residencia;Para asistidos;ASISTIDOS: 191;41.66006918380702;-4.720623657367827;LUCÍA RODRÍGUEZ MINAYO;41.66006918380702, -4.720623657367827
RESIDENCIA NUESTRA SEÑORA DEL ROSARIO;2021-03-24;CALLE INDEPENDENCIA 6- 8;47;47186;VALLADOLID;VALLADOLID;47004;VALLADOLID - CAMPILLO;983 219411;;470559;REDOGES S.L.;;SOCIEDADES;administracion@nsdrosario.com;;PERSONAS MAYORES;Residencia;Para asistidos;ASISTIDOS: 48;41.6451944;-4.7252333;Mª TERESA BARRERO CANTALAPIEDRA;41.6451944, -4.7252333
RESIDENCIA SAN JUAN DE DIOS II;2025-04-14;AVENIDA MADRID Nº 68;47;47186;VALLADOLID;VALLADOLID;47008;VALLADOLID - DELICIAS - ARGALES;983 222875;;470748;CENTRO SAN JUAN DE DIOS;;INSTITUCIONES, ÓRDENES, CONGREGACIONES RELIGIOSAS Y SIMILARES;;;PERSONAS CON DISCAPACIDAD;Residencia;Personas con discapacidad por trastorno del desarrollo intelectual;OTROS: 40;;;RAÚL RUIZ LÓPEZ;
CLUB DE JUBILADOS DEL CIRCULO CATOLICO DE OBREROS;2020-10-14;CALLE CARMELO 3;47;47186;VALLADOLID;VALLADOLID;47013;VALLADOLID - DELICIAS - CANTERAC;;;470550;FUNDACIÓN CÍRCULO CATÓLICO DE BURGOS;;CAJAS DE AHORRO;;;PERSONAS MAYORES;Centro de día;Hogar (Unidad de atención social);;41.6405656;-4.7199705;;41.6405656, -4.7199705
VIVIENDA PARA LAS PERSONAS MAYORES JUAN DE JUNI;2023-07-12;CALLE JUAN DE JUNI 8- 1º, L Y M.;47;47186;VALLADOLID;VALLADOLID;47006;VALLADOLID - CAMPO GRANDE;983 370913;;470019;GRUPO NUEVO AMANECER SL;;SOCIEDADES;DEREK137@HOTMAIL.COM;;PERSONAS MAYORES;Residencia;Para asistidos;ASISTIDOS: 12;;;ÁNGEL ANTONIO MARTIL SALDAÑA;
VIVIENDA APOYADA PARA PERSONAS DISCAPACITADAS POR ENFERMEDAD MENTAL V;2025-04-14;CALLE JOAQUIN VELASCO MARTIN 88 4º B;47;47186;VALLADOLID;VALLADOLID;47009;VALLADOLID - HUERTA DEL REY - GIRÓN;983 356908;;471217;FEAFES VALLADOLID EL PUENTE;;ASOCIACIÓN;;;PERSONAS CON DISCAPACIDAD;Vivienda;Personas con discapacidad por enfermedad mental;DISCAPACIDAD ENFERMEDAD MENTAL: 4;;;PABLO MORENO ZAFRA;
VIVIENDA EL PUENTE XXX;2025-06-14;CALLE RONDILLA SANTA TERESA 10 1D;47;47186;VALLADOLID;VALLADOLID;47010;VALLADOLID - RONDILLA- SANTA CLARA;983 356908;983 622427138;471965;FEAFES VALLADOLID EL PUENTE;;ASOCIACIÓN;administracion@elpuentesaludmental.org;;PERSONAS CON DISCAPACIDAD;Vivienda;Personas con discapacidad por enfermedad mental;DISCAPACIDAD ENFERMEDAD MENTAL: 3;41.6586233;-4.7236166;RAQUEL BARBERO DE PABLOS;41.6586233, -4.7236166
VIVIENDA APOYADA PARA PERSONAS DISCAPACITADAS POR ENFERMEDAD MENTAL X;2025-08-28;CALLE JOAQUIN VELASCO MARTIN Nº 98 BAJO A;47;47186;VALLADOLID;VALLADOLID;47014;VALLADOLID - HUERTA DEL REY - PUENTE COLGANTE;983 356908;;471396;FEAFES VALLADOLID EL PUENTE;;ASOCIACIÓN;aso.puente@asociacionelpuente.org;;PERSONAS CON DISCAPACIDAD;Vivienda;Personas con discapacidad por enfermedad mental;OTROS: 4;41.6456499;-4.7411335;PABLO MORENO ZAFRA;41.6456499, -4.7411335
CENTRO DE DIA VALLE OLID;2021-09-30;CALLE PANADEROS Nº 40;47;47186;VALLADOLID;VALLADOLID;47004;VALLADOLID - CAMPILLO;983 849840;;471398;SHS OLID HOGAR SLNE;;SOCIEDADES;centrodedia@olidservicios.es;;PERSONAS MAYORES;Centro de día;Estancias diurnas;ASISTIDOS: 15;41.6457298;-4.722639900000001;BEATRIZ RODRIGUEZ GONZALEZ;41.6457298, -4.722639900000001
PISO TUTELADO OBREGON;2025-06-14;PASEO OBREGON 10-BAJO A, Nº 12- BAJO B;47;47186;VALLADOLID;VALLADOLID;47009;VALLADOLID - LA VICTORIA;983 475605;;470420;FUNDACIÓN PERSONAS;;FUNDACIÓN;josemanuel.rodriguez@fundacionpersonas.es;;PERSONAS CON DISCAPACIDAD;Vivienda;Personas con disc. física, sensorial, por trastorno del desarrollo intelectual y/o por enfer. mental;OTROS: 8;41.6697713;-4.7301564;JOSE MANUEL RODRIGUEZ MAYORAL;41.6697713, -4.7301564
CENTRO OCUPACIONAL LINCE TALLERES;2026-02-14;CALLE PILAR MIRÓ, Nº 1 PARC 15 (POLÍGONO DE ARGALES);47;47186;VALLADOLID;VALLADOLID;47008;VALLADOLID - DELICIAS - ARGALES;983 225159;;470418;FUNDACIÓN PERSONAS;;FUNDACIÓN;pablo.tamames@fundacionpersonas.es;;PERSONAS CON DISCAPACIDAD;Centro de día;Personas con discapacidad por trastorno del desarrollo intelectual;OTROS: 180;41.6278252;-4.7340183;JOSE PABLO TAMAMES REDONDO;41.6278252, -4.7340183
CENTRO DE DIA PARA ADULTOS AUTISTAS ALFAHAR;2023-12-15;CALLE IGNACIO SERRANO 19;47;47186;VALLADOLID;VALLADOLID;47008;VALLADOLID - SUR - LA RUBIA;983 247139;983 276900;470413;ASOCIACIÓN DE PADRES Y FAMILIARES DE PERSONAS CON AUTISMO DE VALLADOLID Y SU PROVINCIA;;ASOCIACIÓN;;;PERSONAS CON DISCAPACIDAD;Centro de día;Personas con discapacidad por trastorno del espectro del autismo;OTROS: 50;41.609292;-4.755285799999999;MARÍA PAZ PÉREZ BENITO;41.609292, -4.755285799999999
CENTRO RESIDENCIAL BOUCO VALLADOLID;2024-11-06;CALLE LONDRES 1;47;47186;VALLADOLID;VALLADOLID;47008;VALLADOLID - SUR - LA RUBIA;983 456234;;470765;SANYRES SUR, S.L.;;SOCIEDADES;direccion.valladolid@orpea.net;;PERSONAS MAYORES;Residencia;Para asistidos;ASISTIDOS: 261;41.6157441;-4.767621500000001;VÍCTOR NIETO MARCOS;41.6157441, -4.767621500000001
CENTRO DE DÍA BOUCO VALLADOLID;2024-11-06;CALLE LONDRES 1;47;47186;VALLADOLID;VALLADOLID;47008;VALLADOLID - SUR - LA RUBIA;983 456234;;470849;SANYRES SUR, S.L.;;SOCIEDADES;direccion.valladolid@orpea.net;;PERSONAS MAYORES;Centro de día;Estancias diurnas;ASISTIDOS: 25;41.6157441;-4.767621500000001;VÍCTOR NIETO MARCOS;41.6157441, -4.767621500000001
CENTRO DE DIA A EFECTOS DE TRASLADOS;2021-09-30;CALLE MIESES 26 8 ª PLANTA;47;47186;VALLADOLID;VALLADOLID;47009;VALLADOLID - CENTRO;;;479998;ENTIDAD ADMINISTRATIVA A EFECTOS DE TRASLADOS;;ADMINISTRACIÓN AUTONÓMICA;;;PERSONAS MAYORES;Centro de día;Estancias diurnas;ASISTIDOS: 1;41.6579734;-4.74104;XXX;41.6579734, -4.74104
GERIASOL CENTRO DE DIA;2025-09-29;PASEO ZORRILLA 109;47;47186;VALLADOLID;VALLADOLID;47008;VALLADOLID - CAMPO GRANDE;983 113358;;470763;CENTRO DE DÍA TE CUIDAMOS SDAD. COOP.;;SOCIEDADES;info@geriasol.es;;PERSONAS MAYORES;Centro de día;Estancias diurnas;ASISTIDOS: 24;41.629095742564694;-4.74203631070222;LOURDES FERNANDEZ PISONERO;41.629095742564694, -4.74203631070222
HOGAR LOPEZ GOMEZ II;2024-05-10;CALLE LOPEZ GOMEZ 22- PRINCIPAL DERECHA;47;47186;VALLADOLID;VALLADOLID;47002;VALLADOLID - CAMPILLO;983 309693;;470480;GRUPO RESIDENCIAL NUEVO AMANECER II SL;;SOCIEDADES;hogarlopezgomez@gmail.es;;PERSONAS MAYORES;Residencia;Mixta para válidos y asistidos;ASISTIDOS: 6, VÁLIDOS: 6;;;ROBERTO POZO MANTECÓN;
AREA RESIDENCIAL DEL CENTRO HOSPITALARIO BENITO MENNI;2025-12-18;PASEO JUAN CARLOS I 10;47;47186;VALLADOLID;VALLADOLID;47008;VALLADOLID - DELICIAS - CANTERAC;983 272600;;470411;FUNDACIÓN HOSPITALARIAS;;FUNDACIÓN;chbm.valladolid@hospitalarias.es;;PERSONAS MAYORES;Residencia;Para asistidos;ASISTIDOS: 144;41.62889856106906;-4.723196393887671;ÁNGEL MIGUEL GONZÁLEZ VICENTE;41.62889856106906, -4.723196393887671
ESTANCIAS DIURNAS DEL AREA BENITO MENNI;2025-12-18;PASEO JUAN CARLOS I 10;47;47186;VALLADOLID;VALLADOLID;47013;VALLADOLID - DELICIAS - CANTERAC;983 276000;;470510;FUNDACIÓN HOSPITALARIAS;;FUNDACIÓN;;;PERSONAS MAYORES;Centro de día;Estancias diurnas;ASISTIDOS: 25;41.62889856106906;-4.723196393887671;ÁNGEL MIGUEL GONZÁLEZ VICENTE;41.62889856106906, -4.723196393887671
VIDA SALUD MENTAL;2024-01-26;CALLE TORREON Nº 1;47;47186;VALLADOLID;VALLADOLID;47153;VALLADOLID - SUR - LA RUBIA;609 005440;;471845;VIDA SALUD MENTAL, S.L.;;SOCIEDADES;centrosaludmentalvida@gmail.com;;PERSONAS CON DISCAPACIDAD;Residencia;Personas con discapacidad por enfermedad mental;OTROS: 28;41.5858152;-4.7528594;SILVIA SÁEZ BELLOSO;41.5858152, -4.7528594
RESIDENCIA DE PERSONAS MAYORES FERRARI;2026-02-19;CALLE FERRARI 7-4º B-Y C;47;47186;VALLADOLID;VALLADOLID;47001;VALLADOLID - CENTRO;983 343675;;470599;RESIDENCIA FERRARI 2024 SL;;PERSONA FÍSICA-EMPRESA INDIVIDUAL;;;PERSONAS MAYORES;Residencia;Para asistidos;ASISTIDOS: 12;;;ROBERTO POZO MANTECÓN;
VIVIENDA TUTELADA VIANA I;2022-04-06;CARRETERA PUENTE DUERO 55;47;47193;VALLADOLID;VIANA DE CEGA;47150;CERCANÍAS 2;983 554176;;470424;FUNDACIÓN PERSONAS;;FUNDACIÓN;;;PERSONAS CON DISCAPACIDAD;Vivienda;Personas con disc. física, sensorial, por trastorno del desarrollo intelectual y/o por enfer. mental;OTROS: 5;41.528929;-4.7562827;MARIA BLANCA ALVAREZ FERNANDEZ;41.528929, -4.7562827
VIVIENDA TUTELADA VIANA II;2022-02-09;CARRETERA PUENTE DUERO 53;47;47193;VALLADOLID;VIANA DE CEGA;47155;CERCANÍAS 2;983 554176;;470938;FUNDACIÓN PERSONAS;;FUNDACIÓN;;;PERSONAS CON DISCAPACIDAD;Vivienda;Personas con disc. física, sensorial, por trastorno del desarrollo intelectual y/o por enfer. mental;OTROS: 5;41.5307614;-4.7572249;MARÍA BLANCA ÁLVAREZ FERNÁNDEZ;41.5307614, -4.7572249
CENTRO DE DIA VIANA;2026-02-14;CARRETERA LAS MARICAS 53;47;47193;VALLADOLID;VIANA DE CEGA;47150;LAGUNA DE DUERO;983 225125;;471229;FUNDACIÓN PERSONAS;;FUNDACIÓN;;;PERSONAS CON DISCAPACIDAD;Centro de día;Personas con discapacidad por trastorno del desarrollo intelectual;OTROS: 80;41.5262817;-4.748209;MARIA BLANCA ALVAREZ FERNANDEZ;41.5262817, -4.748209
RESIDENCIA DE PERSONAS MAYORES SANTA CRUZ;2025-09-16;PLAZA REINA 2;47;47210;VALLADOLID;VILLALAR DE LOS COMUNEROS;47111;TORDESILLAS;983 788932;983 648291630;470967;AYUNTAMIENTO DE VILLALAR DE LOS COMUNEROS;ASFA21 VILLALAR, U.T.E.;ADMINISTRACIÓN LOCAL;elaso@asfa21valladolid.com;www.asfa21valladolid.com;PERSONAS MAYORES;Residencia;Para asistidos;ASISTIDOS: 61;41.5514639;-5.1392419;EVA LASO SAEZ;41.5514639, -5.1392419
CENTRO ASISTENCIAL SAN ROQUE;2025-10-01;CALLE ANA MARIA JANER 1;47;47214;VALLADOLID;VILLALON DE CAMPOS;47600;TIERRA DE CAMPOS - NORTE;983 740174;;470148;FUNDACION BENEFICO-SOCIAL SAN ROQUE;;FUNDACIÓN;casanroque@yahoo.es;;PERSONAS MAYORES;Residencia;Para asistidos;ASISTIDOS: 93;;;NURIA GONZALEZ TRAPOTE;
CENTRO OCUPACIONAL PARA PERSONAS CON DISCAPACIDAD PSIQUICA;2023-10-31;CALLE SAN JUAN S/N;47;47214;VALLADOLID;VILLALON DE CAMPOS;47600;TIERRA DE CAMPOS - NORTE;983 740011;983 741061;470631;AYUNTAMIENTO DE VILLALON DE CAMPOS;;ADMINISTRACIÓN LOCAL;;;PERSONAS CON DISCAPACIDAD;Centro de día;Personas con discapacidad por trastorno del desarrollo intelectual;OTROS: 20;42.1007597;-5.0300894;;42.1007597, -5.0300894
RESIDENCIA DE PERSONAS MAYORES DE ALMARAZ DE DUERO;2026-02-24;CALLE CURA 18;49;49007;ZAMORA;ALMARAZ DE DUERO;49180;ZAMORA RURAL;980 554139;980 606817701;490300;AYUNTAMIENTO DE ALMARAZ DE DUERO;;ADMINISTRACIÓN LOCAL;aytoalmaraz@yahoo.es;;PERSONAS MAYORES;Residencia;Para asistidos;ASISTIDOS: 36;41.47328980797979;-5.915118667340304;CESAR YAÑEZ BLANCO;41.47328980797979, -5.915118667340304
MEJORA BENAVENTE;2025-09-01;CARRETERA MADRID KM. 261;49;49021;ZAMORA;BENAVENTE;49600;BENAVENTE;980 636676;980 609219867;490062;BENAVENTE GESTIÓN, S.L.;;SOCIEDADES;benaventgestion@telefonica.net;;PERSONAS MAYORES;Residencia;Para asistidos;ASISTIDOS: 135;;;RUTH CACHO DEL SAZ;
"UNIDAD DE ESTANCIAS DIURNAS ""CIUDAD DE BENAVENTE""";2023-11-02;CARRETERA MADRID PK 261;49;49021;ZAMORA;BENAVENTE;49600;BENAVENTE;980 636676;980 636723;490248;BENAVENTE GESTIÓN, S.L.;;SOCIEDADES;benaventgestion@telefonica.net;;PERSONAS MAYORES;Centro de día;Estancias diurnas;ASISTIDOS: 45;;;RUTH CACHO DEL SAZ;
RESIDENCIA DE PERSONAS MAYORES DE BENAVENTE;2025-08-01;CALLE MORAS (LAS) S/N;49;49021;ZAMORA;BENAVENTE;49600;BENAVENTE;980 630771;980 677842971;490216;GERENCIA DE SERVICIOS SOCIALES DE CASTILLA Y LEÓN;;ADMINISTRACIÓN AUTONÓMICA;begona.palmero@jcyl.es;;PERSONAS MAYORES;Residencia;Mixta para válidos y asistidos;ASISTIDOS: 148, VÁLIDOS: 80;;;BEGOÑA PALMERO GUERRA;
CENTRO DE DIA LA VEGA;2022-11-15;CUESTA DEL HOSPITAL Nº 15;49;49021;ZAMORA;BENAVENTE;49600;BENAVENTE;;;490171;GERENCIA DE SERVICIOS SOCIALES DE CASTILLA Y LEÓN;;ADMINISTRACIÓN AUTONÓMICA;;;PERSONAS MAYORES;Centro de día;Hogar (Unidad de atención social);;42.0040197;-5.6764059;;42.0040197, -5.6764059
VIVIENDA LXXXIV PARA DISCAPACITADOS PSIQUICOS CON ENFERMEDAD MENTAL GRAVE Y PROLONGADA;2025-06-14;AVENIDA LUIS MORAN  Nº63 7º J;49;49021;ZAMORA;BENAVENTE;49600;BENAVENTE;980 638487;;491040;FUNDACION INTRAS;;FUNDACIÓN;intras@intras.es;www.intras.es;PERSONAS CON DISCAPACIDAD;Vivienda;Personas con discapacidad por enfermedad mental;OTROS: 2;;;SORAYA ALONSO GONZALEZ;
VIVIENDA INTRAS BENAVENTE CALLE SANTA CRUZ 31;2024-07-15;CALLE SANTA CRUZ 31;49;49021;ZAMORA;BENAVENTE;49600;BENAVENTE;606 833589;;491167;FUNDACION INTRAS;;FUNDACIÓN;SAG@INTRAS.ES;;PERSONAS CON DISCAPACIDAD;Vivienda;Personas con discapacidad por enfermedad mental;DISCAPACIDAD ENFERMEDAD MENTAL: 1;42.0032911;-5.6742859;SORAYA ALONSO GONZALEZ;42.0032911, -5.6742859
VIVIENDA INTRAS AVENIDA EL FERIAL 55, 1B;2023-11-02;AVENIDA EL FERIAL 55 1B;49;49021;ZAMORA;BENAVENTE;49600;ZDESCONOCIDO;980 638487;;491144;FUNDACION INTRAS;;FUNDACIÓN;SAG@INTRAS.ES;;PERSONAS CON DISCAPACIDAD;Vivienda;Personas con discapacidad por enfermedad mental;OTROS: 1;41.9997221;-5.6752965;SORAYA ALONSO GONZALEZ;41.9997221, -5.6752965
CENTRO DE DIA ALZHEIMER BENAVENTE Y COMARCA, BELLAVISTA;2025-07-14;CALLE BAÑOS DE MONTEMAYOR 10;49;49021;ZAMORA;BENAVENTE;49600;BENAVENTE;980 633285;;491011;ASOCIACION DE FAMILIARES Y AMIGOS DE ENFERMOS DE ALZHEIMER Y OTRAS DEMENCIAS DE BENAVENTE;;ASOCIACIÓN;afabenavente@hotmail.com;;PERSONAS MAYORES;Centro de día;Estancias diurnas para enfermos de Alzheimer;ASISTIDOS: 64;42.0135087;-5.6709317;MARISOL DE LA CAL LOPEZ;42.0135087, -5.6709317
RESIDENCIA PERSONAS MAYORES EL JARDIN DEL CORRILLO;2024-05-10;PASAJE SAN NICOLAS Nº 9;49;49021;ZAMORA;BENAVENTE;49600;BENAVENTE;980 637283;980 637773265;490120;EL JARDIN DEL CORRILLO S.L.;;SOCIEDADES;jardincorrillo@telefonica.net;www.geriacyl.es;PERSONAS MAYORES;Residencia;Para asistidos;DEPENDIENTES: 36;42.002363;-5.6772448;MARIA DEL ROCIO FERRERO ALAIZ;42.002363, -5.6772448
CENTRO OCUPACIONAL VIRGEN DE LA VEGA;2023-11-15;CAMINO DE LOS SALADOS S/N;49;49021;ZAMORA;BENAVENTE;49600;BENAVENTE;980 632663;;490226;ASOCIACIÓN PROTECTORA DE PERSONAS CON DISCAPACIDAD INTELECTUAL VIRGEN DE LA VEGA (ASPROSUB VIRGEN DE LA VEGA);;ASOCIACIÓN;gerencia@asprosub.org;;PERSONAS CON DISCAPACIDAD;Centro de día;Personas con discapacidad por trastorno del desarrollo intelectual;OTROS: 145;;;FRANCISCO JOSÉ GARROTE PASCUAL;
UNIDAD DE APOYO EXTENSO VIRGEN DE LA VEGA;2025-07-14;DE LOS SALADOS S/N;49;49021;ZAMORA;BENAVENTE;49600;BENAVENTE;980 632663;980 616021540;490273;ASOCIACIÓN PROTECTORA DE PERSONAS CON DISCAPACIDAD INTELECTUAL VIRGEN DE LA VEGA (ASPROSUB VIRGEN DE LA VEGA);;ASOCIACIÓN;gerencia@asprosub.org;;PERSONAS CON DISCAPACIDAD;Residencia;Personas con discapacidad por trastorno del desarrollo intelectual;OTROS: 26;41.9912905;-5.6677346;FRANCISCO JOSE GARROTE PASCUAL;41.9912905, -5.6677346
VIVIENDA APOYADA V;2025-07-14;AVENIDA LUIS MORAN 76BAJO B;49;49021;ZAMORA;BENAVENTE;49600;BENAVENTE;980 632663;980 616021540;490340;ASOCIACIÓN PROTECTORA DE PERSONAS CON DISCAPACIDAD INTELECTUAL VIRGEN DE LA VEGA (ASPROSUB VIRGEN DE LA VEGA);;ASOCIACIÓN;asprosub@hotmail.com;;PERSONAS CON DISCAPACIDAD;Vivienda;Personas con discapacidad por trastorno del desarrollo intelectual leve o moderado;OTROS: 4;;;FRANCISCO JOSE GARROTE PASCUAL;
VIVIENDA TUTELADA- Nº 6;2025-07-14;DE LOS SALADOS, S/Nº;49;49021;ZAMORA;BENAVENTE;49600;BENAVENTE;980 632663;980 616021540;490543;ASOCIACIÓN PROTECTORA DE PERSONAS CON DISCAPACIDAD INTELECTUAL VIRGEN DE LA VEGA (ASPROSUB VIRGEN DE LA VEGA);;ASOCIACIÓN;gerencia@asprosub.org;;PERSONAS CON DISCAPACIDAD;Vivienda;Personas con disc. física, sensorial, por trastorno del desarrollo intelectual y/o por enfer. mental;OTROS: 8;;;FRANCISCO JOSE GARROTE PASCUAL;
CENTRO DE DIA DE GRAVEMENTE AFECTADOSVIRGEN DE LA VEGA;2023-11-15;CAMINO DE LOS SALADOS S/N;49;49021;ZAMORA;BENAVENTE;49600;BENAVENTE;980 632663;;490412;ASOCIACIÓN PROTECTORA DE PERSONAS CON DISCAPACIDAD INTELECTUAL VIRGEN DE LA VEGA (ASPROSUB VIRGEN DE LA VEGA);;ASOCIACIÓN;asprosub@hotmail.com;;PERSONAS CON DISCAPACIDAD;Centro de día;Personas con discapacidad por trastorno del desarrollo intelectual;OTROS: 33;;;FRANCISCO JOSÉ GARROTE PASCUAL;
"RESIDENCIA DE PERSONAS MAYORES ""VIRGEN DE LOS ARBOLES""";2023-05-04;CALLE ORO 68;49;49036;ZAMORA;CARBAJALES DE ALBA;49160;ALISTE;980 585275;980 585275;490256;AYUNTAMIENTO DE CARBAJALES DE ALBA;CARITAS DIOCESANA DE ZAMORA;ADMINISTRACIÓN LOCAL;virgendearboles@caritaszamora.org;;PERSONAS MAYORES;Residencia;Para asistidos;ASISTIDOS: 51;41.6510573;-5.9928022;MARÍA DOLORES ONCALADA GATO;41.6510573, -5.9928022
RESIDENCIAL EL MOLINO;2021-03-04;CALLE ESTACION 35;49;49053;ZAMORA;CORESES;49530;ZAMORA RURAL;980 500029;;490095;RESIDENCIAL EL MOLINO C.B.;;SOCIEDADES;maalvasanchez@gmail.com;;PERSONAS MAYORES;Residencia;Para asistidos;ASISTIDOS: 90;41.546854;-5.6198997;MIGUEL ANGEL ÁLVAREZ SANCHEZ;41.546854, -5.6198997
"RESIDENCIA PARA PERSONAS MAYORES ""SAN RAIMUNDO""";2023-05-04;CAMINO SAN BENITO S/Nº;49;49053;ZAMORA;CORESES;49530;ZAMORA RURAL;980 500204;;490416;RESIDENCIA SAN RAIMUNDO, S.L;;SOCIEDADES;residenciasanraimundo@hotmail.com;;PERSONAS MAYORES;Residencia;Para asistidos;ASISTIDOS: 76;41.5496825;-5.6166189;FRANCISCO SAN RAIMUNDO MORIN;41.5496825, -5.6166189
"RESIDENCIA PARA PERSONAS MAYORES ""CONCHITA REGOJO""";2026-02-27;CALLE ALTO SANTA COLOMBA 290;49;49065;ZAMORA;FERMOSELLE;49220;SAYAGO;980 613166;980 980613166;490177;RESIDENCIAS ASISTENCIALES EL NIÑO JESUS S.L.;;SOCIEDADES;conchitaregojo@caritaszamora.org;;PERSONAS MAYORES;Residencia;Para asistidos;ASISTIDOS: 80;41.31586537959593;-6.3868253138590445;CRISTINA MARTINEZ RAMOS;41.31586537959593, -6.3868253138590445
RESIDENCIA DE PERSONAS MAYORES MARCELINA DEL VALLE;2026-02-03;CALLE MARCELINO DEL VALLE 12;49;49081;ZAMORA;FUENTESAUCO;49400;FUENTESAÚCO;980 600258;;490138;FUNDACIÓN CATALINA LABOURÉ;;FUNDACIÓN;rmdelvalle@hotmail.es;;PERSONAS MAYORES;Residencia;Para asistidos;ASISTIDOS: 39;41.234762407160055;-5.497029510346477;MARIA DEL MENSEGAL BENITO CAÑEDO;41.234762407160055, -5.497029510346477
VIVIENDA LVI PARA DISCAPACITADOS PSÍQUICOS CON ENFERMEDAD MENTAL GRAVE Y PROLONGADA;2022-11-07;CARRETERA ILANES Nº 15 BAJO A;49;49085;ZAMORA;PUENTE DE SANABRIA (EL);49350;SANABRIA;980 528997;980 557104;490929;FUNDACION INTRAS;;FUNDACIÓN;intras@intras.es;www.intras.es;PERSONAS CON DISCAPACIDAD;Vivienda;Personas con discapacidad por enfermedad mental;OTROS: 1;42.0835149;-6.643666899999999;PABLO SANCHEZ PEREZ;42.0835149, -6.643666899999999
VIVIENDA TUTELADA 8 FUNDACION PERSONAS SANABRIA;2025-05-14;CARRETERA ILANES Nº 15;49;49085;ZAMORA;PUENTE DE SANABRIA (EL);49350;SANABRIA;980 570132;980 570207;491033;FUNDACIÓN PERSONAS;;FUNDACIÓN;zamora@fundacionpersonas.es;;PERSONAS CON DISCAPACIDAD;Vivienda;Personas con disc. física, sensorial, por trastorno del desarrollo intelectual y/o por enfer. mental;OTROS: 4;42.0836392;-6.6439568;MONTSERRAT SASTRE RIONEGRO;42.0836392, -6.6439568
VIVIENDA TUTELADA NUMERO 10 FUNDACION PERSONAS SANABRIA;2025-06-14;CARRETERA ILANES 15;49;49085;ZAMORA;PUENTE DE SANABRIA (EL);49350;SANABRIA;638 446573;;491197;FUNDACIÓN PERSONAS;;FUNDACIÓN;paqui.perez@fundacionpersonas.es;;PERSONAS CON DISCAPACIDAD;Vivienda;Personas con discapacidad por trastorno del desarrollo intelectual leve o moderado;DISCAPACIDAD INTELECTUAL: 6;42.0836392;-6.6439568;ISIDRO DEZA DIEZ;42.0836392, -6.6439568
RESIDENCIA DE MAYORES VIRGEN DEL ROSARIO;2022-11-07;CARRETERA ILANES S/N;49;49085;ZAMORA;PUENTE DE SANABRIA (EL);49360;SANABRIA;980 623028;980 623039;490716;AYUNTAMIENTO DE GALENDE;"EMPRESA DE SERVICIOS CORDERO MAESTRE, S.L- MATELLANES 48, S.L- UNIÓN TEMPORAL DE EMPRESAS -""UTE RESIDENCIA EL PUENTE""";ADMINISTRACIÓN LOCAL;amara@grupomatellanes.com;;PERSONAS MAYORES;Residencia;Para asistidos;ASISTIDOS: 62;42.0842572;-6.6450655;MARIA R. MATELLANES GONZALEZ;42.0842572, -6.6450655
"CENTRO DE DÍA. UNIDAD ESTANCIAS DIURNAS ""VIRGEN DEL ROSARIO""";2021-02-01;CARRETERA ILANES S/N;49;49085;ZAMORA;PUENTE DE SANABRIA (EL);49360;SANABRIA;980 101129;980 623039;490717;AYUNTAMIENTO DE GALENDE;"EMPRESA DE SERVICIOS CORDERO MAESTRE, S.L- MATELLANES 48, S.L- UNIÓN TEMPORAL DE EMPRESAS -""UTE RESIDENCIA EL PUENTE""";ADMINISTRACIÓN LOCAL;amara@grupomatellanes.com;;PERSONAS MAYORES;Centro de día;Estancias diurnas;ASISTIDOS: 16;42.0841897;-6.644821;MARIA. R. MATELLANES GONZALEZ;42.0841897, -6.644821
"RESIDENCIA DE MAYORES ""LA PLAZA""";2022-10-03;PLAZA MAYOR 22;49;49125;ZAMORA;MORALEJA DEL VINO;49150;ZAMORA RURAL;980 571996;980 981997;490473;RESIDENCIA DE MAYORES  LA PLAZA, S.L;;SOCIEDADES;direccion@residencialaplaza.com;;PERSONAS MAYORES;Residencia;Para asistidos;ASISTIDOS: 70;41.4628626;-5.6554094;MARIA JULIA OVIDES GALLEGO;41.4628626, -5.6554094
CENTRO DE DIA LA PAZ;2022-02-10;CARRETERA ZAMORA PARC 5241, POLÍGONO 1;49;49126;ZAMORA;MORALEJA DE SAYAGO;49177;SAYAGO;980 617271;;490903;FUNDACION LA PAZ MORALEJA DE SAYAGO;;FUNDACIÓN;aytomoraleja@hotmail.com;;PERSONAS MAYORES;Centro de día;Estancias diurnas;ASISTIDOS: 35;41.16981000000001;-6.005319999999999;ANGEL VILLAMOR TURRION;41.16981000000001, -6.005319999999999
CORAL CENTRO RESIDENCIAL;2023-03-03;CALLE TARDOBISPO 4;49;49127;ZAMORA;MORALES DEL VINO;49190;ZAMORA RURAL;980 570493;;490434;INVERIDEAS CONSULTORES, S.L;;SOCIEDADES;sorayathenas@hotmail.com;;PERSONAS MAYORES;Residencia;Para asistidos;ASISTIDOS: 49;41.4459043;-5.7362179;SORAYA TARANILLA CASTAÑO;41.4459043, -5.7362179
"UNIDAD DE ESTANCIAS DIURNAS ""CENTRO CORAL""";2021-03-01;CALLE TARDOBISPO 4;49;49127;ZAMORA;MORALES DEL VINO;49190;ZAMORA RURAL;980 570493;;490435;INVERIDEAS CONSULTORES, S.L;;SOCIEDADES;sorayathenas@hotmail.com;;PERSONAS MAYORES;Centro de día;Estancias diurnas;ASISTIDOS: 11;41.4459043;-5.7362179;CARMEN BRAGADO ARIAS;41.4459043, -5.7362179
"VIVIENDA TUTELADA Nº 3 ""ASPROSUB""";2026-03-14;CALLE SOLANA 12, ESCALERA IZDA. 2º C;49;49127;ZAMORA;MORALES DEL VINO;49190;ZAMORA RURAL;980 570132;980 570207;490319;FUNDACIÓN PERSONAS;;FUNDACIÓN;zamora@fundacionpersonas.es;;PERSONAS CON DISCAPACIDAD;Vivienda;Personas con disc. física, sensorial, por trastorno del desarrollo intelectual y/o por enfer. mental;OTROS: 7;;;FRANCISCA PEREZ GARROTE;
CENTRO OCUPACIONAL- PRELABORAL CRISTO DE MORALES;2026-03-14;CARRETERA SALAMANCA S/Nº;49;49127;ZAMORA;MORALES DEL VINO;49190;ZAMORA RURAL;980 570132;;490499;FUNDACIÓN PERSONAS;;FUNDACIÓN;zamora@fundacionpersonas.es;;PERSONAS CON DISCAPACIDAD;Centro de día;Personas con discapacidad por trastorno del desarrollo intelectual;OTROS: 180;;;DIANA FALCÓN JULIÁN;
RESIDENCIA DE PERSONAS MAYORES LOS OLIVOS;2023-03-07;CALLE CAMINO TORO 20;49;49129;ZAMORA;MORALES DE TORO;49810;TORO;980 568168;;490648;RESIDENCIA HERSAN, S. L;;SOCIEDADES;residencialosolivos@residencialosolivos.es;;PERSONAS MAYORES;Residencia;Para asistidos;DEPENDIENTES: 56;41.5360001;-5.31269;BEATRIZ DOALTO IGLESIAS;41.5360001, -5.31269
UNIDAD DE ATENCION SOCIAL SAN VICENTE;2021-09-30;CALLE LANA 23;49;49136;ZAMORA;MUGA DE SAYAGO;49212;SAYAGO;675 589200;;490575;AYUNTAMIENTO DE MUGA DE SAYAGO;RESIDENCIAS ASISTENCIALES EL NIÑO JESUS S.L.;ADMINISTRACIÓN LOCAL;ancallor@gmail.com;;PERSONAS MAYORES;Centro de día;Hogar (Unidad de atención social);;41.3899018;-6.2011407;MARIA VIDALINA LLORDEN VEGA;41.3899018, -6.2011407
UNIDAD DE ESTANCIAS DIURNAS RUTA DE LA PLATA;2023-03-03;CALLE CLAUDIO RODRIGUEZ Nº 22;49;49178;ZAMORA;ROALES DEL PAN;49192;ZAMORA RURAL;980 538930;;490455;RESIDENCIA ESPECIALIZADA PARA MAYORES, S.A;;SOCIEDADES;traresmayor@hotmail.com;;PERSONAS MAYORES;Centro de día;Estancias diurnas;ASISTIDOS: 8;41.55388629999999;-5.77387;TRANSITO PARRA FERNANDEZ;41.55388629999999, -5.77387
RESIDENCIA DE PERSONAS MAYORES VIRGEN DE LA TRINIDAD;2025-09-15;CALLE TEJARES 24;49;49187;ZAMORA;SAN CRISTOBAL DE ENTREVIÑAS;49690;BENAVENTE;980 643980;980 699417816;490258;AYUNTAMIENTO DE SAN CRISTOBAL DE ENTREVIÑAS;BENAVENTE GESTIÓN, S.L.;ADMINISTRACIÓN LOCAL;gestion@mejorabenavente.com;;PERSONAS MAYORES;Residencia;Para asistidos;ASISTIDOS: 46;42.04966992209;-5.635132653303648;IRENE DIEZ BARTOLOMÉ;42.04966992209, -5.635132653303648
UNIDAD ESTANCIAS DIURNAS DIVINA MISERICORDIA;2022-11-07;CAMINO DE LAS VIÑAS, Nº 24;49;49214;ZAMORA;TABARA;49140;TÁBARA;610 213072;;490695;AYUNTAMIENTO DE TÁBARA;RESIDENCIAS ASISTENCIALES EL NIÑO JESUS S.L.;ADMINISTRACIÓN LOCAL;admin@residenciasnj.es;;PERSONAS MAYORES;Centro de día;Estancias diurnas;ASISTIDOS: 40;41.8274417;-5.9658034;NAZARET ANTON PEREZ;41.8274417, -5.9658034
CENTRO DE DIA LOS CINCO PILARES;2022-11-18;PLAZA SAN AGUSTIN 8;49;49219;ZAMORA;TORO;49800;TORO;980 690941;;490172;GERENCIA DE SERVICIOS SOCIALES DE CASTILLA Y LEÓN;;ADMINISTRACIÓN AUTONÓMICA;;;PERSONAS MAYORES;Centro de día;Hogar (Unidad de atención social);;41.5204195;-5.3909876;;41.5204195, -5.3909876
VIVIENDA FUNDACIÓN INTRAS AMOR DE DIOS 13;;CALLE AMOR DE DIOS 13;49;49219;ZAMORA;TORO;49800;TORO;980 638487;;491176;FUNDACION INTRAS;;FUNDACIÓN;vrm@intras.es;;PERSONAS CON DISCAPACIDAD;Vivienda;Personas con discapacidad por enfermedad mental;DISCAPACIDAD ENFERMEDAD MENTAL: 4;41.5229;-5.393879999999999;PABLO GOMEZ CONEJO;41.5229, -5.393879999999999
RESIDENCIA PARA PERSONAS CON ENFERMEDAD MENTAL - FUNDACION INTRAS;2022-10-18;CALLE ALBA S/Nº;49;49219;ZAMORA;TORO;49800;TORO;980 692027;;490547;FUNDACION INTRAS;;FUNDACIÓN;intras@intras.es;www.intras.es;PERSONAS CON DISCAPACIDAD;Residencia;Personas con discapacidad por enfermedad mental;OTROS: 42;41.5251063;-5.3873451;ELISABETH LUCAS CARDOSO;41.5251063, -5.3873451
"VIVIENDA XXI  ""FUNDACIÓN INTRAS";2023-11-06;CALLE POSTIGO DE NUESTRA SEÑORA 3-3º BIS;49;49219;ZAMORA;TORO;49800;TORO;980 557104;;490747;FUNDACION INTRAS;;FUNDACIÓN;intras@intras.es;www.intras.es;PERSONAS CON DISCAPACIDAD;Vivienda;Personas con discapacidad por enfermedad mental;OTROS: 6;;;ELISABETH LUCAS  CARDOSO;
VIVIENDA X FUNDACION INTRAS;2023-11-06;CALLE REINA DE LA  Nº 1 BAJO;49;49219;ZAMORA;TORO;49800;TORO;980 528997;980 557104;490651;FUNDACION INTRAS;;FUNDACIÓN;intras@intras.es;www.intras.es;PERSONAS CON DISCAPACIDAD;Vivienda;Personas con discapacidad por enfermedad mental;OTROS: 1;;;ELISABETH LUCAS  CARDOSO;
CENTRO RESIDENCIAL PALACIO DE VALPARAISO;2023-06-26;CALLE REJADORADA Nº 30;49;49219;ZAMORA;TORO;49800;TORO;980 510607;;491019;ASOCIACIÓN DE FAMILIARES Y AMIGOS DE ENFERMOS DE ALZHEIMER Y OTRAS DEMENCIAS DE ZAMORA (AFAZA);;ASOCIACIÓN;afa@alzheimerzamora.com;;PERSONAS MAYORES;Residencia;Para asistidos;ASISTIDOS: 41;41.5217341;-5.389489699999999;ELENA MARIA RAMOS DE LA IGLESIA;41.5217341, -5.389489699999999
"UNIDAD DE ESTANCIAS DIURNAS ""CIUDAD DE TORO""";2025-04-22;GLORITA PUENTE DE PIEDRA 1;49;49219;ZAMORA;TORO;49800;TORO;980 692081;980 980692081;490249;GESTORES DE RESIDENCIAS S.L.;;SOCIEDADES;r.ciudaddetoro@hotmail.com;;PERSONAS MAYORES;Centro de día;Estancias diurnas;ASISTIDOS: 15;;;MARÍA SÁNCHEZ SÁNCHEZ;
CENTRO DE DÍA PARA PERSONAS CON DISCAPACIDAD INTELECTUAL;2022-11-14;CALLE JUAN BRAVO 1;49;49219;ZAMORA;TORO;49800;TORO;980 570132;;490731;AYUNTAMIENTO DE TORO;FUNDACIÓN PERSONAS;ADMINISTRACIÓN LOCAL;;;PERSONAS CON DISCAPACIDAD;Centro de día;Personas con discapacidad por trastorno del desarrollo intelectual;OTROS: 20;41.52475;-5.394138;VANESA ARIAS CARRERA;41.52475, -5.394138
"CENTRO OCUPACIONAL ""FUNDACION PERSONAS""";2024-10-15;CALLE JUAN BRAVO 1;49;49219;ZAMORA;TORO;49800;TORO;980 570132;;490732;AYUNTAMIENTO DE TORO;FUNDACIÓN PERSONAS;ADMINISTRACIÓN LOCAL;;;PERSONAS CON DISCAPACIDAD;Centro de día;Personas con discapacidad por trastorno del desarrollo intelectual;OTROS: 40;;;VANESA ARIAS CARRERA;
RESIDENCIA DE PERSONAS MAYORES SAUCANA DE SERVICIOS SOCIALES;2022-11-07;CARRETERA SALAMANCA Nº 13;49;49239;ZAMORA;VILLABUENA DEL PUENTE;49820;FUENTESAÚCO;980 606694;;490602;SAUCANA DE SERVICIOS SOCIALES, S. L;;SOCIEDADES;saucanadeserviciossociales@hotmail.com;;PERSONAS MAYORES;Residencia;Para asistidos;ASISTIDOS: 44;41.3755425;-5.4120567;VICTOR MANUEL POLO MARBÁN;41.3755425, -5.4120567
UNIDAD DE ESTANCIAS DIURNAS DON RUFINO;2026-03-19;CALLE BARRERO 4;49;49260;ZAMORA;VILLANUEVA DEL CAMPO;49100;VILLALPANDO;980 666522;;490402;AYUNTAMIENTO DE VILLANUEVA DEL CAMPO;RESIDENCIAS ASISTENCIALES EL NIÑO JESUS S.L.;ADMINISTRACIÓN LOCAL;residrufino@gmail.com;;PERSONAS MAYORES;Centro de día;Estancias diurnas;ASISTIDOS: 15;41.98543100000001;-5.404667;ÓSCAR GARCÍA GONZÁLEZ;41.98543100000001, -5.404667
UNIDAD DE ESTANCIAS DIURNAS CASER RESIDENCIAL ZAMORA;2025-07-15;CALLE FELIX RODRIGUEZ DE LA FUENTE 32;49;49261;ZAMORA;VILLARALBO;49159;ZAMORA RURAL;980 539936;980 667987900;490247;CASER RESIDENCIAL, S.A.U.;;SOCIEDADES;mrodriguez2@caseresidencial.es;;PERSONAS MAYORES;Centro de día;Estancias diurnas;ASISTIDOS: 15;41.4913436;-5.6915131;MARÍA RODRIGUEZ POYO;41.4913436, -5.6915131
RESIDENCIA DE PERSONAS MAYORES SANTA MARINA;2022-11-07;CALLE BORRININO S/N;49;49264;ZAMORA;VILLAR DEL BUEY;49240;SAYAGO;980 564166;980 055989;490534;AYUNTAMIENTO DE VILLAR DEL BUEY;RESIDENCIAS ASISTENCIALES EL NIÑO JESUS S.L.;ADMINISTRACIÓN LOCAL;vesta@hotmail.es;;PERSONAS MAYORES;Residencia;Para asistidos;ASISTIDOS: 30;41.3294996;-6.189163;MARISA PARDAL LAVRADOR;41.3294996, -6.189163
CENTRO DE DIA ZAMORA I;2023-03-10;AVENIDA PORTUGAL 21-C, PORTAL 2, BAJO;49;49275;ZAMORA;ZAMORA;49016;ZAMORA - CENTRO;980 534197;;490261;CEDIZA 1, S.L.U;;SOCIEDADES;centrodiazamora@telefonica.net;www.centrodedia-zamora.com;PERSONAS MAYORES;Centro de día;Estancias diurnas;ASISTIDOS: 30;41.5031872;-5.7396278;MARIA MANUELA CRESPO CALLES;41.5031872, -5.7396278
UNIDAD DE ESTANCIAS DIURNAS DEL CENTRO DE DÍA SAN LÁZARO;2023-03-10;CUESTA BOLON S/N;49;49275;ZAMORA;ZAMORA;49024;ZAMORA - NORTE;980 520016;;490050;GERENCIA DE SERVICIOS SOCIALES DE CASTILLA Y LEÓN;EULEN SERVICIOS SOCIOSANITARIOS S.A.;ADMINISTRACIÓN AUTONÓMICA;;;PERSONAS MAYORES;Centro de día;Estancias diurnas;ASISTIDOS: 20;41.5115345;-5.7497366;;41.5115345, -5.7497366
CLUB-COMEDOR DE PERSONAS MAYORES BELÉN;2022-11-15;PLAZA BELEN S/N;49;49275;ZAMORA;ZAMORA;49027;ZAMORA - CENTRO;980 533976;;490218;GERENCIA DE SERVICIOS SOCIALES DE CASTILLA Y LEÓN;;ADMINISTRACIÓN AUTONÓMICA;;;PERSONAS MAYORES;Centro de día;Hogar (Unidad de atención social);;41.4974712;-5.7483615;;41.4974712, -5.7483615
CENTRO RESIDENCIAL DE ATENCIÓN A PERSONAS CON DISCAPACIDAD INTELECTUAL (VIRGEN DEL YERMO);2023-12-18;CALLE SAN LAZARO S/N;49;49275;ZAMORA;ZAMORA;49025;ZAMORA - CENTRO;980 525161;;490220;GERENCIA DE SERVICIOS SOCIALES DE CASTILLA Y LEÓN;;ADMINISTRACIÓN AUTONÓMICA;;;PERSONAS CON DISCAPACIDAD;Residencia;Personas con discapacidad por trastorno del desarrollo intelectual;OTROS: 90;41.5091505;-5.7515201;SANDRA SANTOS SASTRE;41.5091505, -5.7515201
RESIDENCIA DE PERSONAS MAYORES DE ZAMORA;2025-08-06;AVENIDA OBISPO ACUÑA , 4;49;49275;ZAMORA;ZAMORA;49017;ZAMORA - CENTRO;980 522904;980 980521530;490173;GERENCIA DE SERVICIOS SOCIALES DE CASTILLA Y LEÓN;;ADMINISTRACIÓN AUTONÓMICA;fernando.hilario@jcyl.es;;PERSONAS MAYORES;Residencia;Mixta para válidos y asistidos;ASISTIDOS: 28, VÁLIDOS: 139;41.50362314579449;-5.735219161389996;FERNANDO HILARIO SILVA;41.50362314579449, -5.735219161389996
CLUB-COMEDOR DE PERSONAS MAYORES NUESTRA MADRE;2022-11-08;CALLE RIEGO 7;49;49275;ZAMORA;ZAMORA;49002;ZAMORA - CENTRO;980 531813;;490219;GERENCIA DE SERVICIOS SOCIALES DE CASTILLA Y LEÓN;;ADMINISTRACIÓN AUTONÓMICA;;;PERSONAS MAYORES;Centro de día;Hogar (Unidad de atención social);;41.5050498;-5.7460321;;41.5050498, -5.7460321
RESIDENCIA AMOR DE DIOS DE PERSONAS MAYORES;2025-03-03;CALLE RUA DE LOS FRANCOS 26;49;49275;ZAMORA;ZAMORA;49001;ZAMORA - CENTRO;980 533616;;490203;CONGREGACIÓN HERMANAS AMOR DE DIOS;RESIDENCIA AMOR DE DIOS RUA DE LOS FRANCOS;INSTITUCIONES, ÓRDENES, CONGREGACIONES RELIGIOSAS Y SIMILARES;radzamora@amordedios.net;;PERSONAS MAYORES;Residencia;Para asistidos;ASISTIDOS: 110;41.5009193;-5.7508712;MARIA DE LOS ANGELES HERNANDEZ RAPADO;41.5009193, -5.7508712
VIVIENDA  XXXVI FUNDACION INTRAS;2024-08-15;CALLE ROBLE 4 BJO;49;49275;ZAMORA;ZAMORA;49023;ZAMORA - NORTE;980 528997;980 557104;490853;FUNDACION INTRAS;;FUNDACIÓN;intras@intras.es;www.intras.es;PERSONAS CON DISCAPACIDAD;Vivienda;Personas con discapacidad por enfermedad mental;DISCAPACIDAD ENFERMEDAD MENTAL: 3;;;ELENA MARTÍN OTERINO;
VIVIENDA LIV PARA DISCAPACITADOS PSIQUICOS CON ENFERMEDAD MENTAL GRAVE Y PROLONGADA;2023-11-15;AVENIDA GALICIA 26 1º IZQ;49;49275;ZAMORA;ZAMORA;49032;ZAMORA - NORTE;980 528997;980 557104;490919;FUNDACION INTRAS;;FUNDACIÓN;intras@intras.es;www.intras.es;PERSONAS CON DISCAPACIDAD;Vivienda;Personas con discapacidad por enfermedad mental;OTROS: 2;;;ELENA MARTÍN OTERINO;
VIVIENDA XXXVIII FUNDACION INTRAS;2023-11-02;CALLE CHURRUCA 44 BAJO DERECHA;49;49275;ZAMORA;ZAMORA;49021;ZAMORA - ESTE;980 528997;980 9805571;490861;FUNDACION INTRAS;;FUNDACIÓN;intras@intras.es;www.intras.es;PERSONAS CON DISCAPACIDAD;Vivienda;Personas con discapacidad por enfermedad mental;OTROS: 1;;;ELENA MARTÍN OTERINO;
"VIVIENDA XXVI  ""FUNDACION  INTRAS""";2023-11-02;AVENIDA CARDENAL CISNEROS 3 - BAJO EDIFICIO MIRADOR LEON FELIPE;49;49275;ZAMORA;ZAMORA;49019;ZAMORA - ESTE;980 557104;;490806;FUNDACION INTRAS;;FUNDACIÓN;intras@intras.es;www.intras.es;PERSONAS CON DISCAPACIDAD;Vivienda;Personas con discapacidad por enfermedad mental;OTROS: 1;;;ELENA MARTÍN OTERINO;
"VIVIENDA XXX  ""FUNDACIÓN INTRAS""";2023-11-02;AVENIDA CARDENAL CISNEROS 3- 2º IZQ   EDIFICIO MIRADOR LEÓN FELIPE;49;49275;ZAMORA;ZAMORA;49019;ZAMORA - ESTE;980 557104;;490810;FUNDACION INTRAS;;FUNDACIÓN;intras@intras.es;www.intras.es;PERSONAS CON DISCAPACIDAD;Vivienda;Personas con discapacidad por enfermedad mental;OTROS: 1;;;ELENA MARTÍN OTERINO;
VIVIENDA XXIV FUNDACIÓN INTRAS;2025-03-14;CALLE NUÑEZ DE BALBOA 14-2º A;49;49275;ZAMORA;ZAMORA;49021;ZAMORA - ESTE;980 557104;980 557104;490781;FUNDACION INTRAS;;FUNDACIÓN;intras@intras.es;www.intras.es;PERSONAS CON DISCAPACIDAD;Vivienda;Personas con discapacidad por enfermedad mental;OTROS: 4;41.5107108;-5.7340169;ELENA MARTÍN OTERINO;41.5107108, -5.7340169
VIVIENDA VIII FUNDACION INTRAS;2023-11-02;NO APLICA;49;49275;ZAMORA;ZAMORA;49000;ZDESCONOCIDO;980 694770;980 692728;490619;FUNDACION INTRAS;;FUNDACIÓN;intras@intras.es;www.intras.es;PERSONAS CON DISCAPACIDAD;Vivienda;Personas con discapacidad por enfermedad mental;OTROS: 4;;;ELENA MARTÍN OTERINO;
"VIVIENDA XIV ""FUNDACIÓN INTRAS""";2023-11-15;CALLE COLON 28 3º A;49;49275;ZAMORA;ZAMORA;49030;ZAMORA - ESTE;980 557104;;490701;FUNDACION INTRAS;;FUNDACIÓN;intras@intras.es;www.intras.es;PERSONAS CON DISCAPACIDAD;Vivienda;Personas con discapacidad por enfermedad mental;OTROS: 2;41.511045;-5.7316406;ELENA MARTÍN OTERINO;41.511045, -5.7316406
VIVIENDA XCVI PARA PERSONAS CON DISCAPACIDAD POR ENFERMEDAD MENTAL GRAVE Y PROLONGADA;2025-07-14;CALLE CHURRUCA 44 3º IZDA;49;49275;ZAMORA;ZAMORA;49031;ZAMORA - ESTE;980 528997;;491090;FUNDACION INTRAS;;FUNDACIÓN;cvs@intras.es;www.intras.es;PERSONAS CON DISCAPACIDAD;Vivienda;Personas con discapacidad por enfermedad mental;OTROS: 2;;;ELENA MARTÍN OTERINO;
VIVIENDA XLIV  PARA DISCAPACITADOS PSIQUICOS CON ENFERMEDAD MENTAL GRAVE  Y PROLONGADA;2023-11-02;CALLE CHURRUCA 26 2º IZQUIERDA;49;49275;ZAMORA;ZAMORA;49021;ZAMORA - ESTE;980 528997;980 557104;490882;FUNDACION INTRAS;;FUNDACIÓN;intras@intras.es;www.intras.es;PERSONAS CON DISCAPACIDAD;Vivienda;Personas con discapacidad por enfermedad mental;OTROS: 1;;;ELENA MARTÍN OTERINO;
VIVIENDA CVII FUNDACION INTRAS;2025-11-27;CALLE SAN BLAS 2;49;49275;ZAMORA;ZAMORA;49023;ZAMORA - NORTE;983 399633;983 983399633;491244;FUNDACION INTRAS;;FUNDACIÓN;cvs@intras.es;;PERSONAS CON DISCAPACIDAD;Vivienda;Personas con discapacidad por enfermedad mental;DISCAPACIDAD ENFERMEDAD MENTAL: 2;41.513027485361185;-5.748547145922131;ADRIAN PEREZ ALVAREZ;41.513027485361185, -5.748547145922131
VIVIENDA CII PARA PERSONAS CON DISCAPACIDAD POR ENFERMEDAD MENTAL GRAVE Y PROLONGADA;2025-07-14;AVENIDA REQUEJO 26 2º G;49;49275;ZAMORA;ZAMORA;49021;ZAMORA - CENTRO;983 399633;;491111;FUNDACION INTRAS;;FUNDACIÓN;dsp@intras.es;;PERSONAS CON DISCAPACIDAD;Vivienda;Personas con discapacidad por enfermedad mental;ASISTIDOS: 3;41.51417439999999;-5.7305304;ELENA MARTÍN OTERINO;41.51417439999999, -5.7305304
VIVIENDA LXXXVI PARA DISCAPACITADOS PSIQUICOS CON ENFERMEDAD MENTAL GRAVE Y PROLONGADA;2023-11-15;AVENIDA OBISPO ACUÑA  Nº 9 5º A;49;49275;ZAMORA;ZAMORA;49018;ZAMORA - ESTE;980 528997;;491054;FUNDACION INTRAS;;FUNDACIÓN;intras@intras.es;www.intras.es;PERSONAS CON DISCAPACIDAD;Vivienda;Personas con discapacidad por enfermedad mental;OTROS: 3;41.5035649;-5.7371608;ELENA MARTÍN OTERINO;41.5035649, -5.7371608
VIVIENDA LXXXVIII PARA DISCAPACITADOS PSIQUICOS CON ENFERMEDAD MENTAL GRAVE Y PROLONGADA;2023-11-02;CALLE RODRIGO DE TRIANA 5 1ºDCHA;49;49275;ZAMORA;ZAMORA;49021;ZAMORA - ESTE;980 528997;980 557104;491056;FUNDACION INTRAS;;FUNDACIÓN;cvs@intras.es;www.intras.es;PERSONAS CON DISCAPACIDAD;Vivienda;Personas con discapacidad por enfermedad mental;OTROS: 2;;;ELENA MARTÍN OTERINO;
VIVIENDA LXIV PARA DISCAPACITADOS PSIQUICOS CON ENFERMEDAD MENTAL GRAVE Y PROLONGADA;2023-11-02;AVENIDA OBISPO ACUÑA 33 7º D;49;49275;ZAMORA;ZAMORA;49017;ZAMORA - ESTE;980 528997;;490941;FUNDACION INTRAS;;FUNDACIÓN;intras@intras.es;www.intras.es;PERSONAS CON DISCAPACIDAD;Vivienda;Personas con discapacidad por enfermedad mental;OTROS: 2;41.5041528;-5.7334171;ELENA MARTÍN OTERINO;41.5041528, -5.7334171
VIVIENDA LXIII PARA DISCAPACITADOS PSIQUICOS CON ENFERMEDAD MENTAL GRAVE Y PROLONGADA;2023-11-15;CALLE NUÑEZ DE BALBOA 27 1º D;49;49275;ZAMORA;ZAMORA;49021;ZAMORA - ESTE;980 557104;;490939;FUNDACION INTRAS;;FUNDACIÓN;intras@intras.es;www.intras.es;PERSONAS CON DISCAPACIDAD;Vivienda;Personas con discapacidad por enfermedad mental;OTROS: 1;;;ELENA MARTÍN OTERINO;
VIVIENDA LXI PARA DISCAPACITADOS PSIQUICOS CON ENFERMEDAD MENTAL GRAVE Y PROLONGADA;2023-11-02;CALLE CHURRUCA 33 1º B;49;49275;ZAMORA;ZAMORA;49022;ZAMORA - ESTE;980 557104;;490937;FUNDACION INTRAS;;FUNDACIÓN;intras@intras.es;www.intras.es;PERSONAS CON DISCAPACIDAD;Vivienda;Personas con discapacidad por enfermedad mental;OTROS: 3;41.5148529;-5.728714900000001;ELENA MARTÍN OTERINO;41.5148529, -5.728714900000001
VIVIENDA LXVI PARA DISCAPACITADOS PSIQUICOS CON ENFERMEDAD MENTAL GRAVE Y PROLONGADA;2023-11-02;CALLE NUÑEZ DE BALBOA 7 2º IZQ;49;49275;ZAMORA;ZAMORA;49021;ZAMORA - ESTE;980 557104;;490950;FUNDACION INTRAS;;FUNDACIÓN;intras@intras.es;www.intras.es;PERSONAS CON DISCAPACIDAD;Vivienda;Personas con discapacidad por enfermedad mental;OTROS: 2;;;ELENA MARTÍN OTERINO;
CENTRO DE DIA INTRAS ZAMORA;2025-03-14;CARRETERA HINIESTA 137;49;49275;ZAMORA;ZAMORA;49024;ZAMORA - NORTE;983 399633;983 983217565;490898;FUNDACION INTRAS;;FUNDACIÓN;intras@intras.es;www.intras.es;PERSONAS CON DISCAPACIDAD;Centro de día;Personas con discapacidad por enfermedad mental;OTROS: 45;41.5146031;-5.7564591;ALBERTO PRADA CID;41.5146031, -5.7564591
"VIVIENDA XXVIII  ""FUNDACIÓN INTRAS""";2023-11-02;AVENIDA CARDENAL CISNEROS 3-1º IZQ   EDIFICIO MIRADOR LEÓN FELIPE;49;49275;ZAMORA;ZAMORA;49019;ZAMORA - ESTE;980 557104;;490808;FUNDACION INTRAS;;FUNDACIÓN;dsp@intras.es;www.intras.es;PERSONAS CON DISCAPACIDAD;Vivienda;Personas con discapacidad por enfermedad mental;OTROS: 1;;;ELENA MARTÍN OTERINO;
VIVIENDA XXIX  FUNDACIÓN INTRAS;2023-11-02;AVENIDA CARDENAL CISNEROS 3- 2º DERE   EDIFICIO MIRADOR LEÓN FELIPE;49;49275;ZAMORA;ZAMORA;49019;ZAMORA - ESTE;980 557104;;490809;FUNDACION INTRAS;;FUNDACIÓN;intras@intras.es;www.intras.es;PERSONAS CON DISCAPACIDAD;Vivienda;Personas con discapacidad por enfermedad mental;OTROS: 1;;;ELENA MARTÍN OTERINO;
VIVIENDA LXXX PARA DISCAPACITADOS PSIQUICOS CON ENFERMEDAD MENTAL GRAVE Y PROLONGADA;2023-11-02;CALLE HERNAN CORTES 10 1º;49;49275;ZAMORA;ZAMORA;49021;ZAMORA - ESTE;980 557104;980 557104;491018;FUNDACION INTRAS;;FUNDACIÓN;intras@intras.es;www.intras.es;PERSONAS CON DISCAPACIDAD;Vivienda;Personas con discapacidad por enfermedad mental;OTROS: 2;41.50895360000001;-5.7331702;ELENA MARTÍN OTERINO;41.50895360000001, -5.7331702
VIVIENDA XCIX PARA PERSONAS CON DISCPACIDAD POR ENFERMEDAD MENTAL GRAVE Y PROLONGADA;2024-07-15;CALLE MANUEL FERNANDEZ 18 BJ IZQDA;49;49275;ZAMORA;ZAMORA;49031;ZAMORA - NORTE;980 528997;;491092;FUNDACION INTRAS;;FUNDACIÓN;cvs@intras.es;;PERSONAS CON DISCAPACIDAD;Vivienda;Personas con discapacidad por enfermedad mental;OTROS: 1;;;ELENA MARTÍN OTERINO;
VIVIENDA XLIX PARA DISCAPACITADOS PSIQUICOS CON ENFERMEDAD MENTAL GRAVE Y PROLONGADA;2023-11-02;AVENIDA PORTUGAL Nº 54 BAJO B;49;49275;ZAMORA;ZAMORA;49016;ZAMORA - CENTRO;980 557104;;490906;FUNDACION INTRAS;;FUNDACIÓN;intras@intras.es;www.intras.es;PERSONAS CON DISCAPACIDAD;Vivienda;Personas con discapacidad por enfermedad mental;OTROS: 1;41.5023102;-5.740058299999999;ELENA MARTÍN OTERINO;41.5023102, -5.740058299999999
VIVIENDA LI PARA DISCAPACITADOS PSIQUICOS CON ENFERMEDAD MENTAL GRAVE Y PROLONGADA;2023-11-02;CALLE HUERTAS DE ARENALES 2 1º H;49;49275;ZAMORA;ZAMORA;49033;ZAMORA - SUR;980 557104;;490905;FUNDACION INTRAS;;FUNDACIÓN;intras@intras.es;www.intras.es;PERSONAS CON DISCAPACIDAD;Vivienda;Personas con discapacidad por enfermedad mental;OTROS: 2;;;ELENA MARTÍN OTERINO;
VIVIENDA LXX PARA DISCAPACITADOS PSIQUICOS CON ENFERMEDAD MENTAL GRAVE Y PROLONGADA;2023-11-02;CALLE CHURRUCA Nº 42 1º DCHA;49;49275;ZAMORA;ZAMORA;49021;ZAMORA - ESTE;980 528997;980 557104;490957;FUNDACION INTRAS;;FUNDACIÓN;intras@intras.es;www.intras.es;PERSONAS CON DISCAPACIDAD;Vivienda;Personas con discapacidad por enfermedad mental;OTROS: 2;;;ELENA MARTÍN OTERINO;
VIVIENDA INTRAS ZAMORA CALLE CUBA;2024-12-16;CALLE CUBA 39;49;49275;ZAMORA;ZAMORA;49020;ZAMORA - ESTE;983 399633;983 983399633;491216;FUNDACION INTRAS;;FUNDACIÓN;cvs@intras.es;;PERSONAS CON DISCAPACIDAD;Vivienda;Personas con discapacidad por enfermedad mental;DISCAPACIDAD ENFERMEDAD MENTAL: 3;41.5086451;-5.732058599999999;PABLO GOMEZ CONEJO;41.5086451, -5.732058599999999
VIVIENDA LXXXIII PARA DISCAPACITADOS PSIQUICOS CON ENFERMEDAD MENTAL GRAVE Y PROLONGADA;2023-11-15;CALLE CUBA 15 BAJO;49;49275;ZAMORA;ZAMORA;49030;ZAMORA - ESTE;980 528997;980 557104;491023;FUNDACION INTRAS;;FUNDACIÓN;intras@intras.es;www.intras.es;PERSONAS CON DISCAPACIDAD;Vivienda;Personas con discapacidad por enfermedad mental;OTROS: 2;41.5099849;-5.7337072;ELENA MARTÍN OTERINO;41.5099849, -5.7337072
VIVIENDA APOYADA PERSONAS DISCAPACITADAS CON ENFERMEDAD MENTAL;2025-08-14;CALLE PABLO MORILLO 10- 3ºD;49;49275;ZAMORA;ZAMORA;49013;ZAMORA - CENTRO;685 538239;;490490;ASOCIACIÓN FEAFES ZAMORA (ASOCIACIÓN DE FAMILIARES Y AMIGOS DE ENFERMOS MENTALES DE ZAMORA);;ASOCIACIÓN;info@saludmentalzamora.es;;PERSONAS CON DISCAPACIDAD;Vivienda;Personas con discapacidad por enfermedad mental;OTROS: 5;41.5083154;-5.7412057;Mª ELISA GARCÍA AVEDILLO;41.5083154, -5.7412057
VIVIENDA SUPERVISADA PARA PERSONAS CON DISCAPACIDAD POR ENFERMEDAD MENTAL;2025-08-14;CALLE NUÑEZ DE BALBOA 29;49;49275;ZAMORA;ZAMORA;49021;ZAMORA - ESTE;980 536831;980 685538239;491210;ASOCIACIÓN FEAFES ZAMORA (ASOCIACIÓN DE FAMILIARES Y AMIGOS DE ENFERMOS MENTALES DE ZAMORA);;ASOCIACIÓN;direccion@saludmanetalzamora.es;;PERSONAS CON DISCAPACIDAD;Vivienda;Personas con discapacidad por enfermedad mental;DISCAPACIDAD ENFERMEDAD MENTAL: 2;41.5123323;-5.7318636;VALENTINA DEL PALACIO DOMINGUEZ;41.5123323, -5.7318636
VIVIENDA 4-BLANCA;2025-09-14;CALLE CHURRUCA 24 BAJO DERECHA;49;49275;ZAMORA;ZAMORA;49030;ZDESCONOCIDO;980 536831;;491139;ASOCIACIÓN FEAFES ZAMORA (ASOCIACIÓN DE FAMILIARES Y AMIGOS DE ENFERMOS MENTALES DE ZAMORA);;ASOCIACIÓN;DIRECCION@FEAFESZAMORA.ES;;PERSONAS CON DISCAPACIDAD;Vivienda;Personas con discapacidad por enfermedad mental;OTROS: 2;;;MARÍA JOSÉ DOMÍNGUEZ DE LA FUENTE;
HOGAR DE SOCIALIZACION MENESIANO 1;2023-03-03;CALLE MORALES 32-BAJOS, C y D.;49;49275;ZAMORA;ZAMORA;49025;ZAMORA - NORTE;980 509431;;490425;HERMANOS DE LA INSTRUCCIÓN CRISTIANA DE ZAMORA;;INSTITUCIONES, ÓRDENES, CONGREGACIONES RELIGIOSAS Y SIMILARES;;;INFANCIA (Y JUVENTUD);Vivienda;Hogar de socialización;OTROS: 6;41.4968992;-5.7394536;JUAN CARLOS GARCIA ROSA;41.4968992, -5.7394536
"VIVIENDA TUTELADA, Nº 6""ASPROSUB""";2025-06-14;CALLE REGIMIENTO DE TOLEDO 24, 1º A;49;49275;ZAMORA;ZAMORA;49012;ZAMORA - CENTRO;;;490426;FUNDACIÓN PERSONAS;;FUNDACIÓN;zamora@fundacionpersonas.es;;PERSONAS CON DISCAPACIDAD;Vivienda;Personas con disc. física, sensorial, por trastorno del desarrollo intelectual y/o por enfer. mental;OTROS: 7;41.5104441;-5.7377343;JOSE PEDRO DIEGO DE LA TORRE;41.5104441, -5.7377343
VIVIENDA TUTELADA FUNDACION HERMANOS CRESPO B;2023-11-06;CALLE OBISPO NIETO 20 1º B;49;49275;ZAMORA;ZAMORA;49031;ZAMORA - NORTE;980 570132;;491049;FUNDACIÓN PERSONAS;;FUNDACIÓN;zamora@fundacionpersonas.es;;PERSONAS CON DISCAPACIDAD;Vivienda;Personas con disc. física, sensorial, por trastorno del desarrollo intelectual y/o por enfer. mental;OTROS: 5;41.5054888;-5.7518911;FRANCISCA PEREZ GARROTE;41.5054888, -5.7518911
CENTRO DE DIA ARATOY, PARA PERSONAS CON TEA DE LA PROVINCIA DE ZAMORA;2023-12-18;AVENIDA DE VALLADOLID 9;49;49275;ZAMORA;ZAMORA;49022;ZAMORA - ESTE;653 841774;;491140;ASOCIACIÓN DE FAMILIARES DE PERSONAS CON AUTISMO Y/O TRASTORNO GENERALIZADO DEL DESARROLLO DE ZAMORA - AUTISMO ZAMORA-;;ASOCIACIÓN;autismozamora@hotmail.com;;PERSONAS CON DISCAPACIDAD;Centro de día;Personas con discapacidad por trastorno del espectro del autismo;OTROS: 32;41.522041;-5.7245559;JÉSICA CAMPOS ESTÉVEZ;41.522041, -5.7245559
RESIDENCIA DE PERSONAS MAYORES CALZADA DE VALDUNCIEL;2025-06-17;CALLE POZO DEL CAMPO S/N;37;37073;SALAMANCA;CALZADA DE VALDUNCIEL;37797;SALAMANCA RURAL - NORTE;923 310274;;370836;AYUNTAMIENTO DE CALZADA DE VALDUNCIEL;S&B ASOCIADOS SERVICIO DEPENDENCIA 2015, S.L.;ADMINISTRACIÓN LOCAL;direccionvaldunciel@azvase.com;;PERSONAS MAYORES;Residencia;Para asistidos;ASISTIDOS: 18;41.0859324;-5.6996515;JOSÉ ANTONIO BELDA LORENZO;41.0859324, -5.6996515
HOGAR DE PERSONAS MAYORES;2020-10-14;CALLE PERALES 2;37;37078;SALAMANCA;CANDELARIO;37710;BÉJAR;923 413011;;370085;PATRONATO MUNICIPAL DE SERVICIOS SOCIALES;;PATRONATO DE ENTIDADES SIN FIN DE LUCRO PÚBLICAS;;;PERSONAS MAYORES;Centro de día;Hogar (Unidad de atención social);;40.3673642;-5.7423576;M. CARMEN ESTEBAN FONSECA;40.3673642, -5.7423576
CASA ASISTIDA MUNICIPAL;2022-02-03;CALLE PEÑARANDA, Nº 2;37;37082;SALAMANCA;CANTALPINO;37405;LAS VILLAS - SANTA MARTA DE TORMES;923 532135;;370578;AYUNTAMIENTO DEL CANTALPINO;ALEJANDRINA BARBERO SANCHEZ;ADMINISTRACIÓN LOCAL;ayuntamiento@cantalpino.e.movistar.es;;PERSONAS MAYORES;Residencia;Para asistidos;ASISTIDOS: 10;41.0485687;-5.331019599999999;ALEJANDRINA BARBERO SÁNCHEZ;41.0485687, -5.331019599999999
RESIDENCIAL LA CASA DEL ABUELO;2021-11-09;CALLE SOL 1;37;37082;SALAMANCA;CANTALPINO;37405;LAS VILLAS - SANTA MARTA DE TORMES;923 532281;;370711;RESIDENCIAS CHARRAS, S.L.;;SOCIEDADES;lacasadelabuelo@hotmail.com;;PERSONAS MAYORES;Residencia;Para asistidos;ASISTIDOS: 57;41.0527019;-5.3242551;SUSANA CURTO SANCHEZ;41.0527019, -5.3242551
CENTRO DE PERSONAS MAYORES;2020-10-14;CALLE ESCUELA 3;37;37083;SALAMANCA;CANTARACILLO;37319;PEÑARANDA DE BRACAMONTE;923 541264;923 541672;370314;AYUNTAMIENTO DE CANTARACILLO;;ADMINISTRACIÓN LOCAL;;;PERSONAS MAYORES;Centro de día;Hogar (Unidad de atención social);;40.9026263;-5.1629413;;40.9026263, -5.1629413
CLUB DE PERSONAS MAYORES FUENTE DEL VALLE;2020-10-14;CALLE ESCUELA 3;37;37085;SALAMANCA;CARBAJOSA DE LA SAGRADA;37188;SALAMANCA RURAL - SUR;923 190651;;370052;"ASOCIACION CLUB DE PENSIONISTAS ""FUENTE DEL VALLE""";;ASOCIACIÓN;;;PERSONAS MAYORES;Centro de día;Hogar (Unidad de atención social);;40.9330447;-5.6488018;JUAN MANUEL GONZALEZ;40.9330447, -5.6488018
HOGAR DE PERSONAS MAYORES CARBAJOSA DE LA SAGRADA;2020-10-14;CALLE DUQUE 7;37;37085;SALAMANCA;CARBAJOSA DE LA SAGRADA;37188;SALAMANCA RURAL - SUR;923 208019;923 208235;370524;AYUNTAMIENTO DE CARBAJOSA DE LA SAGRADA;;ADMINISTRACIÓN LOCAL;;;PERSONAS MAYORES;Centro de día;Hogar (Unidad de atención social);;40.9617151;-5.6489437;LEOCADIO HERNANDEZ CRESPO;40.9617151, -5.6489437
RESIDENCIA DE PERSONAS MAYORES DIVINA PASTORA;2022-09-27;AVENIDA PORTUGAL, Nº 3;37;37091;SALAMANCA;CASILLAS DE FLORES;37541;CIUDAD RODRIGO II;923 488852;;370070;FUNDACIÓN RESIDENCIA DE ANCIANOS DIVINA PASTORA;;FUNDACIÓN;residcasillas@hotmail.com;;PERSONAS MAYORES;Residencia;Para asistidos;ASISTIDOS: 40;40.3804342;-6.7547941;CRISTINA VICENTE  ORTIZ;40.3804342, -6.7547941
"VIVIENDA ""MIROBRIGA VI""";2025-04-14;CALLE MARIA DE MOLINA 6-8 2ºC;37;37107;SALAMANCA;CIUDAD-RODRIGO;37500;CIUDAD RODRIGO I;923 480627;;371081;ASPRODES - FEAPS SALAMANCA;;ASOCIACIÓN;;;PERSONAS CON DISCAPACIDAD;Vivienda;Personas con discapacidad por trastorno del desarrollo intelectual leve o moderado;OTROS: 6;40.6052557;-6.5296167;JUAN ANTONIO RECIO MOMPÓ;40.6052557, -6.5296167
VIVIENDA MIRÓBRIBA V;2024-07-15;AVENIDA AGUSTIN DE FOXA 39 1ºB;37;37107;SALAMANCA;CIUDAD-RODRIGO;37500;CIUDAD RODRIGO I;923 186893;;371655;ASPRODES - FEAPS SALAMANCA;;ASOCIACIÓN;asprodes@asprodes.es;;PERSONAS CON DISCAPACIDAD;Vivienda;Personas con discapacidad por trastorno del desarrollo intelectual leve o moderado;DISCAPACIDAD INTELECTUAL: 5;40.5975822;-6.5287083;LAURA LOPEZ LOPEZ;40.5975822, -6.5287083
VIVIENDA SANTO DOMINGO II;2024-03-15;CALLE ARAPILES;37;37107;SALAMANCA;CIUDAD-RODRIGO;37500;CIUDAD RODRIGO I;923 480627;;371704;ASPRODES - FEAPS SALAMANCA;;ASOCIACIÓN;asprodes@asprodes.es;;PERSONAS CON DISCAPACIDAD;Vivienda;Personas con discapacidad por trastorno del desarrollo intelectual leve o moderado;DISCAPACIDAD INTELECTUAL: 8;40.5981617;-6.5264976;SORAYA BERNAL HERNÁNDEZ;40.5981617, -6.5264976
VIVIENDA MIROBRIGA I;2023-12-15;CALLE MARIA DE MOLINA 6-8 1º D;37;37107;SALAMANCA;CIUDAD-RODRIGO;37500;CIUDAD RODRIGO I;923 480627;923 480627;370988;ASPRODES - FEAPS SALAMANCA;;ASOCIACIÓN;asprodes@asprodes.es;;PERSONAS CON DISCAPACIDAD;Vivienda;Personas con discapacidad por trastorno del desarrollo intelectual leve o moderado;OTROS: 4;40.6052557;-6.5296167;JUAN ANTONIO RECIO MOMPÓ;40.6052557, -6.5296167
VIVIENDA MIROBRIGA III;2023-05-05;CALLE TORMES 39, BAJO B;37;37107;SALAMANCA;CIUDAD-RODRIGO;37500;CIUDAD RODRIGO I;923 480627;;371026;ASPRODES - FEAPS SALAMANCA;;ASOCIACIÓN;;;PERSONAS CON DISCAPACIDAD;Vivienda;Personas con discapacidad por trastorno del desarrollo intelectual leve o moderado;OTROS: 4;40.5978628;-6.5220172;JUAN ANTONIO RECIO MOMPÓ;40.5978628, -6.5220172
VIVIENDA SANTO DOMINGO III;2025-03-14;CALLE ARAPILES;37;37107;SALAMANCA;CIUDAD-RODRIGO;37500;CIUDAD RODRIGO I;923 480627;;371705;ASPRODES - FEAPS SALAMANCA;;ASOCIACIÓN;asprodes@asprodes.es;;PERSONAS CON DISCAPACIDAD;Vivienda;Personas con discapacidad por trastorno del desarrollo intelectual leve o moderado;DISCAPACIDAD INTELECTUAL: 8;40.5981617;-6.5264976;SORAYA BERNAL HERNÁNDEZ;40.5981617, -6.5264976
"RESIDENCIA ""OBISPO TELLEZ""";2023-05-04;PLAZA CRISTOBAL CASTILLEJO Nº 14;37;37107;SALAMANCA;CIUDAD-RODRIGO;37500;CIUDAD RODRIGO I;923 498034;;370552;CONFRANDES, S.L.;;SOCIEDADES;info@obispotellez.com;;PERSONAS MAYORES;Residencia;Para asistidos;ASISTIDOS: 94;40.5960899;-6.53255;CEFERINO SANTOS RUBIO;40.5960899, -6.53255
CENTRO DE DIA MIROBRIGA;2026-01-14;PLAZA CONSTITUCION S/N;37;37107;SALAMANCA;SAN JUANEJO;37500;CIUDAD RODRIGO I;923 482029;;370087;ASPRODES - FEAPS SALAMANCA;;ASOCIACIÓN;mirobriga@asprodes.es;;PERSONAS CON DISCAPACIDAD;Centro de día;Personas con discapacidad por trastorno del desarrollo intelectual;OTROS: 25;40.5706461;-6.4748249;SORAYA BERNAL HERNÁNDEZ;40.5706461, -6.4748249
RESIDENCIA DE PERSONAS MAYORES SAN ANTONIO;2022-04-25;AVENIDA SALAMANCA S/N;37;37128;SALAMANCA;ESPINO DE LA ORBADA;37419;LAS VILLAS - SANTA MARTA DE TORMES;923 360401;;371079;AYUNTAMIENTO DE ESPINO DE LA ORBADA;RESIDENCIA ESPINO DE LA ORBADA S.L;ADMINISTRACIÓN LOCAL;;;PERSONAS MAYORES;Residencia;Para asistidos;ASISTIDOS: 15;41.1070305;-5.426616099999999;FCO. JAVIER GARCÍA PARAZUELO;41.1070305, -5.426616099999999
RESIDENCIA PARA MAYORES SANTA INES;2020-12-30;CALLE CRUCE DE DOS CALLES;37;37135;SALAMANCA;FUENTE DE SAN ESTEBAN (LA);37200;CIUDAD RODRIGO I;923 440964;;370831;RESIDENCIA PARA MAYORES EL ABADENGO, S.L.;;SOCIEDADES;resisantaines09@telefonia.net;;PERSONAS MAYORES;Residencia;Para asistidos;ASISTIDOS: 77;40.8019473;-6.2575953;ROSA MARÍA DÍEZ FERNÁNDEZ;40.8019473, -6.2575953
"VIVIENDA DE PERSONAS MAYORES ""NUESTRA SEÑORA DE LA ZARZA""";2021-11-29;CALLE SALAS POMBO S/N;37;37143;SALAMANCA;GALINDUSTE;37785;ALBA DE TORMES;923 391615;923 391556;370124;AYUNTAMIENTO DE GALINDUSTE;LA ZARZA, C.B.;ADMINISTRACIÓN LOCAL;;;PERSONAS MAYORES;Residencia;Para asistidos;ASISTIDOS: 12;40.6621573;-5.540796;Mª JOSÉ NUEVO SÁNCHEZ;40.6621573, -5.540796
CENTRO DE DÍA EL TORREÓN;2021-05-04;CALLE CHINARRAL 18;37;37156;SALAMANCA;GUIJUELO;37770;GUIJUELO;923 580036;923 580787;371010;AYUNTAMIENTO DE GUIJUELO;GESTIÓN MUNICIPAL DE SERVICIOS DE GUIJUELO, S.L.U;ADMINISTRACIÓN LOCAL;centrodedia@guijuelo.es;;PERSONAS MAYORES;Centro de día;Estancias diurnas;ASISTIDOS: 15;40.5553363;-5.6720881;ROSA Mª MARTÍN GONZÁLEZ;40.5553363, -5.6720881
RESIDENCIA MUNICIPAL DE MAYORES DE LEDESMA;2022-11-24;PLAZA SANTIAGO 2;37;37170;SALAMANCA;LEDESMA;37100;LEDESMA;923 570210;;370428;AYUNTAMIENTO DE LEDESMA;EMPRESA PUBLICA DE LEDESMA, S.L. (EMPULE S.L.);ADMINISTRACIÓN LOCAL;;;PERSONAS MAYORES;Residencia;Para asistidos;ASISTIDOS: 45;41.0895641;-5.9975838;BERTA GARDUÑO HERNÁNDEZ;41.0895641, -5.9975838
RESIDENCIA DE PERSONAS MAYORES SANTA RITA;2022-02-03;CALLE SAN VICENTE DE PAUL 1;37;37173;SALAMANCA;LUMBRALES;37240;LUMBRALES;923 512233;923 512036;370380;DIPUTACIÓN PROVINCIAL DE SALAMANCA;;ADMINISTRACIÓN LOCAL;;;PERSONAS MAYORES;Residencia;Para válidos;VÁLIDOS: 70;40.9352085;-6.7221985;BEATRIZ BLANCO BLANCO;40.9352085, -6.7221985
RESIDENCIA MUNICIPAL DE MAYORES PEÑA DE FRANCIA;2024-11-19;AVENIDA PEÑA DE FRANCIA, Nº 4;37;37181;SALAMANCA;MARTIAGO;37510;CIUDAD RODRIGO II;923 162413;923 618416909;371058;AYUNTAMIENTO DE MARTIAGO;TESSA MEDIOAMBIENTAL S.L.;ADMINISTRACIÓN LOCAL;;;PERSONAS MAYORES;Residencia;Para asistidos;ASISTIDOS: 32;;;ALBA MARCOS GONZÁLEZ;
RESIDENCIA DE PERSONAS MAYORES ARAPILES;2022-02-03;CARRETERA BEJAR KM. 6'6;37;37192;SALAMANCA;MIRANDA DE AZAN;37187;SALAMANCA RURAL - SUR;923 288735;923 288800;370095;AGRUPACION GERONTOLOGICA ANMAR, S.A.;;SOCIEDADES;resiarapiles@gmail.com;;PERSONAS MAYORES;Residencia;Para asistidos;ASISTIDOS: 180;40.8871185;-5.6814145;FERNANDO GARCÍA MARTÍN;40.8871185, -5.6814145
"UNIDAD DE ATENCION SOCIAL ""MONLERAS""";2020-10-14;CALLE PEÑITA 6;37;37198;SALAMANCA;MONLERAS;37171;LEDESMA;923 575001;923 575001;370938;AYUNTAMIENTO DE MONLERAS;ASOCIACION ESCUELAS CAMPESINAS DE SALAMANCA;ADMINISTRACIÓN LOCAL;;;PERSONAS MAYORES;Centro de día;Hogar (Unidad de atención social);;40.9701039;-5.6635397;ANGEL DELGADO GARCIA;40.9701039, -5.6635397
RESIDENCIA PARA PERSONAS MAYORES DE MONTEJO;2025-07-23;REY FELIPE VI, Nº 19;37;37200;SALAMANCA;MONTEJO;37795;GUIJUELO;923 167399;;371325;AYUNTAMIENTO DE MONTEJO;;ADMINISTRACIÓN LOCAL;aytomontejo@gmail.com;;PERSONAS MAYORES;Residencia;Para asistidos;ASISTIDOS: 25;;;LISBETH ADRIANA MUÑOZ SANTILLAN;
SENIOR SALAMANCA;2025-01-23;CALLE LIBERTAD, Nº 2;37;37209;SALAMANCA;MOZARBEZ;37796;SALAMANCA RURAL - SUR;923 373902;;370568;SENIOR ASISTENCIA INTEGRAL, S.L;;SOCIEDADES;dmozarbez@colisee.es;;PERSONAS MAYORES;Residencia;Para asistidos;ASISTIDOS: 86;40.8582911;-5.6517421;SANTIAGO MARTÍN PÉREZ;40.8582911, -5.6517421
"VIVIENDA DE MAYORES ""NUESTRA SEÑORA DE NAVALES""";2021-07-29;CALLE REVILLA S/N;37;37216;SALAMANCA;NAVALES;37880;ALBA DE TORMES;923 300183;;370917;AYUNTAMIENTO DE NAVALES;LA ZARZA, C.B.;ADMINISTRACIÓN LOCAL;;;PERSONAS MAYORES;Residencia;Para asistidos;ASISTIDOS: 12;40.7873425;-5.4820329;Mª JOSÉ NUEVO SÁNCHEZ;40.7873425, -5.4820329
CLUB PERSONAS MAYORES EL TILERO;2020-10-14;CALLE LIRIO 49;37;37221;SALAMANCA;NAVASFRIAS;37542;CIUDAD RODRIGO II;923 475061;;370028;ASOCIACION DE TERCERA EDAD EL TILERO;;ASOCIACIÓN;;;PERSONAS MAYORES;Centro de día;Hogar (Unidad de atención social);;40.2977172;-6.818309;;40.2977172, -6.818309
"RESIDENCIA PARA MAYORES ""RETO A LA ESPERANZA""";2025-07-23;CARRETERA MADRID KM 203-FINCA LOS ARROYOS;37;37240;SALAMANCA;PELABRAVO;37181;LAS VILLAS - SANTA MARTA DE TORMES;923 606570;;370081;ASOCIACIÓN RETO A LA ESPERANZA;;ASOCIACIÓN;;;PERSONAS MAYORES;Residencia;Para asistidos;ASISTIDOS: 28;;;IVAN CASTILLO SUESCUN;
"VIVIENDA TUTELADA ""CAMPO CHARRO""";2024-10-15;CALLE CAMPO CHARRO 11;37;37246;SALAMANCA;PEÑARANDA DE BRACAMONTE;37300;PEÑARANDA DE BRACAMONTE;923 540812;923 540812;370946;ASOCIACIÓN DE PADRES DE MINUSVÁLIDOS COMARCA PEÑARANDA (ACOPEDIS);;ASOCIACIÓN;;;PERSONAS CON DISCAPACIDAD;Vivienda;Personas con discapacidad por enfermedad mental, Personas con disc. física, sensorial, por trastorno del desarrollo intelectual y/o por enfer. mental;OTROS: 4;40.8953144;-5.2048878;JUAN MADRID HERNANDEZ;40.8953144, -5.2048878
"CENTRO DE DIA  ""ACOPEDIS""";2023-05-05;CALLE CAMPO CHARRO 9;37;37246;SALAMANCA;PEÑARANDA DE BRACAMONTE;37300;PEÑARANDA DE BRACAMONTE;923 540812;;370820;ASOCIACIÓN DE PADRES DE MINUSVÁLIDOS COMARCA PEÑARANDA (ACOPEDIS);;ASOCIACIÓN;;;PERSONAS CON DISCAPACIDAD;Centro de día;Personas con discapacidad por trastorno del desarrollo intelectual;OTROS: 15;40.8952189;-5.2050979;Juam Madrid;40.8952189, -5.2050979
VIVIENDA AUTONOMA LA RONDA;2025-04-14;RONDA ESTACION 6 - 2ºC;37;37246;SALAMANCA;PEÑARANDA DE BRACAMONTE;37300;PEÑARANDA DE BRACAMONTE;923 540812;;371261;ASOCIACIÓN DE PADRES DE MINUSVÁLIDOS COMARCA PEÑARANDA (ACOPEDIS);;ASOCIACIÓN;acopedis@acopedis.es;;PERSONAS CON DISCAPACIDAD;Vivienda;Personas con discapacidad por trastorno del desarrollo intelectual leve o moderado;OTROS: 5;40.8981988;-5.206298599999999;JUAN MADRID HERNANDEZ;40.8981988, -5.206298599999999
VIVIENDA AUTONOMA LA ESTACION;2025-04-14;RONDA ESTACION 6 - 1ºC;37;37246;SALAMANCA;PEÑARANDA DE BRACAMONTE;37300;PEÑARANDA DE BRACAMONTE;923 540812;;371260;ASOCIACIÓN DE PADRES DE MINUSVÁLIDOS COMARCA PEÑARANDA (ACOPEDIS);;ASOCIACIÓN;acopedis@acopedis.es;;PERSONAS CON DISCAPACIDAD;Vivienda;Personas con discapacidad por trastorno del desarrollo intelectual leve o moderado;OTROS: 5;40.8981988;-5.206298599999999;JUAN MADRID HERNANDEZ;40.8981988, -5.206298599999999
RESIDENCIA DE PERSONAS MAYORES SAN PEDRO;2025-03-21;CALLE SAN PEDRO Nº 1;37;37246;SALAMANCA;PEÑARANDA DE BRACAMONTE;37300;PEÑARANDA DE BRACAMONTE;923 541511;;370844;"FUNDACIÓN ASISTENCIAL ""SAN PEDRO ADVÍNCULA""";;FUNDACIÓN;;;PERSONAS MAYORES;Residencia;Para asistidos;ASISTIDOS: 111;;;ANTONIO GARCIA LOPEZ;
CASA ASISTIDA DE PERSONAS MAYORES CRISTO DEL CONSUELO;2025-07-21;CALLE SALUSTIANO RAMOS 17;37;37267;SALAMANCA;RETORTILLO;37495;CIUDAD RODRIGO I;923 450496;;370502;AYUNTAMIENTO DE RETORTILLO;S&B ASOCIADOS SERVICIO DEPENDENCIA 2015, S.L.;ADMINISTRACIÓN LOCAL;sbasociadosjyp@hotmail.com;;PERSONAS MAYORES;Residencia;Para asistidos;ASISTIDOS: 12;40.80102038677372;-6.358980692372428;AMAYA MARTÍN MARCOS;40.80102038677372, -6.358980692372428
CENTRO DE DIA PARA PERSONAS MAYORES PROSPERIDAD;2020-10-14;CALLE VALLADOLID S/N;37;37274;SALAMANCA;SALAMANCA;37003;SALAMANCA - ZONA 4 - EL ROLLO;923 183927;;370057;GERENCIA DE SERVICIOS SOCIALES DE CASTILLA Y LEÓN;;ADMINISTRACIÓN AUTONÓMICA;;;PERSONAS MAYORES;Centro de día;Hogar (Unidad de atención social);;40.9857196;-5.6496649;GERMAN CALLES JIMENEZ;40.9857196, -5.6496649
CENTRO RESIDENCIAL DE ATENCIÓN A PERSONAS CON DISCAPACIDAD INTELECTUAL DE SALAMANCA (LA SALLE);2023-06-20;PASEO LUNES DE AGUAS S/N;37;37274;SALAMANCA;SALAMANCA;37008;SALAMANCA - ZONA 2 - CHAMBERÍ - BUENOS AIRES;923 192738;;370061;GERENCIA DE SERVICIOS SOCIALES DE CASTILLA Y LEÓN;;ADMINISTRACIÓN AUTONÓMICA;;;PERSONAS CON DISCAPACIDAD;Residencia;Personas con discapacidad por trastorno del desarrollo intelectual;OTROS: 75;40.9562902;-5.685683;JAVIER SANCHEZ LEIVA;40.9562902, -5.685683
RESIDENCIA DE PROTECCIÓN DE MENORES Mª DOLORES PÉREZ LUCAS;2022-12-21;CALLE LUGO 2;37;37274;SALAMANCA;SALAMANCA;37003;SALAMANCA - ZONA 4 - EL ROLLO;923 182045;923 182036;370134;GERENCIA DE SERVICIOS SOCIALES DE CASTILLA Y LEÓN;;ADMINISTRACIÓN AUTONÓMICA;;;INFANCIA (Y JUVENTUD);Residencia;RESIDENCIA DE ACOGIDA;OTROS: 20;40.9663004;-5.6497996;ALFONSO GONZALEZ YAGÜE;40.9663004, -5.6497996
VIVIENDA LUGO B;2025-07-14;CALLE LUGO 19-21 2ºB;37;37274;SALAMANCA;SALAMANCA;37003;SALAMANCA - ZONA 4 - EL ROLLO;923 268371;;370043;ASPRODES - FEAPS SALAMANCA;;ASOCIACIÓN;;;PERSONAS CON DISCAPACIDAD;Vivienda;Personas con disc. física, sensorial, por trastorno del desarrollo intelectual y/o por enfer. mental;OTROS: 6;40.9656803;-5.6490173;ISABEL FUENTES GONZALEZ;40.9656803, -5.6490173
CENTRO OCUPACIONAL EL ARCA (ASPRODES);2026-01-14;AVENIDA LASALLE , 114-116;37;37274;SALAMANCA;SALAMANCA;37008;SALAMANCA - ZONA 2 - CHAMBERÍ - BUENOS AIRES;923 215808;923 214550;370040;ASPRODES - FEAPS SALAMANCA;;ASOCIACIÓN;;;PERSONAS CON DISCAPACIDAD;Centro de día;Personas con discapacidad por trastorno del desarrollo intelectual;OTROS: 115;40.9549246;-5.6832463;;40.9549246, -5.6832463
VIVIENDA PASEO ESTACIÓN I;2024-08-15;PASEO ESTACION 41-43;37;37274;SALAMANCA;SALAMANCA;37003;SALAMANCA - ZONA 6 - GARRIDO SUR;923 186893;;371652;ASPRODES - FEAPS SALAMANCA;;ASOCIACIÓN;asprodes@asprodes.es;;PERSONAS CON DISCAPACIDAD;Vivienda;Personas con discapacidad por trastorno del desarrollo intelectual leve o moderado;DISCAPACIDAD INTELECTUAL: 5;40.9699246;-5.6549105;;40.9699246, -5.6549105
VIVIENDA CUESTA DE LA RAQUETA;2023-10-15;CUESTA RAQUETA 10 2º F;37;37274;SALAMANCA;SALAMANCA;37001;SALAMANCA - ZONA 1 - CENTRO;923 186893;;371675;ASPRODES - FEAPS SALAMANCA;;ASOCIACIÓN;asprodes@asprodes.es;;PERSONAS CON DISCAPACIDAD;Vivienda;Personas con discapacidad por trastorno del desarrollo intelectual leve o moderado;DISCAPACIDAD INTELECTUAL: 2;40.9673137;-5.6586332;M. INMACULADA LORENZO MARTÍN;40.9673137, -5.6586332
"CENTRO DE DIA ""MADRIGAL""";2025-10-14;CALLE LUGO 29-37;37;37274;SALAMANCA;SALAMANCA;37003;SALAMANCA - ZONA 4 - EL ROLLO;923 186989;;370743;ASPRODES - FEAPS SALAMANCA;;ASOCIACIÓN;;;PERSONAS CON DISCAPACIDAD;Centro de día;Personas con discapacidad por trastorno del desarrollo intelectual;OTROS: 60;40.9648779;-5.6485907;ÁNGELA GÓMEZ LLORENTE;40.9648779, -5.6485907
VIVIENDA COMUNEROS III;;AVENIDA COMUNEROS;37;37274;SALAMANCA;SALAMANCA;37003;SALAMANCA - ZONA 4 - EL ROLLO;923 186893;;371734;ASPRODES - FEAPS SALAMANCA;;ASOCIACIÓN;asprodes@asprodes.es;;PERSONAS CON DISCAPACIDAD;Vivienda;Personas con disc. física, sensorial, por trastorno del desarrollo intelectual y/o por enfer. mental;DISCAPACIDAD INTELECTUAL: 4;40.9686089;-5.6529961;;40.9686089, -5.6529961
VIVIENDA MEJICO I;2025-06-14;CALLE MEJICO 9-11. 4ºB;37;37274;SALAMANCA;SALAMANCA;37003;SALAMANCA - ZONA 4 - EL ROLLO;;;370666;ASPRODES - FEAPS SALAMANCA;;ASOCIACIÓN;;;PERSONAS CON DISCAPACIDAD;Vivienda;Personas con discapacidad por trastorno del desarrollo intelectual leve o moderado;OTROS: 6;40.9651613;-5.6557535;Emilia Sanchez Cruz;40.9651613, -5.6557535
VIVIENDA SAN DAMIÁN;2023-07-06;CALLE SAN DAMIAN 2-8 BAJO D;37;37274;SALAMANCA;SALAMANCA;37008;SALAMANCA - ZONA 2 - CHAMBERÍ - BUENOS AIRES;983 186893;;371695;ASPRODES - FEAPS SALAMANCA;;ASOCIACIÓN;asprodes@asprodes.es;;PERSONAS CON DISCAPACIDAD;Vivienda;Personas con discapacidad por trastorno del desarrollo intelectual leve o moderado;DISCAPACIDAD INTELECTUAL: 2;40.9520916;-5.6773742;EMILIA CRUZ SÁNCHEZ;40.9520916, -5.6773742
"VIVIENDA ""COMUNEROS""";2024-10-15;AVENIDA COMUNEROS 44-46 2ºB;37;37274;SALAMANCA;SALAMANCA;37003;SALAMANCA - ZONA 4 - EL ROLLO;923 186893;923 186860;370882;ASPRODES - FEAPS SALAMANCA;;ASOCIACIÓN;;;PERSONAS CON DISCAPACIDAD;Vivienda;Personas con disc. física, sensorial, por trastorno del desarrollo intelectual y/o por enfer. mental;OTROS: 5;40.9686089;-5.6529961;JUAN ANTONIO RECIO MOMPÓ;40.9686089, -5.6529961
VIVIENDA MONLEÓN;;CALLE MONLEON 18 5º A;37;37274;SALAMANCA;SALAMANCA;37004;SALAMANCA - ZONA 5 - GARRIDO NORTE;923 186893;;371696;ASPRODES - FEAPS SALAMANCA;;ASOCIACIÓN;asprodes@asprodes.es;;PERSONAS CON DISCAPACIDAD;Vivienda;Personas con discapacidad por trastorno del desarrollo intelectual leve o moderado;DISCAPACIDAD INTELECTUAL: 3;40.9758441;-5.6493217;;40.9758441, -5.6493217
CENTRO MUNICIPAL DE MAYORES;2020-10-14;AVENIDA CEDROS 43-45;37;37274;SALAMANCA;SALAMANCA;37004;SALAMANCA - ZONA 5 - GARRIDO NORTE;923 279165;;370842;AYUNTAMIENTO DE SALAMANCA;;ADMINISTRACIÓN LOCAL;;;PERSONAS MAYORES;Centro de día;Hogar (Unidad de atención social);;40.9747317;-5.6506423;CLARA MOLINA MARTINEZ;40.9747317, -5.6506423
CLUB DE JUBILADOS;2020-10-14;CALLE RECTOR TOVAR 7;37;37274;SALAMANCA;SALAMANCA;37002;SALAMANCA - ZONA 1 - CENTRO;923 219063;;370141;CAJA DUERO (ANTES CAJA AHORROS SALAMANCA Y SORIA);;CAJAS DE AHORRO;;;PERSONAS MAYORES;Centro de día;Hogar (Unidad de atención social);;40.9681697;-5.6624847;FELICIANO HERNANDEZ SANTOS;40.9681697, -5.6624847
VIVIENDA FREGENEDA;2024-10-25;PASEO ESTACION 71 5º E;37;37274;SALAMANCA;SALAMANCA;37004;SALAMANCA - ZONA 6 - GARRIDO SUR;923 190150;;371419;SALUD MENTAL SALAMANCA-AFEMC;;ASOCIACIÓN;direccion@saludmentalsalamanca.org;;PERSONAS CON DISCAPACIDAD;Vivienda;Personas con discapacidad por enfermedad mental;OTROS: 3;40.970942;-5.6521645;EUSEBIO PÉREZ GARCÍA;40.970942, -5.6521645
VIVIENDA ALFAREROS 2;2024-03-15;CALLE ALFAREROS;37;37274;SALAMANCA;SALAMANCA;37006;SALAMANCA - ZONA 8 - PIZARRALES;923 190150;;371709;SALUD MENTAL SALAMANCA-AFEMC;;ASOCIACIÓN;gestion@saludmentalsalamanca.org;;PERSONAS CON DISCAPACIDAD;Vivienda;Personas con discapacidad por enfermedad mental;DISCAPACIDAD ENFERMEDAD MENTAL: 3;40.9772122;-5.6734343;;40.9772122, -5.6734343
VIVIENDA OLMEDO;2024-03-15;CALLE OLMEDO 2 1º C;37;37274;SALAMANCA;SALAMANCA;37003;SALAMANCA - ZONA 4 - EL ROLLO;923 190150;;371057;SALUD MENTAL SALAMANCA-AFEMC;;ASOCIACIÓN;;;PERSONAS CON DISCAPACIDAD;Vivienda;Personas con discapacidad por enfermedad mental;OTROS: 4;40.9676674;-5.6483974;EUSEBIO PÉREZ GARCÍA;40.9676674, -5.6483974
VIVIENDA ENSEÑANZA;2024-03-13;PLAZA ENSEÑANZA 10 1º;37;37274;SALAMANCA;SALAMANCA;37006;SALAMANCA - ZONA 8 - PIZARRALES;923 190150;;371738;SALUD MENTAL SALAMANCA-AFEMC;;ASOCIACIÓN;gestion@saludmentalsalamanca.org;;PERSONAS CON DISCAPACIDAD;Vivienda;Personas con discapacidad por enfermedad mental;DISCAPACIDAD ENFERMEDAD MENTAL: 3;40.9788602;-5.6741044;;40.9788602, -5.6741044
VIVIENDA LUCERO 1;2024-03-15;CALLE LUCERO 3-5 2º C;37;37274;SALAMANCA;SALAMANCA;37001;SALAMANCA - ZONA 1 - CENTRO;923 190150;;371185;SALUD MENTAL SALAMANCA-AFEMC;;ASOCIACIÓN;direccion@feafessalamanca.org;;PERSONAS CON DISCAPACIDAD;Vivienda;Personas con discapacidad por enfermedad mental;OTROS: 4;40.9617953;-5.6598042;EUSEBIO PEREZ GARCIA;40.9617953, -5.6598042
CENTRO OCUPACIONAL Y ASISTENCIAL ENFERMOS ALZHEIMER;2025-10-17;CALLE MUSICO ANTONIO BACIERO 6-8 BAJO;37;37274;SALAMANCA;SALAMANCA;37003;SALAMANCA - ZONA 4 - EL ROLLO;923 180549;;370019;ASOCIACION FAMILIARES ENFERMOS DE ALZHEIMER - AFA;;ASOCIACIÓN;;;PERSONAS MAYORES;Centro de día;Estancias diurnas para enfermos de Alzheimer;ASISTIDOS: 45;40.96728927850915;-5.644995120876267;ANA IGLESIAS GÓMEZ;40.96728927850915, -5.644995120876267
UNIDAD DE ESTANCIAS DIURNAS BONI MEDIERO;2024-02-02;CALLE MARAGATERIA 31-33;37;37274;SALAMANCA;SALAMANCA;37006;SALAMANCA - ZONA 5 - GARRIDO NORTE;923 282561;923 283830;370493;ASOCIACION FAMILIARES ENFERMOS DE ALZHEIMER - AFA;;ASOCIACIÓN;;;PERSONAS MAYORES;Centro de día;Estancias diurnas para enfermos de Alzheimer;ASISTIDOS: 60;40.98223;-5.66653;ANA IGLESIAS GÓMEZ;40.98223, -5.66653
CENTRO DE DÍA PARA EL APOYO A LA INFANCIA Y ADOLESCENCIA EN RIESGO;2025-02-13;CALLE JULITA RAMOS S/N;37;37274;SALAMANCA;SALAMANCA;37004;SALAMANCA - ZONA 6 - GARRIDO SUR;923 221032;;371799;CRUZ ROJA ESPAÑOLA;;ASOCIACIÓN;salamanca@cruzroja.es;;INFANCIA (Y JUVENTUD);Centro de día;Centro de día;OTROS: 45;40.9775273;-5.6462133;;40.9775273, -5.6462133
RESIDENCIA USERA;2024-11-25;AVENIDA SALAMANCA 259-279;37;37274;SALAMANCA;SALAMANCA;37005;SALAMANCA - ZONA 5 - GARRIDO NORTE;923 240621;;370990;IDEA SERVICIOS DE GESTIÓN ASISTENCIAL, S.L.;;SOCIEDADES;dir.usera@ideainnovacion.com;;PERSONAS MAYORES;Residencia;Para asistidos;ASISTIDOS: 76;40.9758891;-5.668849799999999;José Luis Martínez Álvarez;40.9758891, -5.668849799999999
"RESIDENCIA ""OROPENDOLA""";2010-06-03;CALLE OROPENDOLA 73;37;37274;SALAMANCA;SALAMANCA;37006;SALAMANCA - ZONA 8 - PIZARRALES;923 282188;;370703;ASOCIACIÓN DE PADRES DE PERSONAS CON PARÁLISIS CEREBRAL Y ENCEFALOPATÍAS AFINES  (ASPACE-SALAMANCA);;ASOCIACIÓN;;;PERSONAS CON DISCAPACIDAD;Residencia;Personas con discapacidad por trastorno del desarrollo intelectual;OTROS: 33;40.9799012;-5.6709503;JOSE LUIS SAINZ DE ROZAS BEDIALAUNETA;40.9799012, -5.6709503
HOGAR DE PERSONAS MAYORES DE PIZARRALES;2020-10-14;CARRETERA LEDESMA 60;37;37274;SALAMANCA;SALAMANCA;37006;SALAMANCA - ZONA 8 - PIZARRALES;923 254558;;370051;ASOCIACION DE LA TERCERA EDAD PIZARRALES;;ASOCIACIÓN;;;PERSONAS MAYORES;Centro de día;Hogar (Unidad de atención social);;40.9752621;-5.6734787;MANUEL HERNÁNDEZ SÁNCHEZ;40.9752621, -5.6734787
"CENTRO DE DIA DE PERSONAS CON AUTISMO ""LOS CEDROS""";2023-05-05;CALLE CRISTO DE CABRERA Nº 3-9;37;37274;SALAMANCA;SALAMANCA;37006;SALAMANCA - ZONA 5 - GARRIDO NORTE;923 246010;;371028;ARIADNA - ASOCIACIÓN DE PADRES Y TERAPEUTAS DE PERSONAS CON AUTISMO Y/O TRASTORNOS GENERALIZADOS DEL DESARROLLO;;ASOCIACIÓN;loscedrosdireccion@hotmail.com;;PERSONAS CON DISCAPACIDAD;Centro de día;Personas con discapacidad por trastorno del espectro del autismo;OTROS: 22;40.976177;-5.6778086;Mª ANGELES BELTRAN SANCHEZ;40.976177, -5.6778086
"UNIDAD ESTANCIAS DIURNAS ""LAZARILLO DE TORMES""";2023-05-19;CALLE NICARAGUA Nº 39;37;37274;SALAMANCA;SALAMANCA;37003;SALAMANCA - ZONA 4 - EL ROLLO;923 123917;;370584;F. SANCHO ELICES, S.L.U;;SOCIEDADES;;;PERSONAS MAYORES;Centro de día;Estancias diurnas;ASISTIDOS: 59;40.9679693;-5.6528078;Francisca Sancho Elices;40.9679693, -5.6528078
SANITAS RESIDENCIAL MEVEFARES;2023-02-01;CALLE JAMAICA 1;37;37274;SALAMANCA;SALAMANCA;37003;SALAMANCA - ZONA 4 - EL ROLLO;923 186940;;370833;SANITAS MAYORES, S. L.;;SOCIEDADES;ssp@sanitas.es;;PERSONAS MAYORES;Residencia;Para asistidos;ASISTIDOS: 75;40.9706887;-5.6438378;ENRIQUE CEZÓN PRIETO;40.9706887, -5.6438378
RESIDENCIA MADRE DE LA VERACRUZ;2025-07-23;AVENIDA RAIMUNDO DE BORGOÑA 36;37;37274;SALAMANCA;SALAMANCA;37005;SALAMANCA - ZONA 5 - GARRIDO NORTE;923 283304;;371087;MADRE DE LA VERACRUZ, C.B.;FUNDACIÓN ALIADOS POR LA INTEGRACIÓN;INSTITUCIONES, ÓRDENES, CONGREGACIONES RELIGIOSAS Y SIMILARES;ricardo.lazaro@fundacionaliados.org;;PERSONAS MAYORES;Residencia;Para asistidos;ASISTIDOS: 118;40.977956153561685;-5.662906722027956;RICARDO LAZARO CORTES;40.977956153561685, -5.662906722027956
COLISEE LA VEGA;2024-10-10;AVENIDA PADRE IGNACIO ELLACURIA , S/N;37;37274;SALAMANCA;SALAMANCA;37008;SALAMANCA - ZONA 2 - CHAMBERÍ - BUENOS AIRES;923 194266;;370830;LA SALETA CARE S.L.;;SOCIEDADES;pfonseca@colisee.es;;PERSONAS MAYORES;Residencia;Para asistidos;ASISTIDOS: 234;40.9581885;-5.682283;ANGÉLICA HIDALGO GARCÍA;40.9581885, -5.682283
"CENTRO DE DIA PARA PERSONAS CON DISCAPACIDAD PSÍQUICA GRAVE "" EL CUETO""";2025-10-14;AVENIDA CONSTITUCION S/N.A. CONSTITUCIÓN/ CAMINO DE CARBAJOSA, S/N.;37;37294;SALAMANCA;SANTA MARTA DE TORMES;37900;LAS VILLAS - SANTA MARTA DE TORMES;923 200325;;370826;ASPRODES - FEAPS SALAMANCA;;ASOCIACIÓN;;;PERSONAS CON DISCAPACIDAD;Centro de día;Personas con discapacidad por trastorno del desarrollo intelectual;OTROS: 20;;;MERCEDES VILLANUEVA MARTÍNEZ;
VIVIENDA EL CUETO II;2025-02-14;CALLE CONSTITUCION 5;37;37294;SALAMANCA;SANTA MARTA DE TORMES;37900;LAS VILLAS - SANTA MARTA DE TORMES;923 186893;;371731;ASPRODES - FEAPS SALAMANCA;;ASOCIACIÓN;asprodes@asprodes.es;;PERSONAS CON DISCAPACIDAD;Vivienda;Personas con discapacidad por trastorno del desarrollo intelectual leve o moderado;DISCAPACIDAD INTELECTUAL: 6;;;;
CENTRO DE DIA  EL TELAR;2025-11-14;CALLE HERMANOS GRIMM S/N;37;37294;SALAMANCA;SANTA MARTA DE TORMES;37900;LAS VILLAS - SANTA MARTA DE TORMES;923 138529;;370808;ASPRODES - FEAPS SALAMANCA;;ASOCIACIÓN;;;PERSONAS CON DISCAPACIDAD;Centro de día;Personas con discapacidad por trastorno del desarrollo intelectual;OTROS: 100;40.9479997;-5.6191728;MERCEDES VILLANUEVA MARTÍNEZ;40.9479997, -5.6191728
CASA HOGAR TERESA DE JESUS;2021-06-30;CARRETERA MADRID 80;37;37294;SALAMANCA;SANTA MARTA DE TORMES;37900;LAS VILLAS - SANTA MARTA DE TORMES;923 201096;923 201096;370143;CARMELITAS TERESAS DE SAN JOSÉ;;INSTITUCIONES, ÓRDENES, CONGREGACIONES RELIGIOSAS Y SIMILARES;;;INFANCIA (Y JUVENTUD);Vivienda;Hogar de acogida;OTROS: 10;40.9500083;-5.6239443;Mª NIEVES MARTÍNEZ MORALES;40.9500083, -5.6239443
COLISEE SANTA MARTA;2023-03-08;CARRETERA MADRID KM 207;37;37294;SALAMANCA;SANTA MARTA DE TORMES;37900;LAS VILLAS - SANTA MARTA DE TORMES;923 131055;;370142;LA SALETA CARE S.L.;;SOCIEDADES;dsantamarta@colisee.es;;PERSONAS MAYORES;Residencia;Para asistidos;ASISTIDOS: 194;40.9495128;-5.6396464;MANUEL HERRERO TORANZO;40.9495128, -5.6396464
RESIDENCIA CRUZ BENDITA;2026-03-04;CALLE LARGA 9-11;37;37303;SALAMANCA;SAHUGO;37510;CIUDAD RODRIGO II;923 487346;;370685;AYUNTAMIENTO DE EL SAHUGO;;ADMINISTRACIÓN LOCAL;;;PERSONAS MAYORES;Residencia;Para asistidos;ASISTIDOS: 26;40.41513;-6.54266;GEMMA ÁVILA SÁNCHEZ;40.41513, -6.54266
RESIDENCIA SAN ANTONIO DE PADUA;2024-02-09;PLAZA BONIFACIO SANCHEZ Nº 3;37;37310;SALAMANCA;SIETEIGLESIAS DE TORMES;37892;ALBA DE TORMES;923 371276;;370572;RESIDENCIA MASARO S.L.;;SOCIEDADES;oscarmaide@msn.com;;PERSONAS MAYORES;Residencia;Para asistidos;ASISTIDOS: 23;;;OSCAR MAIDE SÁNCHEZ;
VIVIENDA TAMAMES I;;CALLE FLORIDA 17;37;37316;SALAMANCA;TAMAMES;37600;TAMAMES;923 449325;;371650;ASPRODES - FEAPS SALAMANCA;;ASOCIACIÓN;asprodes@asprodes.es;;PERSONAS CON DISCAPACIDAD;Vivienda;Personas con discapacidad por trastorno del desarrollo intelectual leve o moderado;DISCAPACIDAD INTELECTUAL: 7;40.6590823;-6.1103635;;40.6590823, -6.1103635
VIVIENDA TAMAMES II;2021-10-15;AVENIDA SALAMANCA 100;37;37316;SALAMANCA;TAMAMES;37600;TAMAMES;923 186893;;371571;ASPRODES - FEAPS SALAMANCA;;ASOCIACIÓN;asprodes@asprodes.es;;PERSONAS CON DISCAPACIDAD;Vivienda;Personas con discapacidad por trastorno del desarrollo intelectual leve o moderado;OTROS: 5;40.6568385;-6.105688799999999;.;40.6568385, -6.105688799999999
CENTRO OCUPACIONALPARA PERSONAS CON DISCAPACIDAD  PSÍQUICA  TAMAMES;2025-02-26;"CALLE ROLDAN 8-10 POLIG. INDUSTRIAL"" LAS NAVAS""";37;37316;SALAMANCA;TAMAMES;37600;TAMAMES;923 449905;;370865;AYUNTAMIENTO DE TAMAMES;ASPRODES - FEAPS SALAMANCA;ADMINISTRACIÓN LOCAL;;;PERSONAS CON DISCAPACIDAD;Centro de día;Personas con discapacidad por enfermedad mental, Personas con discapacidad por trastorno del desarrollo intelectual;OTROS: 30, OTROS: 20;;;SILVIA HERNÁNDEZ CHAMORRO;
"RESIDENCIA ""CRISTO DEL AMPARO""";2021-07-12;PLAZA FERIAL S/N;37;37316;SALAMANCA;TAMAMES;37600;TAMAMES;923 449430;;370602;AYUNTAMIENTO DE TAMAMES;MACAVEL ATENCIONES INTEGRALES, S.L.;ADMINISTRACIÓN LOCAL;;;PERSONAS MAYORES;Residencia;Para asistidos;ASISTIDOS: 20;40.6558685;-6.1064245;Elena Sánchez García;40.6558685, -6.1064245
VIVIENDA PARA PERSONAS MAYORES LUIS GONZALEZ HUERTOS;2022-02-03;CALLE UNAMUNO S/N;37;37330;SALAMANCA;VALDECARROS;37881;ALBA DE TORMES;923 383230;;370079;FUNDACION BENEFICO ASISTENCIAL R. LUIS GONZALEZ HUERTOS;;FUNDACIÓN;;;PERSONAS MAYORES;Residencia;Para asistidos;ASISTIDOS: 15;40.7717076;-5.4215397;ANTONIA GARCÍA MATEOS;40.7717076, -5.4215397
RESIDENCIA CIBELES;2024-06-18;CARRETERA LEDESMA KM. 3;37;37354;SALAMANCA;VILLAMAYOR;37185;SALAMANCA RURAL - NORTE;923 289760;;370109;HOSTELERA DEL OLMO, S.L.;;SOCIEDADES;info@cibelesresidencia.com;;PERSONAS MAYORES;Residencia;Para asistidos;ASISTIDOS: 123;;;ELSA KRAMER SÁNCHEZ;
"NUEVA VIVIENDA ""ARALUZ V5""";2012-09-21;CALLE TRAVIESA 19-21 BAJO C;37;37354;SALAMANCA;VILLAMAYOR;37185;SALAMANCA RURAL - NORTE;923 289585;923 289559;370943;ASOCIACIÓN DE PADRES DE PERSONAS CON PARÁLISIS CEREBRAL Y ENCEFALOPATÍAS AFINES  (ASPACE-SALAMANCA);;ASOCIACIÓN;aspacesa@telefonica.net;;PERSONAS CON DISCAPACIDAD;Vivienda;Personas con disc. física, sensorial, por trastorno del desarrollo intelectual y/o por enfer. mental;OTROS: 6;41.0003685;-5.6960999;ENRIQUE DACOSTA GENICIO;41.0003685, -5.6960999
VIVIENDA ARALUZ V3;2024-12-14;CAMINO ALTO A LOS VILLARES SECTOR 7;37;37354;SALAMANCA;VILLAMAYOR;37185;SALAMANCA RURAL - NORTE;923 289585;;371454;ASOCIACIÓN DE PADRES DE PERSONAS CON PARÁLISIS CEREBRAL Y ENCEFALOPATÍAS AFINES  (ASPACE-SALAMANCA);;ASOCIACIÓN;gerencia@aspacesalamanca.org;;PERSONAS CON DISCAPACIDAD;Vivienda;Personas con disc. física, sensorial, por trastorno del desarrollo intelectual y/o por enfer. mental;OTROS: 8;40.9994763;-5.687161;.;40.9994763, -5.687161
RESIDENCIA PERSONAS MAYORES VIRGEN DE LOS CABALLEROS;2026-03-09;CALLE CONEJAL 15;37;37373;SALAMANCA;VILLAVIEJA DE YELTES;37260;VITIGUDINO;923 519490;;370015;FUNDACIÓN BENÉFICA VIRGEN DE LOS CABALLEROS;;FUNDACIÓN;caballerosfundacion@gmail.com;;PERSONAS MAYORES;Residencia;Para asistidos;ASISTIDOS: 30;40.8733706;-6.4651432;Mª BELÉN SÁNCHEZ GARCÍA;40.8733706, -6.4651432
CENTRO RESIDENCIAL DE ATENCIÓN A PERSONAS CON DISCAPACIDAD INTELECTUAL DE VITIGUDINO;2025-02-26;PASEO SOCORRO 4;37;37376;SALAMANCA;VITIGUDINO;37210;VITIGUDINO;000 000001;;370883;GERENCIA DE SERVICIOS SOCIALES DE CASTILLA Y LEÓN;ASPRODES - FEAPS SALAMANCA;ADMINISTRACIÓN AUTONÓMICA;;;PERSONAS CON DISCAPACIDAD;Residencia;Personas con discapacidad por trastorno del desarrollo intelectual;OTROS: 13;41.0052213;-6.436528099999999;ROCÍO TORRES VILLORIA;41.0052213, -6.436528099999999
CENTRO DE  DÍA PARA ATENCIÓN A PERSONAS CON DISCAPACIDAD INTELECTUAL DE VITIGUDINO;2025-02-26;PASEO SOCORRO 4;37;37376;SALAMANCA;VITIGUDINO;37210;VITIGUDINO;000 000000;;370884;GERENCIA DE SERVICIOS SOCIALES DE CASTILLA Y LEÓN;ASPRODES - FEAPS SALAMANCA;ADMINISTRACIÓN AUTONÓMICA;;;PERSONAS CON DISCAPACIDAD;Centro de día;Personas con discapacidad por trastorno del desarrollo intelectual;OTROS: 15;41.0052213;-6.436528099999999;ROCÍO TORRES VILLORIA;41.0052213, -6.436528099999999
CENTRO OCUPACIONAL ARRIBES;2025-04-14;POLIGONO INDUSTRIAL Nº 4;37;37376;SALAMANCA;VITIGUDINO;37210;VITIGUDINO;923 186893;;370860;ASPRODES - FEAPS SALAMANCA;;ASOCIACIÓN;;;PERSONAS CON DISCAPACIDAD;Centro de día;Personas con discapacidad por trastorno del desarrollo intelectual;OTROS: 20;;;ROCÍO TORRES VILLORIA;
"VIVIENDA ""LILA II""";2025-02-14;CALLE AMPARO 11, 1º;37;37376;SALAMANCA;VITIGUDINO;37210;VITIGUDINO;923 528141;;371431;ASPRODES - FEAPS SALAMANCA;;ASOCIACIÓN;residenciavitigudino@asprodes.es;;PERSONAS CON DISCAPACIDAD;Vivienda;Personas con discapacidad por trastorno del desarrollo intelectual leve o moderado;OTROS: 8;41.0084761;-6.4367341;Mª Inmaculada Lorenzo Martín;41.0084761, -6.4367341
VIVIENDA LABRADORES I;2023-10-18;CALLE LABRADORES 17;37;37376;SALAMANCA;VITIGUDINO;37210;VITIGUDINO;923 528141;923 528157;371021;SALARCA SOCIEDAD COOPERATIVA DE INICIATIVA SOCIAL;FUNDACIÓN ASPRODES INCLUSIÓN;SOCIEDADES;direccionvitigudino@asprodes.es;;PERSONAS CON DISCAPACIDAD;Vivienda;Personas con disc. física, sensorial, por trastorno del desarrollo intelectual y/o por enfer. mental;OTROS: 8;;;JUAN ANTONIO RECIO MOMPÓ;
VIVIENDA LABRADORES II;2023-10-18;CALLE LABRADORES 19;37;37376;SALAMANCA;VITIGUDINO;37210;VITIGUDINO;923 528141;923 528157;371022;SALARCA SOCIEDAD COOPERATIVA DE INICIATIVA SOCIAL;FUNDACIÓN ASPRODES INCLUSIÓN;SOCIEDADES;direccionvitigudino@asprodes.es;;PERSONAS CON DISCAPACIDAD;Vivienda;Personas con discapacidad por enfermedad mental, Personas con disc. física, sensorial, por trastorno del desarrollo intelectual y/o por enfer. mental;OTROS: 4;;;JUAN ANTONIO RECIO MOMPÓ;
"RESIDENCIA DE MAYORES ""SAN MIGUEL""";2025-12-30;CALLE CARCEL S/N;37;37382;SALAMANCA;ZORITA DE LA FRONTERA;37408;PEÑARANDA DE BRACAMONTE;923 533183;;370857;AYUNTAMIENTO DE ZORITA DE LA FRONTERA;S&B ASOCIADOS SERVICIO DEPENDENCIA 2015, S.L.;ADMINISTRACIÓN LOCAL;sbasociadosjyp@hotmail.com;;PERSONAS MAYORES;Residencia;Para asistidos;ASISTIDOS: 8;41.0134913;-5.19802;PILAR SÁNCHEZ HERRERA;41.0134913, -5.19802
UNIDAD DE ESTANCIAS DIURNA  SANCTI SPIRITUS;2025-02-21;PLAZA HOSPITAL 5;40;40024;SEGOVIA;AYLLON;40520;RIAZA - AYLLÓN;921 553563;;400165;AYUNTAMIENTO DE AYLLON;;ADMINISTRACIÓN LOCAL;residenciadeancianos@ayllon.es;;PERSONAS MAYORES;Centro de día;Estancias diurnas;ASISTIDOS: 15;41.4191495;-3.3783067;MIGUEL GÓMEZ ARNANZ;41.4191495, -3.3783067
CENTRO DE  DIA PARA PERSONAS  MAYORES;2023-03-03;CALLE SAN ANTONIO 1;40;40039;SEGOVIA;CAMPO DE SAN PEDRO;40551;RIAZA - AYLLÓN;921 556000;;400513;AYUNTAMIENTO DE CAMPO DE SAN PEDRO;;ADMINISTRACIÓN LOCAL;aytocamposp@hotmail.com;;PERSONAS MAYORES;Centro de día;Hogar (Unidad de atención social);;41.42984999999999;-3.54878;DIEGO LOPEZ BAYO;41.42984999999999, -3.54878
VIVIENDA APOYADA CANTALEJO;2024-12-03;CALLE PINOS (LOS) 1 BLOQUE 5 2A;40;40040;SEGOVIA;CANTALEJO;40320;CANTALEJO - FUENTESAUCO DE FUENTIDUEÑA;921 431608;;400773;ASOCIACIÓN AMANECER-SALUD MENTAL SEGOVIA;;ASOCIACIÓN;segovia@asociacionamanecer.org;;PERSONAS CON DISCAPACIDAD;Vivienda;Personas con discapacidad por enfermedad mental;DISCAPACIDAD ENFERMEDAD MENTAL: 4;;;;
RESIDENCIA DE PERSONAS MAYORES GRUPO HIMEROL;2024-05-08;CALLE NUEVA 4;40;40041;SEGOVIA;CANTIMPALOS;40360;CARBONERO EL MAYOR-TUREGANO;677 420657;;400149;RESIDENCIAL HIMEROL, S.L.;;SOCIEDADES;olganatalia2010@gmail.com;;PERSONAS MAYORES;Residencia;Para asistidos;ASISTIDOS: 60;41.0743832;-4.1591875;Mª MERCEDES CALVO TEJEDOR;41.0743832, -4.1591875
CENTRO DE DIA PARA PERSONAS MAYORES DE CARBONERO EL MAYOR;2020-10-14;CARRETERA VALLADOLID KM 115;40;40043;SEGOVIA;CARBONERO EL MAYOR;40270;CARBONERO EL MAYOR-TUREGANO;921 560749;;400055;GERENCIA DE SERVICIOS SOCIALES DE CASTILLA Y LEÓN;;ADMINISTRACIÓN AUTONÓMICA;;;PERSONAS MAYORES;Centro de día;Hogar (Unidad de atención social);;41.1268839;-4.2686868;;41.1268839, -4.2686868
UNIDAD DE ESTANCIA DIURNA VIRGEN DEL BUSTAR;2023-10-26;PASEO CAÑADA S/N;40;40043;SEGOVIA;CARBONERO EL MAYOR;40270;CARBONERO EL MAYOR-TUREGANO;921 561945;921 560252;400164;AYUNTAMIENTO DE CARBONERO EL MAYOR;SENIOR SERVICIOS INTEGRALES, S.A.;ADMINISTRACIÓN LOCAL;mlmanso@senior.eus;;PERSONAS MAYORES;Centro de día;Estancias diurnas;ASISTIDOS: 20;41.1172425;-4.2635;Mª LUISA MANSO MAYO;41.1172425, -4.2635
"RESIDENCIA DE PERSONAS MAYORES ""VIRGEN DEL BUSTAR""";2022-02-14;PASEO CAÑADA S/N;40;40043;SEGOVIA;CARBONERO EL MAYOR;40270;CARBONERO EL MAYOR-TUREGANO;921 561945;921 560252;400163;AYUNTAMIENTO DE CARBONERO EL MAYOR;SENIOR SERVICIOS INTEGRALES, S.A.;ADMINISTRACIÓN LOCAL;mlmanso@senior.eus/carbonero@carboneroelmayor.net;;PERSONAS MAYORES;Residencia;Para asistidos;ASISTIDOS: 90;41.116074;-4.2629986;MARIA LUISA MANSO MAYO;41.116074, -4.2629986
"RESIDENCIA DE PERSONAS MAYORES ""EL MIRADOR""";2023-03-03;CALLE JUAN PABLO II, Nº 48;40;40057;SEGOVIA;COCA;40480;COCA - NAVA DE LA ASUNCIÓN;921 586407;921 586407;400304;AYUNTAMIENTO DE COCA;RESIDENCIA SERGECO S.L.;ADMINISTRACIÓN LOCAL;luzgeriatrica@hotmail.com;;PERSONAS MAYORES;Residencia;Para asistidos;ASISTIDOS: 39;41.2197176;-4.5201667;ELENA CATALINA GARCIA;41.2197176, -4.5201667
UNIDAD DE ESTANCIAS DIURNAS DEL CENTRO DE DÍA PERSONAS MAYORES DE CUELLAR;2026-02-03;CALLE MODESTO FRAILE 11;40;40063;SEGOVIA;CUELLAR;40200;CUÉLLAR;621 140106;;400087;GERENCIA DE SERVICIOS SOCIALES DE CASTILLA Y LEÓN;SANIVIDA, S.L;ADMINISTRACIÓN AUTONÓMICA;;;PERSONAS MAYORES;Centro de día;Estancias diurnas;ASISTIDOS: 16;41.40259829104106;-4.311647493481823;CARIDAD GARCIA DE LA INFANTA;41.40259829104106, -4.311647493481823
PISO CAMILO JOSE CELA Nº 49;2021-03-09;AVENIDA CAMILO JOSE CELA 49-3ºA;40;40063;SEGOVIA;CUELLAR;40200;CUÉLLAR;921 141443;921 141443;400021;FUNDACIÓN PERSONAS;;FUNDACIÓN;ignacio.matesanz@fundacionpersonas.es;;PERSONAS CON DISCAPACIDAD;Vivienda;Personas con disc. física, sensorial, por trastorno del desarrollo intelectual y/o por enfer. mental;OTROS: 6;41.3973583;-4.3081373;MARTA MADROÑO CALVO;41.3973583, -4.3081373
PISO CAMILO JOSE CELA Nº 28;2021-03-09;AVENIDA CAMILO JOSE CELA 28 -1ºC;40;40063;SEGOVIA;CUELLAR;40200;CUÉLLAR;921 141443;;400022;FUNDACIÓN PERSONAS;;FUNDACIÓN;ignacio.matesanz@fundacionpersonas.es;;PERSONAS CON DISCAPACIDAD;Vivienda;Personas con disc. física, sensorial, por trastorno del desarrollo intelectual y/o por enfer. mental;OTROS: 6;41.4007686;-4.3111409;MARTA MADROÑO CALVO;41.4007686, -4.3111409
"RESIDENCIA ""MAR DE PINARES""";2025-08-14;CALLE ACEÑA (LA) 2;40;40063;SEGOVIA;CUELLAR;40200;CUÉLLAR;921 145075;921 677782619;400405;FUNDACIÓN PERSONAS;;FUNDACIÓN;jesusdaniel.martin@fundacionpersonas.es;;PERSONAS CON DISCAPACIDAD;Residencia;Personas con discapacidad por trastorno del desarrollo intelectual;OTROS: 22;;;MARTA MADROÑO CALVO;
"CENTRO DE DIA ""MAR DE PINARES""";2025-06-14;CALLE ACEÑA (LA) 2;40;40063;SEGOVIA;CUELLAR;40200;CUÉLLAR;921 424570;921 422184;400406;FUNDACIÓN PERSONAS;;FUNDACIÓN;ignacio.matesanz@fundacionpersonas.es;;PERSONAS CON DISCAPACIDAD;Centro de día;Personas con discapacidad por trastorno del desarrollo intelectual;OTROS: 30;41.4025097;-4.316654;MARTA MADROÑO CALVO;41.4025097, -4.316654
CENTRO DE DIA PARA PERSONAS MAYORES EL ESPINAR;2022-11-07;PLAZA ESPAÑA, Nº 14;40;40076;SEGOVIA;ESPINAR (EL);40400;EL ESPINAR - VILLACASTÍN;921 182155;;400053;GERENCIA DE SERVICIOS SOCIALES DE CASTILLA Y LEÓN;;ADMINISTRACIÓN AUTONÓMICA;;;PERSONAS MAYORES;Centro de día;Hogar (Unidad de atención social);;40.7299993;-4.2230836;;40.7299993, -4.2230836
"RESIDENCIA DE PERSONAS MAYORES ""EL SOTILLO""";2024-04-26;AVENIDA SOTILLO (EL) 25;40;40112;SEGOVIA;LASTRILLA (LA);40196;SEGOVIA RURAL;921 434961;921 921427814;400072;CÁRITAS DIOCESANA DE SEGOVIA;;INSTITUCIONES, ÓRDENES, CONGREGACIONES RELIGIOSAS Y SIMILARES;caritas@caritassegovia.es;;PERSONAS MAYORES;Residencia;Para asistidos;ASISTIDOS: 108;;;ELENA VALLEJO DE LA MATA;
RESIDENCIA ATENCIÓN DISCAPACITADOS PSÍQUICOS GRAVEMENTE AFECTADOS;2025-01-14;AVENIDA SOTILLO (EL) 29;40;40112;SEGOVIA;LASTRILLA (LA);40196;SEGOVIA RURAL;921 424570;921 422184;400075;FUNDACIÓN PERSONAS;;FUNDACIÓN;;;PERSONAS CON DISCAPACIDAD;Residencia;Personas con discapacidad por trastorno del desarrollo intelectual;OTROS: 18;40.962442;-4.0940643;JOSE IGNACIO MATESANZ DE FRUTOS;40.962442, -4.0940643
RESIDENCIA EL SOTILLO;2025-09-14;AVENIDA SOTILLO (EL) 29;40;40112;SEGOVIA;LASTRILLA (LA);40196;SEGOVIA RURAL;921 436862;;400018;FUNDACIÓN PERSONAS;;FUNDACIÓN;jesusdaniel.martin@fundacionpersonas.es;;PERSONAS CON DISCAPACIDAD;Residencia;Personas con discapacidad por trastorno del desarrollo intelectual;OTROS: 100;;;JOSE IGNACIO MATESANZ DE FRUTOS;
CENTRO DE JUBILADOS PURISIMA CONCEPCION;2020-10-14;CALLE ERAS S/N.;40;40125;SEGOVIA;MATILLA (LA);40175;SEPULVEDA - PEDRAZA;921 533857;;400047;ASOCIACION JUBILADOS PURISIMA CONCEPCION;;ASOCIACIÓN;;;PERSONAS MAYORES;Centro de día;Hogar (Unidad de atención social);;41.1911325;-3.79569;;41.1911325, -3.79569
UNIDAD DE ESTANCIA DIURNA NTRA. SRA. DE RODELGA;2021-09-30;CALLE ESCOBAR 28;40;40134;SEGOVIA;MOZONCILLO;40250;CARBONERO EL MAYOR-TUREGANO;921 577098;;400490;FUNDACION LAS ERAS;LAS ERAS DEL AREVALILLO S.L.;FUNDACIÓN;centroresidenciallaseras@gmail.com;;PERSONAS MAYORES;Centro de día;Estancias diurnas;ASISTIDOS: 5;41.1440817;-4.1847196;DIANA BERNABÉ HERRANZ;41.1440817, -4.1847196
RESIDENCIA DE PERSONAS MAYORES NTRA. CASA LA GRANDE;2023-11-21;CALLE LARGA 3;40;40143;SEGOVIA;NAVARES DE EN MEDIO;40532;SEPULVEDA - PEDRAZA;921 532051;921 532142;400029;ASOCIACION  NUESTRA CASA LA GRANDE;;ASOCIACIÓN;residencianavares@telefonica.net;;PERSONAS MAYORES;Residencia;Para asistidos;ASISTIDOS: 37;41.3808477;-3.721316799999999;MARÍA CRISTÓBAL GUTIÉRREZ;41.3808477, -3.721316799999999
RESIDENCIA DE PERSONAS MAYORES SAN ANTONIO DE PADUA;2023-03-10;CALLE ABROJAL 6;40;40145;SEGOVIA;NAVAS DE ORO;40470;CUÉLLAR;921 591304;;400062;ASOCIACION SOCIAL SAN ANTONIO DE PADUA;RESIDENCIA SERGECO S.L.;ASOCIACIÓN;luzgeriatrica@hotmail.com;;PERSONAS MAYORES;Residencia;Para asistidos;ASISTIDOS: 40;41.199494;-4.4425493;SANDRA ESCUDERO VELASCO;41.199494, -4.4425493
CENTRO DE DIA PARA PERSONAS MAYORES;2020-10-14;CALLE RONDA DEL MEDIODIA 5;40;40145;SEGOVIA;NAVAS DE ORO;40470;CUÉLLAR;921 591000;;400205;AYUNTAMIENTO DE NAVAS DE ORO;;ADMINISTRACIÓN LOCAL;;;PERSONAS MAYORES;Centro de día;Hogar (Unidad de atención social);;41.1945849;-4.4360654;JOSÉ VILLACORTA PURAS;41.1945849, -4.4360654
CENTRO DE DIA DE NAVAS DE SAN ANTONIO;2020-10-14;CALLE MAYOR 14;40;40146;SEGOVIA;NAVAS DE SAN ANTONIO;40408;EL ESPINAR - VILLACASTÍN;921 193029;921 193030;400426;AYUNTAMIENTO DE NAVAS DE SAN ANTONIO;;ADMINISTRACIÓN LOCAL;;;PERSONAS MAYORES;Centro de día;Hogar (Unidad de atención social);;40.7611081;-4.3296156;LUIS MIGUEL PEREZ AYUSO;40.7611081, -4.3296156
"RESIDENCIA PARA PERSONAS MAYORES ""PRADENA SALUD""";2023-09-05;CALLE ENEBRAL S/N;40;40162;SEGOVIA;PRADENA;40165;SAN ILDEFONSO;921 507385;921 507238;400143;MIAL, S. L.;;SOCIEDADES;sara@pradenasalud.com;;PERSONAS MAYORES;Residencia;Para asistidos;ASISTIDOS: 99;41.1353677;-3.6918917;SARA GOMEZ YAGUE;41.1353677, -3.6918917
"UNIDAD DE ESTANCIAS DIURNAS ""PRADENA SALUD""";2023-09-05;CALLE FERIAL 14;40;40162;SEGOVIA;PRADENA;40165;SAN ILDEFONSO;921 507385;921 507238;400179;MIAL, S. L.;;SOCIEDADES;recepcion@pradenasalud.com;;PERSONAS MAYORES;Centro de día;Estancias diurnas;ASISTIDOS: 11;41.1359428;-3.6902562;SARA GÓMEZ YAGÜE;41.1359428, -3.6902562
RESIDENCIA LAS VIÑAS;2025-04-21;CARRETERA CUELLAR, S/N;40;40164;SEGOVIA;RAPARIEGOS;40466;COCA - NAVA DE LA ASUNCIÓN;920 309720;920 686558123;400103;RESIDENCIA GERIATRICA LAS VIÑAS S.L.;;SOCIEDADES;info@residencialasvinas.es;;PERSONAS MAYORES;Residencia;Para asistidos;ASISTIDOS: 37;;;FLOR PEREZ MARTIN;
RESIDENCIA DE PERSONAS MAYORES ROVIRA TARAZONA;2021-03-08;CARRETERA RIOFRIO S/N;40;40170;SEGOVIA;RIAZA;40500;RIAZA - AYLLÓN;921 550389;;400042;FUNDACION RESIDENCIA DE ANCIANOS ROVIRA TARAZONA;;FUNDACIÓN;direccion@residenciariaza.org;;PERSONAS MAYORES;Residencia;Mixta para válidos y asistidos;VÁLIDOS: 10, ASISTIDOS: 86;41.268042;-3.4764775;JOSE ENCINAS HERRERO;41.268042, -3.4764775
RESIDENCIA PARA PERSONAS MAYORES DE SACRAMENIA;2025-06-12;CAMINO LAGUNA DE CONTRERAS , S/N;40;40174;SEGOVIA;SACRAMENIA;40237;CANTALEJO - FUENTESAUCO DE FUENTIDUEÑA;921 527582;921 647681345;400366;AYUNTAMIENTO DE SACRAMENIA;EXCELLENCE INNOVA CYF, S.L.;ADMINISTRACIÓN LOCAL;info@excellence-innova.com;;PERSONAS MAYORES;Residencia;Para asistidos;ASISTIDOS: 46;41.4917392;-3.9640179;MONICA FERNANDEZ NANCLARES;41.4917392, -3.9640179
RESIDENCIA  NUESTRA SEÑORA VIRGEN DEL ROSARIO;2023-03-03;CALLE CEBADA Nº 1;40;40179;SEGOVIA;SANCHONUÑO;40297;CUÉLLAR;921 160093;;400161;RESIDENCIA SERGECO S.L.;;SOCIEDADES;virgendelrosario_sg@hotmail.com;;PERSONAS MAYORES;Residencia;Para asistidos;ASISTIDOS: 41;41.3278157;-4.3029686;MARIA TERESA MATEO FRIAS;41.3278157, -4.3029686
RESIDENCIA SANTA MARIA;2024-10-16;CALLE MAYOR 30;40;40185;SEGOVIA;SANTA MARIA LA REAL DE NIEVA;40440;COCA - NAVA DE LA ASUNCIÓN;921 594029;;400006;EUROPEA DE GESTIÓN RESIDENCIAL, S.L.;;SOCIEDADES;maruxamare@hotmail.com;;PERSONAS MAYORES;Residencia;Mixta para válidos y asistidos;ASISTIDOS: 76, VÁLIDOS: 3;41.070612;-4.4086184;MARUXA LOPEZ OTERO;41.070612, -4.4086184
UNIDAD DE ESTANCIAS DIURNAS DE LA RESIDENCIA DE PERSONAS MAYORES;2025-05-20;CALLE 3 DE ABRIL Nº 9;40;40194;SEGOVIA;SEGOVIA;40002;SEGOVIA - ZONA II;921 431752;;400090;GERENCIA DE SERVICIOS SOCIALES DE CASTILLA Y LEÓN;SANIVIDA, S.L;ADMINISTRACIÓN AUTONÓMICA;;;PERSONAS MAYORES;Centro de día;Estancias diurnas;ASISTIDOS: 32;40.9441535;-4.134065;MIGUEL A. MARQUES DEL POZO;40.9441535, -4.134065
RESIDENCIA DE PERSONAS MAYORES (SAN LORENZO);2025-06-16;CARRETERA VALLADOLID 10;40;40194;SEGOVIA;SEGOVIA;40003;SEGOVIA - ZONA II;921 436061;921 921442784;400057;GERENCIA DE SERVICIOS SOCIALES DE CASTILLA Y LEÓN;;ADMINISTRACIÓN AUTONÓMICA;;;PERSONAS MAYORES;Residencia;Para asistidos;ASISTIDOS: 144;40.959487467127815;-4.107053856251827;BEATRIZ CABRERA FADRIQUE;40.959487467127815, -4.107053856251827
COMEDOR SOCIAL CASA DE LA TIERRA;2025-11-05;CALLE TENIENTE OCHOA (DEL) 6;40;40194;SEGOVIA;SEGOVIA;40002;SEGOVIA - ZONA I;921 463764;;400001;GERENCIA DE SERVICIOS SOCIALES DE CASTILLA Y LEÓN;;ADMINISTRACIÓN AUTONÓMICA;;;;;;;;;;
CENTRO DE DIA PARA PERSONAS MAYORES CENTRO-SEGOVIA;2022-12-21;CALLE DOMINGO DE SOTO 3;40;40194;SEGOVIA;SEGOVIA;40001;SEGOVIA - ZONA I;921 462044;;400050;GERENCIA DE SERVICIOS SOCIALES DE CASTILLA Y LEÓN;;ADMINISTRACIÓN AUTONÓMICA;;;PERSONAS MAYORES;Centro de día;Hogar (Unidad de atención social);;40.949479;-4.1199354;;40.949479, -4.1199354
CENTRO DE DIA PARA PERSONAS MAYORES - RESIDENCIA DE PERSONAS MAYORES (SAN LORENZO);2024-04-17;CARRETERA VALLADOLID 10;40;40194;SEGOVIA;SEGOVIA;40003;SEGOVIA - ZONA II;921 436061;;400051;GERENCIA DE SERVICIOS SOCIALES DE CASTILLA Y LEÓN;;ADMINISTRACIÓN AUTONÓMICA;;;PERSONAS MAYORES;Centro de día;Hogar (Unidad de atención social);;40.9595148;-4.1069677;;40.9595148, -4.1069677
VIVIENDA PARA DISCAPACITADOS PSIQUICOS CON ENFERMEDAD MENTAL;2023-03-03;PLAZA BECQUER 2 PORTAL 2, 2ºB;40;40194;SEGOVIA;SEGOVIA;40006;SEGOVIA - ZONA II;921 431608;;400638;ASOCIACIÓN AMANECER-SALUD MENTAL SEGOVIA;;ASOCIACIÓN;segovia@asociacionamanecer.org;;PERSONAS CON DISCAPACIDAD;Vivienda;Personas con discapacidad por enfermedad mental;OTROS: 5;40.9314146;-4.098332;PATRICIA DEL RIO MARTIN;40.9314146, -4.098332
VIVIENDA APOYADA;2023-03-03;CALLE PARQUE (DEL) 29, 2º C;40;40194;SEGOVIA;SEGOVIA;40004;SEGOVIA - ZONA I;921 451608;;400320;ASOCIACIÓN AMANECER-SALUD MENTAL SEGOVIA;;ASOCIACIÓN;;;PERSONAS CON DISCAPACIDAD;Vivienda;Personas con discapacidad por enfermedad mental;OTROS: 4;40.9458249;-4.1071755;PATRICIA DEL RIO MARTIN;40.9458249, -4.1071755
CASA DE ACOGIDA LA ALBORADA;2023-03-03;S/N;40;40194;SEGOVIA;SEGOVIA;40003;SEGOVIA - ZONA I;000 000000;;400637;DIPUTACIÓN PROVINCIAL DE SEGOVIA;;ADMINISTRACIÓN LOCAL;;;MUJER;Vivienda;Casa de acogida mujeres maltratadas;OTROS: 16;40.9503023;-4.1360234;XXXXXXXXXX;40.9503023, -4.1360234
"ASILO DE PERSONAS MAYORES ""HERMANITAS DE LOS POBRES""";2025-07-07;AVENIDA PADRE CLARET (DEL) 7;40;40194;SEGOVIA;SEGOVIA;40004;SEGOVIA - ZONA II;921 438524;;400178;ASILO DE ANCIANOS DE LA CONGREGACION DE HERMANITAS DE LOS POBRES;;INSTITUCIONES, ÓRDENES, CONGREGACIONES RELIGIOSAS Y SIMILARES;m.segovi.hdlp@alfaexpress.net;;PERSONAS MAYORES;Residencia;Para asistidos;ASISTIDOS: 87;;;MIRIAM DEL CARMEN ECHEVARRIA ALCARAZ;
VIVIENDA PARA PERSONAS CON DISCAPACIDAD INTELECTUAL LEVE- MODERADA SAN AGUSTÍN;2024-05-02;CALLE SAN AGUSTIN 1 3A;40;40194;SEGOVIA;SEGOVIA;40001;SEGOVIA - ZONA I;921 460074;921 645847859;400768;CASA NUESTRA SEÑORA DE LA ENCARNACION;;INSTITUCIONES, ÓRDENES, CONGREGACIONES RELIGIOSAS Y SIMILARES;cf-segovia@cruzblanza.org;;PERSONAS CON DISCAPACIDAD;Vivienda;Personas con discapacidad por trastorno del desarrollo intelectual leve o moderado;DISCAPACIDAD INTELECTUAL: 6;40.9508907;-4.120725999999999;VANESA HERNANDEZ CONTRERAS;40.9508907, -4.120725999999999
VIVIENDA PARA PERSONAS CON DISCAPACIDAD INTELECTUAL LEVE-MODERADA SAN NICOLAS;2023-03-03;CALLE SAN NICOLAS 4 1ºB;40;40194;SEGOVIA;SEGOVIA;40001;SEGOVIA - ZONA I;921 460074;;400663;CASA NUESTRA SEÑORA DE LA ENCARNACION;;INSTITUCIONES, ÓRDENES, CONGREGACIONES RELIGIOSAS Y SIMILARES;cf-segovia@cruzblanca.org;;PERSONAS CON DISCAPACIDAD;Vivienda;Personas con disc. física, sensorial, por trastorno del desarrollo intelectual y/o por enfer. mental;OTROS: 7;40.9513194;-4.1213342;VANESA HERNANDEZ CONTRERAS;40.9513194, -4.1213342
VIVIENDA AUTONOMA PARA PERSONAS CON ALTO GRADO DE AUTONOMIA;2023-03-03;CALLE ANSELMO CARRETERO 2Bloque 5, 1º Izqda.;40;40194;SEGOVIA;SEGOVIA;40003;SEGOVIA - ZONA II;921 424570;921 422184;400339;FUNDACIÓN PERSONAS;;FUNDACIÓN;;;PERSONAS CON DISCAPACIDAD;Vivienda;Personas con discapacidad por trastorno del desarrollo intelectual leve o moderado;OTROS: 2;40.9530744;-4.1097239;JOSE IGNACIO MATESANZ DE FRUTOS;40.9530744, -4.1097239
RESIDENCIA DE CARITAS PARROQUIAL;2025-02-21;CALLE CAMINO NUEVO 20;40;40195;SEGOVIA;SEPULVEDA;40300;SEPULVEDA - PEDRAZA;921 540384;;400030;CÁRITAS DIOCESANA DE SEGOVIA;;INSTITUCIONES, ÓRDENES, CONGREGACIONES RELIGIOSAS Y SIMILARES;rsepulveda@caritassegovia.es;;PERSONAS MAYORES;Residencia;Para asistidos;ASISTIDOS: 32;41.2966174;-3.7534838;VICENTE BLANCO HERNANDEZ;41.2966174, -3.7534838
"UNIDAD DE ESTANCIAS DIURNAS ""EL JARDIN DE SEGOVIA""";2023-03-03;CALLE SITIO Nº 20;40;40207;SEGOVIA;TRESCASAS;40194;SAN ILDEFONSO;921 407879;921 431147;400394;RURALTERSA S.L.;;SOCIEDADES;direccion@eljardindesegovia.com;;PERSONAS MAYORES;Centro de día;Estancias diurnas;ASISTIDOS: 8;40.9560381;-4.036243799999999;NICOLAS HERRERO MIGUEL;40.9560381, -4.036243799999999
CENTRO RESIDENCIAL OTERUELO;2023-03-03;CALLE OTERUELO S/N;40;40216;SEGOVIA;VALVERDE DEL MAJANO;40140;SEGOVIA RURAL;921 490960;921 490959;400392;CENTRO RESIDENCIAL OTERUELO S.L.;;SOCIEDADES;direccion@centroresidencialoteruelo.es;;PERSONAS MAYORES;Residencia;Para asistidos;DEPENDIENTES: 54;40.953804;-4.232478;Mª TERESA NATALIA SANZ SASTRE;40.953804, -4.232478
RESIDENCIA NUESTRA SEÑORA DE LOS MILAGROS;2023-10-10;AVENIDA SORIA S/N;42;42004;SORIA;AGREDA;42100;EL MONCAYO;976 647011;;420090;DIPUTACIÓN PROVINCIAL DE SORIA;;ADMINISTRACIÓN LOCAL;vcampos@dipsoria.es;www.dipsoria.es;PERSONAS MAYORES;Residencia;Para asistidos;ASISTIDOS: 106;41.8513711;-1.9313186;VICTOR CAMPOS GONZÁLEZ;41.8513711, -1.9313186
CENTRO RESIDENCIAL MIMARA CAMPOS DE CASTILLA;2025-10-31;AVENIDA MADRID S/N;42;42020;SORIA;ALMAZAN;42200;ALMAZÁN;975 318052;975 639752758;420226;MIMARA ASTURIAS RESIDENCIAL, S.L.U.;;SOCIEDADES;notificaciones@grupomimara.com;;PERSONAS MAYORES;Residencia;Para asistidos;ASISTIDOS: 51;41.4762662;-2.5299425;EDELIN PAULA QUITIO CHANGO;41.4762662, -2.5299425
"RESIDENCIA PARA PERSONAS CON DISCAPACIDAD PSIQUICA  ""SAN JOSE""";2024-05-10;BARRIADA ACOSTA 29;42;42043;SORIA;BURGO DE OSMA (EL);42300;RIBERA DEL DUERO;975 340014;975 975101070;420229;DIPUTACIÓN PROVINCIAL DE SORIA;;ADMINISTRACIÓN LOCAL;jcromero@dipsoria.es;www.dipsoria.es;PERSONAS CON DISCAPACIDAD;Residencia;Personas con discapacidad por enfermedad mental;OTROS: 67;41.5899005;-3.0646411;Juan Carlos Romero Hergueta;41.5899005, -3.0646411
UNIDAD DE ESTANCIAS DIURNAS VIRGEN DEL CARMEN;2022-10-24;CALLE SEMINARIO 2;42;42043;SORIA;BURGO DE OSMA (EL);42300;RIBERA DEL DUERO;975 360486;;420211;AYUNTAMIENTO DE EL BURGO DE OSMA - CIUDAD DE OSMA;HORELAVEGA S.L.;ADMINISTRACIÓN LOCAL;residenciaslatorre1@gmail.com;www.residenciasparamayores.com;PERSONAS MAYORES;Centro de día;Estancias diurnas;ASISTIDOS: 15;41.5852783;-3.069993;SUSANA ESTHER GOMEZ GOMEZ;41.5852783, -3.069993
"RESIDENCIA PARA PERSONAS MAYORES ""BENILDE""";2022-02-07;CALLE SAN JOSE OBRERO S/N;42;42043;SORIA;BURGO DE OSMA (EL);42300;RIBERA DEL DUERO;975 368003;975 360264;420247;EUGENIO LATORRE E HIJOS, S.L.;;SOCIEDADES;residenciaslatorre1@gmail.com;www.residenciasparamayores.com;PERSONAS MAYORES;Residencia;Para asistidos;ASISTIDOS: 104;41.5836375;-3.0769921;JAVIER GOMEZ GOMEZ;41.5836375, -3.0769921
CENTRO DE DÍA DE PERSONAS MAYORES DE COVALEDA;2024-04-16;PLAZA MAYOR 6;42;42069;SORIA;COVALEDA;42157;PINARES NORTE;975 240924;975 610637318;420117;AYUNTAMIENTO DE COVALEDA;;ADMINISTRACIÓN LOCAL;fjypsoria@gmail.com;;PERSONAS MAYORES;Centro de día;Hogar (Unidad de atención social);;41.9347502;-2.8834985;EUGENIO LLORENTE GARCIA;41.9347502, -2.8834985
CENTRO GERONTOLOGICO INTEGRAL GEROSORIA;2022-11-07;CALLE SIMA Nº 1;42;42095;SORIA;FUENTETOBA;42190;SORIA RURAL;975 272055;975 272055;420108;MARIANO JAVIER CASALED DURAN;;PERSONA FÍSICA-EMPRESA INDIVIDUAL;aliciallorente3@hotmail.com;www.geroconfor.com;PERSONAS MAYORES;Residencia;Para asistidos;ASISTIDOS: 32;41.7656798;-2.5231974;ALICIA LLORENTE GALINDO;41.7656798, -2.5231974
CLUB PERSONAS MAYORES SAN PEDRO APOSTOL;2024-04-10;CALLE SAN ROQUE Nº 46;42;42103;SORIA;BOCIGAS DE PERALES;42329;RIBERA DEL DUERO;975 240924;975 618985293;420041;"ASOCIACION DE TERCERA EDAD ""SAN PEDRO APOSTOL""";;ASOCIACIÓN;fjypsoria@gmail.com;;PERSONAS MAYORES;Centro de día;Hogar (Unidad de atención social);;;;DOLORES SANTAMARIA ARRANZ;
CENTRO DE DIA DE MAYORES;2023-10-23;CALLE RIO 75;42;42103;SORIA;LANGA DE DUERO;42320;RIBERA DEL DUERO;975 353001;;420100;AYUNTAMIENTO DE LANGA DE DUERO;;ADMINISTRACIÓN LOCAL;langadeduero@dipsoria.es;;PERSONAS MAYORES;Centro de día;Hogar (Unidad de atención social);;41.6077903;-3.4009348;IVAN ANDRES APARICIO;41.6077903, -3.4009348
CENTRO DE LA PERSONAS MAYORES;2020-10-14;CALLE NUEVA 5;42;42111;SORIA;MATAMALA DE ALMAZAN;42211;ALMAZÁN;975 312479;;420009;ASOCIACION CULTURAL DE LA TERCERA EDAD DE MATAMALA;;ASOCIACIÓN;;;PERSONAS MAYORES;Centro de día;Hogar (Unidad de atención social);;41.4893848;-2.6149871;CONCHA CERCADILLO;41.4893848, -2.6149871
CLUB DE PERSONAS MAYORES DE NAVALENO;2024-04-10;CALLE JESUS POSADA 13;42;42129;SORIA;NAVALENO;42149;PINARES SUR;975 240924;975 696479701;420038;ASOCIACION DE LA TERCERA EDAD DE NAVALENO;;ASOCIACIÓN;fjypsoria@gmail.com;;PERSONAS MAYORES;Centro de día;Hogar (Unidad de atención social);;41.8390506;-3.0031151;PILAR DE MIGUEL BANZO;41.8390506, -3.0031151
RESIDENCIA MIXTA DE PERSONAS MAYORES VIRGEN DE OLMACEDO;2025-10-15;CALLE TROVADORES DE LA PAZ S/N;42;42134;SORIA;OLVEGA;42110;EL MONCAYO;976 645245;;420099;FUNDACION RESIDENCIA VIRGEN DE OLMACEDO TERCERA EDAD;ACTIVA SOCIAL SOLUTIONS,  S.L.;FUNDACIÓN;info@miraresidencias.com;;PERSONAS MAYORES;Residencia;Para asistidos;ASISTIDOS: 38;41.7810743;-1.9824224;SILVIA PIÑEYRO SEGARRA;41.7810743, -1.9824224
MIMARA QUINTANA REDONDA;2025-10-03;CALLE LA TEJERA, Nº 27;42;42144;SORIA;QUINTANA REDONDA;42291;SORIA RURAL;975 308405;975 626409091;420118;HEDE ASISTENCIAL, S.L.;;SOCIEDADES;notificaciones@grupomimara.com;www.residenciafraypedropastor.es;PERSONAS MAYORES;Residencia;Para asistidos;ASISTIDOS: 52;;;SONIA LOSCOS GRANEL;
CENTRO DE DIA DE PERSONAS MAYORES SAN ROQUE;2024-04-15;CALLE CALLEJUELA Nº 24;42;42162;SORIA;PIQUERA DE SAN ESTEBAN;42339;RIBERA DEL DUERO;975 240924;;420083;ASOCIACION DE PENSIONISTAS SAN ROQUE;;ASOCIACIÓN;fjypsoria@gmail.com;;PERSONAS MAYORES;Centro de día;Hogar (Unidad de atención social);;;;MARIA CRUZ MENARGUEZ PALANCA;
CENTRO GERIÁTRICO SAN BLAS;2023-02-21;AVENIDA MARIA EUGENIA MARTINEZ DEL CAMPO 5;42;42164;SORIA;SAN LEONARDO DE YAGÜE;42140;PINARES SUR;975 376531;975 376531;420183;AYUNTAMIENTO DE SAN LEONARDO DE YAGÜE;ASISTENCIA GERIÁTRICA SAN LEONARDO, S.L.U;ADMINISTRACIÓN LOCAL;sanblas@residenciareal.com;www.geroconfor.com;PERSONAS MAYORES;Residencia;Para asistidos;ASISTIDOS: 47;;;SERGIO SOTO BAHAMONDE;
RESIDENCIA DE PERSONAS MAYORES VIRGEN DE LA PEÑA;2025-08-19;CALLE COSA (LA) 47;42;42165;SORIA;SAN PEDRO MANRIQUE;42174;TIERRAS ALTAS DE SORIA;975 381281;975 682827724;420096;AYUNTAMIENTO DE SAN PEDRO MANRIQUE;MIMARA RESIDENCIAL S.L.;ADMINISTRACIÓN LOCAL;notificaciones@grupomimara.com;;PERSONAS MAYORES;Residencia;Para asistidos;ASISTIDOS: 83;42.02889737417013;-2.227765795071538;LUCIE PAVLIKOVA;42.02889737417013, -2.227765795071538
"CENTRO DE DIA DE PERSONAS MAYORES ""EL BELIMBRE""";2024-04-10;CALLE SANTA MAGDALENA SOFIA S/N;42;42167;SORIA;SANTA MARIA DE HUERTA;42260;SORIA SUR;975 240924;975 649601425;420098;ASOCIACION DE TERCERA EDAD DE JUBILADOS Y PENSIONISTAS EL BELIMBRE;;ASOCIACIÓN;fjypsoria@gmail.com;;PERSONAS MAYORES;Centro de día;Hogar (Unidad de atención social);;;;MARIA BEGOÑA MATEO YESTE;
CENTRO OCUPACIONAL PARA PERSONAS CON DISCAPACIDAD INTELECTUAL (ÁNGEL DE LA GUARDA);2023-06-20;CAMINO PEÑON (EL) 1;42;42173;SORIA;SORIA;42004;SORIA - ZONA 1 - ESTE;975 373229;975 373407;420089;GERENCIA DE SERVICIOS SOCIALES DE CASTILLA Y LEÓN;;ADMINISTRACIÓN AUTONÓMICA;blanca.herrero@jcyl.es;;PERSONAS CON DISCAPACIDAD;Centro de día;Personas con discapacidad por trastorno del desarrollo intelectual;OTROS: 50;;;BLANCA HERRERO SORIA;
CENTRO RESIDENCIAL DE ATENCIÓN A PERSONAS CON DISCAPACIDAD INTELECTUAL (ÁNGEL DE LA GUARDA);2023-06-20;CAMINO PEÑON (EL) 1;42;42173;SORIA;SORIA;42005;SORIA - ZONA 1 - ESTE;975 239047;;420066;GERENCIA DE SERVICIOS SOCIALES DE CASTILLA Y LEÓN;;ADMINISTRACIÓN AUTONÓMICA;blanca.herrero@jcyl.es;;PERSONAS CON DISCAPACIDAD;Residencia;Personas con discapacidad por trastorno del desarrollo intelectual;OTROS: 110;;;BLANCA HERRERO SORIA;
CENTRO DE DIA PARA PERSONAS MAYORES SORIA II;2020-10-14;CALLE BETETAS (LOS) 1;42;42173;SORIA;SORIA;42002;SORIA - ZONA 1 - ESTE;975 232130;975 227514;420063;GERENCIA DE SERVICIOS SOCIALES DE CASTILLA Y LEÓN;;ADMINISTRACIÓN AUTONÓMICA;almaltro@jcyl.es;;PERSONAS MAYORES;Centro de día;Hogar (Unidad de atención social);;41.762661;-2.4633308;RODOLFO ALMAZÁN ALTUZARRA;41.762661, -2.4633308
CENTRO DE DÍA PARA PERSONAS CON DISCAPACIDAD INTELECTUAL (ÁNGEL DE LA GUARDA);2023-06-20;CAMINO PEÑON (EL) 1;42;42173;SORIA;SORIA;42004;SORIA - ZONA 1 - ESTE;975 373229;;420189;GERENCIA DE SERVICIOS SOCIALES DE CASTILLA Y LEÓN;;ADMINISTRACIÓN AUTONÓMICA;blanca.herrero@jcyl.es;;PERSONAS CON DISCAPACIDAD;Centro de día;Personas con discapacidad por trastorno del desarrollo intelectual;OTROS: 99;;;BLANCA HERRERO SORIA;
VIVIENDA TUTELADA PARA PERSONAS CON DISCAPACIDAD PSÍQUICA;2023-11-06;CAMINO PEÑON (EL) 1;42;42173;SORIA;SORIA;42004;SORIA - ZONA 1 - ESTE;975 239047;;420219;GERENCIA DE SERVICIOS SOCIALES DE CASTILLA Y LEÓN;;ADMINISTRACIÓN AUTONÓMICA;blanca.herrero@jcyl.es;;PERSONAS CON DISCAPACIDAD;Vivienda;Personas con disc. física, sensorial, por trastorno del desarrollo intelectual y/o por enfer. mental;OTROS: 6;;;MARIA DE LA BLANCA HERRERO SORIA;
UNIDAD DE ESTANCIAS DIURNAS SANTA BARBARA;2025-11-20;AVENIDA GAYA NUÑO Nº 2;42;42173;SORIA;SORIA;42001;SORIA - ZONA 2 - OESTE;975 240724;975 616411817;420290;AYUNTAMIENTO DE SORIA;ALZHEIMER SORIA, ASOCIACIÓN DE FAMILIARES DE ENFERMOS DE ALZHEIMER Y OTRAS DEMENCIAS DE SORIA;ADMINISTRACIÓN LOCAL;info@alzheimersoria.org;www.soria.es;PERSONAS MAYORES;Centro de día;Estancias diurnas;ASISTIDOS: 20;41.7696232;-2.4766637;ALICIA DURAN CORTINES;41.7696232, -2.4766637
CENTRO DE DÍA (CENTRO OCUPACIONAL) PARA PERSONAS CON ENFERMEDAD MENTAL-ASOVICA;2025-04-01;AVENIDA DUQUES DE SORIA 12-14 LOCAL, 3;42;42173;SORIA;SORIA;42003;SORIA - ZONA 2 - OESTE;975 232196;975 660071145;420271;ASOCIACION DE FAMILIARES Y ENFERMOS PSIQUICOS VIRGEN DEL CAMINO - ASOVICA;ASOCIACION DE FAMILIARES Y ENFERMOS PSIQUICOS VIRGEN DEL CAMINO - ASOVICA;ASOCIACIÓN;administracion@asovica.es;www.asovica.es;PERSONAS CON DISCAPACIDAD;Centro de día;Personas con discapacidad por enfermedad mental;OTROS: 50;;;NATALIA BRIONGOS HERNANDEZ;
HOGAR CALASANZ 2;2024-10-03;CARRETERA MADRID 35;42;42173;SORIA;SORIA;42005;SORIA - ZONA 2 - OESTE;722 864357;;420380;FUNDACIÓN ITAKA ESCOLAPIOS;;FUNDACIÓN;hogarcalasanzsoria2@itakaescolapios.org;;INFANCIA (Y JUVENTUD);Vivienda;Hogar de acogida;OTROS: 9;41.7554244;-2.4738415;CARMEN CADENAS HIDALGO;41.7554244, -2.4738415
HOGAR CALASANZ 3;2024-10-03;CALLE SAN MARTIN DE FINOJOSA 30;42;42173;SORIA;SORIA;42004;SORIA - ZONA 1 - ESTE;975 094120;975 722111655;420381;FUNDACIÓN ITAKA ESCOLAPIOS;;FUNDACIÓN;hogarcalasanzsoria3@itakaescolapios.org;;INFANCIA (Y JUVENTUD);Vivienda;Hogar de acogida;OTROS: 9;41.7580392;-2.4677763;ADELA PEREZ CARRASCOSA;41.7580392, -2.4677763
CENTRO DE ATENCION INTEGRAL ASPACE SORIA;2024-11-14;CARRETERA LOGROÑO Nº 12;42;42173;SORIA;SORIA;42004;SORIA - ZONA 1 - ESTE;691 783037;691 618516168;420452;ASOCIACIÓN DE PARÁLISIS CEREBRAL Y PATOLOGÍAS AFINES (ASPACE - SORIA);;ASOCIACIÓN;aspace.soria@gmail.com;;PERSONAS CON DISCAPACIDAD;Centro de día;Personas con discapacidad por trastorno del desarrollo intelectual;DISCAPACIDAD INTELECTUAL: 24;41.7717703;-2.4657782;LAURA DE DIEGO PEREZ;41.7717703, -2.4657782
CENTRO OCUPACIONAL ASAMIS;2023-05-05;CALLE POLVORIN (DEL) S/N;42;42173;SORIA;SORIA;42005;SORIA - ZONA 1 - ESTE;975 231143;975 231143;420034;ASOCIACIÓN SORIANA DE AYUDA A LAS PERSONAS CON DISCAPACIDAD INTELECTUAL Y SUS FAMILIAS - ASAMIS;;ASOCIACIÓN;gerencia@asamis.org;www.asamis.org;PERSONAS CON DISCAPACIDAD;Centro de día;Personas con discapacidad por trastorno del desarrollo intelectual;OTROS: 50;41.7760304;-2.4600417;MARIO BALLANO SORIANO;41.7760304, -2.4600417
"ESTANCIAS DIURNAS ""FUENTE DEL REY""";2022-02-24;CAMINO FUENTE DEL REY (LA) S/N;42;42173;SORIA;SORIA;42004;SORIA - ZONA 2 - OESTE;975 223211;975 225895;420107;LATORRE MARTINEZ NAGIMENSE S.L.;;SOCIEDADES;fuentedelrey@residenciasparamayores.com;www.residenciasparamayores.com;PERSONAS MAYORES;Centro de día;Estancias diurnas;ASISTIDOS: 20;41.7635982;-2.4649206;EUGENIO LATORRE MARTINEZ;41.7635982, -2.4649206
"RESIDENCIA DE PERSONAS MAYORES ""LATORRE""";2022-02-07;PLAZA BERNARDO ROBLES 11;42;42173;SORIA;SORIA;42002;SORIA - ZONA 1 - ESTE;975 240773;975 240773;420169;HORELAVEGA S.L.;;SOCIEDADES;residenciaslatorre1@gmail.com;www.residenciasparamayores.com;PERSONAS MAYORES;Residencia;Para asistidos;ASISTIDOS: 45;41.7650197;-2.4655723;DIEGO TABERNERO GARRIDO;41.7650197, -2.4655723
RESIDENCIA DE PERSONAS MAYORES EL PARQUE;2024-07-01;CALLE MOSQUERA DE BARNUEVO, Nº 14;42;42173;SORIA;SORIA;42004;SORIA - ZONA 2 - OESTE;983 427900;983 616465081;420060;CLECE VITAM, S.A.;;SOCIEDADES;cperezc@clece.es;www.clece.es;PERSONAS MAYORES;Residencia;Para asistidos;ASISTIDOS: 136;41.7645023;-2.4776002;MONTSERRAT GIL SANZ;41.7645023, -2.4776002
RESIDENCIA MIMARA VALDEAVELLANO DE TERA;2023-04-10;CALLE CERRADA S/N;42;42191;SORIA;VALDEAVELLANO DE TERA;42165;TIERRAS ALTAS DE SORIA;975 273207;975 273207;420084;MIMARA ASTURIAS RESIDENCIAL, S.L.U.;;SOCIEDADES;jgomez@grupomimara.com;;PERSONAS MAYORES;Residencia;Para asistidos;ASISTIDOS: 32;41.9420505;-2.5767421;JULIA MARIA GOMEZ CASTRO;41.9420505, -2.5767421
RESIDENCIA DE PERSONAS MAYORES JUANA DE AVIS;2023-10-10;CALLE JARDINES Nº 1 A;47;47004;VALLADOLID;ALAEJOS;47510;NAVA DEL REY;983 435105;;471654;AYUNTAMIENTO DE ALAEJOS;ALBAICIN, SOCIEDAD COOPERATIVA;ADMINISTRACIÓN LOCAL;albaicin@hotmail.es;;PERSONAS MAYORES;Residencia;Para asistidos;DEPENDIENTES: 46;41.30482910000001;-5.2206943;VIOLETA SAVELUC;41.30482910000001, -5.2206943
CENTRO DE DÍA DE PERSONAS MAYORES SAN MARTIN;2020-10-14;AVENIDA VALLADOLID 9-11;47;47007;VALLADOLID;ALDEAMAYOR DE SAN MARTIN;47162;PORTILLO;983 547909;983 547910;470933;AYUNTAMIENTO DE ALDEAMAYOR DE SAN MARTIN;;ADMINISTRACIÓN LOCAL;;;PERSONAS MAYORES;Centro de día;Hogar (Unidad de atención social);;41.5141641;-4.6376242;JUAN JOSÉ VILLALBA PINILLA;41.5141641, -4.6376242
RESIDENCIA PARA MAYORES JIREYSA ALDEAMAYOR GOLF SENIOR;2024-04-02;CALLE LA FUENTONA DE MURIEL S/N;47;47007;VALLADOLID;ALDEAMAYOR DE SAN MARTIN;47162;PORTILLO;983 507022;;471391;JIREYSA ALDEAMAYOR GOLF SENIOR, S.L.;;SOCIEDADES;INFO@JIREYSA.ES;;PERSONAS MAYORES;Residencia;Para asistidos;ASISTIDOS: 45;;;ANA ISABEL ALONSO PEREZ;
HOGAR DE PENSIONISTAS Y JUBILADOS   ARROYO DE LA ENCOMIENDA;2020-10-14;PLAZA DE ESPAÑA 2;47;47010;VALLADOLID;ARROYO DE LA ENCOMIENDA;47195;CERCANÍAS 1;983 409474;;470775;ASOCIACION CULTURAL-RECREATIVA DE JUBILADOS INMACULADA CONCEPCION;;ASOCIACIÓN;;;PERSONAS MAYORES;Centro de día;Hogar (Unidad de atención social);;41.659755;-4.7815644;JOSE MANUEL MENDEZ FREIJO;41.659755, -4.7815644
"RESIDENCIA PARA PERSONAS MAYORES ""DOMUSVI ARROYO""";2026-03-12;CALLE FRANCISCO VITORIA 24;47;47010;VALLADOLID;ARROYO DE LA ENCOMIENDA;47195;CERCANÍAS 1;983 388910;;471219;GERO REAL, S.L.;;SOCIEDADES;direccion.arroyo@domusvi.es;;PERSONAS MAYORES;Residencia;Para asistidos;ASISTIDOS: 244;41.6212479;-4.775341699999999;MARIA SONIA GARCÍA ZAPICO;41.6212479, -4.775341699999999
RESIDENCIATERCERA EDAD VITALIA CASTILLO;2022-09-27;CALLE CARRETAS S/N;47;47027;VALLADOLID;CABEZON DE PISUERGA;47260;VALORIA LA BUENA;983 500704;983 500705;470526;VITALIA HOME S.L.U.;;SOCIEDADES;RGCastillo@eresmas.com;;PERSONAS MAYORES;Residencia;Para asistidos;ASISTIDOS: 103;41.7348339;-4.6452446;ANA ISABEL RUIZ TELLEZ;41.7348339, -4.6452446
RESIDENCIA CONDES DEL CARPIO;2022-06-06;PASEO DE LA ESTACION S/N;47;47035;VALLADOLID;CARPIO;47470;NAVA DEL REY;983 863334;983 863334;470755;EMILIO MARCOS LUENGO;;PERSONA FÍSICA-EMPRESA INDIVIDUAL;rescondescarpio@gmail.com;;PERSONAS MAYORES;Residencia;Para asistidos;ASISTIDOS: 41;41.2161074;-5.1132528;REBECA MOREDA SÁNCHEZ;41.2161074, -5.1132528
RESIDENCIA DE PERSONAS MAYORES VISTALEGRE;2022-11-07;CARRETERA VILLALON PARA RIOSECO S/N;47;47058;VALLADOLID;CUENCA DE CAMPOS;47650;TIERRA DE CAMPOS - NORTE;983 741126;;470690;AYUNTAMIENTO DE CUENCA DE CAMPOS;;ADMINISTRACIÓN LOCAL;;;PERSONAS MAYORES;Residencia;Para asistidos;ASISTIDOS: 24;42.0597342;-5.0559654;RUT EXPÓSITO LAGARTOS;42.0597342, -5.0559654
CENTRO DE PERSONAS MAYORES CARMEN II;2025-06-02;CALLE RICARDO DE LOS RIOS 5;47;47076;VALLADOLID;LAGUNA DE DUERO;47140;LAGUNA DE DUERO;983 545538;;470553;"CENTRO DE TERCERA EDAD ""CARMEN""S.L.";;SOCIEDADES;residenciacarmen@gmail.com;;PERSONAS MAYORES;Residencia;Mixta para válidos y asistidos;ASISTIDOS: 36, VÁLIDOS: 4;41.5825454;-4.7181275;FÉLIX ANTONIO VALDESPINO SANZ;41.5825454, -4.7181275
VIVIENDA SAN JUAN DE DIOS 3;2024-01-15;CALLE MIGUEL DE CERVANTES 18;47;47076;VALLADOLID;LAGUNA DE DUERO;47140;LAGUNA DE DUERO;983 544282;;470280;CENTRO SAN JUAN DE DIOS;;INSTITUCIONES, ÓRDENES, CONGREGACIONES RELIGIOSAS Y SIMILARES;;;PERSONAS CON DISCAPACIDAD;Vivienda;Personas con discapacidad por trastorno del desarrollo intelectual leve o moderado;OTROS: 7;41.5779417;-4.7249849;RAÚL RUIZ LÓPEZ;41.5779417, -4.7249849
VIVIENDA SAN JUAN DE DIOS CANTABRIA 115;2024-01-15;CALLE COMUNIDAD DE CANTABRIA Nº 115;47;47076;VALLADOLID;LAGUNA DE DUERO;47140;LAGUNA DE DUERO;983 222875;;471460;CENTRO SAN JUAN DE DIOS;;INSTITUCIONES, ÓRDENES, CONGREGACIONES RELIGIOSAS Y SIMILARES;;;PERSONAS CON DISCAPACIDAD;Vivienda;Personas con discapacidad por trastorno del desarrollo intelectual leve o moderado;OTROS: 7;41.5774299;-4.7165385;RAÚL RUIZ LÓPEZ;41.5774299, -4.7165385
CASER RESIDENCIAL LAGUNA;2024-11-08;CALLE DEL NOGAL 1;47;47076;VALLADOLID;LAGUNA DE DUERO;47140;LAGUNA DE DUERO;983 526490;;470965;CASER RESIDENCIAL, S.A.U.;;SOCIEDADES;molarreaga@caseresidencial.es;;PERSONAS MAYORES;Residencia;Para asistidos;DEPENDIENTES: 107;;;DIANA MUÑOZ GORDALIZA;
"CENTRO OCUPACIONAL ""LAGUNA DE DUERO""";2026-03-14;CALLE ORBIGO 2;47;47076;VALLADOLID;LAGUNA DE DUERO;47140;LAGUNA DE DUERO;983 225125;;470834;FUNDACIÓN PERSONAS;;FUNDACIÓN;;;PERSONAS CON DISCAPACIDAD;Centro de día;Personas con discapacidad por trastorno del desarrollo intelectual;OTROS: 40;41.5865515;-4.7293047;MARIA TERESA LOPEZ ENCINAS;41.5865515, -4.7293047
VIVIENDA COMUNITARIA I;2022-08-08;CALLE PORMA 1;47;47076;VALLADOLID;LAGUNA DE DUERO;47140;LAGUNA DE DUERO;983 540660;983 475395;470812;FUNDACIÓN PERSONAS;;FUNDACIÓN;teresa.lopez@fundacionpersonas.es;;PERSONAS CON DISCAPACIDAD;Vivienda;Personas con disc. física, sensorial, por trastorno del desarrollo intelectual y/o por enfer. mental;OTROS: 5;41.5868467;-4.7308743;MARIA TERESA LOPEZ ENCINAS;41.5868467, -4.7308743
"CENTRO DE DIA"" LAGUNA DE DUERO""";2025-08-14;CALLE ORBIGO 2;47;47076;VALLADOLID;LAGUNA DE DUERO;47140;LAGUNA DE DUERO;983 542742;983 475395;470835;FUNDACIÓN PERSONAS;;FUNDACIÓN;teresa.lopez@fundacionpersonas.es;;PERSONAS CON DISCAPACIDAD;Centro de día;Personas con discapacidad por trastorno del desarrollo intelectual;OTROS: 30;41.5865515;-4.7293047;MARÍA TERESA LÓPEZ ENCINAS;41.5865515, -4.7293047
VIVIENDA COMUNITARIA IV;2026-02-14;CALLE PORMA 7;47;47076;VALLADOLID;LAGUNA DE DUERO;47140;LAGUNA DE DUERO;983 540660;983 475395;470815;FUNDACIÓN PERSONAS;;FUNDACIÓN;teresa.lopez@fundacionpersonas.es;;PERSONAS CON DISCAPACIDAD;Vivienda;Personas con disc. física, sensorial, por trastorno del desarrollo intelectual y/o por enfer. mental;OTROS: 5;41.5868467;-4.7308743;MARIA TERESA LOPEZ ENCINAS;41.5868467, -4.7308743
RESIDENCIA GEROHOTEL PRADO BOYAL;2024-03-15;CALLE DEL PRADO, Nº 16;47;47076;VALLADOLID;LAGUNA DE DUERO;47140;LAGUNA DE DUERO;983 214444;;470804;CLECE VITAM, S.A.;;SOCIEDADES;sramon@senior.eus;;PERSONAS MAYORES;Residencia;Para asistidos;ASISTIDOS: 103;41.59372219999999;-4.7271465;SILVIA RAMÓN YAGÜE;41.59372219999999, -4.7271465
RESIDENCIA DE PERSONAS MAYORES NUESTRA SEÑORA DE FATIMA II;2022-09-27;CALLE MODESTO LAFUENTE 3- E;47;47084;VALLADOLID;MAYORGA;47680;TIERRA DE CAMPOS - NORTE;983 762615;;470971;MARIA ODETTE FERREIRA MARQUES;;PERSONA FÍSICA-EMPRESA INDIVIDUAL;residenciafatimamayorga@hotmail.com;;PERSONAS MAYORES;Residencia;Para asistidos;ASISTIDOS: 20;42.1632989;-5.2662916;MARIA ODETTE FERREIRA MÁRQUES;42.1632989, -5.2662916
CENTRO DE DIA MUNICIPAL SIMON RUIZ ENVITO DE MEDINA DEL CAMPO;2026-01-08;CALLE PIEDAD 14;47;47085;VALLADOLID;MEDINA DEL CAMPO;47400;MEDINA DEL CAMPO;983 812170;;471057;AYUNTAMIENTO DE MEDINA DEL CAMPO;FUNDACION SIMON RUIZ ENVITO;ADMINISTRACIÓN LOCAL;fsimonruiz@ayto-medinadelcampo.es;;PERSONAS CON DISCAPACIDAD;Centro de día;Personas con discapacidad por trastorno del desarrollo intelectual;OTROS: 31;41.314100502698004;-4.914606519740473;JULIA PICHOTO RODRIGUEZ.;41.314100502698004, -4.914606519740473
UNIDAD DE ESTANCIAS DIURNAS DEL CENTRO DE DÍA DE MEDINA DEL CAMPO;2023-03-10;CALLE SAN MARTIN 20;47;47085;VALLADOLID;MEDINA DEL CAMPO;47400;MEDINA DEL CAMPO;983 410900;;470496;GERENCIA DE SERVICIOS SOCIALES DE CASTILLA Y LEÓN;SANIVIDA, S.L;ADMINISTRACIÓN AUTONÓMICA;;;PERSONAS MAYORES;Centro de día;Estancias diurnas;ASISTIDOS: 15;41.3095338;-4.917593500000001;;41.3095338, -4.917593500000001
RESIDENCIA DE PERSONAS MAYORES SAN ANTOLIN;2021-03-05;CALLE LAS DAMAS 15;47;47085;VALLADOLID;MEDINA DEL CAMPO;47400;MEDINA DEL CAMPO;983 811699;;470598;ASUNCION GONZALEZ SAORNIL;;PERSONA FÍSICA-EMPRESA INDIVIDUAL;sanantolin95@hotmail.com;;PERSONAS MAYORES;Residencia;Para asistidos;ASISTIDOS: 13;41.309667;-4.9233064;ASUNCION GONZALEZ SAORNIL;41.309667, -4.9233064
CENTRO OCUPACIONAL CREA-MEDINA;2025-06-14;CALLE CORDEL DE EXTREMADURA S/N;47;47085;VALLADOLID;MEDINA DEL CAMPO;47400;MEDINA DEL CAMPO;983 103932;;470992;FUNDACIÓN PERSONAS;;FUNDACIÓN;elena.bayon@fundacionpersonas.es;;PERSONAS CON DISCAPACIDAD;Centro de día;Personas con discapacidad por trastorno del desarrollo intelectual;OTROS: 60;41.3081627;-4.9154767;ELENA BAYÓN FERNÁNDEZ;41.3081627, -4.9154767
CASA ASILO DE SANCTI SPIRITUS Y SANTA ANA;2024-10-07;PASEO SAN FRANCISCO , 3;47;47086;VALLADOLID;MEDINA DE RIOSECO;47800;TIERRA DE CAMPOS - SUR;983 700382;;470468;FUNDACION SANCTI SPIRITUS Y SANTA ANA;;FUNDACIÓN;residenciasantana@yahoo.es;;PERSONAS MAYORES;Residencia;Para asistidos;ASISTIDOS: 100;41.8793492;-5.0408699;SANTIAGO RICO;41.8793492, -5.0408699
RESIDENCIA DE  PERSONAS MAYORES SAN RAMON Y SAN LUIS;2024-07-02;CALLE CARRETAS, Nº 8;47;47090;VALLADOLID;MOJADOS;47250;PORTILLO;983 607542;;470141;AYUNTAMIENTO DE MOJADOS;CK SENIOR GESTIÓN, S.L;ADMINISTRACIÓN LOCAL;direccionmojados@cksenior.es;;PERSONAS MAYORES;Residencia;Para asistidos;ASISTIDOS: 38;41.4331341;-4.6626511;Laura Durán González;41.4331341, -4.6626511
SANITAS RESIDENCIAL VALLADOLID;2022-12-07;CARRETERA NACIONAL 601, KM 167 URBANIZACIÓN LOS ARCOS;47;47090;VALLADOLID;MOJADOS;47250;PORTILLO;983 607930;;470756;SANITAS MAYORES, S. L.;;SOCIEDADES;valladolid.adm@sanitasresidencial.com;;PERSONAS MAYORES;Residencia;Para asistidos;ASISTIDOS: 212;;;PALOMA GARCÍA-MARINA DEL OLMO;
VIVIENDA TUTELADA NAVA DEL REY;2023-09-27;PLAZA CASTILLO Nº 11;47;47101;VALLADOLID;NAVA DEL REY;47500;NAVA DEL REY;983 850111;;471832;AYUNTAMIENTO DE NAVA DEL REY;;ADMINISTRACIÓN LOCAL;ayuntamiento@navadelrey.gob.es;;PERSONAS CON DISCAPACIDAD;Vivienda;Personas con discapacidad por trastorno del desarrollo intelectual leve o moderado;DISCAPACIDAD INTELECTUAL: 8;41.3288908;-5.081144099999999;MARÍA BLANCA MARTÍN GONZÁLEZ;41.3288908, -5.081144099999999
RESIDENCIA DE PERSONAS MAYORES FUNDACION NICOLAS RODRIGUEZ MARTIN;2024-11-19;AVENIDA NICOLAS RODRIGUEZ 20;47;47104;VALLADOLID;OLMEDO;47410;OLMEDO;983 600003;;470470;PATRONATO FUNDACION NICOLAS RODRIGUEZ;;FUNDACIÓN;;;PERSONAS MAYORES;Residencia;Para asistidos;DEPENDIENTES: 62;41.2845835;-4.6835963;ADIRANE GARCÍA VILLANUEVA;41.2845835, -4.6835963
"CENTRO DE DIA ""LA CASITA""";2025-08-25;AVENIDA NICOLAS RODRIGUEZ Nº 20;47;47104;VALLADOLID;OLMEDO;47410;OLMEDO;983 600003;;471474;PATRONATO FUNDACION NICOLAS RODRIGUEZ;;FUNDACIÓN;administracion@fundacionnicolasrodriguez.es;;PERSONAS MAYORES;Centro de día;Estancias diurnas;ASISTIDOS: 25;41.2845835;-4.6835963;ADIRANE GARCÍA VILLANUEVA;41.2845835, -4.6835963
VIVIENDA TUTELADA PARA PERSONAS CON DISCAPACIDAD PSIQUICA;2010-12-29;TRAVESÍA LA PINTADA 10;47;47114;VALLADOLID;PEÑAFIEL;47300;PEÑAFIEL;983 880002;;471010;AYUNTAMIENTO DE PEÑAFIEL;;ADMINISTRACIÓN LOCAL;alcaldia@penafiel.es;;PERSONAS CON DISCAPACIDAD;Vivienda;Personas con disc. física, sensorial, por trastorno del desarrollo intelectual y/o por enfer. mental;OTROS: 8;41.5984715;-4.1245115;FELIX A. MARTIN DIEZ;41.5984715, -4.1245115
RESIDENCIA PERSONAS MAYORES PEÑAFLOR;2021-02-04;CAMINO PAGO, S/N;47;47115;VALLADOLID;PEÑAFLOR DE HORNIJA;47640;TORDESILLAS;983 565236;;470348;RESIDENCIA PEÑAFLOR S.L.;;SOCIEDADES;info@residenciapflor.com;;PERSONAS MAYORES;Residencia;Para asistidos;ASISTIDOS: 36;41.7113261;-4.9824247;FERNANDO PUERTA QUINTERO;41.7113261, -4.9824247
"CENTRO DE DÍA ""VALLE ESGUEVA""";2025-10-14;CAMINO OLMOS S/N;47;47133;VALLADOLID;RENEDO DE ESGUEVA;47170;VALORIA LA BUENA;983 508068;;470446;ASOCIACIÓN VALLISOLETANA DE PROTECCIÓN DE AUTISTAS (AVPA);;ASOCIACIÓN;;;PERSONAS CON DISCAPACIDAD;Centro de día;Personas con discapacidad por trastorno del espectro del autismo;OTROS: 25;41.6533461;-4.6271454;VERONICA GARCIA ROSALES;41.6533461, -4.6271454
RESIDENCIA VALLE ESGUEVA;2025-10-14;CAMINO OLMOS S/N;47;47133;VALLADOLID;RENEDO DE ESGUEVA;47170;VALORIA LA BUENA;983 508068;;470464;ASOCIACIÓN VALLISOLETANA DE PROTECCIÓN DE AUTISTAS (AVPA);;ASOCIACIÓN;;;PERSONAS CON DISCAPACIDAD;Residencia;Personas con discapacidad por trastorno del espectro del autismo;OTROS: 20;41.6533461;-4.6271454;VERONICA GARCIA ROSALES;41.6533461, -4.6271454
"UNIDAD DE ESTANCIAS DIURNAS ""SAN JOSÉ""";2020-10-14;CALLE REAL 29;47;47155;VALLADOLID;SANTOVENIA DE PISUERGA;47155;CERCANÍAS 2;983 400426;983 400803;470777;CARITAS DIOCESANA DE VALLADOLID;"FUNDACION ""EL MANDAMIENTO NUEVO""";INSTITUCIONES, ÓRDENES, CONGREGACIONES RELIGIOSAS Y SIMILARES;;;PERSONAS MAYORES;Centro de día;Estancias diurnas;ASISTIDOS: 15;41.6944216;-4.6884728;CRISTINA MARTÍNEZ MORAS;41.6944216, -4.6884728
VIVIENDA INTRAS VALLADOLID LXIII;2023-10-30;CALLE MIRAVETE  Nº 17 1º;47;47161;VALLADOLID;SIMANCAS;47130;CERCANÍAS 1;983 399633;;471784;FUNDACION INTRAS;;FUNDACIÓN;gmv@intras.es;;PERSONAS CON DISCAPACIDAD;Vivienda;Personas con discapacidad por enfermedad mental;OTROS: 2;41.5921429;-4.829655199999999;GUSTAVO MARTÍN VILLAREJO;41.5921429, -4.829655199999999
CENTRO ICTIA;2025-11-19;CALLE SEVERO OCHOA Nº 33;47;47161;VALLADOLID;SIMANCAS;47130;CERCANÍAS 1;983 140303;;471601;FUNDACIÓN ASPAYM CASTILLA Y LEÓN;;FUNDACIÓN;ictia@aspaymcyl.org;;PERSONAS CON DISCAPACIDAD;Centro de día;Personas con discapacidad física;OTROS: 10;41.6013239;-4.794847;NATALIA CARRIÓN CALLEJA;41.6013239, -4.794847
RESIDENCIA VILLA DE TORDESILLAS;2024-11-12;CALLE FERNANDO I DE HABSBURGO S/N;47;47165;VALLADOLID;TORDESILLAS;47100;TORDESILLAS;687 470850;;471246;AYUNTAMIENTO DE TORDESILLAS;ARALIA SERVICIOS SOCIOSANITARIOS S.A.;ADMINISTRACIÓN LOCAL;estudios_aralia@araliaservicios.es;;PERSONAS MAYORES;Residencia;Para asistidos;ASISTIDOS: 64;;;ANA RODRIGUEZ HERNANDEZ;
CENTRO DE DIA PERSONAS MAYORES DE TUDELA DE DUERO;2020-10-14;CALLE CALVARIO S/N;47;47175;VALLADOLID;TUDELA DE DUERO;47320;PINODUERO;;;470313;GERENCIA DE SERVICIOS SOCIALES DE CASTILLA Y LEÓN;;ADMINISTRACIÓN AUTONÓMICA;;;PERSONAS MAYORES;Centro de día;Hogar (Unidad de atención social);;41.586507;-4.58313;;41.586507, -4.58313
RESIDENCIA NUESTRA SEÑORA DE BEGOÑA;2024-01-11;CALLE ANTONIO ALONSO, Nº 2;47;47176;VALLADOLID;UNION DE CAMPOS (LA);47670;TIERRA DE CAMPOS - NORTE;983 754391;983 754391;471043;BUSALCO, S.L.;;SOCIEDADES;rnsbegona@hotmail.com;;PERSONAS MAYORES;Residencia;Para asistidos;ASISTIDOS: 106;;;SONIA Mª MERINO REQUEJO;
"RESIDENCIA DE PERSONAS MAYORES ""RAICES I """;2023-10-30;CALLE LABRADORES 57- 1º;47;47186;VALLADOLID;VALLADOLID;47004;VALLADOLID - CAMPILLO;983 309189;;470346;GARRESILBEMAR, S.L.;;SOCIEDADES;carlosgagomartin@hotmail.com;;PERSONAS MAYORES;Residencia;Para asistidos;ASISTIDOS: 18;41.6445277;-4.7207579;MARIA BEGOÑA MARTIN VELASCO;41.6445277, -4.7207579
"RESIDENCIA DE PERSONAS MAYORES ""RAICES III""";2021-01-22;CAMINO ESPERANZA , 79;47;47186;VALLADOLID;VALLADOLID;47008;VALLADOLID - SUR - JUAN DE AUSTRIA;983 270616;;470555;GARRESILBEMAR, S.L.;;SOCIEDADES;;;PERSONAS MAYORES;Residencia;Para asistidos;ASISTIDOS: 34;41.6331144;-4.7382141;MIRIAM GAGO MARTÍN;41.6331144, -4.7382141
RESIDENCIA PARA PERSONAS MAYORES RAICES IV;2022-11-07;CALLEJÓN ALCOHOLERA Nº 5;47;47186;VALLADOLID;VALLADOLID;47008;VALLADOLID - HUERTA DEL REY - PUENTE COLGANTE;983 456516;983 270613;470753;GARRESILBEMAR, S.L.;;SOCIEDADES;marogamar@gmail.com;;PERSONAS MAYORES;Residencia;Para asistidos;ASISTIDOS: 38;41.6273563;-4.748838999999999;ROSA GAGO MARTIN;41.6273563, -4.748838999999999
UNIDAD DE ESTANCIAS DIURNAS DE LA RESIDENCIA DE PERSONAS MAYORES;2025-05-20;CARRETERA RUEDA 64;47;47186;VALLADOLID;VALLADOLID;47008;VALLADOLID - SUR - LA RUBIA;983 477662;;470497;GERENCIA DE SERVICIOS SOCIALES DE CASTILLA Y LEÓN;SANIVIDA, S.L;ADMINISTRACIÓN AUTONÓMICA;;;PERSONAS MAYORES;Centro de día;Estancias diurnas;ASISTIDOS: 25;41.6222571483488;-4.74215375449211;;41.6222571483488, -4.74215375449211
RESIDENCIA DE PERSONAS MAYORES (PARQUESOL);2025-03-26;CALLE AMADEO ARIAS 2;47;47186;VALLADOLID;VALLADOLID;47014;VALLADOLID - PARQUESOL;983 372693;;470478;GERENCIA DE SERVICIOS SOCIALES DE CASTILLA Y LEÓN;;ADMINISTRACIÓN AUTONÓMICA;;;PERSONAS MAYORES;Residencia;Para asistidos;ASISTIDOS: 112;;;VERÓNICA HERGUEDAS FERNÁNDEZ;
CENTRO RESIDENCIAL DE ATENCIÓN A PERSONAS CON DISCAPACIDAD INTELECTUAL;2023-12-18;CALLE PAJARILLOS 3;47;47186;VALLADOLID;VALLADOLID;47012;VALLADOLID - PAJARILLOS ALTOS;983 398400;983 294373;470620;GERENCIA DE SERVICIOS SOCIALES DE CASTILLA Y LEÓN;;ADMINISTRACIÓN AUTONÓMICA;;;PERSONAS CON DISCAPACIDAD;Residencia;Personas con discapacidad por trastorno del desarrollo intelectual;OTROS: 120;41.6463617;-4.705208;ANTONIO DIEZHANDINO ANDRES;41.6463617, -4.705208
CENTRO DE DÍA PARA PERSONAS CON DISCAPACIDAD INTELECTUAL;2023-03-03;CALLE PAJARILLOS 3;47;47186;VALLADOLID;VALLADOLID;47012;VALLADOLID - PAJARILLOS ALTOS;983 398400;983 294373;470621;GERENCIA DE SERVICIOS SOCIALES DE CASTILLA Y LEÓN;;ADMINISTRACIÓN AUTONÓMICA;dicandan@jcyl.es;;PERSONAS CON DISCAPACIDAD;Centro de día;Personas con discapacidad por trastorno del desarrollo intelectual;OTROS: 140;41.6463617;-4.705208;ANTONIO DIEZHANDINO ANDRES;41.6463617, -4.705208
CASA ACOGIDA MICAELA;2023-09-27;S/C;47;47186;VALLADOLID;VALLADOLID;47000;ZDESCONOCIDO;000 000000;;470324;RELIGIOSAS ADORATRICES ESCLAVAS DEL SANTISIMO SACRAMENTO Y DE LA CARIDAD;;INSTITUCIONES, ÓRDENES, CONGREGACIONES RELIGIOSAS Y SIMILARES;;;MUJER;Vivienda;Casa de acogida mujeres maltratadas;OTROS: 8;;;;
VIVIENDA INTRAS VALLADOLID XLVIII;2021-09-30;CALLE CAÑON DEL RIO LOBOS Nº 32 PT. 1;47;47186;VALLADOLID;VALLADOLID;47012;VALLADOLID - DELICIAS - CANTERAC;983 399633;;471574;FUNDACION INTRAS;;FUNDACIÓN;;;PERSONAS CON DISCAPACIDAD;Vivienda;Personas con discapacidad por enfermedad mental;OTROS: 4;41.6281739;-4.7176596;PABLO GOMEZ CONEJO;41.6281739, -4.7176596
VIVIENDA INTRAS VALLADOLID PRINCIPE;2023-10-30;CALLE PRINCIPE 16 3ºB;47;47186;VALLADOLID;VALLADOLID;47005;VALLADOLID - VADILLOS;983 399633;;471861;FUNDACION INTRAS;;FUNDACIÓN;vrm@intras.es;;PERSONAS CON DISCAPACIDAD;Vivienda;Personas con discapacidad por enfermedad mental;DISCAPACIDAD ENFERMEDAD MENTAL: 1;41.6484745;-4.7144764;GUSTAVO MARTÍN VILLAREJO;41.6484745, -4.7144764
VIVIENDA INTRAS VALLADOLID XXIV;2023-11-15;CALLE VALLE DEL JERTE Nº 8 1º B;47;47186;VALLADOLID;VALLADOLID;47010;VALLADOLID - BARRIO ESPAÑA - SAN PEDRO REGALADO;983 399633;;471561;FUNDACION INTRAS;;FUNDACIÓN;gmv@intras.es;;PERSONAS CON DISCAPACIDAD;Vivienda;Personas con discapacidad por enfermedad mental;OTROS: 1;41.6695578;-4.7124726;GUSTAVO MARTÍN VILLAREJO;41.6695578, -4.7124726
VIVIENDA INTRAS VALLADOLID XXXII;2025-04-14;CALLE ISAAC QUINTERO Nº 5 2º D;47;47186;VALLADOLID;VALLADOLID;47005;VALLADOLID - CENTRO;983 399633;;471565;FUNDACION INTRAS;;FUNDACIÓN;gmv@intras.es;;PERSONAS CON DISCAPACIDAD;Vivienda;Personas con discapacidad por enfermedad mental;OTROS: 2;41.64941719999999;-4.7133024;GUSTAVO MARTÍN VILLAREJO;41.64941719999999, -4.7133024
VIVIENDA INTRAS VALLADOLID VIII;2023-10-30;CARRETERA DE LA ESPERANZA Nº 30 3º A;47;47186;VALLADOLID;VALLADOLID;47007;VALLADOLID - DELICIAS - ARGALES;983 399633;;471434;FUNDACION INTRAS;;FUNDACIÓN;gmv@intras.es;;PERSONAS CON DISCAPACIDAD;Vivienda;Personas con discapacidad por enfermedad mental;OTROS: 2;;;GUSTAVO MARTÍN VILLAREJO;
VIVIENDA INTRAS VALLADOLID XXV;2023-10-30;CALLE VELARDES Nº 1 - 5ºE;47;47186;VALLADOLID;VALLADOLID;47002;VALLADOLID - CAMPILLO;983 399633;;471511;FUNDACION INTRAS;;FUNDACIÓN;gmv@intras.es;;PERSONAS CON DISCAPACIDAD;Vivienda;Personas con discapacidad por enfermedad mental;OTROS: 2;41.6522038;-4.7178508;GUSTAVO MARTÍN VILLAREJO;41.6522038, -4.7178508
VIVIENDA INTRAS VALLADOLID XXIII;2023-10-30;CALLE CARLOS ARNICHES Nº 5 1º DCHA.;47;47186;VALLADOLID;VALLADOLID;47016;VALLADOLID - HOSPITAL;983 399633;;471509;FUNDACION INTRAS;;FUNDACIÓN;gmv@intras.es;;PERSONAS CON DISCAPACIDAD;Vivienda;Personas con discapacidad por enfermedad mental;OTROS: 2;;;GUSTAVO MARTÍN VILLAREJO;
VIVIENDA INTRAS VALLADOLID JUAN GARCIA HORTELANO;2023-10-30;CALLE JUAN GARCIA HORTELANO 45;47;47186;VALLADOLID;VALLADOLID;47014;VALLADOLID - PARQUESOL;983 399633;;471899;FUNDACION INTRAS;;FUNDACIÓN;gmv@intras.es;;PERSONAS CON DISCAPACIDAD;Vivienda;Personas con discapacidad por enfermedad mental;DISCAPACIDAD ENFERMEDAD MENTAL: 2;41.6369383;-4.7665335;GUSTAVO MARTÍN VILLAREJO;41.6369383, -4.7665335
VIVIENDA INTRAS PRÍNCIPE 9;2025-02-18;CALLE PRINCIPE 9 1ºC;47;47186;VALLADOLID;VALLADOLID;47005;VALLADOLID - VADILLOS;983 399633;983 648563639;471963;FUNDACION INTRAS;;FUNDACIÓN;vrm@intras.es;;PERSONAS CON DISCAPACIDAD;Vivienda;Personas con discapacidad por enfermedad mental;DISCAPACIDAD ENFERMEDAD MENTAL: 3;41.64910709999999;-4.7146671;PABLO GOMEZ CONEJO;41.64910709999999, -4.7146671
VIVIENDA INTRAS VALLADOLID XL;2025-04-14;CALLE PASION Nº 17 4º A;47;47186;VALLADOLID;VALLADOLID;47001;VALLADOLID - CENTRO;983 399633;;471580;FUNDACION INTRAS;;FUNDACIÓN;rcs@intras.es;;PERSONAS CON DISCAPACIDAD;Vivienda;Personas con discapacidad por enfermedad mental;OTROS: 2;41.651203;-4.730400400000001;PABLO GÓMEZ CONEJO;41.651203, -4.730400400000001
VIVIENDA INTRAS VALLADOLID XXXVII;2021-09-30;CALLE TORTOLA Nº 8 3º C;47;47186;VALLADOLID;VALLADOLID;47012;VALLADOLID - PAJARILLOS BAJOS;983 399633;;471582;FUNDACION INTRAS;;FUNDACIÓN;rcs@intras.es;;PERSONAS CON DISCAPACIDAD;Vivienda;Personas con discapacidad por enfermedad mental;OTROS: 3;41.646508;-4.7130285;PABLO GÓMEZ CONEJO;41.646508, -4.7130285
VIVIENDA INTRAS VALLADOLID PADRE MANJON 81 -1ºI;2023-11-15;CALLE PADRE MANJON 81 1ºI;47;47186;VALLADOLID;VALLADOLID;47013;VALLADOLID - DELICIAS - CANTERAC;983 399633;;471854;FUNDACION INTRAS;;FUNDACIÓN;vrm@intras.es;;PERSONAS CON DISCAPACIDAD;Vivienda;Personas con discapacidad por enfermedad mental;DISCAPACIDAD ENFERMEDAD MENTAL: 1;41.6379508;-4.7198916;GUSTAVO MARTÍN VILLAREJO;41.6379508, -4.7198916
VIVIENDA INTRAS VALLADOLID CIGÜEÑA;2023-10-30;CALLE CIGUEÑA 33 4ºG;47;47186;VALLADOLID;VALLADOLID;47012;VALLADOLID - PAJARILLOS BAJOS;983 399633;;471880;FUNDACION INTRAS;;FUNDACIÓN;vrm@intras.es;;PERSONAS CON DISCAPACIDAD;Vivienda;Personas con discapacidad por enfermedad mental;DISCAPACIDAD ENFERMEDAD MENTAL: 2;41.647647;-4.7095264;GUSTAVO MARTÍN VILLAREJO;41.647647, -4.7095264
VIVIVIENDA INTRAS VALLADOLID ARCA 6;2024-02-16;CALLE ARCA 6 5 3ºD;47;47186;VALLADOLID;VALLADOLID;47008;VALLADOLID - DELICIAS - ARGALES;983 399633;983 648563639;471915;FUNDACION INTRAS;;FUNDACIÓN;vrm@intras.es;;PERSONAS CON DISCAPACIDAD;Vivienda;Personas con discapacidad por enfermedad mental;DISCAPACIDAD ENFERMEDAD MENTAL: 2;41.6189474;-4.7307435;PABLO GOMEZ CORNEJO;41.6189474, -4.7307435
VIVIENDA INTRAS VALLADOLID VI;2023-10-30;CALLE BAILARIN VICENTE ESCUDERO 30, 2º IZD;47;47186;VALLADOLID;VALLADOLID;47005;VALLADOLID - VADILLOS;983 399633;983 217565;471421;FUNDACION INTRAS;;FUNDACIÓN;gmv@intras.es;;PERSONAS CON DISCAPACIDAD;Vivienda;Personas con discapacidad por enfermedad mental;OTROS: 1;;;GUSTAVO MARTÍN VILLAREJO;
VIVIENDA INTRAS VALLADOLID LI;2023-11-15;CALLE UNION Nº 5 2º F;47;47186;VALLADOLID;VALLADOLID;47016;VALLADOLID - VADILLOS;983 399633;;471596;FUNDACION INTRAS;;FUNDACIÓN;rcs@intras.es;;PERSONAS CON DISCAPACIDAD;Vivienda;Personas con discapacidad por enfermedad mental;OTROS: 2;;;GUSTAVO MARTÍN VILLAREJO;
VIVIENDA INTRAS VALLADOLID COLMENARES Nº 10;2023-10-30;CALLE COLMENARES 10 2º C;47;47186;VALLADOLID;VALLADOLID;47004;VALLADOLID - CAMPO GRANDE;983 399633;;471802;FUNDACION INTRAS;;FUNDACIÓN;dsp@intras.es;;PERSONAS CON DISCAPACIDAD;Vivienda;Personas con discapacidad por enfermedad mental;OTROS: 1;41.6466025;-4.7269738;GUSTAVO MARTÍN VILLAREJO;41.6466025, -4.7269738
VIVENDA INTRAS CALLE PRINCIPE 16;2025-06-14;CALLE PRINCIPE  Nº 16 3º A;47;47186;VALLADOLID;VALLADOLID;47005;VALLADOLID - VADILLOS;608 421306;;471844;FUNDACION INTRAS;;FUNDACIÓN;vrm@intras.es;;PERSONAS CON DISCAPACIDAD;Vivienda;Personas con discapacidad por enfermedad mental;OTROS: 1;41.6484745;-4.7144764;GUSTAVO MARTÍN VILLAREJO;41.6484745, -4.7144764
FUNDACION INTRAS VALLADOLID VIVIENDA INTRAS NEBRIJA 3;2025-04-14;CALLE NEBRIJA  Nº 3 BAJO A;47;47186;VALLADOLID;VALLADOLID;47010;VALLADOLID - RONDILLA- SANTA CLARA;983 399633;;471843;FUNDACION INTRAS;;FUNDACIÓN;vrm@intras.es;;PERSONAS CON DISCAPACIDAD;Vivienda;Personas con discapacidad por enfermedad mental;OTROS: 2;41.6625611;-4.7209723;GUSTAVO MARTÍN VILLAREJO;41.6625611, -4.7209723
VIVIENDA INTRAS VALLADOLID CALLE CORTA;2025-02-18;CALLE CORTA 1;47;47186;VALLADOLID;VALLADOLID;47008;VALLADOLID - SUR - LA RUBIA;983 399633;;471961;FUNDACION INTRAS;;FUNDACIÓN;cpm@intras.es;;PERSONAS CON DISCAPACIDAD;Vivienda;Personas con discapacidad por enfermedad mental;DISCAPACIDAD ENFERMEDAD MENTAL: 3;41.6250244;-4.741080999999999;PABLO GÓMEZ CONEJO;41.6250244, -4.741080999999999
VIVIENDA INTRAS VALLADOLID X;2023-10-30;CALLE DOCTOR FLEMING Nº 19 4º DCHA.;47;47186;VALLADOLID;VALLADOLID;47011;VALLADOLID - HOSPITAL;983 399633;;471446;FUNDACION INTRAS;;FUNDACIÓN;gmv@intras.es;;PERSONAS CON DISCAPACIDAD;Vivienda;Personas con discapacidad por enfermedad mental;OTROS: 3;;;GUSTAVO MARTÍN VILLAREJO;
VIVIENDA INTRAS VALLADOLID XIV;2025-06-14;CALLE MATEO SEOANE SOBRAL Nº 12 1º E;47;47186;VALLADOLID;VALLADOLID;47014;VALLADOLID - PARQUESOL;983 399633;;471477;FUNDACION INTRAS;;FUNDACIÓN;gmv@intras.es;;PERSONAS CON DISCAPACIDAD;Vivienda;Personas con discapacidad por enfermedad mental;OTROS: 3;41.6373101;-4.7560326;GUSTAVO MARTÍN VILLAREJO;41.6373101, -4.7560326
VIVIENDA INTRAS VALLADOLID XVI;2025-12-14;CALLE FEDERICO LANDROVE MOIÑO Nº 11 1º F;47;47186;VALLADOLID;VALLADOLID;47014;VALLADOLID - PARQUESOL;983 217565;;471481;FUNDACION INTRAS;;FUNDACIÓN;gmv@intras.es;;PERSONAS CON DISCAPACIDAD;Vivienda;Personas con discapacidad por enfermedad mental;OTROS: 3;41.633467;-4.759539;GUSTAVO MARTÍN VILLAREJO;41.633467, -4.759539
VIVIENDA INTRAS VALLADOLID XLVI;2023-10-30;CALLE MIESES Nº 80 2º D;47;47186;VALLADOLID;VALLADOLID;47014;VALLADOLID - HUERTA DEL REY - GIRÓN;983 399633;;471587;FUNDACION INTRAS;;FUNDACIÓN;gmv@intras.es;;PERSONAS CON DISCAPACIDAD;Vivienda;Personas con discapacidad por enfermedad mental;OTROS: 2;41.6499286;-4.7482356;GUSTAVO MARTÍN VILLAREJO;41.6499286, -4.7482356
VIVIENDA INTRAS VALLADOLID BAILARIN VICENTE ESCUDERO 30 2ºD;2025-06-14;CALLE BAILARIN VICENTE ESCUDERO 30;47;47186;VALLADOLID;VALLADOLID;47005;VALLADOLID - VADILLOS;983 399633;;471810;FUNDACION INTRAS;;FUNDACIÓN;dsp@intras;;PERSONAS CON DISCAPACIDAD;Vivienda;Personas con discapacidad por enfermedad mental;OTROS: 1;41.64753899999999;-4.714557999999999;GUSTAVO MARTÍN VILLAREJO;41.64753899999999, -4.714557999999999
VIVIENDA INTRAS VALLADOLID LXIV;2023-10-30;CALLE MANUEL SILVELA Nº 8, 8º E;47;47186;VALLADOLID;VALLADOLID;47014;VALLADOLID - PARQUESOL;983 399633;;471768;FUNDACION INTRAS;;FUNDACIÓN;gmv@intras.es;;PERSONAS CON DISCAPACIDAD;Vivienda;Personas con discapacidad por enfermedad mental;OTROS: 2;41.6354356;-4.759824099999999;GUSTAVO MARTÍN VILLAREJO;41.6354356, -4.759824099999999
VIVIENDA INTRAS VALLADOLID IV;2023-11-15;CALLE JARDINES Nº 12 1º A;47;47186;VALLADOLID;VALLADOLID;47005;VALLADOLID - VADILLOS;983 399633;;471394;FUNDACION INTRAS;;FUNDACIÓN;gmv@intras.es;;PERSONAS CON DISCAPACIDAD;Vivienda;Personas con discapacidad por enfermedad mental;OTROS: 4;41.649348;-4.7168049;GUSTAVO MARTÍN VILLAREJO;41.649348, -4.7168049
VIVIENDA INTRAS VALLADOLID XLIII;2023-10-30;CALLE PARVA DE LA RIA Nº 63 - 1º;47;47186;VALLADOLID;VALLADOLID;47009;VALLADOLID - LA VICTORIA;983 399633;;471616;FUNDACION INTRAS;;FUNDACIÓN;gmv@intras.es;;PERSONAS CON DISCAPACIDAD;Vivienda;Personas con discapacidad por enfermedad mental;OTROS: 2;41.6733205;-4.7312088;GUSTAVO MARTÍN VILLAREJO;41.6733205, -4.7312088
CENTRO DE PERSONAS MAYORES ZONA ESTE (ATENCION SOCIAL);2023-11-03;PLAZA BIOLOGO JOSE ANTONIO VALVERDE;47;47186;VALLADOLID;VALLADOLID;47012;VALLADOLID - PAJARILLOS BAJOS;983 426105;983 426399;471024;AYUNTAMIENTO DE VALLADOLID;;ADMINISTRACIÓN LOCAL;;;PERSONAS MAYORES;Centro de día;Hogar (Unidad de atención social);OTROS: 1;;;;
CENTRO RESIDENCIAL BALLESOL VALLADOLID II;2022-01-17;CALLE LUIS GONZALEZ LEFORT, Nº 18;47;47186;VALLADOLID;VALLADOLID;47016;VALLADOLID - PARQUESOL;983 409979;983 406743;470856;INTERCENTROS BALLESOL, S. A.;;SOCIEDADES;direccion.parquesol@ballesol.es;;PERSONAS MAYORES;Residencia;Para asistidos;ASISTIDOS: 182;41.6296372;-4.7560946;SONIA CAÑIZAL GONZÁLEZ;41.6296372, -4.7560946
RESIDENCIA DE PERSONAS MAYORES CARDENAL MARCELO;2023-06-07;AVENIDA CONTIENDAS S/N;47;47186;VALLADOLID;VALLADOLID;47009;VALLADOLID - HUERTA DEL REY - GIRÓN;983 427125;983 427125;470472;DIPUTACION PROVINCIAL DE VALLADOLID;;ADMINISTRACIÓN LOCAL;carmen.crespo@dipvalladolid.es;;PERSONAS MAYORES;Residencia;Para asistidos;ASISTIDOS: 221;41.6569188;-4.7476829;SONIA MARÍA MARBÁN GARCÍA;41.6569188, -4.7476829
RESIDENCIA NTRA. SRA. DEL CARMEN;2025-01-27;CALLE CHANCILLERIA Nº 3;47;47186;VALLADOLID;VALLADOLID;47003;VALLADOLID - HOSPITAL;983 250182;;470203;ASOCIACION VALLISOLETANA DE AYUDA A LA ANCIANIDAD Y A LA INFANCIA;;ASOCIACIÓN;asvai@asvai.org;;PERSONAS MAYORES;Residencia;Mixta para válidos y asistidos;ASISTIDOS: 122, VÁLIDOS: 20;41.65692370000001;-4.7205414;SUSANA GÓMEZ SANZ;41.65692370000001, -4.7205414
CENTRO DE DIA AFAVA;2020-10-14;PLAZA CARMEN FERREIRO S/N;47;47186;VALLADOLID;VALLADOLID;47011;VALLADOLID - BARRIO ESPAÑA - SAN PEDRO REGALADO;983 256614;983 256614;470501;ASOCIACION DE FAMILIARES DE ENFERMOS ALZHEIMER DE VALLADOLID;;ASOCIACIÓN;;;PERSONAS MAYORES;Centro de día;Estancias diurnas para enfermos de Alzheimer;ASISTIDOS: 35;41.6677605;-4.7068469;NIEVES RAMOS CANCIO;41.6677605, -4.7068469
CASA HOGAR SAN JUAN DE DIOS;2023-05-05;AVENIDA MADRID Nº 68;47;47186;VALLADOLID;VALLADOLID;47008;VALLADOLID - DELICIAS - ARGALES;983 222875;983 273748;470394;CENTRO SAN JUAN DE DIOS;;INSTITUCIONES, ÓRDENES, CONGREGACIONES RELIGIOSAS Y SIMILARES;;;PERSONAS CON DISCAPACIDAD;Vivienda;Personas con discapacidad por trastorno del desarrollo intelectual leve o moderado;OTROS: 8;41.6003806;-4.723923099999999;RAÚL RUIZ LÓPEZ;41.6003806, -4.723923099999999
"CENTRO OCUPACIONAL ""SAN JUAN DE DIOS"" II";2024-10-15;AVENIDA MADRID Nº 68;47;47186;VALLADOLID;VALLADOLID;47008;VALLADOLID - DELICIAS - ARGALES;983 222875;;470836;CENTRO SAN JUAN DE DIOS;;INSTITUCIONES, ÓRDENES, CONGREGACIONES RELIGIOSAS Y SIMILARES;;;PERSONAS CON DISCAPACIDAD;Centro de día;Personas con discapacidad por trastorno del desarrollo intelectual;OTROS: 60;41.6259552;-4.7263189;NOEMI SILVA GANSO;41.6259552, -4.7263189
RESIDENCIA SAN JUAN DE DIOS  III;2025-11-14;AVENIDA MADRID Nº 68;47;47186;VALLADOLID;VALLADOLID;47008;VALLADOLID - DELICIAS - ARGALES;983 222875;;470831;CENTRO SAN JUAN DE DIOS;;INSTITUCIONES, ÓRDENES, CONGREGACIONES RELIGIOSAS Y SIMILARES;;;PERSONAS CON DISCAPACIDAD;Residencia;Personas con discapacidad por trastorno del desarrollo intelectual;OTROS: 44;41.6042275;-4.7280761;RAÚL RUIZ LÓPEZ;41.6042275, -4.7280761
"RED DE VIVIENDAS SAN JUAN DE DIOS ""CHALET ZAMPULLIN""";2023-05-05;CALLE ZAMPULLIN 12;47;47186;VALLADOLID;VALLADOLID;47012;VALLADOLID - DELICIAS - ARGALES;983 394389;;470867;CENTRO SAN JUAN DE DIOS;;INSTITUCIONES, ÓRDENES, CONGREGACIONES RELIGIOSAS Y SIMILARES;;;PERSONAS CON DISCAPACIDAD;Vivienda;Personas con discapacidad por trastorno del desarrollo intelectual leve o moderado;OTROS: 5;41.6498263;-4.6994932;RAÚL RUIZ LÓPEZ;41.6498263, -4.6994932
VIVIENDA SAN JUAN DE DIOS CHALET GRAJILLA;2023-05-05;CALLE GRAJILLA  Nº 20;47;47186;VALLADOLID;VALLADOLID;47012;VALLADOLID - DELICIAS - ARGALES;983 394389;;470868;CENTRO SAN JUAN DE DIOS;;INSTITUCIONES, ÓRDENES, CONGREGACIONES RELIGIOSAS Y SIMILARES;;;PERSONAS CON DISCAPACIDAD;Vivienda;Personas con discapacidad por trastorno del desarrollo intelectual leve o moderado;OTROS: 5;41.650247;-4.6996478;RAÚL RUIZ LÓPEZ;41.650247, -4.6996478
VIVIENDA SAN JOSE;2025-11-11;CALLE SAN JOSE 14 1ºF;47;47186;VALLADOLID;VALLADOLID;47007;VALLADOLID - CAMPO GRANDE;983 222875;;471908;CENTRO SAN JUAN DE DIOS;;INSTITUCIONES, ÓRDENES, CONGREGACIONES RELIGIOSAS Y SIMILARES;c.valladolid@sjd.es;;PERSONAS CON DISCAPACIDAD;Vivienda;Personas con discapacidad por trastorno del desarrollo intelectual leve o moderado;DISCAPACIDAD INTELECTUAL: 5;41.64212328423632;-4.733471817630138;JOSE VICENTE FARPÓN MRCOS;41.64212328423632, -4.733471817630138
UNIDAD DE ESTANCIAS DIURNAS;2025-09-03;CAMINO ESPERANZA 29;47;47186;VALLADOLID;VALLADOLID;47007;VALLADOLID - SUR - JUAN DE AUSTRIA;983 228466;;470618;RESIDENCIA DE TERCERA EDAD ESPERANZA S.L.;;SOCIEDADES;esperanza@residenciaesperanza.es;;PERSONAS MAYORES;Centro de día;Estancias diurnas;ASISTIDOS: 10;41.63465676694426;-4.736007266871242;BEGOÑA GARCÍA RUIZ;41.63465676694426, -4.736007266871242
RESIDENCIA SANTA MONICA;2026-02-17;PASEO FILIPINOS 7;47;47186;VALLADOLID;VALLADOLID;47007;VALLADOLID - CAMPO GRANDE;983 572000;;470466;APRENDE A VIVIR S.L.;;SOCIEDADES;direccion@aprendeavivirsantamonica.es;;PERSONAS MAYORES;Residencia;Para asistidos;ASISTIDOS: 63;41.64420551784558;-4.729833831370544;RAQUEL VILLEGAS DE LA FUENTE;41.64420551784558, -4.729833831370544
CENTRO DE DIA ASPACE VALLADOLID;2021-12-07;PASEO JARDIN BOTANICO S/N;47;47186;VALLADOLID;VALLADOLID;47009;VALLADOLID - LA VICTORIA;983 354025;;470840;ASOCIACIÓN DE PADRES Y TUTORES DE PERSONAS CON PARÁLISIS CEREBRAL Y ENCEFALOPATÍAS AFINES DE VALLADOLID  (ASPACE-VALLADOLID);;ASOCIACIÓN;;;PERSONAS CON DISCAPACIDAD;Centro de día;Personas con discapacidad por trastorno del desarrollo intelectual;OTROS: 25;41.6697065;-4.7320521;ALICIA MATEOS CONTERO;41.6697065, -4.7320521
HOGAR ASPACE VALLADOLID;2023-05-05;PASEO JARDIN BOTANICO S/N;47;47186;VALLADOLID;VALLADOLID;47009;VALLADOLID - LA VICTORIA;983 354025;;470841;ASOCIACIÓN DE PADRES Y TUTORES DE PERSONAS CON PARÁLISIS CEREBRAL Y ENCEFALOPATÍAS AFINES DE VALLADOLID  (ASPACE-VALLADOLID);;ASOCIACIÓN;;;PERSONAS CON DISCAPACIDAD;Residencia;Personas con discapacidad por trastorno del desarrollo intelectual;OTROS: 20;41.6697065;-4.7320521;ALICIA MATEOS CONTERO;41.6697065, -4.7320521
"HOGAR PARA LA SOCIALIZACIÓN ""EL DESVAN""";2009-05-26;CALLE PAJARILLOS 1;47;47186;VALLADOLID;VALLADOLID;47012;VALLADOLID - PAJARILLOS ALTOS;983 208954;983 218559;470747;FUNDACIÓN JUAN SOÑADOR;;FUNDACIÓN;horizonte@fundacion juans.org;;INFANCIA (Y JUVENTUD);Vivienda;Hogar de socialización;OTROS: 7;41.6471206;-4.7039698;ANGEL FERNANDEZ ARTIME;41.6471206, -4.7039698
CENTRO DE DIA AL ALBA;2020-10-14;CALLE PAJARILLOS 1;47;47186;VALLADOLID;VALLADOLID;47012;VALLADOLID - PAJARILLOS ALTOS;983 218559;983 218559;470589;FUNDACIÓN JUAN SOÑADOR;;FUNDACIÓN;horizonte@fundacionjuans.org;;INFANCIA (Y JUVENTUD);Centro de día;Centro de día;OTROS: 15;41.6471206;-4.7039698;OSCAR MARTINEZ VEGA;41.6471206, -4.7039698
CENTRO GERIATRICO RIOSOL;2021-09-16;PLAZA CUBA 1;47;47186;VALLADOLID;VALLADOLID;47014;VALLADOLID - ARTURO EYRIES;983 228418;;470586;RIOSOL RESIDENCIAL S.L.;;SOCIEDADES;gerencia@riosolresidencial.com;;PERSONAS MAYORES;Residencia;Para asistidos;ASISTIDOS: 169;41.6298694;-4.7458695;CRISTINA LLAMAS LLORENTE;41.6298694, -4.7458695
CENTRO RESIDENCIAL PATIO DE LOS PALACIOS;2024-03-15;CALLE FRANCISCO JAVIER MARTIN ABRIL Nº 2;47;47186;VALLADOLID;VALLADOLID;47002;VALLADOLID - CAMPILLO;983 950034;;471444;CLECE, S.A.;CLECE VITAM, S.A.;SOCIEDADES;cperezc@clece.es;;PERSONAS MAYORES;Residencia;Para asistidos;ASISTIDOS: 188;41.6511911;-4.7223369;JOSÉ ANTONIO SAN JOSÉ MATESANZ;41.6511911, -4.7223369
CENTRO ESPECIAL PADRE ZEGRI;2022-09-27;CAMINO VIRGEN DE LA MERCED 12BIS;47;47186;VALLADOLID;VALLADOLID;47009;VALLADOLID - LA VICTORIA;983 339694;983 342063;470241;CENTRO ESPECIAL PADRE ZEGRI MERCEDARIAS DE LA CARIDAD PROVINCIA INMACULADA VIRGEN MARIA;;INSTITUCIONES, ÓRDENES, CONGREGACIONES RELIGIOSAS Y SIMILARES;;;PERSONAS CON DISCAPACIDAD;Residencia;Personas con discapacidad por trastorno del desarrollo intelectual;OTROS: 79;41.6624571;-4.7431713;LUISA MARÍA ENRIQUEZ TAULER;41.6624571, -4.7431713
CENTRO OCUPACIONAL PADRE ZEGRI;2023-05-05;CAMINO VIRGEN DE LA MERCED 12;47;47186;VALLADOLID;VALLADOLID;47009;VALLADOLID - LA VICTORIA;983 339694;983 342063;470873;CENTRO ESPECIAL PADRE ZEGRI MERCEDARIAS DE LA CARIDAD PROVINCIA INMACULADA VIRGEN MARIA;;INSTITUCIONES, ÓRDENES, CONGREGACIONES RELIGIOSAS Y SIMILARES;;;PERSONAS CON DISCAPACIDAD;Centro de día;Personas con discapacidad por trastorno del desarrollo intelectual;OTROS: 79;41.6624571;-4.7431713;CONCEPCION MORALES;41.6624571, -4.7431713
CENTRO RESIDENCIAL ASPAYM CASTILLA Y LEÓN;2024-07-15;CALLE TREVIÑO 74;47;47186;VALLADOLID;VALLADOLID;47008;CERCANÍAS 1;983 140088;;470880;FUNDACIÓN ASPAYM CASTILLA Y LEÓN;;FUNDACIÓN;residencia@oficinas.aspaymcyl.org;;PERSONAS CON DISCAPACIDAD;Residencia;Personas con discapacidad física;OTROS: 40;41.6128991;-4.744940199999999;Daniel Rodríguez García;41.6128991, -4.744940199999999
CENTRO OCUPACIONAL EL PUENTE;2022-10-14;CALLE TAJAHIERRO S/NCOLEGIO JUAN MART. EL EMPECINADO;47;47186;VALLADOLID;VALLADOLID;47009;VALLADOLID - HUERTA DEL REY - GIRÓN;983 356908;;470482;FEAFES VALLADOLID EL PUENTE;;ASOCIACIÓN;;;PERSONAS CON DISCAPACIDAD;Centro de día;Personas con discapacidad por enfermedad mental;OTROS: 60;41.6541044;-4.7454887;PABLO MORENO ZAFRA;41.6541044, -4.7454887
VIVIENDA EL PUENTE XXVII;2024-07-15;CALLE CARDENAL TORQUEMADA 8 BAJO DCHA;47;47186;VALLADOLID;VALLADOLID;47010;VALLADOLID - RONDILLA- SANTA CLARA;983 356908;;471859;FEAFES VALLADOLID EL PUENTE;;ASOCIACIÓN;administracion@elpuentesaludmental.org;;PERSONAS CON DISCAPACIDAD;Vivienda;Personas con discapacidad por enfermedad mental;DISCAPACIDAD ENFERMEDAD MENTAL: 2;;;PABLO MORENO ZAFRA;
VIVIENDA EL PUENTE XXVIII;2024-07-15;CALLE LINARES 36 1ºD;47;47186;VALLADOLID;VALLADOLID;47010;VALLADOLID - RONDILLA- SANTA CLARA;983 356908;;471877;FEAFES VALLADOLID EL PUENTE;;ASOCIACIÓN;direccion@elpuentesaludmental.org;;PERSONAS CON DISCAPACIDAD;Vivienda;Personas con discapacidad por enfermedad mental;DISCAPACIDAD ENFERMEDAD MENTAL: 3;41.662531;-4.722102899999999;PABLO MORENO ZAFRA;41.662531, -4.722102899999999
VIVIENDA APOYADA  PARA PERSONAS DISCAPACITADAS POR ENFERMEDAD MENTAL II;2022-10-14;CALLE RASTROJO 10 2º-B;47;47186;VALLADOLID;VALLADOLID;47014;VALLADOLID - PARQUESOL;983 356908;983 380993;470903;FEAFES VALLADOLID EL PUENTE;;ASOCIACIÓN;;;PERSONAS CON DISCAPACIDAD;Vivienda;Personas con discapacidad por enfermedad mental;OTROS: 3;41.6540947;-4.7425412;PABLO MORENO ZAFRA;41.6540947, -4.7425412
VIVIENDA APOYADA PARA PERSONAS DISCAPACITADAS POR ENFERMEDAD MENTAL IX;2025-04-14;CALLE JOAQUIN VELASCO MARTIN 32 5º IZDA.;47;47186;VALLADOLID;VALLADOLID;47014;VALLADOLID - HUERTA DEL REY - PUENTE COLGANTE;983 356908;;471379;FEAFES VALLADOLID EL PUENTE;;ASOCIACIÓN;;;PERSONAS CON DISCAPACIDAD;Vivienda;Personas con discapacidad por enfermedad mental;DISCAPACIDAD ENFERMEDAD MENTAL: 4;;;PABLO MORENO ZAFRA;
VIVIENDA APOYADA PARA PERSONAS DISCAPACITADAS POR ENFERMEDAD MENTAL XV;2023-05-05;PASEO ZORRILLA Nº 190 1º A;47;47186;VALLADOLID;VALLADOLID;47008;VALLADOLID - SUR - LA RUBIA;983 356908;;471542;FEAFES VALLADOLID EL PUENTE;;ASOCIACIÓN;programas@elpuentesaludmental.org;;PERSONAS CON DISCAPACIDAD;Vivienda;Personas con discapacidad por enfermedad mental;OTROS: 3;41.6287546;-4.743559299999999;PABLO MORENO ZAFRA;41.6287546, -4.743559299999999
VIVIENDA EL PUENTE XXIV;2025-07-14;CALLE BECQUER Nº 9 BAJO B;47;47186;VALLADOLID;VALLADOLID;47005;VALLADOLID - VADILLOS;983 356908;;471783;FEAFES VALLADOLID EL PUENTE;;ASOCIACIÓN;administracion@elpuentesaludmental.org;;PERSONAS CON DISCAPACIDAD;Vivienda;Personas con discapacidad por enfermedad mental;OTROS: 2;41.6510727;-4.7113043;PABLO MORENO ZAFRA;41.6510727, -4.7113043
VIVIENDA EL PUENTE XXXII;2026-03-18;CALLE SOTO 29 2ºC;47;47186;VALLADOLID;VALLADOLID;47010;VALLADOLID - RONDILLA- SANTA CLARA;983 356908;983 622427138;472005;FEAFES VALLADOLID EL PUENTE;;ASOCIACIÓN;administracion@elpuentesaludmental.org;;PERSONAS CON DISCAPACIDAD;Vivienda;Personas con discapacidad por enfermedad mental;DISCAPACIDAD ENFERMEDAD MENTAL: 2;41.6626983;-4.7198683;RAQUEL BARBERO DE PABLOS;41.6626983, -4.7198683
VIVIENDA EL PUENTE XXXI;2025-08-14;CALLE NICOLAS SALMERON 15 3ºB;47;47186;VALLADOLID;VALLADOLID;47004;VALLADOLID - VADILLOS;983 356908;983 622427138;471978;FEAFES VALLADOLID EL PUENTE;;ASOCIACIÓN;administracion@elpuentesaludmental.org;;PERSONAS CON DISCAPACIDAD;Vivienda;Personas con discapacidad por enfermedad mental;DISCAPACIDAD ENFERMEDAD MENTAL: 3;41.64598407529826;-4.721237824824359;RAQUEL BARBERO DE PABLOS;41.64598407529826, -4.721237824824359
VIVIENDA APOYADA PARA PERSONAS DISCAPACITADAS POR ENFERMEDAD MENTAL XIV;2022-10-14;CALLE NICASIO PEREZ Nº 9 6º B;47;47186;VALLADOLID;VALLADOLID;47005;VALLADOLID - VADILLOS;983 356908;;471525;FEAFES VALLADOLID EL PUENTE;;ASOCIACIÓN;programas@elpuentesaludmental.org;;PERSONAS CON DISCAPACIDAD;Vivienda;Personas con discapacidad por enfermedad mental;OTROS: 3;41.6511;-4.7165797;PABLO MORENO ZAFRA;41.6511, -4.7165797
VIVIENDA APOYADA PARA PERSONAS  DISCAPACITADAS POR ENFERMEDAD MENTAL XI;2022-10-14;PASEO ZORRILLA 79, 3ºDCHA;47;47186;VALLADOLID;VALLADOLID;47007;VALLADOLID - SUR - JUAN DE AUSTRIA;983 356908;;471472;FEAFES VALLADOLID EL PUENTE;;ASOCIACIÓN;direccion@elpuentesaludmental.org;;PERSONAS CON DISCAPACIDAD;Vivienda;Personas con discapacidad por enfermedad mental;OTROS: 4;41.6357413;-4.7393019;PABLO MORENO ZAFRA;41.6357413, -4.7393019
CENTRO DE DÍA SAN JUAN;2025-09-16;CALLE NICASIO PEREZ ESQ. PLAZA SAN JUAN;47;47186;VALLADOLID;VALLADOLID;47002;VALLADOLID - CAMPILLO;917 583351;;471049;PSM SALUD S.L.;;SOCIEDADES;info@villasaluten.com;;PERSONAS MAYORES;Centro de día;Estancias diurnas;ASISTIDOS: 70;41.6515;-4.7172141;Sergio Marcos Gómez;41.6515, -4.7172141
RESIDENCIA PARA PERSONAS MAYORES LA ARBOLADA;2025-09-19;CAMINO VIEJO DE SIMANCAS KM. 4;47;47186;VALLADOLID;VALLADOLID;47008;VALLADOLID - SUR - LA RUBIA;983 236040;;470707;RESIDENCIAS PARA VIVIR, S. L.;;SOCIEDADES;administracion@aprendeavivir.es;;PERSONAS MAYORES;Residencia;Para asistidos;ASISTIDOS: 60;41.6040417;-4.7927867;ANA ISABEL CABALLERO TRIBIÑO;41.6040417, -4.7927867
CENTRO OCUPACIONAL OBREGÓN;2026-02-14;PASEO OBREGON 2-6;47;47186;VALLADOLID;VALLADOLID;47009;VALLADOLID - LA VICTORIA;983 330163;983 373144;470425;FUNDACIÓN PERSONAS;;FUNDACIÓN;carmen.llamas@fundacionpersonas.es;;PERSONAS CON DISCAPACIDAD;Centro de día;Personas con discapacidad por trastorno del desarrollo intelectual;OTROS: 132;41.6668321;-4.7315667;CARMEN LLAMAS MARTINEZ;41.6668321, -4.7315667
CENTRO OCUPACIONAL DOS PINOS;2025-08-14;CAMINO VIEJO DE SIMANCAS KM. 4,500;47;47186;VALLADOLID;VALLADOLID;47008;VALLADOLID - SUR - LA RUBIA;983 475605;;470417;FUNDACIÓN PERSONAS;;FUNDACIÓN;;;PERSONAS CON DISCAPACIDAD;Centro de día;Personas con discapacidad por trastorno del desarrollo intelectual;OTROS: 75;41.5877507;-4.822079;JOSE MANUEL RODRIGUEZ MAYORAL;41.5877507, -4.822079
VIVIENDA TUTELADA COLOMBIA;2024-12-14;CALLE COLOMBIA 2;47;47186;VALLADOLID;VALLADOLID;47014;VALLADOLID - ARTURO EYRIES;983 475646;;471860;FUNDACIÓN PERSONAS;;FUNDACIÓN;josemanuel.rodriguez@fundacionpersonas.es;;PERSONAS CON DISCAPACIDAD;Vivienda;Personas con discapacidad por trastorno del desarrollo intelectual leve o moderado;DISCAPACIDAD INTELECTUAL: 8;41.6330618;-4.744846;JOSE MANUEL RODRIGUEZ MAYORAL;41.6330618, -4.744846
VIVIENDA TUTELADA UNIVERSIDAD;2025-08-14;CALLE LOPEZ GOMEZ 19;47;47186;VALLADOLID;VALLADOLID;47002;VALLADOLID - CAMPILLO;983 225125;;471896;FUNDACIÓN PERSONAS;;FUNDACIÓN;fundacionpersonas@fundacionpersonas.es;;PERSONAS CON DISCAPACIDAD;Vivienda;Personas con discapacidad por trastorno del desarrollo intelectual leve o moderado;DISCAPACIDAD INTELECTUAL: 8;41.6523801;-4.7224283;JOSE MANUEL RODRIGUEZ MAYORAL;41.6523801, -4.7224283
VIVIENDA TUTELADA LOPEZ GOMEZ;2025-07-14;CALLE LOPEZ GOMEZ Nº 22 2º DCHA.;47;47186;VALLADOLID;VALLADOLID;47008;VALLADOLID - CAMPILLO;983 475605;;471524;FUNDACIÓN PERSONAS;;FUNDACIÓN;josemanuel.rodriguez@fundacionpersonas.es;;PERSONAS CON DISCAPACIDAD;Vivienda;Personas con disc. física, sensorial, por trastorno del desarrollo intelectual y/o por enfer. mental;DISCAPACIDAD INTELECTUAL: 8;;;JOSE MANUEL RODRIGUEZ MAYORAL;
CENTRO DE FORMACIÓN PROFESIONAL LA TORTOLA;2023-05-05;CALLE TORTOLA , 7;47;47186;VALLADOLID;VALLADOLID;47012;VALLADOLID - PAJARILLOS BAJOS;983 293822;;470419;FUNDACIÓN PERSONAS;;FUNDACIÓN;;;PERSONAS CON DISCAPACIDAD;Centro de día;Personas con discapacidad por trastorno del desarrollo intelectual;OTROS: 13;41.6464748;-4.7121848;;41.6464748, -4.7121848
"VIVIENDA TUTELADA ""LOS ARCES I""";2024-03-15;PLAZA ARCES Nº 2, 1º B;47;47186;VALLADOLID;VALLADOLID;47003;VALLADOLID - CENTRO;983 225159;;471371;FUNDACIÓN PERSONAS;;FUNDACIÓN;pablo.tamames@fundacionpersonas.es;;PERSONAS CON DISCAPACIDAD;Vivienda;Personas con disc. física, sensorial, por trastorno del desarrollo intelectual y/o por enfer. mental;OTROS: 4;41.6544095;-4.7269432;JOSE PABLO TAMAMES REDONDO;41.6544095, -4.7269432
RESIDENCIA PERSONAS MAYORES PARQUE ALAMEDA;2022-05-16;PASEO ZORRILLA 161- 163;47;47186;VALLADOLID;VALLADOLID;47008;VALLADOLID - SUR - LA RUBIA;983 244823;;470576;RESIDENCIAS PISUERGA, S.L.;;SOCIEDADES;residenciaparquealameda@gmail.com;;PERSONAS MAYORES;Residencia;Para asistidos;ASISTIDOS: 34;41.6214811;-4.7475924;Mª JOSÉ BALDEÓN SEGOVIA;41.6214811, -4.7475924
RESIDENCIA DE MAYORES AMPAVALL;2022-07-22;CALLE RECONDO, Nº 9;47;47186;VALLADOLID;VALLADOLID;47007;VALLADOLID - CAMPO GRANDE;609 231877;;471377;ZAMORCON SLU;;SOCIEDADES;;;PERSONAS MAYORES;Residencia;Para asistidos;ASISTIDOS: 15;41.6413837;-4.72996;AGUSTIN ZAMORA GARCIA;41.6413837, -4.72996
CENTRO RESIDENCIAL ALTOS DE PARQUESOL;2024-03-15;CALLE MORELIA Nº 7;47;47186;VALLADOLID;VALLADOLID;47014;VALLADOLID - PARQUESOL;983 950664;;471443;CLECE VITAM, S.A.;;SOCIEDADES;hmongil@senior.eus;;PERSONAS MAYORES;Residencia;Para asistidos;ASISTIDOS: 46;41.6369355;-4.7687967;YASMINA VALDIVIELSO GUTIERREZ;41.6369355, -4.7687967
CENTRO DE MAYORES VITALIA VALLADOLID;2025-02-06;CALLE ATENAS Nº 10;47;47186;VALLADOLID;VALLADOLID;47008;VALLADOLID - SUR - LA RUBIA;983 352622;;471625;VITALIA HOME S.L.U.;;SOCIEDADES;valladolid@vitaliaplus.es;;PERSONAS MAYORES;Residencia;Para asistidos;ASISTIDOS: 202;41.6160029;-4.7685251;MARÍA VERA MILLAN;41.6160029, -4.7685251
UNIDAD DE ESTANCIAS DIURNAS VITALIA VALLADOLID;2021-12-13;CALLE ATENAS Nº 10;47;47186;VALLADOLID;VALLADOLID;47008;VALLADOLID - SUR - LA RUBIA;983 352622;;471626;VITALIA HOME S.L.U.;;SOCIEDADES;valladolid@vitaliaplus.es;;PERSONAS MAYORES;Centro de día;Estancias diurnas;ASISTIDOS: 15;41.6160029;-4.7685251;JESÚS AGUADO ÁLVAREZ;41.6160029, -4.7685251
RESIDENCIA DE PERSONAS MAYORES LACORT-VIANA;2023-03-10;AVENIDA PINOS 1;47;47193;VALLADOLID;VIANA DE CEGA;47150;CERCANÍAS 2;983 554727;983 392844;470520;CENTRO GERONTOLOGICO LACORT, S.L.;;SOCIEDADES;lacort@residenciaslacort.com;;PERSONAS MAYORES;Residencia;Para asistidos;ASISTIDOS: 59;41.5205695;-4.7513531;JOSE MARÍA DELGADO SANZ;41.5205695, -4.7513531
MINIRESIDENCIA II DE VIANA;2022-11-07;CARRETERA LAS MARICAS Nº 53;47;47193;VALLADOLID;VIANA DE CEGA;47150;PINODUERO;983 225125;983 475395;470948;FUNDACIÓN PERSONAS;;FUNDACIÓN;centroviana@asprona-valladolid.es;;PERSONAS CON DISCAPACIDAD;Residencia;Personas con discapacidad por trastorno del desarrollo intelectual;OTROS: 10;41.5262817;-4.748209;MARIA BLANCA ALVAREZ FERNANDEZ;41.5262817, -4.748209
RESIDENCIA VIANA III;2025-08-14;AVENIDA BARCELONA Nº 10;47;47193;VALLADOLID;VIANA DE CEGA;47150;CERCANÍAS 2;983 225125;;471785;FUNDACIÓN PERSONAS;;FUNDACIÓN;fundacionpersonas@fundacionpersonas.es;;PERSONAS CON DISCAPACIDAD;Residencia;Personas con discapacidad por trastorno del desarrollo intelectual;OTROS: 24;41.526913;-4.747501499999999;MARIA BLANCA ALVAREZ FERNANDEZ;41.526913, -4.747501499999999
GERIATRICO VILLABAÑEZ;2025-11-24;CALLE MIRADOR 1;47;47195;VALLADOLID;VILLABAÑEZ;47329;PINODUERO;983 521674;;470958;AYUNTAMIENTO DE VILLABAÑEZ;;ADMINISTRACIÓN LOCAL;;;PERSONAS MAYORES;Residencia;Para asistidos;DEPENDIENTES: 27;41.6288887;-4.5238572;LARA ESTEBAN FADRIQUE;41.6288887, -4.5238572
VIVIENDA TUTELADA PARA PERSONAS CON DISCAPACIDAD PSIQUICA VILLALON;2022-11-07;CALLE LAGUNA TINTE S/N;47;47214;VALLADOLID;VILLALON DE CAMPOS;47600;TIERRA DE CAMPOS - NORTE;983 740011;983 741061;470988;AYUNTAMIENTO DE VILLALON DE CAMPOS;;ADMINISTRACIÓN LOCAL;ayto.villalon@dip-valladolid.es;;PERSONAS CON DISCAPACIDAD;Vivienda;Personas con discapacidad por trastorno del desarrollo intelectual leve o moderado;OTROS: 8;42.101356;-5.0301191;MARTA MAROTO DEL OLMO;42.101356, -5.0301191
UNIDAD DE ESTANCIAS DIURNAS SANTA ANA;2020-10-14;PLAZA CONSTITUCION 4;47;47231;VALLADOLID;ZARATAN;47610;CERCANÍAS 1;983 374733;983 380805;470821;REGEVASA SANTA ANA, S.L.;;SOCIEDADES;RESSANTAANA@TERRA.ES;;PERSONAS MAYORES;Centro de día;Estancias diurnas;ASISTIDOS: 7;41.6593545;-4.7843049;LUIS ANTONIO VALENCIA RODRÍGUEZ;41.6593545, -4.7843049
UNIDAD DE ESTANCIAS DIURNAS CENTRO SOCIO-SANITARIO PLAZA REAL VALLADOLID;2021-01-14;CALLE CAÑADON 50;47;47231;VALLADOLID;ZARATAN;47610;CERCANÍAS 1;983 074074;983 388341;470846;LA SALETA CARE S.L.;;SOCIEDADES;;;PERSONAS MAYORES;Centro de día;Estancias diurnas;ASISTIDOS: 40;41.6552722;-4.7829453;MYRIAM POLO PALENZUELA;41.6552722, -4.7829453
RESIDENCIA CENTRO SOCIO SANITARIO PLAZA REAL VALLADOLID;2021-05-31;CALLE CAÑADON 50;47;47231;VALLADOLID;ZARATAN;47610;CERCANÍAS 1;983 074074;983 388341;470842;LA SALETA CARE S.L.;;SOCIEDADES;;;PERSONAS MAYORES;Residencia;Para asistidos;ASISTIDOS: 174;41.6552722;-4.7829453;MIRIAM POLO PALENZUELA;41.6552722, -4.7829453
RESIDENCIA DE PERSONAS MAYORES  BELEN;2025-10-31;CALLE JUAN ANTONIO CASANUEVA 13;49;49008;ZAMORA;ALMEIDA DE SAYAGO;49210;SAYAGO;980 612003;980 980612003;490298;AYUNTAMIENTO DE ALMEIDA DE SAYAGO;;ADMINISTRACIÓN LOCAL;residenciabelen@yahoo.com;;PERSONAS MAYORES;Residencia;Para asistidos;ASISTIDOS: 38;41.266900768156034;-6.074049739175687;ELENA GONZALEZ DE LA FUENTE;41.266900768156034, -6.074049739175687
CENTRO DE DIA DE MENORES LA VEGUILLA DE BENAVENTE;2023-03-10;CALLE ALCUBILLA Nº 50;49;49021;ZAMORA;BENAVENTE;49600;BENAVENTE;980 636030;;490134;GERENCIA DE SERVICIOS SOCIALES DE CASTILLA Y LEÓN;;ADMINISTRACIÓN AUTONÓMICA;;;INFANCIA (Y JUVENTUD);Centro de día;Centro de día;OTROS: 45;42.0070144;-5.6840228;;42.0070144, -5.6840228
VIVIENDA INTRAS BENAVENTE ERMITA DE SAN LAZARO 3  5ºA;2025-07-14;CALLE ERMITA DE SAN LAZARO 3 5ºA;49;49021;ZAMORA;BENAVENTE;49600;ZDESCONOCIDO;983 399633;;491142;FUNDACION INTRAS;;FUNDACIÓN;vrm@intras.es;;PERSONAS CON DISCAPACIDAD;Vivienda;Personas con discapacidad por enfermedad mental;OTROS: 2;42.0013693;-5.6645436;SORAYA ALONSO GONZALEZ;42.0013693, -5.6645436
VIVIENDA LVII PARA DISCAPACITADOS PSIQUICOS CON ENFERMEDAD MENTAL GRAVE Y PROLONGADA;2023-11-02;AVENIDA FEDERICO SILVA Nº 43 2º A;49;49021;ZAMORA;BENAVENTE;49600;BENAVENTE;980 528997;980 557104;490928;FUNDACION INTRAS;;FUNDACIÓN;intras@intras.es;www.intras.es;PERSONAS CON DISCAPACIDAD;Vivienda;Personas con discapacidad por enfermedad mental;OTROS: 1;42.001477;-5.6691783;SORAYA ALONSO GONZALEZ;42.001477, -5.6691783
VIVIENDA LVIII PARA DISCAPACITADOS PSIQUICOS CON ENFERMEDAD MENTAL GRAVE Y PROLONGADA;2023-11-02;AVENIDA FEDERICO SILVA Nº 43 2º C;49;49021;ZAMORA;BENAVENTE;49600;BENAVENTE;980 557104;980 557104;490935;FUNDACION INTRAS;;FUNDACIÓN;intras@intras.es;www.intras.es;PERSONAS CON DISCAPACIDAD;Vivienda;Personas con discapacidad por enfermedad mental;OTROS: 2;42.001477;-5.6691783;SORAYA ALONSO GONZALEZ;42.001477, -5.6691783
VIVIENDA INTRAS BENAVENTE CALLE RUA 16;2025-04-14;CALLE RUA Nº 16;49;49021;ZAMORA;BENAVENTE;49600;BENAVENTE;980 638487;;491177;FUNDACION INTRAS;;FUNDACIÓN;vrm@intras.es;;PERSONAS CON DISCAPACIDAD;Vivienda;Personas con discapacidad por trastorno del desarrollo intelectual leve o moderado;DISCAPACIDAD INTELECTUAL: 1;42.0025982;-5.678625299999999;PABLO GOMEZ CONEJO;42.0025982, -5.678625299999999
VIVIENDA APOYADA, Nº 7;2025-07-14;AVENIDA LUIS MORAN 72,BAJO- B;49;49021;ZAMORA;BENAVENTE;49600;BENAVENTE;980 632663;980 616021540;490549;ASOCIACIÓN PROTECTORA DE PERSONAS CON DISCAPACIDAD INTELECTUAL VIRGEN DE LA VEGA (ASPROSUB VIRGEN DE LA VEGA);;ASOCIACIÓN;gerencia@asprosub.org;;PERSONAS CON DISCAPACIDAD;Vivienda;Personas con discapacidad por trastorno del desarrollo intelectual leve o moderado;OTROS: 5;42.0082171;-5.674093099999999;FRANCISCO JOSE GARROTE PASCUAL;42.0082171, -5.674093099999999
VIVIENDA APOYADA, Nº 8;2025-07-14;AVENIDA LUIS MORAN 72, BAJO- C;49;49021;ZAMORA;BENAVENTE;49600;BENAVENTE;980 632663;980 616021540;490550;ASOCIACIÓN PROTECTORA DE PERSONAS CON DISCAPACIDAD INTELECTUAL VIRGEN DE LA VEGA (ASPROSUB VIRGEN DE LA VEGA);;ASOCIACIÓN;gerencia@asprosub.org;;PERSONAS CON DISCAPACIDAD;Vivienda;Personas con discapacidad por trastorno del desarrollo intelectual leve o moderado;OTROS: 5;42.0082171;-5.674093099999999;FRANCISCO JOSE GARROTE PASCUAL;42.0082171, -5.674093099999999
CENTRO OCUPACIONAL- PRELABORAL;2023-11-15;CAMINO DE LOS SALADOS S/N;49;49021;ZAMORA;BENAVENTE;49600;BENAVENTE;980 638663;980 637352;490500;ASOCIACIÓN PROTECTORA DE PERSONAS CON DISCAPACIDAD INTELECTUAL VIRGEN DE LA VEGA (ASPROSUB VIRGEN DE LA VEGA);;ASOCIACIÓN;gerencia@asprosub.org;;PERSONAS CON DISCAPACIDAD;Centro de día;Personas con discapacidad por trastorno del desarrollo intelectual;OTROS: 20;;;FRANCISCO JOSÉ GARROTE PASCUAL;
"RESIDENCIA DE PERSONAS MAYORES ""ESTRELLA DE LA MAÑANA""";2022-10-07;CALLE REAL 53;49;49035;ZAMORA;CAÑIZO;49128;VILLALPANDO;980 580788;;490318;RETEMARGAR S.R.L.;;SOCIEDADES;retemargar@hotmail.com;;PERSONAS MAYORES;Residencia;Para asistidos;ASISTIDOS: 26;41.7700898;-5.501262500000001;MANUELA GARCÍA SANTIAGO;41.7700898, -5.501262500000001
RESIDENCIA PARA PERSONAS  CON DISCAPACIDAD PSIQUICA CARBAJALES DE ALBA;2026-03-14;CALLE ERA S/Nº;49;49036;ZAMORA;CARBAJALES DE ALBA;49160;ALISTE;980 570132;;490503;FUNDACIÓN PERSONAS;;FUNDACIÓN;zamora@fundacionpersonas.es;;PERSONAS CON DISCAPACIDAD;Residencia;Personas con discapacidad por trastorno del desarrollo intelectual;OTROS: 31;41.6510351;-5.9947268;Mº CARMEN DELGADO RUIZ;41.6510351, -5.9947268
CENTRO DE DIA PARA  PERSONAS CON DISCAPACIDAD PSIQUICA GRAVE CARBAJALES DE ALBA;2026-03-14;CALLE ERA S/Nº;49;49036;ZAMORA;CARBAJALES DE ALBA;49160;ALISTE;980 570132;;490504;FUNDACIÓN PERSONAS;;FUNDACIÓN;zamora@fundacionpersonas.es;;PERSONAS CON DISCAPACIDAD;Centro de día;Personas con discapacidad por trastorno del desarrollo intelectual;OTROS: 42;41.6510351;-5.9947268;Mª CARMEN DELGADO RUIZ;41.6510351, -5.9947268
VIVIENDA LV PARA DISCAPACITADOS PSIQUICOS CON ENFERMEDAD MENTAL GRAVE Y PROLONGADA;2022-11-07;POLIGONO 3 PARCELA 269 REFUELLE;49;49053;ZAMORA;CORESES;49530;ZAMORA RURAL;980 557104;;490923;FUNDACION INTRAS;;FUNDACIÓN;intras@intras.es;www.intras.es;PERSONAS CON DISCAPACIDAD;Vivienda;Personas con discapacidad por enfermedad mental;OTROS: 3;41.5313425;-5.6547845;PABLO SANCHEZ PEREZ;41.5313425, -5.6547845
RESIDENCIA DE PERSONAS MAYORES  MILAGROSA CORRALES;2022-07-06;AVENIDA TERCERA EDAD, S/N;49;49054;ZAMORA;CORRALES DEL VINO;49700;ZAMORA RURAL;980 560363;;490690;AYUNTAMIENTO DE CORRALES DEL VINO;RESIDENCIA MILAGROSA CORRALES,S.A;ADMINISTRACIÓN LOCAL;gerencia@residenciamilagrosa.es;;PERSONAS MAYORES;Residencia;Para asistidos;ASISTIDOS: 77;41.3607233;-5.7250364;ANGEL LUIS HERNANDEZ FERNANDEZ;41.3607233, -5.7250364
CENTRO DE DÍA: UNIDAD DE ATENCIÓN SOCIAL DE FARIZA;2022-11-07;CALLE TRIGAL S/N;49;49064;ZAMORA;FARIZA;49213;SAYAGO;980 617881;;490734;AYUNTAMIENTO DE FARIZA;;ADMINISTRACIÓN LOCAL;residenciafariza@gmail.com;;PERSONAS MAYORES;Centro de día;Hogar (Unidad de atención social);;41.4200487;-6.2704647;JUAN PELÁEZ MARTINEZ;41.4200487, -6.2704647
RESIDENCIA PERSONAS MAYORES D. ANTONIO Y Dª ESTHER;2026-02-27;CALLE ALTO SANTA COLOMBA S/N;49;49065;ZAMORA;FERMOSELLE;49220;SAYAGO;980 509994;980 980509994;490585;RESIDENCIAS ASISTENCIALES EL NIÑO JESUS S.L.;;SOCIEDADES;conchitaregojo@caritaszamora.org;;PERSONAS MAYORES;Residencia;Para asistidos;ASISTIDOS: 49;41.3161496;-6.3893861;MARIA BARBA GAGO;41.3161496, -6.3893861
CENTRO RESIDENCIAL MOMBUEY;2022-06-23;CAÑADA DE LAS URRIETAS, S/Nº;49;49121;ZAMORA;MOMBUEY;49310;CARBALLEDA - VIDRIALES;980 644384;980 642780;490566;CYL BASS, S.L;;SOCIEDADES;amara@grupomatellanes.com;;PERSONAS MAYORES;Residencia;Para asistidos;ASISTIDOS: 125;42.0235806;-6.3311738;AMARA RAMOS MATELLANES;42.0235806, -6.3311738
RESIDENCIA DE PERSONAS MAYORES DOMUSVI MONFARRACINOS;2022-08-30;CALLE ADOLFO SUÁREZ, Nº 41;49;49122;ZAMORA;MONFARRACINOS;49121;ZAMORA RURAL;980 505518;980 505580;490497;GERO VITALIA MONFARRACINOS, S.L;;SOCIEDADES;direccion.monfarracinos@domusvi.es;;PERSONAS MAYORES;Residencia;Para asistidos;ASISTIDOS: 98;41.5544438;-5.7025105;CARMEN NIETO GONZALEZ;41.5544438, -5.7025105
RESIDENCIA PERSONAS MAYORES MONTAMARTA;2022-08-31;CAMINO CONCENTRACION, Nº 15;49;49123;ZAMORA;MONTAMARTA;49149;ZAMORA RURAL;653 656390;;490852;AYUNTAMIENTO DE MONTAMARTA;;ADMINISTRACIÓN LOCAL;residenciademontamarta@gmail.com;;PERSONAS MAYORES;Residencia;Para asistidos;ASISTIDOS: 27;41.6436415;-5.8041797;VERONICA RODRIGUEZ HUERTAS;41.6436415, -5.8041797
RESIDENCIA DE PERSONAS MAYORES LOS ROSALES;2021-09-30;AVENIDA JOSE RAMOS 13;49;49125;ZAMORA;MORALEJA DEL VINO;49150;ZAMORA RURAL;980 571587;980 571590;490018;MORALEJA GESTIÓN, S.A.;;SOCIEDADES;moralejagestion@yahoo.es;;PERSONAS MAYORES;Residencia;Para asistidos;ASISTIDOS: 93;41.4670284;-5.658665699999999;ENCARNACIÓN CORREA LÓPEZ;41.4670284, -5.658665699999999
CENTRO DE DIA CRISTO DE LA PAZ;2022-11-07;CARRETERA ZAMORA-LEDESMA Nº 8;49;49126;ZAMORA;MORALEJA DE SAYAGO;49177;SAYAGO;980 617271;;490707;FUNDACION LA PAZ MORALEJA DE SAYAGO;;FUNDACIÓN;;;PERSONAS MAYORES;Centro de día;Hogar (Unidad de atención social);;41.1704954;-6.0024285;ANGEL VILLAMOR TURRIÓN (ALCALDE PRESIDENTE);41.1704954, -6.0024285
RESIDENCIA FUNDACIÓN LA PAZ MORALEJA DE SAYAGO;2022-11-08;CARRETERA ZAMORA-LEDESMA Nº8;49;49126;ZAMORA;MORALEJA DE SAYAGO;49177;SAYAGO;615 190403;;491125;FUNDACION LA PAZ MORALEJA DE SAYAGO;;FUNDACIÓN;LAPAZCR@HOTMAIL.COM;;PERSONAS MAYORES;Residencia;Para asistidos;ASISTIDOS: 10;41.1704954;-6.0024285;ELENA GONZALEZ DE LA FUENTE;41.1704954, -6.0024285
CENTRO OCUPACIONAL CRISTO DE MORALES;2026-03-14;CARRETERA SALAMANCA S/N;49;49127;ZAMORA;MORALES DEL VINO;49190;ZAMORA RURAL;980 570132;980 570207;490133;FUNDACIÓN PERSONAS;;FUNDACIÓN;zamora@fundacionpersonas.es;;PERSONAS CON DISCAPACIDAD;Centro de día;Personas con discapacidad por trastorno del desarrollo intelectual;OTROS: 80;41.4434262;-5.7321183;DIANA FALCÓN JULIAN;41.4434262, -5.7321183
VIVIENDA TUTELADA PARA DISCAPACITADOS;2023-11-15;CALLE SOLANA 2, PORTAL 2º, 1º E;49;49127;ZAMORA;MORALES DEL VINO;49190;ZAMORA RURAL;980 570104;;490276;FUNDACIÓN PERSONAS;;FUNDACIÓN;zamora@fundacionpersonas.es;;PERSONAS CON DISCAPACIDAD;Vivienda;Personas con disc. física, sensorial, por trastorno del desarrollo intelectual y/o por enfer. mental;OTROS: 7;41.4457777;-5.7354329;FRANCISCA PEREZ GARROTE;41.4457777, -5.7354329
"VIVIENDA TUTELADA 2 ""ASPROSUB""";2023-11-15;CALLE SOLANA 12., PORTAL IZDA. 2º E;49;49127;ZAMORA;MORALES DEL VINO;49190;ZAMORA RURAL;980 570385;;490292;FUNDACIÓN PERSONAS;;FUNDACIÓN;zamora@fundacionpersonas.es;;PERSONAS CON DISCAPACIDAD;Vivienda;Personas con disc. física, sensorial, por trastorno del desarrollo intelectual y/o por enfer. mental;OTROS: 7;;;FRANCISCA PEREZ GARROTE;
CENTRO DE DIA MINUSVALIDOS GRAVEMENTE AFECTADOS CRISTO DE MORALES;2025-11-14;CARRETERA SALAMANCA S/N;49;49127;ZAMORA;MORALES DEL VINO;49190;ZAMORA RURAL;980 570132;;490346;FUNDACIÓN PERSONAS;;FUNDACIÓN;zamora@fundacionpersonas.es;;PERSONAS CON DISCAPACIDAD;Centro de día;Personas con discapacidad por trastorno del desarrollo intelectual;OTROS: 65;41.4885786;-5.7440238;MARÍA VICTORIA MARTÍN FRAILE;41.4885786, -5.7440238
"RESIDENCIA PARA PERSONAS CON DISCAPACIDAD PSIQUICA GRAVE (UNIDAD DE APOYO) ""CRISTO DE LOS MORALES""";2025-01-14;CARRETERA SALAMANCA S/N;49;49127;ZAMORA;MORALES DEL VINO;49190;ZAMORA RURAL;980 570132;;490411;FUNDACIÓN PERSONAS;;FUNDACIÓN;zamora@fundacionpersonas.es;;PERSONAS CON DISCAPACIDAD;Residencia;Personas con discapacidad por trastorno del desarrollo intelectual;OTROS: 38;41.4885786;-5.7440238;FRANCISCA PÉREZ GARROTE;41.4885786, -5.7440238
"RESIDENCIA DE PERSONAS MAYORES ""SAN VICENTE""";2022-02-08;CALLE LANA 23;49;49136;ZAMORA;MUGA DE SAYAGO;49212;SAYAGO;980 617479;;490569;AYUNTAMIENTO DE MUGA DE SAYAGO;RESIDENCIAS ASISTENCIALES EL NIÑO JESUS S.L.;ADMINISTRACIÓN LOCAL;admin@residenciasnj.es;;PERSONAS MAYORES;Residencia;Para asistidos;ASISTIDOS: 48;41.3899018;-6.2011407;MARISA PARDAL LAVRADOR;41.3899018, -6.2011407
RESIDENCIA DE MAYORES PELEAGONZALO;2026-02-06;CALLE FUENTE DEL SOTO S/N;49;49147;ZAMORA;PELEAGONZALO;49880;TORO;980 699135;980 647497221;490433;AYUNTAMIENTO DE PELEAGONZALO;MARÍA DEL PILAR GARCÍA PALLÍN;ADMINISTRACIÓN LOCAL;residenciapeleagonzalo@hotmail.com;;PERSONAS MAYORES;Residencia;Para asistidos;ASISTIDOS: 12;41.4823723;-5.4856986;MARIA ANGELES OLIVEIRA GARCÍA;41.4823723, -5.4856986
"CENTRO RESIDENCIAL ""VIRGEN DEL CARMEN TIERRA DEL VINO""";2024-11-11;CALLE AVEDILLO 21;49;49148;ZAMORA;PELEAS DE ABAJO;49191;ZAMORA RURAL;980 574645;;490207;AYUNTAMIENTO DE PELEAS DE ABAJO;RESIDENCIAS ASISTENCIALES EL NIÑO JESUS S.L.;ADMINISTRACIÓN LOCAL;admin@residenciasnj.es;;PERSONAS MAYORES;Residencia;Para asistidos;ASISTIDOS: 113;41.3932268;-5.686846;ADORACIÓN ROMAN LUCERO;41.3932268, -5.686846
"CASA-VIVIENDA ""EL ALMENDRO""";2022-03-16;CARRETERA TIEDRA 7;49;49163;ZAMORA;POZOANTIGUO;49835;TORO;980 696468;;490264;ESTHER CASTRO VELEZ;;PERSONA FÍSICA-EMPRESA INDIVIDUAL;trigoluz@yahoo.es;;PERSONAS MAYORES;Residencia;Para asistidos;ASISTIDOS: 12;41.5954804;-5.4327599;ESTHER DE CASTRO VELEZ;41.5954804, -5.4327599
RESIDENCIA DE PERSONAS MAYORES SAN SALVADOR;2022-09-27;CALLE EL SALVADOR 6;49;49172;ZAMORA;RABANALES;49519;ALISTE;980 681832;;490496;SOZALESA, S.L;;SOCIEDADES;info@residenciasansalvador.com;;PERSONAS MAYORES;Residencia;Para asistidos;ASISTIDOS: 111;41.7418108;-6.2781478;Mª DE LOS LLANOS SORIANO MIÑANO;41.7418108, -6.2781478
RESIDENCIA GERIATRICA RUTA DE LA PLATA;2023-03-03;CALLE CLAUDIO RODRIGUEZ Nº 22;49;49178;ZAMORA;ROALES DEL PAN;49192;ZAMORA RURAL;980 538930;;490437;RESIDENCIA ESPECIALIZADA PARA MAYORES, S.A;;SOCIEDADES;traresmayor@hotmail.com;;PERSONAS MAYORES;Residencia;Para asistidos;ASISTIDOS: 40;41.55388629999999;-5.77387;TRANSITO PARRA FERNANDEZ;41.55388629999999, -5.77387
UNIDAD DE ESTANCIAS DIURNAS VIRGEN DE LA TRINIDAD;2025-09-15;CALLE TEJARES 24;49;49187;ZAMORA;SAN CRISTOBAL DE ENTREVIÑAS;49690;BENAVENTE;980 643980;980 699417816;490279;AYUNTAMIENTO DE SAN CRISTOBAL DE ENTREVIÑAS;BENAVENTE GESTIÓN, S.L.;ADMINISTRACIÓN LOCAL;gestion@mejorabenavente.com;;PERSONAS MAYORES;Centro de día;Estancias diurnas;ASISTIDOS: 20;42.04966992209;-5.635132653303648;IRENE DIEZ BARTOLOMÉ;42.04966992209, -5.635132653303648
VIVIENDA VII FUNDACION INTRAS;2023-11-06;AVENIDA ANTONA GARCIA  Nº 5 P2 PLANTA BAJA PUERTA D;49;49219;ZAMORA;TORO;49800;TORO;980 694770;980 692728;490618;FUNDACION INTRAS;;FUNDACIÓN;intras@intras.es;www.intras.es;PERSONAS CON DISCAPACIDAD;Vivienda;Personas con discapacidad por enfermedad mental;OTROS: 4;;;ELISABETH LUCAS  CARDOSO;
VIVIENDA XX FUNDACIÓN INTRAS;2023-11-15;CALLE FUENTE PERINDA 3- 1º B;49;49219;ZAMORA;TORO;49600;TORO;980 557104;;490730;FUNDACION INTRAS;;FUNDACIÓN;intras@intras.es;www.intras.es;PERSONAS CON DISCAPACIDAD;Vivienda;Personas con discapacidad por enfermedad mental;OTROS: 4;;;ELISABETH LUCAS  CARDOSO;
VIVIENDA XCIII PARA DISCAPACITADOS PSIQUICOS CON ENFERMEDAD MENTAL GRAVE Y PROLONGADA;2023-11-06;CALLE ELADIO SEVILLANO  Nº 3 1º Q;49;49219;ZAMORA;TORO;49800;TORO;980 694770;;491068;FUNDACION INTRAS;;FUNDACIÓN;intras@intras.es;;PERSONAS CON DISCAPACIDAD;Vivienda;Personas con discapacidad por enfermedad mental;OTROS: 4;41.52582779999999;-5.389870699999999;ELISABETH LUCAS  CARDOSO;41.52582779999999, -5.389870699999999
CENTRO TERAPÉUTICO DE DÍA PALACIO DE VALPARAÍSO;2023-06-26;CALLE REJADORADA Nº 30;49;49219;ZAMORA;TORO;49800;TORO;980 510607;;491020;ASOCIACIÓN DE FAMILIARES Y AMIGOS DE ENFERMOS DE ALZHEIMER Y OTRAS DEMENCIAS DE ZAMORA (AFAZA);;ASOCIACIÓN;afa@alzheimerzamora.com;;PERSONAS MAYORES;Centro de día;Estancias diurnas para enfermos de Alzheimer;ASISTIDOS: 49;41.5217341;-5.389489699999999;ELENA MARIA RAMOS DE LA IGLESIA;41.5217341, -5.389489699999999
RESIDENCIA DE PERSONAS MAYORES SAN AGUSTIN;2025-02-19;AVENIDA CARLOS LATORRE Nº 18;49;49219;ZAMORA;TORO;49800;TORO;648 010490;648 648010490;490374;CARITAS DIOCESANA DE ZAMORA;;INSTITUCIONES, ÓRDENES, CONGREGACIONES RELIGIOSAS Y SIMILARES;residenciasanagustin@caritaszamora.org;;PERSONAS MAYORES;Residencia;Para asistidos;ASISTIDOS: 108;41.5238583;-5.3884569;FRANCISCA HERNANDEZ PEDROSA;41.5238583, -5.3884569
RESIDENCIA DE PERSONAS MAYORES CIUDAD DE TORO;2025-11-28;GLORITA PUENTE DE PIEDRA Nº 1;49;49219;ZAMORA;TORO;49800;TORO;980 692081;980 980692081;490214;GESTORES DE RESIDENCIAS S.L.;;SOCIEDADES;r.ciudaddetoro@hotmail.com;;PERSONAS MAYORES;Residencia;Para asistidos;ASISTIDOS: 90;;;MARIA SÁNCHEZ SÁNCHEZ;
VIVIENDA TUTELADA 9 FUNDACION PERSONAS TORO;2023-11-06;RONDA SAN ANTON Nº 1 1ºB;49;49219;ZAMORA;TORO;49800;TORO;980 570132;;491034;FUNDACIÓN PERSONAS;;FUNDACIÓN;zamora@fundacionpersonas.es;;PERSONAS CON DISCAPACIDAD;Vivienda;Personas con disc. física, sensorial, por trastorno del desarrollo intelectual y/o por enfer. mental;OTROS: 6;41.5247119;-5.4015496;VANESSA ARIAS CARRERA;41.5247119, -5.4015496
"RESIDENCIA DE PERSONAS MAYORES ""VIRGEN DE LA ENCARNACIÓN""";2021-09-30;CALLE CERVANTES;49;49247;ZAMORA;VILLALCAMPO;49166;ALISTE;980 554715;980 554882;490387;AYUNTAMIENTO DE VILLALCAMPO;BARTULOS MARCOS S.L.;ADMINISTRACIÓN LOCAL;bartulosmarcos@yahoo.es;;PERSONAS MAYORES;Residencia;Para asistidos;ASISTIDOS: 62;41.5203577;-6.0474644;ENCARNACIÓN CORREA LOPEZ;41.5203577, -6.0474644
CENTRO RESIDENCIAL DON RUFINO;2026-03-19;CALLE BARRERO 4;49;49260;ZAMORA;VILLANUEVA DEL CAMPO;49100;VILLALPANDO;980 666522;;490401;AYUNTAMIENTO DE VILLANUEVA DEL CAMPO;RESIDENCIAS ASISTENCIALES EL NIÑO JESUS S.L.;ADMINISTRACIÓN LOCAL;residrufino@gmail.com;;PERSONAS MAYORES;Residencia;Para asistidos;DEPENDIENTES: 62;41.98543100000001;-5.404667;ÓSCAR GARCÍA GONZÁLEZ;41.98543100000001, -5.404667
UNIDAD DE ESTANCIAS DIURNAS DOMUSVI VILLARALBO;2024-06-21;CALLE CAMINO DEL VALLE Nº 1;49;49261;ZAMORA;VILLARALBO;49159;ZAMORA RURAL;980 539491;980 933065360;490529;GERO VITALIA ZAMORA, S. L;;SOCIEDADES;direccion.villaralbo@domusvi.es;www.domusvi.es;PERSONAS MAYORES;Centro de día;Estancias diurnas;ASISTIDOS: 30;;;BEATRIZ GAMARRA MORENO;
RESIDENCIA DE PERSONAS MAYORES SAGRADA FAMILIA;2025-11-27;CALLE ALCAÑICES , S/N;49;49262;ZAMORA;VILLARDECIERVOS;49562;CARBALLEDA - VIDRIALES;980 654769;;490179;FUNDACIÓN SAGRADA FAMILIA;EDAD DORADA MENSAJEROS DE LA PAZ CASTILLA Y LEÓN;FUNDACIÓN;residenciavillardeciervos@mensajerosdelapazcyl.org;;PERSONAS MAYORES;Residencia;Para asistidos;ASISTIDOS: 50;41.9396641;-6.2860303;MIGUEL ANGEL SÁNCHEZ DÍEZ;41.9396641, -6.2860303
UNIDAD ESTANCIAS DIURNAS  SANTA MARINA;2023-03-17;CALLE BORRININO S/N;49;49264;ZAMORA;VILLAR DEL BUEY;49240;SAYAGO;980 564166;980 564167;490535;AYUNTAMIENTO DE VILLAR DEL BUEY;RESIDENCIAS ASISTENCIALES EL NIÑO JESUS S.L.;ADMINISTRACIÓN LOCAL;vesta@hotmail.es;;PERSONAS MAYORES;Centro de día;Estancias diurnas;ASISTIDOS: 20;;;..;
"RESIDENCIA DE ACOGIDA ""NUESTRA SEÑORA DEL TRANSITO""";2023-03-03;CALLE HERNAN CORTES 38;49;49275;ZAMORA;ZAMORA;49021;ZAMORA - ESTE;980 672113;;490429;COMPAÑÍA DE LAS HIJAS DE LA CARIDAD DE SAN VICENTE DE PAUL PROVINCIA ESPAÑA CENTRO;;INSTITUCIONES, ÓRDENES, CONGREGACIONES RELIGIOSAS Y SIMILARES;residenciatransito@hotmail.com;;INFANCIA (Y JUVENTUD);Residencia;RESIDENCIA DE ACOGIDA;OTROS: 33;41.510447;-5.7310646;SOR Mª DEL CARMEN FERNÁNDEZ DÍEZ;41.510447, -5.7310646
CENTRO DE DIA DE PERSONAS MAYORES LOS BLOQUES DE ZAMORA;2023-01-13;CALLE SEBASTIAN ELCANO S/N BARRIO DE LOS BLOQUES;49;49275;ZAMORA;ZAMORA;49020;ZAMORA - ESTE;980 670512;980 670260;490170;GERENCIA DE SERVICIOS SOCIALES DE CASTILLA Y LEÓN;;ADMINISTRACIÓN AUTONÓMICA;;;PERSONAS MAYORES;Centro de día;Hogar (Unidad de atención social);;;;;
CENTRO DE DIA DE  PERSONAS MAYORES SAN LAZARO DE ZAMORA;2023-01-13;CUESTA BOLON S/N;49;49275;ZAMORA;ZAMORA;49002;ZAMORA - NORTE;980 520016;;490168;GERENCIA DE SERVICIOS SOCIALES DE CASTILLA Y LEÓN;;ADMINISTRACIÓN AUTONÓMICA;;;PERSONAS MAYORES;Centro de día;Hogar (Unidad de atención social);;41.5115345;-5.7497366;;41.5115345, -5.7497366
CENTRO DE DÍA PARA PERSONAS CON DISCAPACIDAD INTELECTUAL (VIRGEN DEL YERMO);2023-11-02;CALLE SAN LAZARO S/N;49;49275;ZAMORA;ZAMORA;49071;ZAMORA - NORTE;980 525161;980 528900;490373;GERENCIA DE SERVICIOS SOCIALES DE CASTILLA Y LEÓN;;ADMINISTRACIÓN AUTONÓMICA;sandra.santos@jcyl.es;;PERSONAS CON DISCAPACIDAD;Centro de día;Personas con discapacidad por trastorno del desarrollo intelectual;OTROS: 95;;;SANDRA SANTOS SASTRE;
RESIDENCIA DE PERSONAS MAYORES EL NIÑO JESUS;2022-09-27;CALLE CANDELARIA RUIZ ARBOL 2;49;49275;ZAMORA;ZAMORA;49007;ZAMORA - ESTE;980 519564;;490116;RESIDENCIAS ASISTENCIALES EL NIÑO JESUS S.L.;;SOCIEDADES;admin@residenciasnj.es;;PERSONAS MAYORES;Residencia;Para asistidos;ASISTIDOS: 16;41.5043972;-5.7387445;ENRIQUE FERNANDEZ UÑA;41.5043972, -5.7387445
VIVIENDA XC PARA DISCAPACITADOS PSIQUICOS CON ENFERMEDAD MENTAL GRAVE Y PROLONGADA;2026-03-14;CALLE DIAZ DE SOLIS Nº 2 9º A;49;49275;ZAMORA;ZAMORA;49021;ZAMORA - ESTE;980 528997;;491059;FUNDACION INTRAS;;FUNDACIÓN;cvs@intras.es;www.intras.es;PERSONAS CON DISCAPACIDAD;Vivienda;Personas con discapacidad por enfermedad mental;OTROS: 2;41.51519589999999;-5.728687900000001;ELENA MARTÍN OTERINO;41.51519589999999, -5.728687900000001
VIVIENDA XXXVII  FUNDACION INTRAS;2023-11-02;CALLE CHURRUCA 30 3º IZQUIERDA;49;49275;ZAMORA;ZAMORA;49021;ZAMORA - ESTE;980 557104;980 557104;490860;FUNDACION INTRAS;;FUNDACIÓN;intras@intras.es;www.intras.es;PERSONAS CON DISCAPACIDAD;Vivienda;Personas con discapacidad por enfermedad mental;OTROS: 2;;;ELENA MARTÍN OTERINO;
VIVIENDA XCII PARA PERSONAS CON ENFERMEDAD MENTAL GRAVE Y PROLONGADA;2025-10-10;CALLE HERNAN CORTES 10 2º;49;49275;ZAMORA;ZAMORA;49021;ZAMORA - ESTE;980 528997;;491067;FUNDACION INTRAS;;FUNDACIÓN;cvs@intras.es;www.intras.es;PERSONAS CON DISCAPACIDAD;Vivienda;Personas con discapacidad por enfermedad mental;OTROS: 3;41.50959796537338;-5.732619626539341;PABLO GOMEZ CONEJO;41.50959796537338, -5.732619626539341
VIVIENDA II FUNDACION INTRAS;2023-11-02;AVENIDA ALFONSO PEÑA 23- 5º L;49;49275;ZAMORA;ZAMORA;49011;ZAMORA - ESTE;980 528997;;490555;FUNDACION INTRAS;;FUNDACIÓN;intras@intras.es;www.intras.es;PERSONAS CON DISCAPACIDAD;Vivienda;Personas con discapacidad por enfermedad mental;OTROS: 4;;;ELENA MARTÍN OTERINO;
VIVIENDA XLI  PARA DISCAPACITADOS PSIQUICOS CON ENFERMEDAD MENTAL GRAVE Y PROLONGADA;2023-11-02;CALLE NUÑEZ DE BALBOA 26 4 D;49;49275;ZAMORA;ZAMORA;49021;ZAMORA - ESTE;980 528997;980 557104;490870;FUNDACION INTRAS;;FUNDACIÓN;intras@intras.es;www.intras.es;PERSONAS CON DISCAPACIDAD;Vivienda;Personas con discapacidad por enfermedad mental;OTROS: 5;41.5118952;-5.7322261;ELENA MARTÍN OTERINO;41.5118952, -5.7322261
VIVIENDA XLVIII PARA DISCAPACITADOS PSIQUICOS CON ENFERMEDAD MENTAL GRAVE Y PROLONGADA;2023-11-02;CUESTA SAN SEBASTIAN 4 2º H;49;49275;ZAMORA;ZAMORA;49006;ZAMORA - CENTRO;980 528997;;490894;FUNDACION INTRAS;;FUNDACIÓN;intras@intras.es;www.intras.es;PERSONAS CON DISCAPACIDAD;Vivienda;Personas con discapacidad por enfermedad mental;OTROS: 2;41.5058135;-5.748177699999999;ELENA MARTÍN OTERINO;41.5058135, -5.748177699999999
VIVIENDA  CIII FUNDACION INTRAS;2024-07-15;CALLE HERNAN CORTES 25 B 1C;49;49275;ZAMORA;ZAMORA;49021;ZDESCONOCIDO;980 638487;;491141;FUNDACION INTRAS;;FUNDACIÓN;cvs@intras.es;;PERSONAS CON DISCAPACIDAD;Vivienda;Personas con discapacidad por enfermedad mental;OTROS: 1;41.5121058;-5.7287519;ELENA MARTÍN OTERINO;41.5121058, -5.7287519
VIVIENDA XCVIII PARA PERSONAS CON DISCAPACIDAD POR ENFERMEDAD MENTAL GRAVE Y PROLONGADA;2023-11-02;CALLE RIO ALMUCERA 8 4 IZDA;49;49275;ZAMORA;ZAMORA;49032;ZAMORA - NORTE;980 528997;;491091;FUNDACION INTRAS;;FUNDACIÓN;cvs@intras.es;;PERSONAS CON DISCAPACIDAD;Vivienda;Personas con discapacidad por enfermedad mental;OTROS: 2;;;ELENA MARTÍN OTERINO;
"VIVIENDA XXXI  ""FUNDACIÓN INTRAS""";2023-11-02;AVENIDA CARDENAL CISNEROS 3 - 3º DER   EDIFICIO MIRADOR LEÓN FELIPE;49;49275;ZAMORA;ZAMORA;49019;ZAMORA - ESTE;980 557104;;490811;FUNDACION INTRAS;;FUNDACIÓN;intras@intras.es;www.intras.es;PERSONAS CON DISCAPACIDAD;Vivienda;Personas con discapacidad por enfermedad mental;OTROS: 1;;;ELENA MARTÍN OTERINO;
VIVIENDA CVI F.INTRAS NB 15;2025-07-24;CALLE NUÑEZ DE BALBOA 15;49;49275;ZAMORA;ZAMORA;49030;ZAMORA - ESTE;983 399633;983 983399633;491222;FUNDACION INTRAS;;FUNDACIÓN;cvs@intras.es;;PERSONAS CON DISCAPACIDAD;Vivienda;Personas con discapacidad por enfermedad mental;DISCAPACIDAD ENFERMEDAD MENTAL: 2;41.51170536503184;-5.732839518097386;ADRIAN PEREZ ALVAREZ;41.51170536503184, -5.732839518097386
"RESIDENCIA PERSONAS MAYORES ""SAN GREGORIO""";2023-05-04;CALLE PINAR 2;49;49275;ZAMORA;ZAMORA;49023;ZAMORA - CENTRO;980 511911;980 523012;490027;PATRO 68 S.A.;;SOCIEDADES;carlos@terceraedadsangregorio.com;;PERSONAS MAYORES;Residencia;Para asistidos;ASISTIDOS: 159;41.5174731;-5.7469582;Carlos Casaseca Moreno;41.5174731, -5.7469582
CLUB DE JUBILADOS;2020-10-14;CALLE LEOPOLDO ALAS CLARIN 6-8;49;49275;ZAMORA;ZAMORA;49018;ZAMORA - CENTRO;;;490277;CAJA DUERO (ANTES CAJA AHORROS SALAMANCA Y SORIA);;CAJAS DE AHORRO;;;PERSONAS MAYORES;Centro de día;Hogar (Unidad de atención social);;41.5070869;-5.7391477;;41.5070869, -5.7391477
CENTRO DE EMERGENCIA DE ZAMORA;2024-01-26;;49;49275;ZAMORA;ZAMORA;49000;ZDESCONOCIDO;000 000000;;491172;CRUZ ROJA ESPAÑOLA;;ASOCIACIÓN;;;MUJER;Residencia;Acogida para mujeres;OTROS: 16;41.5034712;-5.7467879;;41.5034712, -5.7467879
"VIVIENDA SUPERVIDSADA ""LAIKA"" PARA PERSONAS CON DISCAPACIDAD POR ENFERMEDAD MENTAL";2025-07-14;CALLE CARDENAL MELLA 2;49;49275;ZAMORA;ZAMORA;49009;ZAMORA - CENTRO;980 653883;980 685538239;491237;ASOCIACIÓN FEAFES ZAMORA (ASOCIACIÓN DE FAMILIARES Y AMIGOS DE ENFERMOS MENTALES DE ZAMORA);;ASOCIACIÓN;direccion@saludmentalzamora.es;;PERSONAS CON DISCAPACIDAD;Vivienda;Personas con discapacidad por enfermedad mental;DISCAPACIDAD ENFERMEDAD MENTAL: 4;41.511063951969774;-5.741645429651641;VALENTINA DEL PALACIO DOMINGUEZ;41.511063951969774, -5.741645429651641
"VIVIENDA SUPERVISADA ""ESPERANZA"" PARA PERSONAS CON ENFERMEDAD MENTAL";2025-08-14;CALLE JIMENEZ DE QUESADA 5;49;49275;ZAMORA;ZAMORA;49029;ZAMORA - CENTRO;980 653883;980 685538239;491224;ASOCIACIÓN FEAFES ZAMORA (ASOCIACIÓN DE FAMILIARES Y AMIGOS DE ENFERMOS MENTALES DE ZAMORA);;ASOCIACIÓN;direccion@saludmentalzamora.es;;PERSONAS CON DISCAPACIDAD;Vivienda;Personas con discapacidad por enfermedad mental;DISCAPACIDAD ENFERMEDAD MENTAL: 3;41.5131277;-5.7369118;VALENTINA DEL PALACIO DOMINGUEZ;41.5131277, -5.7369118
"VIVIENDA ""LETICIA"" PARA PERSONAS CON DISCAPACIDAD POR ENFERMEDAD MENTAL";2026-03-14;CALLE CIUDAD DE BRAGANZA 2;49;49275;ZAMORA;ZAMORA;49008;ZAMORA - CENTRO;980 536831;980 685538239;491248;ASOCIACIÓN FEAFES ZAMORA (ASOCIACIÓN DE FAMILIARES Y AMIGOS DE ENFERMOS MENTALES DE ZAMORA);;ASOCIACIÓN;direccion@saludmentalzamora.es;;PERSONAS CON DISCAPACIDAD;Vivienda;Personas con discapacidad por enfermedad mental;DISCAPACIDAD ENFERMEDAD MENTAL: 3;41.51210199623745;-5.74095117430412;MARIA ISABEL FERNANDEZ NIETO;41.51210199623745, -5.74095117430412
"CENTRO DE DIA ""LAMENE""";2021-07-16;CALLE PEÑA TREVINCA 34-BAJO;49;49275;ZAMORA;ZAMORA;49023;ZAMORA - NORTE;980 509431;;490302;HERMANOS DE LA INSTRUCCIÓN CRISTIANA DE ZAMORA;;INSTITUCIONES, ÓRDENES, CONGREGACIONES RELIGIOSAS Y SIMILARES;;;INFANCIA (Y JUVENTUD);Centro de día;Centro de día;OTROS: 15;41.5147773;-5.7491562;JUAN CARLOS GARCIA ROSA;41.5147773, -5.7491562
HOGAR DE SOCIALIZACION MENESIANO 2;2011-12-29;CALLE MORALES 32 BAJOS C Y D;49;49275;ZAMORA;ZAMORA;49028;ZAMORA - NORTE;980 671267;980 509432;490689;HERMANOS DE LA INSTRUCCIÓN CRISTIANA DE ZAMORA;;INSTITUCIONES, ÓRDENES, CONGREGACIONES RELIGIOSAS Y SIMILARES;;;INFANCIA (Y JUVENTUD);Centros de Menores Infractores;Centros de intervención educativa;OTROS: 4;41.4971772;-5.7394591;...;41.4971772, -5.7394591
RESIDENCIA PERSONAS MAYORES REINA DE LA PAZ;2022-02-08;CALLE HERNAN CORTES, Nº 44;49;49275;ZAMORA;ZAMORA;49021;ZAMORA - ESTE;980 520020;980 527965;490232;HERMANITAS ANCIANOS DESAMPARADOS. HOGAR REINA DE LA PAZ EN ZAMORA;;INSTITUCIONES, ÓRDENES, CONGREGACIONES RELIGIOSAS Y SIMILARES;tszamora@hhaadd.org;;PERSONAS MAYORES;Residencia;Para asistidos;ASISTIDOS: 208;41.5130452;-5.726444499999999;EDISA GONZÁLEZ FERNÁNDEZ;41.5130452, -5.726444499999999
CENTRO RESIDENCIAL DOMUSVI PUERTA NUEVA.;2025-04-22;CALLE PUERTA NUEVA 50;49;49275;ZAMORA;ZAMORA;49002;ZAMORA - CENTRO;980 509828;;490598;SAR RESIDENCIAL Y ASISTENCIAL, S.A;;SOCIEDADES;direccion.pnueva@domusvi.es;www.domusvi.es;PERSONAS MAYORES;Residencia;Para asistidos;ASISTIDOS: 119;;;MARIA CRUZ IGLESIAS PÉREZ;
CENTRO DE DIA BARCO DEL DUERO;;CALLE BENAVENTE 2 BAJO;49;49275;ZAMORA;ZAMORA;49014;ZAMORA - CENTRO;638 446573;;491178;FUNDACIÓN PERSONAS;;FUNDACIÓN;paqui.perez@fundacionpersonas.es;;PERSONAS CON DISCAPACIDAD;Centro de día;Personas con discapacidad por trastorno del desarrollo intelectual;DISCAPACIDAD INTELECTUAL: 40;41.50582;-5.7440935;ISIDRO DEZA DIEZ;41.50582, -5.7440935
CENTRO DE DIA HERMANOS CRESPO OBISPO NIETO;;CALLE OBISPO NIETO 20;49;49275;ZAMORA;ZAMORA;49031;ZAMORA - NORTE;638 446573;;491179;FUNDACIÓN PERSONAS;;FUNDACIÓN;paqui.perez@fundacionpersonas.es;;PERSONAS CON DISCAPACIDAD;Centro de día;Personas con discapacidad por trastorno del desarrollo intelectual;DISCAPACIDAD INTELECTUAL: 25;41.5054888;-5.7518911;ISIDRO DEZA DIEZ;41.5054888, -5.7518911
VIVIENDA TUTELADA FUNDACION HERMANOS CRESPO D;2026-03-14;CALLE OBISPO NIETO 20 2º B;49;49275;ZAMORA;ZAMORA;49031;ZAMORA - NORTE;980 570132;;491051;FUNDACIÓN PERSONAS;;FUNDACIÓN;zamora@fundacionpersonas.es;;PERSONAS CON DISCAPACIDAD;Vivienda;Personas con disc. física, sensorial, por trastorno del desarrollo intelectual y/o por enfer. mental;OTROS: 5;41.5054888;-5.7518911;FRANCISCA PEREZ GARROTE;41.5054888, -5.7518911
"VIVIENDA TUTELADA Nº 4 ""ASPROSUB""";2023-05-05;AVENIDA CARDENAL CISNEROS 41- 9º C;49;49275;ZAMORA;ZAMORA;49010;ZAMORA - ESTE;;;490383;FUNDACIÓN PERSONAS;;FUNDACIÓN;zamora@fundacionpersonas.es;;PERSONAS CON DISCAPACIDAD;Vivienda;Personas con disc. física, sensorial, por trastorno del desarrollo intelectual y/o por enfer. mental;OTROS: 7;41.5126352;-5.7406508;JOSE PEDRO DIEGO DE LA TORRE;41.5126352, -5.7406508
VIVIENDA TUTELADA FUNDACION HERMANOS CRESPO A;2026-03-14;CALLE OBISPO NIETO 20 1º A;49;49275;ZAMORA;ZAMORA;49031;ZAMORA - NORTE;980 570207;;491048;FUNDACIÓN PERSONAS;;FUNDACIÓN;zamora@fundacionpersonas.es;;PERSONAS CON DISCAPACIDAD;Vivienda;Personas con disc. física, sensorial, por trastorno del desarrollo intelectual y/o por enfer. mental;OTROS: 6;41.5054888;-5.7518911;FRANCISCA PEREZ GARROTE;41.5054888, -5.7518911
CENTRO DE DIA REQUEJO;2026-03-23;AVENIDA REQUEJO 63;49;49275;ZAMORA;ZAMORA;49012;ZAMORA - CENTRO;608 189101;;491180;REQUEJO 63 S.L;;SOCIEDADES;infocdrequejo@gmail.com;;PERSONAS MAYORES;Centro de día;Estancias diurnas;DEPENDIENTES: 40;41.5179791;-5.725671999999999;MARCO CENTENO CRESPO;41.5179791, -5.725671999999999
RESIDENCIA EL CAMINO;2023-08-23;PLAZA SANTUARIO (EL) S/N.;24;24030;LEON;CACABELOS;24540;CACABELOS;987 546450;987 549275;240370;AYUNTAMIENTO DE CACABELOS;RESIDENCIA TERCERA EDAD LAS ENCINAS, S.L.;ADMINISTRACIÓN LOCAL;admon@lasencinassg.com;;PERSONAS MAYORES;Residencia;Para asistidos;ASISTIDOS: 46;42.5984611;-6.7296319;VIRGINIA JUAN JUAN;42.5984611, -6.7296319
RESIDENCIA DE PERSONAS MAYORES EL HUMERAL;2022-11-07;CARRETERA VILLABUENA, KM 15;24;24030;LEON;CACABELOS;24540;CACABELOS;987 549537;987 546858;240081;RESIDENCIA DE ANCIANOS EL HUMERAL S.L.;;SOCIEDADES;info@residenciaelhumeral.com;www.residenciaelhumeral.com;PERSONAS MAYORES;Residencia;Para asistidos;ASISTIDOS: 31;42.6008236;-6.7313498;MARIA VICTORIA DIGON DE LA FUENTE;42.6008236, -6.7313498
CENTRO RESIDENCIAL CAMPO DE NARAYA;2025-12-16;CALLE LIBERTAD (LA) 7;24;24034;LEON;CAMPONARAYA;24410;CACABELOS;987 425330;987 606780129;242006;VALLE DEL OZA, S.L.;;SOCIEDADES;direccion@centroresidenciallasnieves.com;;PERSONAS MAYORES;Residencia;Para asistidos;DEPENDIENTES: 77;;;;
RESIDENCIA DE PERSONAS MAYORES NOVAVIDA CARRACEDELO;2023-03-08;CALLE TRAS LAS AIRAS Nº 6;24;24038;LEON;CARRACEDELO;24549;CACABELOS;987 562733;;241088;LONGEVA, S.L.;;SOCIEDADES;;;PERSONAS MAYORES;Residencia;Para asistidos;ASISTIDOS: 59;42.55547170000001;-6.7307109;REBECA CORRAL SÁNCHEZ;42.55547170000001, -6.7307109
UNIDAD DE ESTANCIAS DIURNAS ALTO ORBIGO;2023-06-16;CALLE BOLENGA (LA) 7N;24;24039;LEON;CARRIZO DE LA RIBERA;24270;RIBERA DEL ÓRBIGO;680 982312;;240509;"MANCOMUNIDAD DE ""ALTO ÓRBIGO""";"RESIDENCIA DE ANCIANOS ""SANTA ANA"" C.B.";ADMINISTRACIÓN LOCAL;residsantaana@hotmail.com;;PERSONAS MAYORES;Centro de día;Estancias diurnas;ASISTIDOS: 15;;;ANA CRISTINA DOMINGUEZ VEGA;
"RESIDENCIA PARA PERSONAS MAYORES ""ALTO ORBIGO""";2023-06-16;CALLE DOCTOR GONZALEZ ALVAREZ 14;24;24039;LEON;CARRIZO DE LA RIBERA;24270;RIBERA DEL ÓRBIGO;987 357884;;240508;"MANCOMUNIDAD DE ""ALTO ÓRBIGO""";"RESIDENCIA DE ANCIANOS ""SANTA ANA"" C.B.";ADMINISTRACIÓN LOCAL;residsantaana@hotmail.com;;PERSONAS MAYORES;Residencia;Para asistidos;ASISTIDOS: 40;42.58291699999999;-5.8242419;ANA CRISTINA DOMINGUEZ VEGA;42.58291699999999, -5.8242419
RESIDENCIA PARA PERSONAS MAYORES ERIA;2025-12-22;CALLE ESCUELAS (LAS) Nº 3;24;24046;LEON;CASTROCALBON;24760;LA BAÑEZA;987 880003;;241576;AYUNTAMIENTO DE CASTROCALBÓN;CLECE MAYORES, SLU;ADMINISTRACIÓN LOCAL;acarbajo@seniorsi.es;;PERSONAS MAYORES;Residencia;Para asistidos;ASISTIDOS: 42;;;ÁNGELA CARBAJO TURRADO;
CENTRO DE DÍA DE PERSONAS MAYORES EN CASTROCONTRIGO;2026-03-19;CALLE PUENTE (EL) 65;24;24047;LEON;CASTROCONTRIGO;24735;LA CABRERA;987 660004;;241204;JUNTA VECINAL DE CASTROCONTRIGO;ARALIA SERVICIOS SOCIOSANITARIOS S.A.;ADMINISTRACIÓN LOCAL;juntavecinalcastrocontrigo@hotmail.com;;PERSONAS MAYORES;Centro de día;Estancias diurnas;ASISTIDOS: 5;;;ANDREA GUTIÉRREZ RUBIO;
RESIDENCIA DE PERSONAS MAYORES NOGAREJAS;2023-03-03;AVENIDA VICTORIA (LA) S/N.;24;24047;LEON;NOGAREJAS;24734;LA CABRERA;987 660396;;240344;JUNTA VECINAL DE NOGAREJAS;LEOVIDA SOCIEDAD DE RESPONSABILIDAD LIMITADA LABORAL (LEOVIDA S.L.L.);ADMINISTRACIÓN LOCAL;rllamas@asfa21.com;;PERSONAS MAYORES;Residencia;Para asistidos;ASISTIDOS: 32;42.1906965;-6.138729;LAURA FERNANDEZ NUEVO;42.1906965, -6.138729
"RESIDENCIA  "" EL ROBLEDAL""";2023-06-14;CALLE GENERAL ARROYO JALON S/N;24;24049;LEON;MATACHANA;24314;BEMBIBRE;987 516060;;240590;RESIDENCIA EL ROBLEDAL S.L.;;SOCIEDADES;residenciarr@hotmail.com;;PERSONAS MAYORES;Residencia;Para asistidos;ASISTIDOS: 39;42.6059723;-6.438287;MARIA LUNA MANSILLA;42.6059723, -6.438287
CENTRO DE DÍA DE PERSONAS MAYORES DE CISTIERNA;2025-05-12;PLAZA ESPAÑA 10;24;24056;LEON;CISTIERNA;24800;CISTIERNA;987 701225;;240403;GERENCIA DE SERVICIOS SOCIALES DE CASTILLA Y LEÓN;EULEN SERVICIOS SOCIOSANITARIOS S.A.;ADMINISTRACIÓN AUTONÓMICA;;;PERSONAS MAYORES;Centro de día;Estancias diurnas;ASISTIDOS: 10;42.8034780515626;-5.12528967477856;SONIA PEREZ GONZALEZ;42.8034780515626, -5.12528967477856
RESIDENCIA PARA PERSONAS MAYORES NOVAVIDA;2021-03-31;CALLE MIRADOR 1;24;24059;LEON;CORULLON;24514;VILLAFRANCA DEL BIERZO;987 540368;987 540368;240794;LONGEVA, S.L.;;SOCIEDADES;info@residencianovavida.com;;PERSONAS MAYORES;Residencia;Para asistidos;ASISTIDOS: 66;42.5775359;-6.821286;ALBERTO DOMINGUEZ BERRUETA RODRIGUEZ;42.5775359, -6.821286
CENTRO DE DÍA EL CARMEN CON UNIDAD DE ESTANCIAS DIURNAS;2022-11-07;AVENIDA ROBLA (LA) Nº 61;24;24061;LEON;LORENZANA;24122;ZONA I - SAN ANDRÉS DEL RABANEDO;987 577033;;241500;FERMA EL CARMEN, S.L.;;SOCIEDADES;rfercas.ferma@gmail.com;;PERSONAS MAYORES;Centro de día;Estancias diurnas;ASISTIDOS: 15;42.6739;-5.6326577;Lucía Fernández de la Torre;42.6739, -5.6326577
CENTRO RESIDENCIAL GERIATRICO VIRGEN DEL AVELLANO;2025-07-28;CALLE PRADO REY 8;24;24061;LEON;LORENZANA;24122;LA MAGDALENA;987 577452;;240410;MARCOS MESA C.B.;;SOCIEDADES;raulmarcos@virgendelavellano.es;;PERSONAS MAYORES;Residencia;Para asistidos;ASISTIDOS: 40;42.6664383;-5.6292294;JULIA MOLINA HURTADO;42.6664383, -5.6292294
RESIDENCIA DE PERSONAS MAYORES LORENZANA II;2023-02-10;AVENIDA ROBLA (LA), Nº 48;24;24061;LEON;LORENZANA;24122;LA MAGDALENA;987 580170;987 580129;240505;GRUPO RESIDENCIAS LORENZANA S.L.;;SOCIEDADES;;;PERSONAS MAYORES;Residencia;Para asistidos;ASISTIDOS: 106;;;RUBEN FERNANDEZ GARCIA;
CENTRO DE DÍA LAS ENCINAS;2022-11-07;CALLE REAL S/N;24;24064;LEON;POSADINA;24492;VEGA DE ESPINAREDA;616 421235;;240316;RESIDENCIA TERCERA EDAD LAS ENCINAS, S.L.;;SOCIEDADES;admon@lasencinassg.com;;PERSONAS MAYORES;Centro de día;Estancias diurnas;ASISTIDOS: 30;42.6376711;-6.5659687;MONICA MARTINEZ FERNANDEZ;42.6376711, -6.5659687
RESIDENCIA DE PERSONAS MAYORES EL OASIS;2023-03-10;PARAJE DE SANTA CATALINA S/N;24;24065;LEON;CEMBRANOS;24195;LEÓN II - VALVERDE DE LA VIRGEN;987 303892;;240140;MANUEL ANGEL LESMES ROCA;AGENCIA DE GESTIÓN DE SERVICIOS COMUNITARIOS 3000, S.L. (AGESERCO);PERSONA FÍSICA-EMPRESA INDIVIDUAL;eloasisresidencia@gmail.com;;PERSONAS MAYORES;Residencia;Para asistidos;ASISTIDOS: 16;;;Nuria Lesmes Florez;
RESIDENCIA DE PERSONAS MAYORES LA SOLANA;2026-02-27;CALLE VALLINA (LA) S/NLA VALLINA S/N;24;24067;LEON;BAÑA (LA);24746;LA CABRERA;987 664179;;240588;AYUNTAMIENTO DE ENCINEDO;MIMARA RESIDENCIAL S.L.;ADMINISTRACIÓN LOCAL;psuarez@grupomimara.com;;PERSONAS MAYORES;Residencia;Para asistidos;ASISTIDOS: 31;;;DIEGO SAN EMETERIO COBO;
UNIDAD DE ESTANCIAS DIURNAS SAN BLAS;2022-07-04;CALLE ANCARES (LOS) 1;24;24070;LEON;FABERO;24420;FABERO;987 550977;987 551927;240290;AYUNTAMIENTO DE FABERO;GERIÁTRICO SAN  BLAS S.L.;ADMINISTRACIÓN LOCAL;;;PERSONAS MAYORES;Centro de día;Estancias diurnas;ASISTIDOS: 18;42.7685943;-6.631336;Raquel García Otero;42.7685943, -6.631336
CENTRO DE DÍA CON UNIDAD DE ESTANCIAS DIURNAS RÍO BOEZA;2022-11-07;PARAJE LA CORTINA S/N;24;24071;LEON;RIBERA DE FOLGOSO (LA);24311;TORRE DEL BIERZO;987 425330;;240867;VALLE DEL OZA, S.L.;;SOCIEDADES;administracion@rioboeza.es;;PERSONAS MAYORES;Centro de día;Estancias diurnas;ASISTIDOS: 20;42.6438462;-6.3200696;MARIA CORRAL MARTINEZ;42.6438462, -6.3200696
CENTRO RESIDENCIAL RIO BOEZA;2025-02-24;LA CORTINA, S/N;24;24071;LEON;RIBERA DE FOLGOSO (LA);24311;TORRE DEL BIERZO;987 517634;;240866;VALLE DEL OZA, S.L.;;SOCIEDADES;;;PERSONAS MAYORES;Residencia;Para asistidos;ASISTIDOS: 75;;;REBECA DA COSTA LOUREIRO;
UNIDAD DE ESTANCIAS DIURNAS ARROYO DE VALDEARCOS;2020-10-14;CALLE CAMINO DE CABAÑAS 18;24;24073;LEON;FRESNO DE LA VEGA;24223;VALENCIA DE DON JUAN;987 770312;;240837;GERIACYL, S.L.;;SOCIEDADES;jmfernandez@geriacyl.es;;PERSONAS MAYORES;Centro de día;Estancias diurnas;ASISTIDOS: 15;42.3453281;-5.5338796;JUAN MATEO FERNANDEZ ACHIRICA;42.3453281, -5.5338796
CENTRO OCUPACIONAL ORDOÑO II;2025-11-14;CARRETERA RIOSEQUINO S/N;24;24076;LEON;SAN FELIZ DE TORIO;24890;LEÓN I - VILLAQUILAMBRE;987 578909;;240145;ASOCIACIÓN LEONESA DE ATENCIÓN A PERSONAS AFECTADAS DE PARÁLISIS CEREBRAL (ASPACE-LEÓN);;ASOCIACIÓN;sanfeliz@aspaceleon.org;;PERSONAS CON DISCAPACIDAD;Centro de día;Personas con discapacidad por trastorno del desarrollo intelectual;OTROS: 22;42.6828162;-5.5474944;Aránzazu García Malagón;42.6828162, -5.5474944
CENTRO DE DÍA RIBERA DEL ESLA (UED);2022-11-07;CALLE CAMPO (EL) Nº 5;24;24079;LEON;GRADEFES;24160;CISTIERNA;646 172221;;241491;AYUNTAMIENTO DE GRADEFES;ASOCIACION DE FAMILIARES DE PERSONAS CON ALZHEIMER Y OTRAS DEPENDENCIAS RIBERA DEL ESLA (AFADERIBES);ADMINISTRACIÓN LOCAL;afaderibes@gmail.com;;PERSONAS MAYORES;Centro de día;Estancias diurnas;ASISTIDOS: 30;42.6232069;-5.2231661;Monica Franco Rodriguez;42.6232069, -5.2231661
CENTRO DE DÍA NUESTRA SEÑORA DEL ARRABAL;2023-12-18;CALLE HONDA 89;24;24088;LEON;LAGUNA DE NEGRILLOS;24234;SANTA MARÍA DEL PÁRAMO;987 755008;;240936;AYUNTAMIENTO DE LAGUNA DE NEGRILLOS;RESIDENCIAS EXTREMEÑAS DE MAYORES, S.L.;ADMINISTRACIÓN LOCAL;centrolagunanegrillos@asprona-leon.es;;PERSONAS MAYORES;Centro de día;Estancias diurnas;ASISTIDOS: 24;42.23365769999999;-5.6661833;ANA ISABEL MORAN CASADO;42.23365769999999, -5.6661833
UNIDAD DE ESTANCIAS DIURNAS DE LA RESIDENCIA DE PERSONAS MAYORES;2022-02-07;AVENIDA PORTUGAL 10;24;24089;LEON;LEON;24009;LEÓN - ARMUNIA;987 202011;987 202100;240400;GERENCIA DE SERVICIOS SOCIALES DE CASTILLA Y LEÓN;EULEN SERVICIOS SOCIOSANITARIOS S.A.;ADMINISTRACIÓN AUTONÓMICA;;;PERSONAS MAYORES;Centro de día;Estancias diurnas;ASISTIDOS: 40;42.5998764;-5.571752;MARÍA DEL ROSARIO MARCOS DEL RIO;42.5998764, -5.571752
CENTRO DE DÍA PARA PERSONAS MAYORES LEÓN I;2026-02-06;PLAZA COLON 19;24;24089;LEON;LEON;24001;LEÓN - CENTRO;987 235907;;240064;GERENCIA DE SERVICIOS SOCIALES DE CASTILLA Y LEÓN;;ADMINISTRACIÓN AUTONÓMICA;;;PERSONAS MAYORES;Centro de día;Hogar (Unidad de atención social);;42.59953584624042;-5.578594513691947;NATALIA GARRIDO GONZÁLEZ;42.59953584624042, -5.578594513691947
HOGAR LA VEGA;2020-10-14;AVENIDA DOCTOR FLEMING 49;24;24089;LEON;LEON;24001;LEÓN - EL CRUCERO-LA VEGA;987 208659;;240189;PARROQUIA SAN FRANCISCO DE LA VEGA;;INSTITUCIONES, ÓRDENES, CONGREGACIONES RELIGIOSAS Y SIMILARES;;;PERSONAS MAYORES;Centro de día;Hogar (Unidad de atención social);;42.5960265;-5.5852868;;42.5960265, -5.5852868
"CENTRO RESIDENCIAL ""SAN LORENZO""";2026-03-19;PLAZA SAN LORENZO 11;24;24089;LEON;LEON;24007;LEÓN - EL CRUCERO-LA VEGA;987 875194;;240622;ASOCIACIÓN LEONESA DE ATENCIÓN A PERSONAS AFECTADAS DE PARÁLISIS CEREBRAL (ASPACE-LEÓN);;ASOCIACIÓN;residencias@aspaceleon.org;;PERSONAS CON DISCAPACIDAD;Residencia;Personas con discapacidad física;OTROS: 27;42.6018441;-5.5650024;DAVID SIERRA GARCIA;42.6018441, -5.5650024
CENTRO ASISTENCIAL NUESTRA SEÑORA DEL CAMINO;2026-03-14;CALLE VEGA (LA)  Nº 28 BARRIO ARMUNIA;24;24089;LEON;LEON;24190;LEÓN - ARMUNIA;987 219483;;240048;ASOCIACIÓN PROTECTORA DE PERSONAS CON DISCAPACIDAD INTELECTUAL (ASPRONA-LEÓN);;ASOCIACIÓN;centronscamino@asprona-leon.es;;PERSONAS CON DISCAPACIDAD;Centro de día;Personas con discapacidad por trastorno del desarrollo intelectual;OTROS: 30;;;NICOLAS MERINO GARCIA;
PISO DE CHICOS ASPRONA;2026-02-14;CALLE CAMPOS GOTICOS (LOS) S/N;24;24089;LEON;LEON;24005;LEÓN - CENTRO;987 262998;;240045;ASOCIACIÓN PROTECTORA DE PERSONAS CON DISCAPACIDAD INTELECTUAL (ASPRONA-LEÓN);;ASOCIACIÓN;;;PERSONAS CON DISCAPACIDAD;Vivienda;Personas con disc. física, sensorial, por trastorno del desarrollo intelectual y/o por enfer. mental;OTROS: 8;42.5853149;-5.5658115;JORGE GARCÍA MARTÍNEZ;42.5853149, -5.5658115
"CENTRO DE DÍA PARA PERSONAS CON DISCAPACIDAD PSÍQUICA GRAVE  ""SAN FROILÁN""";2026-02-14;CALLE CAMPOS GOTICOS (LOS) S/N;24;24089;LEON;LEON;24005;LEÓN - EL EJIDO;987 246644;;240746;ASOCIACIÓN PROTECTORA DE PERSONAS CON DISCAPACIDAD INTELECTUAL (ASPRONA-LEÓN);;ASOCIACIÓN;;;PERSONAS CON DISCAPACIDAD;Centro de día;Personas con discapacidad por trastorno del desarrollo intelectual;OTROS: 20;42.5853149;-5.5658115;MARTA FERNÁNDEZ CRESPO;42.5853149, -5.5658115
VIVIENDA TUTELADA RODOLFO VILLAZALA;2024-02-15;CALLE MOISES DE LEON Nº 46 5ºD;24;24089;LEON;LEON;24006;LEÓN - EL EJIDO;987 246644;;241341;ASOCIACIÓN PROTECTORA DE PERSONAS CON DISCAPACIDAD INTELECTUAL (ASPRONA-LEÓN);;ASOCIACIÓN;;;PERSONAS CON DISCAPACIDAD;Vivienda;Personas con disc. física, sensorial, por trastorno del desarrollo intelectual y/o por enfer. mental;OTROS: 8;42.5896377;-5.5579066;JORGE GARCÍA MARTÍNEZ;42.5896377, -5.5579066
VIVIENDA GONZÁLEZ FERRERO;2025-03-14;CALLE MOISES DE LEON 29 8D;24;24089;LEON;LEON;24006;LEÓN - EL EJIDO;987 246644;;241908;ASOCIACIÓN PROTECTORA DE PERSONAS CON DISCAPACIDAD INTELECTUAL (ASPRONA-LEÓN);;ASOCIACIÓN;jorgegm@asprona-leon.es;;PERSONAS CON DISCAPACIDAD;Vivienda;Personas con discapacidad por trastorno del desarrollo intelectual leve o moderado;DISCAPACIDAD INTELECTUAL: 6;42.5909753;-5.5593999;JORGE GARCIA MARTINEZ;42.5909753, -5.5593999
HOGAR DE JUBILADOS SAN PEDRO;2020-10-14;CALLE SIMON ARIAS S/N;24;24089;LEON;LEON;24005;LEÓN - PUENTE CASTRO;987 202132;;240137;PARROQUIA DE SAN PEDRO APOSTOL DE PUENTE CASTRO;;INSTITUCIONES, ÓRDENES, CONGREGACIONES RELIGIOSAS Y SIMILARES;;;PERSONAS MAYORES;Centro de día;Hogar (Unidad de atención social);;42.5815291;-5.5498805;;42.5815291, -5.5498805
CENTRO MUNICIPAL GLORIA FUERTES;2023-03-03;AVENIDA PAIS LEONES  Nº 22;24;24089;LEON;LEON;24010;LEÓN - EL CRUCERO-LA VEGA;987 275056;;240819;AYUNTAMIENTO DE LEÓN;;ADMINISTRACIÓN LOCAL;centrodiamenores@aytoleon.com;;INFANCIA (Y JUVENTUD);Centro de día;Centro de día;OTROS: 15;42.61663859999999;-5.5996007;FRANCISCO JAVIER FERNÁNDEZ ALVAREZ;42.61663859999999, -5.5996007
CENTRO EMERGENCIA PONFERRADA;2024-01-26;S/C;24;24089;LEON;LEON;24000;ZDESCONOCIDO;000 000000;;241533;CRUZ ROJA ESPAÑOLA;;ASOCIACIÓN;;;MUJER;Residencia;Acogida para mujeres;OTROS: 15;;;;
VIVIENDA SUPERVISADA SEDANO;2023-11-15;AVENIDA PADRE ISLA  Nº 116 4º A;24;24089;LEON;LEON;24008;LEÓN - CENTRO;987 210126;;241136;ASOCIACIÓN LEONESA DE FAMILIARES Y AMIGOS DE ENFERMOS MENTALES - ALFAEM;;ASOCIACIÓN;;;PERSONAS CON DISCAPACIDAD;Vivienda;Personas con discapacidad por enfermedad mental;OTROS: 4;;;CARLOS MOUTA FERNANDEZ;
VIVIENDA SUPERVISADA SANZ;2023-10-31;AVENIDA MARIANO ANDRES 34 1º IZDA;24;24089;LEON;LEON;24008;LEÓN - MARIANO ANDRÉS;987 212106;;241782;ASOCIACIÓN LEONESA DE FAMILIARES Y AMIGOS DE ENFERMOS MENTALES - ALFAEM;;ASOCIACIÓN;gerencia@alfaem.org;;PERSONAS CON DISCAPACIDAD;Vivienda;Personas con disc. física, sensorial, por trastorno del desarrollo intelectual y/o por enfer. mental;OTROS: 4;;;CARLOS MOUTA FERNANDEZ;
VIVIENDA SUPERVISADA ALBA;2024-06-15;AVENIDA PADRE ISLA  Nº 111 7º B;24;24089;LEON;LEON;24008;LEÓN - CENTRO;987 210126;;241135;ASOCIACIÓN LEONESA DE FAMILIARES Y AMIGOS DE ENFERMOS MENTALES - ALFAEM;;ASOCIACIÓN;graheva@alfaem.org;;PERSONAS CON DISCAPACIDAD;Vivienda;Personas con discapacidad por enfermedad mental;OTROS: 4;42.606982;-5.5798757;CARLOS MOUTA FERNANDEZ;42.606982, -5.5798757
VIVIENDA SUPERVISADA CAPEL;2023-11-15;AVENIDA MARIANO ANDRES Nº 34 1º DERECHA;24;24089;LEON;LEON;24008;LEÓN - MARIANO ANDRÉS;987 210126;;241527;ASOCIACIÓN LEONESA DE FAMILIARES Y AMIGOS DE ENFERMOS MENTALES - ALFAEM;;ASOCIACIÓN;gerencia@alfaem.org;;PERSONAS CON DISCAPACIDAD;Vivienda;Personas con disc. física, sensorial, por trastorno del desarrollo intelectual y/o por enfer. mental;OTROS: 4;;;CARLOS MOUTA FERNANDEZ;
RESIDENCIA DE PERSONAS MAYORES SAN JOSE;2023-03-23;CALLE OCTAVIO ALVAREZ CARBALLO S/N;24;24089;LEON;LEON;24004;LEÓN - PUENTE CASTRO;987 204352;987 262225;240138;HERMANITAS DE LOS ANCIANOS DESAMPARADOS - RESIDENCIA SAN JOSÉ;;INSTITUCIONES, ÓRDENES, CONGREGACIONES RELIGIOSAS Y SIMILARES;herandes@herandes.com;;PERSONAS MAYORES;Residencia;Para asistidos;DEPENDIENTES: 234;42.5911036;-5.5697806;ANA ISABEL CARDEÑOSO CARDEÑOSO;42.5911036, -5.5697806
UNIDAD DE ESTANCIAS DIURNAS VIRGEN DE LA GUIA;2023-06-16;CALLE CAYO JESUS FERNANDEZ ESPINO 1;24;24089;LEON;LEON;24007;LEÓN - EL EJIDO;987 276170;987 276186;240399;RESIDENCIA VIRGEN DE LA GUIA S.L.;;SOCIEDADES;;;PERSONAS MAYORES;Centro de día;Estancias diurnas;ASISTIDOS: 29;42.6014031;-5.5610617;Inmaculada Franco Castellanos;42.6014031, -5.5610617
HOGAR DE ACOGIDA ACCEM EN LEÓN;2024-10-09;AVENIDA JOSE MARIA FERNANDEZ 12;24;24089;LEON;LEON;24006;LEÓN - EL EJIDO;626 502545;;241660;ACCEM;;ASOCIACIÓN;castillayleon@accem.es;;INFANCIA (Y JUVENTUD);Vivienda;Hogar de acogida;NNAMMAS: 10;42.5994559;-5.5643183;ADRIAN GONZALEZ FERNANDEZ;42.5994559, -5.5643183
PISO DE ACOGIDA PADRE ISLA;2026-01-16;AVENIDA PADRE ISLA;24;24089;LEON;LEON;24002;LEÓN - CENTRO;000 000000;000 000000000;242015;ACCEM;;ASOCIACIÓN;ndieza@accem.es;;INCLUSIÓN SOCIAL;Vivienda;Vivienda para personas en situación de vulnerabilidad;MIXTO: 8;42.60626882977247;-5.5789291953714235;;42.60626882977247, -5.5789291953714235
CENTRO DE DÍA PILAR VALLEZ;2025-10-14;PASEO PARQUE (EL)  Nº 17 CENTRO DE RECURSOS PILAR VALLEZ;24;24089;LEON;LEON;24005;LEÓN - PUENTE CASTRO;987 234341;;241501;ASOCIACIÓN DE PADRES Y FAMILIARES DE PERSONAS CON AUTISMO DE LEÓN Y  PROVINCIA;;ASOCIACIÓN;asociacion@autismoleon.org;;PERSONAS CON DISCAPACIDAD;Centro de día;Personas con discapacidad por trastorno del espectro del autismo;OTROS: 36;;;MARTA LÓPEZ GONZÁLEZ;
PISO TUTELADO;2023-03-03;CALLE SAMPIRO 18 3º IZDA;24;24089;LEON;LEON;24001;LEÓN - CENTRO;646 837671;;241788;GESTIÓN RESIDENCIAL FIGAR S.L.;;SOCIEDADES;jfidalgo@grupocampolar.com;;PERSONAS CON DISCAPACIDAD;Vivienda;Personas con disc. física, sensorial, por trastorno del desarrollo intelectual y/o por enfer. mental;OTROS: 6;42.6007073;-5.5805587;Ismael Fidalgo Fidalgo;42.6007073, -5.5805587
CENTRO TERAPÉUTICO DE DÍA ENFERMOS DE ALZHEIMER;2025-02-24;PASEO PARQUE (EL) S/N;24;24089;LEON;LEON;24005;LEÓN - PUENTE CASTRO;987 263868;;240151;ASOCIACIÓN DE FAMILIARES DE ENFERMOS DE ALZHEIMER Y OTRAS DEMENCIAS DE LEÓN - (ALZHEIMER-LEÓN);;ASOCIACIÓN;info@alzheimerleon.org;;PERSONAS MAYORES;Centro de día;Estancias diurnas para enfermos de Alzheimer;DEPENDIENTES: 45;42.5814526;-5.5664974;NIEVES LOMA LUIS;42.5814526, -5.5664974
LA FAMILIA RESIDENCIA PARA PERSONAS MAYORES;2023-03-03;CALLE CEPEDA (LA) 12BAJO IZDA.;24;24089;LEON;LEON;24008;LEÓN - MARIANO ANDRÉS;987 001934;;240365;TU OTRA FAMILIA;;SOCIEDADES;tuotrafamilia@gmail.com;;PERSONAS MAYORES;Residencia;Para asistidos;ASISTIDOS: 24;42.5998764;-5.571752;SEVERINO GONZALEZ GARCIA;42.5998764, -5.571752
CENTRO BUENDÍA ERAS;2025-04-10;CALLE PRIMERO DE MAYO  1;24;24089;LEON;LEON;24008;LEÓN - MARIANO ANDRÉS;987 804631;;240122;CENTROS BUENDIA LEÓN S.L.;;SOCIEDADES;direccioneras@centrosbuendia.com;;PERSONAS MAYORES;Residencia;Mixta para válidos y asistidos;VÁLIDOS: 18, ASISTIDOS: 57;;;CARLOTA OTERO SÁNCHEZ;
CENTRO BUENDÍA LA SAL;2023-09-11;CALLE COFRADIA DEL CIENTO 2;24;24089;LEON;LEON;24009;LEÓN - EL CRUCERO-LA VEGA;987 807805;;240313;CENTROS BUENDIA LEÓN S.L.;;SOCIEDADES;direccionlasal@centrosbuendia.com;;PERSONAS MAYORES;Residencia;Para asistidos;ASISTIDOS: 63;42.5966462;-5.5883157;SAMUEL VILLAZÁN ANTÓN;42.5966462, -5.5883157
"RESIDENCIA DE PERSONAS MAYORES ""EL PINAR""";2022-10-20;CALLE TELENO 60;24;24091;LEON;TABUYO DEL MONTE;24721;ASTORGA;987 600820;;240605;JUNTA VECINAL DE TABUYO DEL MONTE;LA ABEDOLINA, S.L.;ADMINISTRACIÓN LOCAL;elpinar@labedolina.es;;PERSONAS MAYORES;Residencia;Para asistidos;ASISTIDOS: 38;42.3145695;-6.2066903;MARÍA MARTÍNEZ RODRÍGUEZ;42.3145695, -6.2066903
RESIDENCIA DE PERSONAS MAYORES VIRGEN DE GRACIA;2020-09-15;AVENIDA CONSTITUCION 74;24;24094;LEON;MANSILLA DE LAS MULAS;24210;MANSILLAS DE LAS MULAS;987 310148;;240086;Mª ARACELI GONZALEZ GONZALEZ;;PERSONA FÍSICA-EMPRESA INDIVIDUAL;arac1964@hotmail.com;;PERSONAS MAYORES;Residencia;Para asistidos;ASISTIDOS: 27;42.4984545;-5.4171895;MARIA ARACELI GONZÁLEZ GONZÁLEZ;42.4984545, -5.4171895
RESIDENCIA DE PERSONAS MAYORES MANSILLA DE LAS MULAS;2026-02-05;AVENIDA VILLA DE LIL S/N;24;24094;LEON;MANSILLA DE LAS MULAS;24210;MANSILLAS DE LAS MULAS;987 311824;;240433;AYUNTAMIENTO DE MANSILLA DE LAS MULAS;EDAD DORADA MENSAJEROS DE LA PAZ CASTILLA Y LEÓN;ADMINISTRACIÓN LOCAL;residenciamansilla@mensajerosdelapazcyl.org;;PERSONAS MAYORES;Residencia;Para asistidos;ASISTIDOS: 91;42.4965689;-5.4177807;RUBEN PORTUGUES CASTAÑO;42.4965689, -5.4177807
UNIDAD DE ESTANCIAS DIURNAS MANSILLA DE LAS MULAS;2024-03-19;LUGAR VILLALIN S/N;24;24094;LEON;MANSILLA DE LAS MULAS;24210;MANSILLAS DE LAS MULAS;987 372217;;240434;AYUNTAMIENTO DE MANSILLA DE LAS MULAS;EDAD DORADA MENSAJEROS DE LA PAZ CASTILLA Y LEÓN;ADMINISTRACIÓN LOCAL;residenciamansilla@mensajerosdelapazcyl.org;;PERSONAS MAYORES;Centro de día;Estancias diurnas;ASISTIDOS: 15;;;RUBÉN PORTUGUES CASTAÑO;
HOGAR JUBILADOS Y PENSIONISTAS DE MATALLANA DE TORIO;2020-10-14;CALLE CUARTEL GUARDIA CIVIL S/N.;24;24098;LEON;MATALLANA DE TORIO;24830;CUENCA DE MATALLANA;987 591003;;240007;ASOCIACION DE JUBILADOS Y PENSIONISTAS DE MATALLANA DE TORIO;;ASOCIACIÓN;;;PERSONAS MAYORES;Centro de día;Hogar (Unidad de atención social);;42.8438505;-5.4980355;;42.8438505, -5.4980355
"HOGAR DE PERSONAS MAYORES  ""VIRGEN DE LAS ANGUSTIAS""";2020-10-14;PLAZA MAYOR 11;24;24113;LEON;POBLADURA DE PELAYO GARCIA;24249;SANTA MARÍA DEL PÁRAMO;987 385021;;240479;"ASOCIACION DE JUBILADOS Y PENSIONISTAS ""VIRGEN DE LAS ANGUSTIAS""";;ASOCIACIÓN;;;PERSONAS MAYORES;Centro de día;Hogar (Unidad de atención social);;42.3061547;-5.6858271;Guillermo Rodriguez Diaz;42.3061547, -5.6858271
RESIDENCIA DE PERSONAS MAYORES NTRA. SRA. DE LA ENCINA;2024-05-08;CALLE JOSEFINA GAVILANES GONZALEZ 89;24;24115;LEON;CAMPO DE PONFERRADA;24414;PONFERRADA - ZONA ALTA - EL PLANTÍO;987 403315;987 987429888;240149;RESIDENCIA DE  ANCIANOS NUESTRA SEÑORA ENCINA FUNDACION FUSTEGUERAS;;FUNDACIÓN;residencia.campo@gmail.com;;PERSONAS MAYORES;Residencia;Mixta para válidos y asistidos;VÁLIDOS: 40, ASISTIDOS: 40;42.5393075;-6.565033;MANUEL RODRÍGUEZ FERREIRA;42.5393075, -6.565033
UNIDAD DE ESTANCIAS DIURNAS DE LA RESIDENCIA DE PONFERRADA;2025-06-23;CALLE RAMON GONZALEZ ALEGRE 10;24;24115;LEON;PONFERRADA;24400;PONFERRADA - ZONA CENTRO - LA PUEBLA;987 410918;;240388;GERENCIA DE SERVICIOS SOCIALES DE CASTILLA Y LEÓN;EULEN SERVICIOS SOCIOSANITARIOS S.A.;ADMINISTRACIÓN AUTONÓMICA;;;PERSONAS MAYORES;Centro de día;Estancias diurnas;ASISTIDOS: 16;42.5484868;-6.6126397;MERCEDES GARCÍA RODRIGUEZ;42.5484868, -6.6126397
RESIDENCIA MINUSVALIDOS ASPRONA BIERZO;2026-03-14;AVENIDA TERCIO DE FLANDES 24BAJO;24;24115;LEON;PONFERRADA;24400;PONFERRADA - ZONA CENTRO - LA PUEBLA;987 412985;;240030;ASPRONA BIERZO;;ASOCIACIÓN;;;PERSONAS CON DISCAPACIDAD;Residencia;Personas con discapacidad por trastorno del desarrollo intelectual;OTROS: 16;;;MARIA BELÉN RODRÍGUEZ SANJURJO;
CUATROVIENTOS 2ºA;2025-12-14;AVENIDA GALICIA Nº 43 2ºA;24;24115;LEON;PONFERRADA;24404;PONFERRADA - ZONA BAJA - FLORES SIL;987 412985;;241570;ASPRONA BIERZO;;ASOCIACIÓN;aspronabierzo@aspronabierzo.org;;PERSONAS CON DISCAPACIDAD;Vivienda;Personas con disc. física, sensorial, por trastorno del desarrollo intelectual y/o por enfer. mental;OTROS: 7;42.5583315;-6.6210569;ARANZAZÚ DUO DELGADO;42.5583315, -6.6210569
RESIDENCIA COMPOSTILLA;2026-03-14;CALLE III AVENIDA DE COMPOSTILLA, Nº 24;24;24115;LEON;PONFERRADA;24404;PONFERRADA - ZONA CENTRO - LA PUEBLA;987 412841;;240980;ASPRONA BIERZO;;ASOCIACIÓN;;;PERSONAS CON DISCAPACIDAD;Residencia;Personas con discapacidad por trastorno del desarrollo intelectual;OTROS: 32;;;MARÍA BELÉN RODRÍGUEZ SANJURJO;
CENTRO DE BARRIO CUATROVIENTOS;2026-03-14;AVENIDA GALICIA 41;24;24115;LEON;PONFERRADA;24404;PONFERRADA - ZONA CENTRO - LA PUEBLA;987 455228;;241893;ASPRONA BIERZO;;ASOCIACIÓN;aspronabierzo@aspronabierzo.org;;PERSONAS CON DISCAPACIDAD;Centro de día;Personas con discapacidad por trastorno del desarrollo intelectual;DISCAPACIDAD INTELECTUAL: 60;42.558229;-6.620838099999999;ARÁNZAZU DÚO DELGADO;42.558229, -6.620838099999999
VIVIENDA CEMBA BAJO;2025-09-26;CALLE CEMBA (LA) 9;24;24115;LEON;PONFERRADA;24401;PONFERRADA - ZONA BAJA - FLORES SIL;626 998957;626 626998957;241992;ASPRONA BIERZO;;ASOCIACIÓN;aspronabierzo@aspronabierzo.org;;PERSONAS CON DISCAPACIDAD;Vivienda;Personas con disc. física, sensorial, por trastorno del desarrollo intelectual y/o por enfer. mental;DISCAPACIDAD INTELECTUAL: 1;;;;
CUATROVIENTOS 2ºB;2025-04-14;AVENIDA GALICIA Nº 43 2º B;24;24115;LEON;PONFERRADA;24404;PONFERRADA - ZONA BAJA - FLORES SIL;987 412985;;241571;ASPRONA BIERZO;;ASOCIACIÓN;aspronabierzo@aspronabierzo.org;;PERSONAS CON DISCAPACIDAD;Vivienda;Personas con disc. física, sensorial, por trastorno del desarrollo intelectual y/o por enfer. mental;OTROS: 5;42.5583315;-6.6210569;ARANZAZÚ DUO DELGADO;42.5583315, -6.6210569
CENTRO DE DÍA EL PLANTÍO;2025-07-30;PARQUE ELPLANTIO S/N;24;24115;LEON;PONFERRADA;24400;PONFERRADA - ZONA ALTA - EL PLANTÍO;987 417429;;240478;AYUNTAMIENTO DE PONFERRADA;CLECE, S.A.;ADMINISTRACIÓN LOCAL;sauss@ponferrada.org;;PERSONAS MAYORES;Centro de día;Hogar (Unidad de atención social);;;;GEMMA SAGREDO SAIZ;
UNIDAD DE ESTANCIAS DIURNAS EL PLANTÍO;2025-08-05;PARQUE EL PLANTIO S/N;24;24115;LEON;PONFERRADA;24400;PONFERRADA - ZONA ALTA - EL PLANTÍO;987 088926;;240477;AYUNTAMIENTO DE PONFERRADA;;ADMINISTRACIÓN LOCAL;sauss@ponferrada.org;;PERSONAS MAYORES;Centro de día;Estancias diurnas;ASISTIDOS: 17;42.5497319;-6.5851929;GEMMA SAGREDO SAIZ;42.5497319, -6.5851929
CENTRO DE DÍA PARA PERSONAS MAYORES DE FLORES DEL SIL - UNIDAD DE ATENCIÓN SOCIAL;2022-11-07;AVENIDA MARTINA S/N FLORES DEL SIL;24;24115;LEON;PONFERRADA;24400;PONFERRADA - ZONA CENTRO - LA PUEBLA;987 456152;;240871;AYUNTAMIENTO DE PONFERRADA;;ADMINISTRACIÓN LOCAL;social-director@ponferrada.org;;PERSONAS MAYORES;Centro de día;Hogar (Unidad de atención social);;42.54701;-6.6188686;CARLOS LOPEZ RIESCO;42.54701, -6.6188686
RESIDENCIA LA ROSALEDA;2025-05-27;AVENIDA CONSTITUCION (LA) Nº 5;24;24115;LEON;PONFERRADA;24404;PONFERRADA - ZONA BAJA - FLORES SIL;987 411258;;241461;RESIDENCIA TERCERA EDAD LAS ENCINAS, S.L.;;SOCIEDADES;admon@lasencinassg.com;;PERSONAS MAYORES;Residencia;Para asistidos;ASISTIDOS: 131;;;ESTEFANIA MIRANDA LÓPEZ;
VIVIENDA DE APOYO;2023-11-15;AVENIDA ESCRITORES (LOS) 33 -2º G;24;24115;LEON;PONFERRADA;24404;PONFERRADA - ZONA CENTRO - LA PUEBLA;987 427720;;240519;ASOCIACIÓN LEONESA DE FAMILIARES Y AMIGOS DE ENFERMOS MENTALES - ALFAEM;;ASOCIACIÓN;;;PERSONAS CON DISCAPACIDAD;Vivienda;Personas con discapacidad por enfermedad mental;OTROS: 4;;;CARLOS MOUTA FERNANDEZ;
"CENTRO RESIDENCIAL  ""CONDE DE ALDAMA""";2022-09-27;CALLE ANDRES VILORIA 3;24;24115;LEON;PONFERRADA;24400;PONFERRADA - ZONA BAJA - FLORES SIL;987 456537;987 419137;240607;SETAS DEL BIERZO, S.L.;;SOCIEDADES;condedealdama@condedealdama.es;www.condedealdama.es;PERSONAS MAYORES;Residencia;Para asistidos;ASISTIDOS: 49;42.5463315;-6.5908331;ANA E. PRIETO ORALLO;42.5463315, -6.5908331
CENTRO GERIÁTRICO SAN ROQUE;2025-09-01;CALLE BRINDIS MORAN S/N;24;24122;LEON;PUENTE DE DOMINGO FLOREZ;24380;PUENTE DOMINGO FLOREZ;987 460806;;240412;AYUNTAMIENTO DE PUENTE DOMINGO FLOREZ;ARALIA SERVICIOS SOCIOSANITARIOS S.A.;ADMINISTRACIÓN LOCAL;;;PERSONAS MAYORES;Residencia;Para asistidos;ASISTIDOS: 64;42.4142063;-6.8284431;JUAN IGNACIO MAÑAS MARTÍN;42.4142063, -6.8284431
CENTRO DE DIA VIRGEN DE CELADA-ALCALDE JOSÉ LUIS GARCÍA FERNÁNDEZ;2024-04-30;CALLE EMILIA MENENDEZ 32;24;24134;LEON;ROBLA (LA);24640;CUENCA DE MATALLANA;987 302213;;241672;AYUNTAMIENTO DE LA ROBLA;ARALIA SERVICIOS SOCIOSANITARIOS S.A.;ADMINISTRACIÓN LOCAL;ma.sanchez@araliasevicios.es;;PERSONAS MAYORES;Centro de día;Estancias diurnas;ASISTIDOS: 45;42.80214549999999;-5.6313019;MERCEDES DOMINGUEZ OSORIO;42.80214549999999, -5.6313019
"HOGAR RESIDENCIA DE PERSONAS MAYORES ""SAN JOSE""";2026-03-04;CALLE ANTONIO NICOLAS Nº 45;24;24139;LEON;SAHAGUN;24320;SAHAGÚN DE CAMPOS;987 780085;;240183;FUNDACIÓN HOGAR RESIDENCIA SAN JOSÉ;HIJAS DE LA CARIDAD DE SAN VICENTE DE PAUL PROVINCIA ESPAÑA NORTE;FUNDACIÓN;sanjosesahagun@hotmail.com;;PERSONAS MAYORES;Residencia;Para asistidos;ASISTIDOS: 91;42.3703374;-5.031425599999999;ELENA BORGE MERINO;42.3703374, -5.031425599999999
RESIDENCIA DE ANCIANOS VIRGEN DE LA  PEREGRINA;2024-05-08;AVENIDA FERNANDO DE CASTRO 53;24;24139;LEON;SAHAGUN;24320;SAHAGÚN DE CAMPOS;987 780790;;240628;AYUNTAMIENTO DE SAHAGUN;EXCELLENCE INNOVA CYF, S.L.;ADMINISTRACIÓN LOCAL;residencia.sahagun@excellence-innova.com;;PERSONAS MAYORES;Residencia;Para asistidos;ASISTIDOS: 65;42.368927;-5.031952299999999;ERMILA FERNANDEZ ALAEZ;42.368927, -5.031952299999999
CENTRO DE REFERENCIA ESTATAL DE ATENCIÓN A PERSONAS CON GRAVE DISCAPACIDAD FÍSICA;2022-09-27;CALLE LIMONAR DE CUBA S/N;24;24142;LEON;SAN ANDRES DEL RABANEDO;24010;SAN ANDRÉS DEL RABANEDO - TROBAJO DEL CAMINO;987 843300;;240789;INSTITUTO DE MAYORES Y SERVICIOS SOCIALES. IMSERSO;;ADMINISTRACIÓN CENTRAL;;;PERSONAS CON DISCAPACIDAD;Residencia;Personas con discapacidad física;OTROS: 120;42.6007621;-5.6011226;MARÍA TERESA GUTIÉRREZ FUENTES;42.6007621, -5.6011226
CENTRO DE DÍA PARA PERSONAS CON DISCAPACIDAD FÍSICA GRAVE;2020-12-04;CALLE LIMONAR DE CUBA S/N;24;24142;LEON;SAN ANDRES DEL RABANEDO;24010;SAN ANDRÉS DEL RABANEDO - TROBAJO DEL CAMINO;607 577021;;240790;INSTITUTO DE MAYORES Y SERVICIOS SOCIALES. IMSERSO;;ADMINISTRACIÓN CENTRAL;;;PERSONAS CON DISCAPACIDAD;Centro de día;Personas con discapacidad física;OTROS: 20;42.6007621;-5.6011226;NURIA MENDOZA LAIZ;42.6007621, -5.6011226
VIVIENDA HOGAR CRUZ DE LOS ÁNGELES - ROMERAL 120;2022-11-07;AVENIDA ROMERAL (EL) Nº 120;24;24142;LEON;SAN ANDRES DEL RABANEDO;24009;ZONA I - SAN ANDRÉS DEL RABANEDO;985 211399;985 204180;240922;FUNDACION CRUZ DE LOS ANGELES;;FUNDACIÓN;;;INFANCIA (Y JUVENTUD);Vivienda;Vivienda hogar;OTROS: 8;42.5151399;-5.7690579;TERESA ESTRADA VILLAZÓN;42.5151399, -5.7690579
CENTRO MUNICIPAL DE MAYORES TROBAJO DEL CAMINO;2023-03-03;CALLE PRINCESA (LA) 6;24;24142;LEON;TROBAJO DEL CAMINO;24010;ZONA I - SAN ANDRÉS DEL RABANEDO;987 844300;;240795;AYUNTAMIENTO DE SAN ANDRÉS DEL RABANEDO;;ADMINISTRACIÓN LOCAL;;;PERSONAS MAYORES;Centro de día;Hogar (Unidad de atención social);;42.5971693;-5.6080926;MARIA EUGENIA GANCEDO GARCIA;42.5971693, -5.6080926
UNIDAD DE ESTANCIAS DIURNAS DE TROBAJO DEL CAMINO;2020-10-14;PLAZA PARROCO BALDOMERO GARCIA GUTIERREZ 1;24;24142;LEON;TROBAJO DEL CAMINO;24010;ZONA I - SAN ANDRÉS DEL RABANEDO;987 840229;;240454;AYUNTAMIENTO DE SAN ANDRÉS DEL RABANEDO;;ADMINISTRACIÓN LOCAL;;;PERSONAS MAYORES;Centro de día;Estancias diurnas;ASISTIDOS: 45;42.6113842;-5.6194923;Jose Carlos Lozano Gallego;42.6113842, -5.6194923
PISO DE CHICOS;2024-03-15;CALLE IGLESIA (LA) 60BAJO IZD.;24;24142;LEON;TROBAJO DEL CAMINO;24010;ZONA I - SAN ANDRÉS DEL RABANEDO;987 246644;;240374;ASOCIACIÓN PROTECTORA DE PERSONAS CON DISCAPACIDAD INTELECTUAL (ASPRONA-LEÓN);;ASOCIACIÓN;;;PERSONAS CON DISCAPACIDAD;Vivienda;Personas con disc. física, sensorial, por trastorno del desarrollo intelectual y/o por enfer. mental;OTROS: 7;;;JORGE GARCÍA MARTÍNEZ;
RESIDENCIA PRAZADIEL;2021-03-15;CARRETERA LEON-ASTORGA S/N.;24;24148;LEON;SAN JUSTO DE LA VEGA;24710;ASTORGA;987 604130;987 604131;240427;POLVAZARES S.L.;;SOCIEDADES;prazadiel2@gmail.com;;PERSONAS MAYORES;Residencia;Para asistidos;ASISTIDOS: 42;42.4395078;-6.0180639;JAIME DOMÍNGUEZ COMBARROS;42.4395078, -6.0180639
HOGAR JUBILADOS Y PENSIONISTAS LA PARAMESA;2020-10-14;CALLE ANDRES DE PAZ 12;24;24157;LEON;SANTA MARIA DEL PARAMO;24240;SANTA MARÍA DEL PÁRAMO;987 351015;;240041;"ASOCIACION COMARCAL DE JUBILADOS Y PENSIONISTAS ""LA PARAMESA""";;ASOCIACIÓN;;;PERSONAS MAYORES;Centro de día;Hogar (Unidad de atención social);;42.3540168;-5.7485863;JUAN E. FERNANDEZ VACAS;42.3540168, -5.7485863
"RESIDENCIA ""LOS ÁNGELES DEL PÁRAMO""";2021-09-30;CARRETERA CIRCUNVALACION SECTOR 1;24;24157;LEON;SANTA MARIA DEL PARAMO;24240;SANTA MARÍA DEL PÁRAMO;987 351020;;240695;RESIDENCIA  LOS ANGELES DEL PARAMO S.L.;;SOCIEDADES;;;PERSONAS MAYORES;Residencia;Para asistidos;ASISTIDOS: 49;42.357958;-5.740086;MARIA DONINA GARCIA GARCIA;42.357958, -5.740086
"UNIDAD DE ESTANCIAS DIURNAS ""LOS ÁNGELES DEL PÁRAMO""";2020-12-03;CARRETERA CIRCUNVALACION SECTOR 1 S/N;24;24157;LEON;SANTA MARIA DEL PARAMO;24240;SANTA MARÍA DEL PÁRAMO;619 828720;;240694;RESIDENCIA  LOS ANGELES DEL PARAMO S.L.;;SOCIEDADES;;;PERSONAS MAYORES;Centro de día;Estancias diurnas;ASISTIDOS: 25;42.3603068;-5.7444245;Mª ANGELES MARCOS FERNANDEZ;42.3603068, -5.7444245
"RESIDENCIA PARA PERSONAS MAYORES ""SANTA MARINA DEL REY""";2024-05-28;CALLE BEATOS FRANCISCO ALFREDO, JUAN ANTONIO Y MARCELINO 4;24;24159;LEON;SANTA MARINA DEL REY;24393;RIBERA DEL ÓRBIGO;987 377509;;241005;ASOCIACION DE FAMILIARES Y AMIGOS ENFERMOS ALZHEIMER Y OTRAS DEMENCIAS DE SANTA MARINA DEL REY;;ASOCIACIÓN;afastamarina@yahoo.es;;PERSONAS MAYORES;Residencia;Para asistidos;ASISTIDOS: 51;;;Mª LOURDES GARCÍA PÁRAMO;
CENTRO DE DÍA SANTA MARINA - UNIDAD DE ESTANCIAS DIURNAS;2024-05-28;CALLE BEATOS FRANCISCO ALFREDO, JUAN ANTONIO Y MARCELINO, Nº 2;24;24159;LEON;SANTA MARINA DEL REY;24393;RIBERA DEL ÓRBIGO;987 377086;;240726;AYUNTAMIENTO DE SANTA MARINA DEL REY;ASOCIACION DE FAMILIARES Y AMIGOS ENFERMOS ALZHEIMER Y OTRAS DEMENCIAS DE SANTA MARINA DEL REY;ADMINISTRACIÓN LOCAL;afastamarina@yahoo.es;;PERSONAS MAYORES;Centro de día;Estancias diurnas para enfermos de Alzheimer;ASISTIDOS: 60;;;Lourdes Garcia Paramo-Alberto Fernandez Fuertes;
CENTRO OCUPACIONAL SAN NICOLAS DE BARI;2026-03-14;CAMINO ANTIMIO Nº 32;24;24162;LEON;QUINTANA DE RANEROS;24391;LEÓN II - VALVERDE DE LA VIRGEN;987 280211;987 987280130;240051;ASOCIACIÓN PROTECTORA DE PERSONAS CON DISCAPACIDAD INTELECTUAL (ASPRONA-LEÓN);;ASOCIACIÓN;;;PERSONAS CON DISCAPACIDAD;Centro de día;Personas con discapacidad por trastorno del desarrollo intelectual;OTROS: 222;42.5430823;-5.6371018;JUAN CARLOS PULGAR RODRIGUEZ;42.5430823, -5.6371018
RESIDENCIA PERSONAS MAYORES LAS CANDELAS;2024-05-08;CALLE FORNILLA (LA) S/N;24;24169;LEON;TORENO;24450;TORENO;987 533388;;240211;AYUNTAMIENTO DE TORENO;AGEYDEN SIGLO XXI, S.L.;ADMINISTRACIÓN LOCAL;direccion.lascandelas@grupoaege.net;;PERSONAS MAYORES;Residencia;Para asistidos;ASISTIDOS: 49;42.6946141;-6.5099679;Cristina Cardosa Santiago;42.6946141, -6.5099679
UNIDAD DE ESTANCIAS DIURNAS;2021-09-30;CARRETERA PONFERRADA-LA ESPINA KM21300;24;24169;LEON;TORENO;24450;TORENO;983 135135;;241342;ARALIA SERVICIOS SOCIOSANITARIOS S.A.;;SOCIEDADES;araliaservicios@aralia.es;;PERSONAS MAYORES;Centro de día;Estancias diurnas;ASISTIDOS: 15;42.6936992;-6.5089758;ALVARO DURÁN GUILLÉN;42.6936992, -6.5089758
CENTRO DE DIA LAS CANDELAS;2026-03-14;AVENIDA SANTA BARBARA 114;24;24170;LEON;TORRE DEL BIERZO;24370;TORRE DEL BIERZO;987 455228;;241753;AYUNTAMIENTO DE TORRE DEL BIERZO;ASPRONA BIERZO;ADMINISTRACIÓN LOCAL;aspronabierzo@aspronabierzo.org;;PERSONAS CON DISCAPACIDAD;Centro de día;Personas con discapacidad por trastorno del desarrollo intelectual;OTROS: 30;42.5962597;-6.328195099999999;CONCEPCION JIMENEZ RODRIGUEZ;42.5962597, -6.328195099999999
RESIDENCIA TERCERA ACTIVIDAD DE LEÓN;2023-03-10;CAMINO SANTA OLAJA Nº 24;24;24175;LEON;VALDELAFUENTE;24227;LEÓN I - VILLAQUILAMBRE;987 269021;987 987207511;240186;FUNDACIÓN SANTA MARÍA LA REAL DEL PATRIMONIO HISTÓRICO, UN PROYECTO DESDE CASTILLA Y LEÓN;;FUNDACIÓN;mprieto@santamarialareal.org;;PERSONAS MAYORES;Residencia;Para asistidos;ASISTIDOS: 105;;;LIBERTAD PÁRAMO GONZÁLEZ;
CENTRO DE ESTANCIAS DIURNAS QUINTANA DE RUEDA;2024-04-18;CALLE PISCINAS (LAS) 35;24;24180;LEON;QUINTANA DE RUEDA;24930;ZDESCONOCIDO;669 345739;669 629769755;240659;ASOCIACION DE FAMILIARES Y AMIGOS DE ENFERMOS DE ALZHEIMER Y OTRAS DEMENCIAS DEL AYUNTAMIENTO DE VALDEPOLO (AFADEVA);;ASOCIACIÓN;;;PERSONAS MAYORES;Centro de día;Estancias diurnas para enfermos de Alzheimer;DEPENDIENTES: 49;;;Maria Luisa Vega Pacho;
"RESIDENCIA GERIATRICA ""LA REGENTA""";2022-09-29;CALLE SANTA TERESA 2;24;24181;LEON;VALDERAS;24220;VALENCIA DE DON JUAN;987 763100;;240088;LA REGENTA CENTRO GERIÁTRICO S.L.;;SOCIEDADES;residencialaregenta@gmail.com;;PERSONAS MAYORES;Residencia;Para asistidos;ASISTIDOS: 27;42.0765102;-5.4423602;MARIA EUGENIA CASTRO NAVARRO;42.0765102, -5.4423602
HOGAR DEL PENSIONISTAS COYANZA;2020-10-14;PLAZA SALVADOR 4;24;24188;LEON;VALENCIA DE DON JUAN;24200;VALENCIA DE DON JUAN;987 752372;;240148;ASOCIACION DE PENSIONISTAS COYANZA;;ASOCIACIÓN;;;PERSONAS MAYORES;Centro de día;Hogar (Unidad de atención social);;42.2910809;-5.5191758;;42.2910809, -5.5191758
RESIDENCIA VIRGEN DE LORETO;2023-09-14;CALLE LEON, Nº 57;24;24188;LEON;VALENCIA DE DON JUAN;24200;VALENCIA DE DON JUAN;987 750849;;240037;PARROQUIA DE VALENCIA DE DON JUAN;;INSTITUCIONES, ÓRDENES, CONGREGACIONES RELIGIOSAS Y SIMILARES;salvador.valbuena@coyanza.net;;PERSONAS MAYORES;Residencia;Para asistidos;DEPENDIENTES: 71;42.2992386;-5.5204773;MARIA TERESA ALEGRE MANCHA;42.2992386, -5.5204773
RESIDENCIA DE MAYORES RETO A LA ESPERANZA;2021-05-18;CALLE PERALES (LOS) 3;24;24189;LEON;ALDEA DE LA VALDONCINA (LA);24391;LEÓN II - VALVERDE DE LA VIRGEN;987 300995;;240627;ASOCIACIÓN RETO A LA ESPERANZA;;ASOCIACIÓN;mayores.leon@asociacionreto.com;;PERSONAS MAYORES;Residencia;Para asistidos;ASISTIDOS: 29;42.5565722;-5.6716985;GINES PEREZ VALDIVIESO;42.5565722, -5.6716985
CENTRO OCUPACIONAL PRELABORAL DOÑA CINIA;2022-11-07;AVENIDA ASTORGA Nº 87;24;24189;LEON;VIRGEN DEL CAMINO (LA);24198;LEÓN II - VALVERDE DE LA VIRGEN;987 300731;;240860;FUNDACIÓN SOLIDARIDAD Y TRABAJO VIRGEN DEL CAMINO (FUNDACIÓN SOLTRA);;FUNDACIÓN;;;PERSONAS CON DISCAPACIDAD;Centro de día;Personas con discapacidad por trastorno del desarrollo intelectual;OTROS: 60;42.5794528;-5.6414161;JOSE ANTONIO IDOETA MADARIAGA;42.5794528, -5.6414161
RESIDENCIA LA PIÑERA;2022-11-07;AVENIDA ANCARES S/N;24;24196;LEON;VEGA DE ESPINAREDA;24430;VEGA DE ESPINAREDA;987 134847;;240946;ARISOLIS AMBIENTAL S.L.;RESIDENCIA TERCERA EDAD LAS ENCINAS, S.L.;SOCIEDADES;admon@lasencinassg.com;;PERSONAS MAYORES;Residencia;Para asistidos;ASISTIDOS: 65;42.7377411;-6.656684;MARIA MONTSERRAT GONZALEZ FERNANDEZ;42.7377411, -6.656684
"RESIDENCIA ""ASPRONA-LACIANA""";2026-02-14;CARRETERA DEGAÑA 52;24;24202;LEON;CABOALLES DE ABAJO;24110;VILLABLINO;987 490269;;240609;ASOCIACIÓN PROTECTORA DE PERSONAS CON DISCAPACIDAD INTELECTUAL (ASPRONA-LEÓN);;ASOCIACIÓN;;;PERSONAS CON DISCAPACIDAD;Residencia;Personas con discapacidad por trastorno del desarrollo intelectual;OTROS: 9;42.952657438006185;-6.402428763875535;LAURA FERNÁNDEZ LÓPEZ;42.952657438006185, -6.402428763875535
"CENTRO DE TERAPIA OCUPACIONAL ""ASPRONA LACIANA""";2026-02-14;CARRETERA DEGAÑA 52;24;24202;LEON;CABOALLES DE ABAJO;24110;VILLABLINO;987 490269;;240583;ASOCIACIÓN PROTECTORA DE PERSONAS CON DISCAPACIDAD INTELECTUAL (ASPRONA-LEÓN);;ASOCIACIÓN;;;PERSONAS CON DISCAPACIDAD;Centro de día;Personas con discapacidad por trastorno del desarrollo intelectual;OTROS: 24;42.952657438006185;-6.402428763875535;LAURA FERNÁNDEZ LÓPEZ;42.952657438006185, -6.402428763875535
CENTRO DE DÍA PARA PERSONAS MAYORES DE VILLABLINO;2020-12-04;PLAZA SIERRA PAMBLEY 41;24;24202;LEON;VILLABLINO;24100;VILLABLINO;987 970893;;240069;GERENCIA DE SERVICIOS SOCIALES DE CASTILLA Y LEÓN;;ADMINISTRACIÓN AUTONÓMICA;;;PERSONAS MAYORES;Centro de día;Hogar (Unidad de atención social);;42.9393169;-6.312389;SOFIA CUENLLAS FERNANDEZ;42.9393169, -6.312389
CENTRO RESIDENCIAL PARA PERSONAS MAYORES SAN ANTONIO ABAD;2022-11-07;PLAZA CAMPO DE LA FERIA Nº 9;24;24206;LEON;TORAL DE LOS VADOS;24560;CACABELOS;987 544816;;240101;AYUNTAMIENTO DE TORAL DE LOS VADOS;MARX Y VIRGEN DE FÁTIMA GESTIÓN DE CENTROS RESIDENCIALES, S.L.;ADMINISTRACIÓN LOCAL;residenciasanantonioabad@gmail.com;;PERSONAS MAYORES;Residencia;Para asistidos;ASISTIDOS: 46;42.5425717;-6.7752482;JERÓNIMO ALVAREZ MARX;42.5425717, -6.7752482
HOGAR DE JUBILADOS Y PENS. LA TERCIA-ARBAS;2020-10-14;AVENIDA MADRID 13;24;24901;LEON;VILLAMANIN DE LA TERCIA;24680;CUENCA DE MATALLANA;987 598250;;240035;"ASOCIACION DE JUBILADOS Y PENSIONISTAS ""LA TERCIA-ARBAS";;ASOCIACIÓN;;;PERSONAS MAYORES;Centro de día;Hogar (Unidad de atención social);;42.9374425;-5.6557053;;42.9374425, -5.6557053
RESIDENCIA TERCERA ACTIVIDAD;2026-02-24;CALLE PEÑA AGUILON S/N;34;34004;PALENCIA;AGUILAR DE CAMPOO;34800;AGUILAR DE CAMPOO;979 126061;979 649979992;340288;FUNDACIÓN SANTA MARÍA LA REAL DEL PATRIMONIO HISTÓRICO, UN PROYECTO DESDE CASTILLA Y LEÓN;;FUNDACIÓN;residencia@santamarialareal.org;;PERSONAS MAYORES;Residencia;Para asistidos;ASISTIDOS: 96;42.787564;-4.254923;ALEJANDRO SERRANO SAN MARTÍN;42.787564, -4.254923
CENTRO DE DIA TERCERA ACTIVIDAD;2023-05-10;CALLE PEÑA AGUILON S/N;34;34004;PALENCIA;AGUILAR DE CAMPOO;34800;AGUILAR DE CAMPOO;979 126061;979 128018;340630;FUNDACIÓN SANTA MARÍA LA REAL DEL PATRIMONIO HISTÓRICO, UN PROYECTO DESDE CASTILLA Y LEÓN;;FUNDACIÓN;;;PERSONAS MAYORES;Centro de día;Estancias diurnas;ASISTIDOS: 25;42.7875633;-4.2549232;ALEJANDRO SERRANO SAN MARTIN;42.7875633, -4.2549232
CENTRO OCUPACIONAL VIRGEN DE LLANO;2025-07-14;CALLE PRIOR (DEL) 8;34;34004;PALENCIA;AGUILAR DE CAMPOO;34800;AGUILAR DE CAMPOO;983 225125;983 475395;340703;FUNDACIÓN PERSONAS;;FUNDACIÓN;fundacionpersonas@fundacionpersonas.es;;PERSONAS CON DISCAPACIDAD;Centro de día;Personas con discapacidad por trastorno del desarrollo intelectual;OTROS: 75;;;LORENZO GONZALEZ TORRES;
CENTRO DE DIA CON UNIDAD DE ESTANCIAS DIURNAS AUTILLA DEL PINO;2020-10-14;CALLE EXTRAMUROS S/NExtramuros, s/n;34;34018;PALENCIA;AUTILLA DEL PINO;34170;VILLARRAMIEL;979 110452;;340529;AYUNTAMIENTO DE AUTILLA DEL PINO;CENTRO DE MAYORES AUTILLA S.L.;ADMINISTRACIÓN LOCAL;;;PERSONAS MAYORES;Centro de día;Estancias diurnas;ASISTIDOS: 25;41.9930162;-4.6331671;ANTOIO VAZQUEZ FERNANDEZ;41.9930162, -4.6331671
RESIDENCIA BAÑOSALUD;2025-10-31;CALLE BARBOTAN 2;34;34023;PALENCIA;VENTA DE BAÑOS;34200;VENTA DE BAÑOS - DUEÑAS;979 770848;979 979770035;340171;CLECE MAYORES, SLU;;SOCIEDADES;;;PERSONAS MAYORES;Residencia;Mixta para válidos y asistidos;VÁLIDOS: 2, ASISTIDOS: 186;41.9170193;-4.4960383;ISABEL FRANCO ZAPATERO;41.9170193, -4.4960383
RESIDENCIA DE PERSONAS MAYORES SANTA BARBARA;2023-07-03;CALLE HERMANO BERNARDO;34;34027;PALENCIA;BARRUELO DE SANTULLAN;34820;AGUILAR DE CAMPOO;979 106480;;340173;AYUNTAMIENTO DE BARRUELO DE SANTULLAN;DOMUS AUREA SERVICIOS PARA EL HOGAR, S. L.;ADMINISTRACIÓN LOCAL;;;PERSONAS MAYORES;Residencia;Para asistidos;DEPENDIENTES: 36;42.9079964;-4.2886077;AMAYA GUTIÉRREZ FERNÁNDEZ;42.9079964, -4.2886077
RESIDENCIA NUESTRA SEÑORA DE LAS MERCEDES;2020-06-05;AVENIDA PEREGRINOS (DE LOS) 1;34;34047;PALENCIA;CARRION DE LOS CONDES;34120;CARRIÓN DE LOS CONDES - OSORNO;979 880066;;340237;FUNDACIÓN RESIDENCIA NUESTRA SEÑORA DE LAS MERCEDES;;FUNDACIÓN;residenciansmercedes@yahoo.es;;PERSONAS MAYORES;Residencia;Para asistidos;ASISTIDOS: 127;42.337087;-4.5984383;JOSE MARIA BUSTAMANTE PAYO;42.337087, -4.5984383
CENTRO DE DIA PARA PERSONAS MAYORES EN CARRION DE LOS CONDES;2020-10-14;PLAZA CONDES DE CARRION 3;34;34047;PALENCIA;CARRION DE LOS CONDES;34120;CARRIÓN DE LOS CONDES - OSORNO;979 880259;979 880461;340716;AYUNTAMIENTO DE CARRION DE LOS CONDES;;ADMINISTRACIÓN LOCAL;;;PERSONAS MAYORES;Centro de día;Hogar (Unidad de atención social);;42.3373375;-4.6024326;FRANCISCO JAVIER VILLAFRUELA FIERRO;42.3373375, -4.6024326
CENTRO DE DÍA SANTA MARÍA DEL CAMINO;2023-05-15;PLAZA PIÑA MERINO 4;34;34047;PALENCIA;CARRION DE LOS CONDES;34120;CARRIÓN DE LOS CONDES - OSORNO;660 350453;;340783;SERVICIOS GERIÁTRICOS CARRIÓN, S.L.;;SOCIEDADES;;;PERSONAS MAYORES;Centro de día;Estancias diurnas;ASISTIDOS: 14;42.3368244;-4.6005546;REBECA PARÍS VILLASUR;42.3368244, -4.6005546
CENTRO DE MAYORES DE CASTRILLO DE ONIELO;2020-10-14;PLAZA MAYOR S/N;34;34051;PALENCIA;CASTRILLO DE ONIELO;34219;VENTA DE BAÑOS - DUEÑAS;979 783050;;340704;AYUNTAMIENTO DE CASTRILLO DE ONIELO;;ADMINISTRACIÓN LOCAL;;;PERSONAS MAYORES;Centro de día;Hogar (Unidad de atención social);;41.859062;-4.297619;JESUS DUQUE FERNANDEZ;41.859062, -4.297619
"CENTRO SOCIO CULTURAL ""CASA DE LOS LEONÉS""";2020-11-24;CALLE CALVO SOTELO 10;34;34056;PALENCIA;CERVERA DE PISUERGA;34840;CERVERA DE PISUERGA - LA PERNÍA;979 870002;979 870504;340672;AYUNTAMIENTO DE CERVERA DE PISUERGA;;ADMINISTRACIÓN LOCAL;;;PERSONAS MAYORES;Centro de día;Hogar (Unidad de atención social);;42.8626607;-4.498255;URBANO ALONSO CAGIGAL;42.8626607, -4.498255
"ASILO ""SANTA EUGENIA""";2020-11-16;AVENIDA PALENCIA 2;34;34057;PALENCIA;CEVICO DE LA TORRE;34218;VENTA DE BAÑOS - DUEÑAS;979 783006;;340242;"FUNDACIÓN BENÉFICA ""MONEDERO""ASILO DE STA. EUGENIA";;FUNDACIÓN;fubemo@gmail.com;;PERSONAS MAYORES;Residencia;Para asistidos;ASISTIDOS: 85;41.8531691;-4.4125475;ANDREA SIMON MENENDEZ;41.8531691, -4.4125475
RESIDENCIA DE MAYORES CIUDAD DE DUEÑAS;2025-02-24;PLAZA SANTA TERESA 6;34;34069;PALENCIA;DUEÑAS;34210;VENTA DE BAÑOS - DUEÑAS;979 780001;979 999999999;340744;AYUNTAMIENTO DE DUEÑAS;CK SENIOR GESTIÓN, S.L;ADMINISTRACIÓN LOCAL;;;PERSONAS MAYORES;Residencia;Para asistidos;ASISTIDOS: 51;41.8781192;-4.547897799999999;BLANCA ESCUDERO SALAS;41.8781192, -4.547897799999999
VIVIENDA CAMINAL II;2025-12-14;AVENIDA CARMEN MONTES 15;34;34074;PALENCIA;FROMISTA;34440;ASTUDILLO - FRÓMISTA;979 810707;;341073;FUNDACIÓN BRIAN;;FUNDACIÓN;e.delrio@fundacionsancebrian.com;;PERSONAS CON DISCAPACIDAD;Vivienda;Personas con discapacidad por trastorno del desarrollo intelectual leve o moderado;DISCAPACIDAD INTELECTUAL: 3;42.26611428022707;-4.4038722061701385;NATALÍ CAMOLEZ FANTAZIA;42.26611428022707, -4.4038722061701385
RESIDENCIA DE PROTECCION FUNDACION CRUZ DE LOS ANGELES;2021-09-30;CALLE MESONES (LOS) 10;34;34079;PALENCIA;GRIJOTA;34004;PALENCIA - ZONA III - SUR;979 722936;;340156;FUNDACION CRUZ DE LOS ANGELES;;FUNDACIÓN;;;INFANCIA (Y JUVENTUD);Residencia;De protección;OTROS: 12;42.0536768;-4.5826959;Mª LOURDES RUBIO MORAL;42.0536768, -4.5826959
RESIDENCIA MAR DE CASTILLA;2023-10-27;CALLE NAVA (LA) S/N;34;34079;PALENCIA;GRIJOTA;34192;PAREDES DE NAVA - VILLADA;979 767209;;340234;VALLESALUD HERMIDA, S.L.;;SOCIEDADES;;;PERSONAS MAYORES;Residencia;Para asistidos;ASISTIDOS: 52;42.0524756;-4.5809186;FATIMA CISNEROS PRIETO;42.0524756, -4.5809186
"CENTRO DE DIA DE MENORES ""EL CASTILLO""";2020-10-14;CALLE IGLESIA (LA) 9, BAJO;34;34080;PALENCIA;GUARDO;34880;GUARDO;979 852594;979 748589;340200;CÁRITAS DIOCESANA DE PALENCIA;;INSTITUCIONES, ÓRDENES, CONGREGACIONES RELIGIOSAS Y SIMILARES;;;INFANCIA (Y JUVENTUD);Centro de día;Centro de día;OTROS: 21;42.0124584;-4.5311748;;42.0124584, -4.5311748
RESIDENCIA SANTA BARBARA;2024-12-14;AVENIDA EXPLOSIVOS 24;34;34080;PALENCIA;GUARDO;34880;GUARDO;;;340329;FUNDACIÓN PERSONAS;;FUNDACIÓN;;;PERSONAS CON DISCAPACIDAD;Residencia;Personas con discapacidad por trastorno del desarrollo intelectual;OTROS: 13;42.7852865;-4.8564892;LAURA ROJO JUAREZ;42.7852865, -4.8564892
VIVIENDA SANTA BARBARA II;2025-08-14;AVENIDA EXPLOSIVOS 21;34;34080;PALENCIA;GUARDO;34880;GUARDO;979 853302;;341040;FUNDACIÓN PERSONAS;;FUNDACIÓN;laura.rojo@fundacionpersonas.es;;PERSONAS CON DISCAPACIDAD;Vivienda;Personas con discapacidad por trastorno del desarrollo intelectual leve o moderado;DISCAPACIDAD INTELECTUAL: 8;42.7870544;-4.8551886;LAURA ROJO JUAREZ;42.7870544, -4.8551886
"CENTRO DE DÍA-UNIDAD DE ESTANCIAS DIURNAS ""LA PIEDAD""";2022-10-05;AVENIDA MARIA AUXILIADORA 7;34;34083;PALENCIA;HERRERA DE PISUERGA;34400;HERRERA DE PISUERGA - ALAR DEL REY;979 140030;979 140030;340504;AYUNTAMIENTO DE HERRERA DE PISUERGA;ASOCIACIÓN MENSAJEROS DE LA PAZ;ADMINISTRACIÓN LOCAL;;;PERSONAS MAYORES;Centro de día;Estancias diurnas;ASISTIDOS: 7;42.5967105;-4.3368515;GEMMA RODRÍGUEZ FRAGA;42.5967105, -4.3368515
CENTRO DE DIA PARA PERSONAS MAYORES;2020-10-14;CALLE VALENTIN CALDERON 2;34;34120;PALENCIA;PALENCIA;34001;PALENCIA - ZONA I - CENTRO;979 752411;979 752025;340157;GERENCIA DE SERVICIOS SOCIALES DE CASTILLA Y LEÓN;;ADMINISTRACIÓN AUTONÓMICA;;;PERSONAS MAYORES;Centro de día;Hogar (Unidad de atención social);;42.0116505;-4.5336108;BEGOÑA NUÑEZ DIEZ;42.0116505, -4.5336108
CENTRO DE DÍA PARA PERSONAS CON DISCAPACIDAD INTELECTUAL (NUESTRA SEÑORA DE LA CALLE);2023-06-20;MONTE EL VIEJO S/N;34;34120;PALENCIA;PALENCIA;34005;PALENCIA - ZONA II - NORTE;979 741622;;340320;GERENCIA DE SERVICIOS SOCIALES DE CASTILLA Y LEÓN;;ADMINISTRACIÓN AUTONÓMICA;;;PERSONAS CON DISCAPACIDAD;Centro de día;Personas con discapacidad por trastorno del desarrollo intelectual;OTROS: 132;;;JUAN VELASCO CRIADO;
RESIDENCIA DE PERSONAS MAYORES;2026-03-06;AVENIDA PONCE DE LEON S/N;34;34120;PALENCIA;PALENCIA;34005;PALENCIA - ZONA II - NORTE;979 722547;;340164;GERENCIA DE SERVICIOS SOCIALES DE CASTILLA Y LEÓN;;ADMINISTRACIÓN AUTONÓMICA;;;PERSONAS MAYORES;Residencia;Para asistidos;ASISTIDOS: 198;42.0052262;-4.5318616;MARIANO SAHAGUN MONEDERO;42.0052262, -4.5318616
VIVIENDA CARDENAL CISNEROS 25;2025-08-01;AVENIDA CARDENAL CISNEROS 25 6ºC;34;34120;PALENCIA;PALENCIA;34004;PALENCIA - ZONA III - SUR;983 399633;983 999999999;341119;FUNDACION INTRAS;;FUNDACIÓN;elc@intras.es;;PERSONAS CON DISCAPACIDAD;Vivienda;Personas con discapacidad por enfermedad mental;DISCAPACIDAD ENFERMEDAD MENTAL: 2;42.00482422780145;-4.52388434266934;PABLO GÓMEZ CONEJO;42.00482422780145, -4.52388434266934
CASA DE PRIMERA ACOGIDA (0-10 AÑOS);2022-07-18;CALLE MERCEDES JUNCO 17 BAJO D;34;34120;PALENCIA;PALENCIA;34001;PALENCIA - ZONA I - CENTRO;979 170168;;340209;ASOCIACIÓN MENSAJEROS DE LA PAZ CASTILLA Y LEÓN;;ASOCIACIÓN;;;INFANCIA (Y JUVENTUD);Vivienda;Hogar de acogida;OTROS: 10;42.011121;-4.532032;;42.011121, -4.532032
CENTRO ASISTENCIAL SAN JUAN DE DIOS ( DISCAPACITADOS);2025-06-14;PASEO PADRE FAUSTINO CALVO , S/N;34;34120;PALENCIA;PALENCIA;34005;PALENCIA - ZONA II - NORTE;979 742300;979 742890;340027;ORDEN HOSPITALARIA HERMANOS SAN JUAN DE DIOS;;INSTITUCIONES, ÓRDENES, CONGREGACIONES RELIGIOSAS Y SIMILARES;;;PERSONAS CON DISCAPACIDAD;Residencia;Personas con discapacidad por trastorno del desarrollo intelectual;OTROS: 298;42.000997;-4.550321;VANESSA FRECHOSO MARCOS;42.000997, -4.550321
CENTRO ASISTENCIAL SAN JUAN DE DIOS (MAYORES);2024-04-18;PASEO PADRE FAUSTINO CALVO , S/N;34;34120;PALENCIA;PALENCIA;34005;PALENCIA - ZONA II - NORTE;979 742300;;340328;ORDEN HOSPITALARIA HERMANOS SAN JUAN DE DIOS;;INSTITUCIONES, ÓRDENES, CONGREGACIONES RELIGIOSAS Y SIMILARES;;;PERSONAS MAYORES;Residencia;Para asistidos;ASISTIDOS: 204;42.0010427;-4.5502453;ISABEL ROBLES CLEMENTE;42.0010427, -4.5502453
CENTRO DE DÍA VILLA SAN JOSE;2026-01-14;CAMINO MIRANDA (LA) S/N;34;34120;PALENCIA;PALENCIA;34003;PALENCIA - ZONA IV - NORESTE;979 747022;979 000000000;340119;CONGREGACION SIERVOS DE LA CARIDAD PP.GUANELIANOS;;INSTITUCIONES, ÓRDENES, CONGREGACIONES RELIGIOSAS Y SIMILARES;;;PERSONAS CON DISCAPACIDAD;Centro de día;Personas con discapacidad por trastorno del desarrollo intelectual;OTROS: 76;42.0267324;-4.5368423;ANTONIO JESÚS GONZÁLEZ PÉREZ;42.0267324, -4.5368423
RESIDENCIA PADRE MARIO;2025-05-14;CALLE LUIS GUANELLA 3;34;34120;PALENCIA;PALENCIA;34005;PALENCIA - ZONA II - NORTE;979 744327;979 633742830;340120;CONGREGACION SIERVOS DE LA CARIDAD PP.GUANELIANOS;;INSTITUCIONES, ÓRDENES, CONGREGACIONES RELIGIOSAS Y SIMILARES;;;PERSONAS CON DISCAPACIDAD;Residencia;Personas con discapacidad por trastorno del desarrollo intelectual;OTROS: 33;;;FERNANDO DE LA TORRE CABORNERO;
VIVIENDA ALTERNATIVA APOYADA (PISO TUTELADO);2025-07-14;CALLE CESAR MUÑOZ ARCONADA Nº 6, 6º PUERTA 2;34;34120;PALENCIA;PALENCIA;34004;PALENCIA - ZONA III - SUR;979 746342;979 693024705;340559;ASOCIACION SALUD MENTAL PALENCIA - FEAFES PALENCIA;;ASOCIACIÓN;direccion@saludmentalpalencia.org;;PERSONAS CON DISCAPACIDAD;Vivienda;Personas con discapacidad por enfermedad mental;OTROS: 4;41.992677;-4.519045;ROMÁN GÓMEZ GUTIÉRREZ;41.992677, -4.519045
SANTIAGO 22 1ºF;;CALLE SANTIAGO 22 1ºF;34;34120;PALENCIA;PALENCIA;34004;PALENCIA - ZONA III - SUR;979 160601;;341065;FUNDACIÓN BRIAN;;FUNDACIÓN;e.delrio@fundacionsancebrian.com;;PERSONAS CON DISCAPACIDAD;Vivienda;Personas con discapacidad por trastorno del desarrollo intelectual leve o moderado;DISCAPACIDAD INTELECTUAL: 3;41.9994389;-4.5216365;EVA DEL RIO GÓMEZ;41.9994389, -4.5216365
PISO Nº 29, 1º-2;2025-06-14;CALLE FRANCISCO VIGHI 29;34;34120;PALENCIA;PALENCIA;34004;PALENCIA - ZONA III - SUR;;;340317;FUNDACIÓN BRIAN;;FUNDACIÓN;;;PERSONAS CON DISCAPACIDAD;Vivienda;Personas con discapacidad por trastorno del desarrollo intelectual leve o moderado;OTROS: 3;41.9924989;-4.516821;ALVARO ROSALES VILLASUR;41.9924989, -4.516821
VIVIENDA Nº 25, BAJO D;2024-12-14;CALLE TELLO TELLEZ DE MENESES 25, bajo d;34;34120;PALENCIA;PALENCIA;34004;PALENCIA - ZONA III - SUR;;;340343;FUNDACIÓN BRIAN;;FUNDACIÓN;;;PERSONAS CON DISCAPACIDAD;Vivienda;Personas con disc. física, sensorial, por trastorno del desarrollo intelectual y/o por enfer. mental;OTROS: 3;41.9989679;-4.518992;ALVARO ROSALES VILLASUR;41.9989679, -4.518992
SANTIAGO 22 3ºG;2022-09-22;CALLE SANTIAGO 22 3ºG;34;34120;PALENCIA;PALENCIA;34002;PALENCIA - ZONA III - SUR;979 160601;;341003;FUNDACIÓN BRIAN;;FUNDACIÓN;;;PERSONAS CON DISCAPACIDAD;Vivienda;Personas con disc. física, sensorial, por trastorno del desarrollo intelectual y/o por enfer. mental;OTROS: 3;41.9994919;-4.5217051;ALVARO ROSALES VILLASUR;41.9994919, -4.5217051
"RESIDENCIA ""MENENDEZ PELAYO""";2023-03-10;CALLE ISAAC PERAL 15;34;34120;PALENCIA;PALENCIA;34004;PALENCIA - ZONA III - SUR;979 101654;;340278;CENTRO INTEGRAL DE ANCIANOS MENENDEZ PELAYO SL;;SOCIEDADES;info@residenciamenendezpelayo.es;;PERSONAS MAYORES;Residencia;Para asistidos;ASISTIDOS: 34;42.0015501;-4.5193108;Mª PETRA ALONSO RUIPEREZ;42.0015501, -4.5193108
"RESIDENCIA PARA PERSONAS MAYORES ""DOÑA JUANA""";2024-06-06;AVENIDA SANTANDER 62;34;34120;PALENCIA;PALENCIA;34003;PALENCIA - ZONA IV - NORESTE;979 706680;;340309;RESIDENCIA DE LA TERCERA EDAD DOÑA JUANA S.L.;;SOCIEDADES;rdjuana@gmail.com;;PERSONAS MAYORES;Residencia;Para asistidos;ASISTIDOS: 60;42.0189263;-4.529798599999999;ALBA IZQUIERDO RUIZ;42.0189263, -4.529798599999999
PERSONAS MAYORES-VALDEOLMILLOS-3;2020-03-09;PASEO SALON (DEL) 27ENT. DCHA;34;34120;PALENCIA;PALENCIA;34002;PALENCIA - ZONA I - CENTRO;979 720871;;340245;RESIDENCIA VALDEOLMILLOS SALUD, S.L.(REVALSA);;SOCIEDADES;info@residenciavaldeolmillossaludrevalsa.es;;PERSONAS MAYORES;Residencia;Mixta para válidos y asistidos;VÁLIDOS: 2, ASISTIDOS: 8;42.0071555;-4.5275836;ELENA ALONSO ZUMEL;42.0071555, -4.5275836
HOGAR ACOGIDA HECHOS PALENCIA;2024-10-09;CALLE BATALLA DEL TAMARON 18-C;34;34120;PALENCIA;PALENCIA;34003;PALENCIA - ZONA IV - NORESTE;661 334710;;340584;ASOCIACION HECHOS;;ASOCIACIÓN;barnabitas@ono.com;;INFANCIA (Y JUVENTUD);Vivienda;Hogar de acogida;NNAMMAS: 10;42.02485660000001;-4.5354125;VICENTE GUTIERREZ COBRECES;42.02485660000001, -4.5354125
RESIDENCIA DOÑA SOL;2023-05-15;AVENIDA DERECHOS HUMANOS (DE LOS) 18 BAJO;34;34120;PALENCIA;PALENCIA;34003;PALENCIA - ZONA IV - NORESTE;655 891687;;340618;CAMPOS DE CASTILLA 2020 S.L.;VALLESALUD HERMIDA, S.L.;SOCIEDADES;;;PERSONAS MAYORES;Residencia;Para asistidos;ASISTIDOS: 41;;;NURIA PÉREZ FERNÁNDEZ;
RESIDENCIA SAN ANTONIO DE PADUA;2024-02-29;CAMINO TRES PASOS (DE LOS) S/N;34;34120;PALENCIA;PALENCIA;34005;PALENCIA - ZONA IV - NORESTE;610 201290;610 670355086;340548;CAMPOS DE CASTILLA 2020 S.L.;;SOCIEDADES;dittmannconchi@gmail.com;;PERSONAS MAYORES;Residencia;Para asistidos;ASISTIDOS: 20;42.0195654;-4.541007;ADOLFINA SANTOS DELGADO;42.0195654, -4.541007
VIVIENDA TUTELADA LOPE DE VEGA;2025-02-14;CALLE LOPE DE VEGA 20, 2º A;34;34120;PALENCIA;PALENCIA;34001;PALENCIA - ZONA I - CENTRO;979 752351;;340128;FUNDACIÓN PERSONAS;;FUNDACIÓN;;;PERSONAS CON DISCAPACIDAD;Vivienda;Personas con disc. física, sensorial, por trastorno del desarrollo intelectual y/o por enfer. mental;OTROS: 6;;;ANTONIO JAVIER MOTA CUENDE;
CENTRO DE DIA HUERTAS DEL POMBO;2024-08-15;AVENIDA MADRID 50;34;34120;PALENCIA;PALENCIA;34004;PALENCIA - ZONA III - SUR;979 727950;;340893;FUNDACIÓN PERSONAS;;FUNDACIÓN;palencia@fundacionpersonas.es;;PERSONAS CON DISCAPACIDAD;Centro de día;Personas con discapacidad física, Personas con discapacidad por trastorno del desarrollo intelectual;OTROS: 10, OTROS: 50;41.9852207;-4.5160366;ANTONIO JAVIER MOTA CUENDE;41.9852207, -4.5160366
"VIVIENDA TUTELADA ""AVENIDA""";2026-03-14;AVENIDA VALLADOLID 5- 6ºD;34;34120;PALENCIA;PALENCIA;34002;PALENCIA - ZONA III - SUR;979 727950;979 165045;340615;FUNDACIÓN PERSONAS;;FUNDACIÓN;aspanis@feapscyl.org;;PERSONAS CON DISCAPACIDAD;Vivienda;Personas con discapacidad por trastorno del desarrollo intelectual leve o moderado;OTROS: 6;42.0023635;-4.5276954;ANTONIO JAVIER MOTA CUENDE;42.0023635, -4.5276954
RESIDENCIA ISABEL II;2025-06-20;CALLE NUESTRA SEÑORA DE ROCAMADOR 2;34;34120;PALENCIA;PALENCIA;34002;PALENCIA - ZONA I - CENTRO;979 701676;979 618111222;341110;VALLESALUD HERMIDA, S.L.;;SOCIEDADES;info@centrosresidencialespalencia.com;;PERSONAS MAYORES;Residencia;Para asistidos;DEPENDIENTES: 14;42.00475751257427;-4.528581117727802;CRISTINA ORTEGA SÁNCHEZ;42.00475751257427, -4.528581117727802
CENTRO DE DIA CON MIMO PARA PERSONAS MAYORES;2025-12-23;PASEO NUESTRA SEÑORA DE LOS ANGELES 10;34;34120;PALENCIA;PALENCIA;34002;PALENCIA - ZONA I - CENTRO;695 711989;;340721;CENTRO DE DIA CUIDADOS CON MIMO S.L.;;SOCIEDADES;centrodediaconmimo@hotmail.com;;PERSONAS MAYORES;Centro de día;Estancias diurnas;ASISTIDOS: 30;42.00717763697761;-4.524801085073134;CRISTINA IGLESIAS VEGA;42.00717763697761, -4.524801085073134
CENTRO ASISTIDO DE PERSONAS MAYORES SAN LUIS;2025-06-03;CARRETERA BURGOS S/N;34;34120;PALENCIA;PALENCIA;34004;PALENCIA - ZONA III - SUR;979 720900;979 979713832;340101;FUNDACIÓN HOSPITALARIAS;;FUNDACIÓN;;;PERSONAS MAYORES;Residencia;Para asistidos;ASISTIDOS: 213;;;CARLOS MARTIN LORENZO;
CENTRO DE DIA PARA DISCAPACITADOS INTELECTUALES SAN LUIS;2025-12-14;CARRETERA BURGOS S/N;34;34120;PALENCIA;PALENCIA;34004;PALENCIA - ZONA III - SUR;979 165324;979 000000000;340574;FUNDACIÓN HOSPITALARIAS;;FUNDACIÓN;;;PERSONAS CON DISCAPACIDAD;Centro de día;Personas con discapacidad por trastorno del desarrollo intelectual;OTROS: 70;;;SUSANA ANTOLÍN VILLEGAS;
RESIDENCIA VIRGEN DEL VALLE;2021-12-16;CALLE VALLE (EL) 3;34;34157;PALENCIA;SALDAÑA;34100;SALDAÑA;979 890143;979 890143;340231;G. A. VIRGEN DEL VALLE, S.L.;;SOCIEDADES;info@residenciavirgendelvalle.com;;PERSONAS MAYORES;Residencia;Para asistidos;ASISTIDOS: 65;42.5732378;-4.7585128;IGNACIO ARAUZO ORTEGA;42.5732378, -4.7585128
CENTRO DE DIA VIRGEN DEL VALLE;2023-05-05;CALLE VALLE (EL) 4;34;34157;PALENCIA;SALDAÑA;34100;SALDAÑA;616 540602;;340485;G. A. VIRGEN DEL VALLE, S.L.;;SOCIEDADES;;;PERSONAS MAYORES;Centro de día;Estancias diurnas;ASISTIDOS: 7;42.5732378;-4.7585128;IGNACIO ARAUZO ORTEGA;42.5732378, -4.7585128
HOGAR I Y HOGAR II MAYORES MINUSVALIDOS PSIQUICOS;2026-03-14;AVENIDA NUESTRA SEÑORA DEL PRADO S/N.;34;34159;PALENCIA;SAN CEBRIAN DE CAMPOS;34429;ASTUDILLO - FRÓMISTA;979 154050;979 000000000;340028;FUNDACIÓN BRIAN;;FUNDACIÓN;e.delrio@fundacionsancebrian.com;;PERSONAS CON DISCAPACIDAD;Residencia;Personas con discapacidad por trastorno del desarrollo intelectual;OTROS: 23;42.1990242;-4.5314053;SUSANA ANTÓN MARTÍN;42.1990242, -4.5314053
PISO 16, 1º IZQUIERDA;2025-12-14;AVENIDA NUESTRA SEÑORA DEL PRADO 16- 1º IZQ.;34;34159;PALENCIA;SAN CEBRIAN DE CAMPOS;34429;ASTUDILLO - FRÓMISTA;979 154050;979 979740699;340030;FUNDACIÓN BRIAN;;FUNDACIÓN;;;PERSONAS CON DISCAPACIDAD;Vivienda;Personas con disc. física, sensorial, por trastorno del desarrollo intelectual y/o por enfer. mental;OTROS: 6;;;SUSANA ANTÓN MARÍN;
C.O. PRODUCCION PROPIA E INICIACION PRODUCTIVA;2026-03-14;AVENIDA NUESTRA SEÑORA DEL PRADO 7;34;34159;PALENCIA;SAN CEBRIAN DE CAMPOS;34429;ASTUDILLO - FRÓMISTA;979 154050;979 979740699;340038;FUNDACIÓN BRIAN;;FUNDACIÓN;;;PERSONAS CON DISCAPACIDAD;Centro de día;Personas con discapacidad por trastorno del desarrollo intelectual;OTROS: 196;42.1989328;-4.5324066;SUSANA ANTÓN MARÍN;42.1989328, -4.5324066
PISO 12, BAJO DERECHA;2025-12-14;AVENIDA NUESTRA SEÑORA DEL PRADO 12, BAJO;34;34159;PALENCIA;SAN CEBRIAN DE CAMPOS;34429;ASTUDILLO - FRÓMISTA;979 154050;979 979740699;340235;FUNDACIÓN BRIAN;;FUNDACIÓN;;;PERSONAS CON DISCAPACIDAD;Vivienda;Personas con discapacidad por trastorno del desarrollo intelectual leve o moderado;OTROS: 2;42.19869;-4.532249999999999;SUSANA ANTÓN MARÍN;42.19869, -4.532249999999999
PISO 10, BAJO;2025-12-14;AVENIDA NUESTRA SEÑORA DEL PRADO 10 BAJO;34;34159;PALENCIA;SAN CEBRIAN DE CAMPOS;34429;ASTUDILLO - FRÓMISTA;979 154050;979 979740699;340031;FUNDACIÓN BRIAN;;FUNDACIÓN;;;PERSONAS CON DISCAPACIDAD;Vivienda;Personas con discapacidad por trastorno del desarrollo intelectual leve o moderado;OTROS: 4;42.19861;-4.53201;SUSANA ANTÓN MARÍN;42.19861, -4.53201
PISO 12, BAJO IZQUIERDA;2026-02-14;AVENIDA NUESTRA SEÑORA DEL PRADO 12;34;34159;PALENCIA;SAN CEBRIAN DE CAMPOS;34429;ASTUDILLO - FRÓMISTA;979 706954;979 979740699;341060;FUNDACIÓN BRIAN;;FUNDACIÓN;e.delrio@fundacionsancebrian.com;;PERSONAS CON DISCAPACIDAD;Vivienda;Personas con discapacidad por trastorno del desarrollo intelectual leve o moderado;DISCAPACIDAD INTELECTUAL: 6;42.198561511089814;-4.532052470344429;SUSANA ANTÓN MARÍN;42.198561511089814, -4.532052470344429
VIVIENDA COLECTIVA IZQUIERDA;2025-12-14;AVENIDA NUESTRA SEÑORA DEL PRADO;34;34159;PALENCIA;SAN CEBRIAN DE CAMPOS;34429;ASTUDILLO - FRÓMISTA;979 154050;979 979740699;341006;FUNDACIÓN BRIAN;;FUNDACIÓN;;;PERSONAS CON DISCAPACIDAD;Vivienda;Personas con disc. física, sensorial, por trastorno del desarrollo intelectual y/o por enfer. mental;OTROS: 8;42.1990242;-4.5314053;SUSANA ANTÓN MARÍN;42.1990242, -4.5314053
VIVIENDA INCLUSIVA;2025-12-14;AVENIDA NUESTRA SEÑORA DEL PRADO 6 PUERTA 2;34;34159;PALENCIA;SAN CEBRIAN DE CAMPOS;34429;ASTUDILLO - FRÓMISTA;979 740699;979 618956948;340847;FUNDACIÓN BRIAN;;FUNDACIÓN;fscpalencia@fundacionsancebrian.com;;PERSONAS CON DISCAPACIDAD;Vivienda;Personas con discapacidad por trastorno del desarrollo intelectual leve o moderado;OTROS: 7;42.19865;-4.53163;SUSANA ANTÓN MARÍN;42.19865, -4.53163
"CENTRO DE DIA ""ALBERTO ACITORES""";2020-10-14;CALLE VICTORIO MACHO 3, 5 y 7;34;34182;PALENCIA;TORQUEMADA;34083;BALTANÁS - TORQUEMADA;;;340292;"FUNDACIÓN ""ALBERTO ACITORES""";;FUNDACIÓN;;;PERSONAS MAYORES;Centro de día;Hogar (Unidad de atención social);;42.0363212;-4.3156591;BELINDA MOYANO BUZÓN;42.0363212, -4.3156591
HOGAR DEL PENSIONISTA;2020-10-14;CALLE DOS DE MAYO;34;34199;PALENCIA;VELILLA DEL RIO CARRION;34886;GUARDO;979 861306;;340071;ASOCIACION CENTRO CULTURAL DE PENSIONISTAS;;ASOCIACIÓN;;;PERSONAS MAYORES;Centro de día;Hogar (Unidad de atención social);;42.8251483;-4.8461793;ANTONIO REYERO MACHO;42.8251483, -4.8461793
CENTRO DE DÍA DE VILLADA;2022-11-07;CALLE VIZCONDE VILLANDRANDO Nº 11;34;34206;PALENCIA;VILLADA;34340;PAREDES DE NAVA - VILLADA;658 843707;;340282;AYUNTAMIENTO DE VILLADA;MARÍA DEL PILAR SÁNCHEZ GUERRA;ADMINISTRACIÓN LOCAL;;;PERSONAS MAYORES;Centro de día;Hogar (Unidad de atención social);;42.251742;-4.9674048;JULIÁN GONZÁLEZ CORRALES;42.251742, -4.9674048
CENTRO OCUPACIONAL HERMANOS ORTEGA ARCONADA;2022-11-07;LUGAR CIUDAD JARDIN VIRGEN DEL MILAGRO  Nº 20 BJAO;34;34225;PALENCIA;VILLAMURIEL DE CERRATO;34190;VENTA DE BAÑOS - DUEÑAS;979 744171;979 744171;340589;FUNDACIÓN HERMANOS ORTEGA ARCONADA (F.H.O.A.);;FUNDACIÓN;fhoa@fhoa.es;;PERSONAS CON DISCAPACIDAD;Centro de día;Personas con discapacidad por enfermedad mental;OTROS: 50;41.9557537;-4.5181736;FERNANDO FRANCO VAZQUEZ;41.9557537, -4.5181736
VIVIENDA ALBA III;2023-03-15;CALLE PATRONATO SANTA TERESA 3, 2º A;37;37008;SALAMANCA;ALBA DE TORMES;37800;ALBA DE TORMES;923 186893;;371665;ASPRODES - FEAPS SALAMANCA;;ASOCIACIÓN;asprodes@asprodes.es;;PERSONAS CON DISCAPACIDAD;Vivienda;Personas con discapacidad por trastorno del desarrollo intelectual leve o moderado;OTROS: 3;40.8237459;-5.5120954;Mª INMACULADA LORENZO MARTÍN;40.8237459, -5.5120954
CENTRO OCUPACIONAL REINA SOFIA;2026-03-11;CALLE CUATROPEA 4;37;37008;SALAMANCA;ALBA DE TORMES;37800;ALBA DE TORMES;923 300024;;370612;AYUNTAMIENTO DE ALBA DE TORMES;;ADMINISTRACIÓN LOCAL;;;PERSONAS CON DISCAPACIDAD;Centro de día;Personas con discapacidad por trastorno del desarrollo intelectual;OTROS: 20;40.8218979;-5.5134285;Lourdes Vaquero Mosquete;40.8218979, -5.5134285
CENTRO OCUPACIONAL ALBA DE TORMES;2023-10-18;PASEO DE LA DEHESA, PARCELA 5054-POLÍGONO 505;37;37008;SALAMANCA;ALBA DE TORMES;37800;ALBA DE TORMES;923 186893;923 186860;370925;SALARCA SOCIEDAD COOPERATIVA DE INICIATIVA SOCIAL;FUNDACIÓN ASPRODES INCLUSIÓN;SOCIEDADES;;;PERSONAS CON DISCAPACIDAD;Centro de día;Personas con discapacidad por trastorno del desarrollo intelectual;OTROS: 20;;;JUAN ANTONIO RECIO MOMPÓ;
"CENTRO DE DIA PARA PERSONAS MAYORES ""ALDEATEJADA""";2021-09-30;CALLE POZO S/N;37;37023;SALAMANCA;ALDEATEJADA;37187;SALAMANCA RURAL - SUR;923 341001;923 341906;371023;AYUNTAMIENTO DE ALDEATEJADA;;ADMINISTRACIÓN LOCAL;;;PERSONAS MAYORES;Centro de día;Hogar (Unidad de atención social);;40.9214141;-5.6922693;HERMINIO F. VELASCO MARCOS;40.9214141, -5.6922693
CENTRO DE DIA PARA PERSONAS MAYORES DE BEJAR;2020-10-14;PLAZA COLLADO 1;37;37046;SALAMANCA;BEJAR;37700;BÉJAR;923 400158;;370059;GERENCIA DE SERVICIOS SOCIALES DE CASTILLA Y LEÓN;;ADMINISTRACIÓN AUTONÓMICA;;;PERSONAS MAYORES;Centro de día;Hogar (Unidad de atención social);;40.3876586;-5.7647311;ESTEBAN CASTRO RODERO;40.3876586, -5.7647311
CENTRO OCUPACIONAL ASPROCOLOR;2025-10-14;CARRETERA DE PALOMARES S/N;37;37046;SALAMANCA;BEJAR;37700;BÉJAR;923 411113;;370571;ASPRODES - FEAPS SALAMANCA;;ASOCIACIÓN;;;PERSONAS CON DISCAPACIDAD;Centro de día;Personas con discapacidad por trastorno del desarrollo intelectual;OTROS: 25;40.3913317;-5.7397579;NURIA BLÁZQUEZ CAMPOS;40.3913317, -5.7397579
RESIDENCIA ASISTIDA DE PERSONAS MAYORES SAN MIGUEL DE BEJAR;2025-12-22;CALLE TOMAS BRETON 7;37;37046;SALAMANCA;BEJAR;37700;BÉJAR;923 410818;;370098;AYUNTAMIENTO DE BÉJAR;GRUPO SERGESA, S.A.;ADMINISTRACIÓN LOCAL;;;PERSONAS MAYORES;Residencia;Para asistidos;ASISTIDOS: 48;40.38704329999999;-5.7663327;Mª DEL CASTAÑAR MARTÍN LORENZO;40.38704329999999, -5.7663327
"CENTRO DE DIA ""ENTREPUENTES""";2020-10-14;CALLE SIERRA DE FRANCIA 1y 2;37;37046;SALAMANCA;BEJAR;37700;BÉJAR;923 400115;923 400314;370764;AYUNTAMIENTO DE BÉJAR;;ADMINISTRACIÓN LOCAL;;;PERSONAS MAYORES;Centro de día;Hogar (Unidad de atención social);;40.3848403;-5.7589676;Alejo Riñones Rico;40.3848403, -5.7589676
"RESIDENCIA DE PERSONAS MAYORES ""MAMA MARGARITA""";2024-04-29;PLAZA SAN JUAN BOSCO 6;37;37046;SALAMANCA;BEJAR;37700;BÉJAR;923 408033;;370564;RESITER BIENESTAR S.L.;;SOCIEDADES;mama_margarita@hotmail.com;;PERSONAS MAYORES;Residencia;Para asistidos;ASISTIDOS: 126;40.3879539;-5.7752902;CAROLINA MARÍN MUÑOZ;40.3879539, -5.7752902
VIVIENDA HOGAR CASA ESCUELAS SANTIAGO TRES;2022-11-07;CALLE ALDEHUELA DE LOS GUZMANES S/N;37;37067;SALAMANCA;CABRERIZOS;37193;SALAMANCA RURAL - NORTE;923 219511;923 180831;370668;CASA ESCUELAS PIAS SANTIAGO UNO (PP ESCOLAPIOS) DE SALAMANCA;;INSTITUCIONES, ÓRDENES, CONGREGACIONES RELIGIOSAS Y SIMILARES;;;INFANCIA (Y JUVENTUD);Centros de Menores Infractores;Centros de intervención educativa;OTROS: 8;40.9761386;-5.6116283;Manuel Jesús Garrote Fernando;40.9761386, -5.6116283
"CENTRO DE DIA ""LA BESANA""";2025-03-14;CALLE ESCUELAS 33;37;37073;SALAMANCA;CALZADA DE VALDUNCIEL;37797;SALAMANCA RURAL - NORTE;923 310223;;370788;ASOCIACIÓN DE PADRES DE LA ARMUÑA LA BESANA - ASPAR;;ASOCIACIÓN;asparlabesana@feascyl.org;;PERSONAS CON DISCAPACIDAD;Centro de día;Personas con discapacidad por trastorno del desarrollo intelectual;OTROS: 10;41.0859578;-5.701947199999999;JOSÉ DELGADO GÓMEZ;41.0859578, -5.701947199999999
RESIDENCIA-CENTRO DE DIA NUESTRA SEÑORA DEL ROSARIO;2022-01-05;CALLE POZO 10;05;05008;AVILA;ALDEASECA;05214;MORAÑA - ARÉVALO;920 306039;;050245;CARLOTA FERNANDEZ MARTIN;;PERSONA FÍSICA-EMPRESA INDIVIDUAL;info@virgendelrosario-aldeaseca.com;;PERSONAS MAYORES;Residencia;Para asistidos;ASISTIDOS: 30;41.0497418;-4.8167719;REBECA FERNANDEZ MARTÍN;41.0497418, -4.8167719
RESIDENCIA DE PERSONAS MAYORES CASTA AREVALO;2023-12-20;PASEO SAN JUAN BOSCO (DE) 2;05;05016;AVILA;AREVALO;05200;MORAÑA - ARÉVALO;920 301400;920 300951;050373;CASTA SALUD, S.L.;;SOCIEDADES;direccion.arevalo@mentaliasalud.es;;PERSONAS MAYORES;Residencia;Para asistidos;ASISTIDOS: 105;;;BORJA TORRES YAGÜE;
VIVIENDA SOCIAL SUPERVISADA INTRAS LA MORAÑA;2025-02-17;CALLE MORAÑA (LA) 8 2º C;05;05019;AVILA;AVILA;05002;ÁVILA - SUR;920 353086;;050852;FUNDACION INTRAS;;FUNDACIÓN;cnm@intras.es;;PERSONAS CON DISCAPACIDAD;Vivienda;Personas con discapacidad por enfermedad mental;OTROS: 4;;;VIRGINIA LUCAS CARDOSO;
"HOGAR DE ACOGIDA ""MENSAJEROS DE LA PAZ""";2009-05-26;CALLE MAGNOLIO 12, CHALET 1;05;05019;AVILA;AVILA;05002;ÁVILA - CENTRO;920 220055;;050131;ASOCIACIÓN MENSAJEROS DE LA PAZ CASTILLA Y LEÓN;;ASOCIACIÓN;;;INFANCIA (Y JUVENTUD);Vivienda;Hogar de acogida;OTROS: 9;40.6564225;-4.7003224;M. VICTORIA DE RUEDA RUFO;40.6564225, -4.7003224
"VIVIENDA SUPERVISADA PARA PERSONAS CON DISCAPACIDAD POR ENFERMEDAD MENTAL ""LA FORTALEZA""";2025-07-04;CALLE HORNOS CALEROS (DE LOS) 31 2º 2;05;05019;AVILA;AVILA;05003;ÁVILA - SUR;920 352732;;050651;FAEMA SALUD MENTAL ÁVILA;;ASOCIACIÓN;direccionviviendas@asociacionfaema.org;;PERSONAS CON DISCAPACIDAD;Vivienda;Personas con discapacidad por enfermedad mental;OTROS: 6;;;JESÚS MARTÍN MARTÍN;
LA PINTA VIVIENDA SUPERVISADA PARA PERSONAS CON DISCAPACIDAD ENFERMEDAD MENTAL;2025-07-03;CALLE CAPITAN MENDEZ VIGO 10 ESCALERA B - 1ºA;05;05019;AVILA;AVILA;05003;ÁVILA - NORTE;920 352732;;050414;FAEMA SALUD MENTAL ÁVILA;;ASOCIACIÓN;direccionviviendas@asociacionfaema.org;;PERSONAS CON DISCAPACIDAD;Vivienda;Personas con discapacidad por enfermedad mental;OTROS: 4;;;JESÚS MARTÍN MARTÍN;
VIVIENDA SUPERVISADA PARA PERSONAS CON DISCAPACIDAD POR ENFERMEDAD MENTAL LAS AMERICAS;2025-07-04;CALLE CAPITAN MENDEZ VIGO 10 ESCALERA A - 2º C;05;05019;AVILA;AVILA;05003;ÁVILA - NORTE;920 352732;;050888;FAEMA SALUD MENTAL ÁVILA;;ASOCIACIÓN;direccionviviendas@asociacionfaema.org;;PERSONAS CON DISCAPACIDAD;Vivienda;Personas con discapacidad por enfermedad mental;OTROS: 4;;;JESÚS MARTÍN MARTÍN;
"CENTRO DE DÍA ""ASPACE""";2025-04-08;CALLE SANTO TOMAS Nº 10;05;05019;AVILA;AVILA;05003;ÁVILA - SUR;920 239530;;050342;ASOCIACIÓN PARÁLISIS CEREBRAL Y PATOLOGÍAS AFINES (ASPACE-ÁVILA);;ASOCIACIÓN;Gerencia@aspaceavila.org;www.aspaceavila.org;PERSONAS CON DISCAPACIDAD;Centro de día;Personas con discapacidad por trastorno del desarrollo intelectual;OTROS: 25;;;GUIOMAR MARTÍN RODRÍGUEZ;
ESTA ES MI CASA;2026-02-14;CALLE ALFREDO ABELLA 12  BAJO;05;05019;AVILA;AVILA;05003;ÁVILA - SUR;696 017199;696 256394;050802;ASOCIACIÓN PARÁLISIS CEREBRAL Y PATOLOGÍAS AFINES (ASPACE-ÁVILA);;ASOCIACIÓN;gerencia@aspaceavila.org;;PERSONAS CON DISCAPACIDAD;Vivienda;Personas con disc. física, sensorial, por trastorno del desarrollo intelectual y/o por enfer. mental;OTROS: 8;40.6467878;-4.689928099999999;GUIOMAR MARTÍN RODRÍGUEZ;40.6467878, -4.689928099999999
CENTRO DE ATENCION INTEGRAL A DEMENCIAS;2025-02-10;CALLE ANTONIO VEREDAS 84;05;05019;AVILA;AVILA;05004;ÁVILA - NORTE;920 700409;;050560;ASOCIACIÓN DE FAMILIARES DE ENFERMOS DE ALZHEIMER ÁVILA (AFAVILA);;ASOCIACIÓN;;;PERSONAS MAYORES;Centro de día;Estancias diurnas para enfermos de Alzheimer;DEPENDIENTES: 75;40.6618606;-4.662718;AURORA FERNANDEZ CID;40.6618606, -4.662718
CENTRO DE APOYOS;2023-05-05;CALLE AGUSTIN RODRIGUEZ SAHAGUN 30;05;05019;AVILA;AVILA;05003;ÁVILA - CENTRO;920 222626;;050469;ASOCIACIÓN DE PADRES Y FAMILIARES DE PERSONAS CON AUTISMO ÁVILA Y PROVINCIA;;ASOCIACIÓN;;;PERSONAS CON DISCAPACIDAD;Centro de día;Personas con discapacidad por trastorno del espectro del autismo;OTROS: 5;40.6481323;-4.6806198;ROCIO ARROYO GARCIA;40.6481323, -4.6806198
"RESIDENCIA ""MARIA REINA DE LA PAZ""";2025-02-13;CALLE VIRGEN MARIA 3;05;05019;AVILA;AVILA;05003;ÁVILA - CENTRO;920 257072;;050107;HIJAS DEL BUEN PASTOR Y DE MARIA INMACULADA;;INSTITUCIONES, ÓRDENES, CONGREGACIONES RELIGIOSAS Y SIMILARES;hijasbuenpastor@telefonica.net;;PERSONAS MAYORES;Residencia;Para asistidos;ASISTIDOS: 60;40.6528541;-4.6869033;EMILIANA LOPEZ GARRIDO;40.6528541, -4.6869033
HOGAR DE ACOGIDA ACCEM;2024-10-09;CALLE TOMILLO (DEL) 12;05;05019;AVILA;AVILA;05004;ÁVILA - NORTE;666 532610;;050808;ACCEM;;ASOCIACIÓN;;;INFANCIA (Y JUVENTUD);Vivienda;Hogar de acogida;NNAMMAS: 10;;;JULIA FERNANDEZ QUINTANILLA;
RESIDENCIA DECANOS-ÁVILA;2025-03-31;CALLE AZALEA, Nº 2;05;05019;AVILA;AVILA;05002;ÁVILA - SUR;920 359300;;050464;DECANOS SERVICIOS Y RESIDENCIAS DE MAYORES S.A.;;SOCIEDADES;direccion.decanosavila@domusvi.es;;PERSONAS MAYORES;Residencia;Para asistidos;ASISTIDOS: 210;40.638123;-4.6913485;SUSANA PLAZA  GARCIA;40.638123, -4.6913485
CENTRO DE DÍA CON UNIDAD DE ESTANCIAS DIURNAS DECANOS ÁVILA;2025-03-31;CALLE AZALEA 2;05;05019;AVILA;AVILA;05002;ÁVILA - CENTRO;920 359300;;050499;DECANOS SERVICIOS Y RESIDENCIAS DE MAYORES S.A.;;SOCIEDADES;;;PERSONAS MAYORES;Centro de día;Estancias diurnas;ASISTIDOS: 30;40.638123;-4.6913485;SUSANA PLAZA GARCIA;40.638123, -4.6913485
VIVIENDA HOGAR LA CAÑADA II;2024-06-21;CALLE PADRE TENAGUILLO  Nº 16;05;05019;AVILA;AVILA;05004;ÁVILA - NORTE;610 767251;;050554;CONSULTING ASISTENCIAL SOCIOSANITARIO S.L.;;SOCIEDADES;;;INFANCIA (Y JUVENTUD);Vivienda;Vivienda hogar;OTROS: 9;40.6597664;-4.6665157;FUENCISLA RUFES PERAL;40.6597664, -4.6665157
VIVIENDA TUTELADA Y RESPIRO FAMILIAR CASA TAFARRA;2025-02-26;CALLE CAMINO DE TAFARRA S/N;05;05047;AVILA;CANDELEDA;05480;TIÉTAR - ARENAS DE SAN PEDRO;920 381033;;050873;ADISVATI - ASOCIACIÓN PARA EL DESARROLLO INTEGRAL DE LAS PERSONAS CON DISCAPACIDAD Y NECESIDADES ESPECIALES DEL VALLE DEL TIETAR;;ASOCIACIÓN;adisvati5@gmail.com;;PERSONAS CON DISCAPACIDAD;Vivienda;Personas con disc. física, sensorial, por trastorno del desarrollo intelectual y/o por enfer. mental;OTROS: 8;40.1521761;-5.2364183;ÁLVARO DOMÍNGUEZ MÁRQUEZ;40.1521761, -5.2364183
VIVIENDA TUTELADA Y RESPIRO FAMILIAR MIRASIERRA;2025-02-26;CALLE DON LEOPOLDO BERNARDO;05;05047;AVILA;CANDELEDA;05480;TIÉTAR - ARENAS DE SAN PEDRO;628 251596;;050794;ADISVATI - ASOCIACIÓN PARA EL DESARROLLO INTEGRAL DE LAS PERSONAS CON DISCAPACIDAD Y NECESIDADES ESPECIALES DEL VALLE DEL TIETAR;;ASOCIACIÓN;tlopezdiaz@gmail.com;;PERSONAS CON DISCAPACIDAD;Vivienda;Personas con disc. física, sensorial, por trastorno del desarrollo intelectual y/o por enfer. mental;OTROS: 8;40.1510702;-5.2407154;ÁLVARO DOMÍNGUEZ MÁRQUEZ;40.1510702, -5.2407154
CENTRO DE DIA ADISVATI;2025-10-03;AVENIDA JOHN MAJOR 24  CHALET Nº 1;05;05047;AVILA;CANDELEDA;05480;TIÉTAR - ARENAS DE SAN PEDRO;628 251596;;050770;ADISVATI - ASOCIACIÓN PARA EL DESARROLLO INTEGRAL DE LAS PERSONAS CON DISCAPACIDAD Y NECESIDADES ESPECIALES DEL VALLE DEL TIETAR;;ASOCIACIÓN;adisvati5@gmail.com;;PERSONAS CON DISCAPACIDAD;Centro de día;Personas con discapacidad por trastorno del desarrollo intelectual;OTROS: 45;;;ÁLVARO DOMÍNGUEZ MÁRQUEZ;
UNIDAD DE ESTANCIAS DIURNAS LAS PALMERAS;2020-10-14;CALLE MADROÑO (EL) 2,  ESQUINA Pº DE LAS PALMERAS, S/N;05;05047;AVILA;CANDELEDA;05480;TIÉTAR - ARENAS DE SAN PEDRO;920 380827;920 370093;050434;LAS PALMERAS DE CANDELEDA, S.L.;;SOCIEDADES;;;PERSONAS MAYORES;Centro de día;Estancias diurnas;ASISTIDOS: 30;40.1550945;-5.2397837;MARIA TERESA RINCON PAREDES;40.1550945, -5.2397837
RESIDENCIA DE PERSONAS MAYORES SAN JUAN BAUTISTA;2023-12-20;CAMINO ESCARDINCHAL S/N;05;05054;AVILA;CASAVIEJA;05450;TIÉTAR - LA ADRADA;918 678761;;050138;ASOCIACIÓN PATRONATO DE ANCIANOS SAN JUAN BAUTISTA;NEXUS CENTROS GERIATRICOS, S.L.;ASOCIACIÓN;casavieja.direccion@nexusintegral.com;;PERSONAS MAYORES;Residencia;Para asistidos;ASISTIDOS: 62;40.2918984;-4.7584915;SANDRA ROMERO MORACHO;40.2918984, -4.7584915
CENTRO DE DIA PIEDRALAVES;2020-10-14;CALLE ERMITA (LA) S/N;05;05187;AVILA;PIEDRALAVES;05440;TIÉTAR - LA ADRADA;91 8665002;;050402;AYUNTAMIENTO DE PIEDRALAVES;;ADMINISTRACIÓN LOCAL;;;PERSONAS MAYORES;Centro de día;Hogar (Unidad de atención social);;40.3146214;-4.7027909;GERIMAS, S.L.L.;40.3146214, -4.7027909
"RESIDENCIA DE MAYORES ""ALCALDE GREGORIO GARCIA ANTONIO""";2025-11-18;POLIGONO PRADO CERRO MADRIGAL 9 PARCELA 405;05;05235;AVILA;SINLABAJOS;05215;MORAÑA - ARÉVALO;920 306195;;050565;FUNDACIÓN GERÓN;;FUNDACIÓN;csalinas@geron.es;;PERSONAS MAYORES;Residencia;Para asistidos;ASISTIDOS: 38;;;ELOISA RUIZ PEREDA;
CENTRO DE PERSONAS MAYORES SANTA CATALINA;2020-10-14;CALLE HERNAN CORTES 5;09;09018;BURGOS;ARANDA DE DUERO;09400;ARANDA DE DUERO - CENTRO;947 546022;947 511940;090650;AYUNTAMIENTO DE ARANDA DE DUERO;;ADMINISTRACIÓN LOCAL;etristan@arandadeduero.es;;PERSONAS MAYORES;Centro de día;Hogar (Unidad de atención social);;41.6697736;-3.6773058;Elías Tristán;41.6697736, -3.6773058
RESIDENCIA ASISTIDA LA LUZ;2024-10-17;CALLE DURATON 2;09;09018;BURGOS;ARANDA DE DUERO;09400;ARANDA DE DUERO - ALLENDEDUERO;947 500150;;090118;RESIDENCIA ASISTIDA DE LA LUZ, S.A.;;SOCIEDADES;tsocial@hralaluz.es;;PERSONAS MAYORES;Residencia;Para asistidos;DEPENDIENTES: 118;41.662108;-3.6945564;ANDRIY KACHAN;41.662108, -3.6945564
CENTRO DE DIA EL PINAR;2025-05-14;CARRETERA MADRID-IRUN (ESTE) KM 160;09;09018;BURGOS;ARANDA DE DUERO;09400;ARANDA DE DUERO - CENTRO;947 505550;;090292;ASOCIACIÓN  PARA AYUDA DE PERSONAS CON DISCAPACIDAD INTELECTUAL (ASADEMA);;ASOCIACIÓN;;;PERSONAS CON DISCAPACIDAD;Centro de día;Personas con discapacidad por trastorno del desarrollo intelectual;OTROS: 20;41.6717131;-3.6865695;ROSA MARIA FIGUERO COB;41.6717131, -3.6865695
RESIDENCIA RIO DUERO;2026-03-14;AVENIDA ORFEON ARANDINO S/N ESQUINA C/ GOYA;09;09018;BURGOS;ARANDA DE DUERO;09400;ARANDA DE DUERO - ALLENDEDUERO;947 509243;947 509233;090727;ASOCIACIÓN  PARA AYUDA DE PERSONAS CON DISCAPACIDAD INTELECTUAL (ASADEMA);;ASOCIACIÓN;asadema@terra.es;;PERSONAS CON DISCAPACIDAD;Residencia;Personas con discapacidad por trastorno del desarrollo intelectual;OTROS: 40;41.658846;-3.6871428;ALEJANDRA LOPEZ MARTIN;41.658846, -3.6871428
VIVIENDA MENCÍA GONZÁLEZ C;2023-12-15;CALLE MENCIA GONZALEZ 3 1ª C;09;09018;BURGOS;ARANDA DE DUERO;09400;ARANDA DE DUERO - ALLENDEDUERO;947 509234;947 509233;091236;ASOCIACIÓN  PARA AYUDA DE PERSONAS CON DISCAPACIDAD INTELECTUAL (ASADEMA);;ASOCIACIÓN;info@asadema.org;;PERSONAS CON DISCAPACIDAD;Vivienda;Personas con discapacidad por trastorno del desarrollo intelectual leve o moderado;OTROS: 4;;;ROSA MARIA FIGUERO COB;
CENTRO OCUPACIONAL FESMA;2024-05-08;CALLE SAN ESTEBAN 8 BAJO;09;09018;BURGOS;ARANDA DE DUERO;09400;ARANDA DE DUERO - ALLENDEDUERO;947 546080;;090670;ASOCIACION SALUD MENTAL ARANDA;;ASOCIACIÓN;notificaciones@saludmentalaranda.org;;PERSONAS CON DISCAPACIDAD;Centro de día;Personas con discapacidad por enfermedad mental;OTROS: 30;41.6680924;-3.6880369;EVA MARIA FERNANDEZ AYLAGAS;41.6680924, -3.6880369
VIVIENDA SUPERVISADA ESPLIEGO;2024-05-15;AVENIDA CASTILLA 81 5º A;09;09018;BURGOS;ARANDA DE DUERO;09400;ARANDA DE DUERO - ALLENDEDUERO;947 546080;;090957;ASOCIACION SALUD MENTAL ARANDA;;ASOCIACIÓN;notificaciones@saludmentalaranda.org;;PERSONAS CON DISCAPACIDAD;Vivienda;Personas con discapacidad por enfermedad mental;OTROS: 4;41.658086;-3.6916243;EVA MARIA FERNANDEZ AYLAGAS;41.658086, -3.6916243
RESIDENCIA SAGRADA FAMILIA;2025-05-07;AVENIDA TERESA DE JESUS JORNET S/N;09;09018;BURGOS;ARANDA DE DUERO;09400;ARANDA DE DUERO - ALLENDEDUERO;947 502500;;090280;HERMANITAS DE LOS ANCIANOS DESAMPARADOS DE ARANDA DE DUERO - HOGAR SAGRADA FAMILIA;;INSTITUCIONES, ÓRDENES, CONGREGACIONES RELIGIOSAS Y SIMILARES;hadaranda@gmail.com;;PERSONAS MAYORES;Residencia;Mixta para válidos y asistidos;ASISTIDOS: 120, VÁLIDOS: 23;;;VIRGINIA CARMEN PECHARROMAN DE LA VIUDA;
CENTRO DE DIA ALZHEIMER LAS FRANCESAS;2025-10-03;"CALLE ANTONIO BACIERO 2.  EDIFICIO ""LAS FRANCESAS"".";09;09018;BURGOS;ARANDA DE DUERO;09400;ARANDA DE DUERO - ALLENDEDUERO;947 500807;;090337;ASOCIACIÓN DE FAMILIARES DE ENFERMOS DE ALZHEIMER DE LA RIBERA (AFAR);;ASOCIACIÓN;info@afaranda.com;;PERSONAS MAYORES;Centro de día;Estancias diurnas para enfermos de Alzheimer;ASISTIDOS: 20;;;GEMA ARRANZ SANZ;
DRIADA GRANA;2021-02-11;CALLE ABADIA DE FONCEA, 16;09;09026;BURGOS;ARLANZON;09199;BURGOS RURAL - NORTE;947 624913;;090783;DRIADA SALUD MENTAL, SL;;SOCIEDADES;;;PERSONAS CON DISCAPACIDAD;Vivienda;Personas con discapacidad por enfermedad mental;OTROS: 6;42.3227938;-3.4580391;ANA MARIA DE JUAN CAMARA;42.3227938, -3.4580391
CENTRO RESIDENCIAL DE ATENCIÓN A PERSONAS CON DISCAPACIDAD POR ENFERMEDAD MENTAL;2025-03-17;CALLE ALFONSO VIII 67;09;09059;BURGOS;BURGOS;09001;BURGOS - SAN PEDRO Y SAN FELICES;608 421306;;090953;GERENCIA DE SERVICIOS SOCIALES DE CASTILLA Y LEÓN;FUNDACION INTRAS;ADMINISTRACIÓN AUTONÓMICA;resjd.burgos@intras.es;;PERSONAS CON DISCAPACIDAD;Residencia;Personas con discapacidad por enfermedad mental;OTROS: 35;42.3363826;-3.718503;CAROLINA ELENA ELENA;42.3363826, -3.718503
UNIDAD DE ESTANCIAS DIURNAS BURGOS III;2025-05-13;CARRETERA POZA 22;09;09059;BURGOS;BURGOS;09007;BURGOS - CAPISCOL;947 481252;;090329;GERENCIA DE SERVICIOS SOCIALES DE CASTILLA Y LEÓN;SANIVIDA, S.L;ADMINISTRACIÓN AUTONÓMICA;anamarta.blanco@jcyl.es;;PERSONAS MAYORES;Centro de día;Estancias diurnas;ASISTIDOS: 20;42.3569478;-3.6624031;ANA MARTA BLANCO GARCIA;42.3569478, -3.6624031
RESIDENCIA DE PERSONAS MAYORES DE BURGOS (FUENTES BLANCAS);2024-10-01;PARAJE FUENTES BLANCAS S/N;09;09059;BURGOS;BURGOS;09193;BURGOS - SAN JULIÁN;947 484406;947 947483718;090078;GERENCIA DE SERVICIOS SOCIALES DE CASTILLA Y LEÓN;;ADMINISTRACIÓN AUTONÓMICA;;;PERSONAS MAYORES;Residencia;Para asistidos;ASISTIDOS: 165;;;ROCÍO ESCAÑO CASTAÑO;
VIVIENDA HOGAR NUEVO FUTURO;2023-01-24;CALLE CORTA (CORTES) 42 BAJO;09;09059;BURGOS;BURGOS;09002;BURGOS - SAN JULIÁN;947 209212;;090607;ASOCIACION HOGARES NIÑOS NUEVO FUTURO;;ASOCIACIÓN;;;INFANCIA (Y JUVENTUD);Vivienda;Vivienda hogar;OTROS: 8;;;Dª. Estela Sierra Caminero;
VIVIENDA PARA PERSONAS CON AUTISMO LA CASA DEL OLIVO I;2023-11-15;CALLE NAJERA 1-3;09;09059;BURGOS;BURGOS;09001;BURGOS - SAN PEDRO Y SAN FELICES;947 461243;947 461245;090656;ASOCIACIÓN DE PADRES DE PERSONAS CON AUTISMO;;ASOCIACIÓN;autismoburgos@autismoburgos.org;;PERSONAS CON DISCAPACIDAD;Vivienda;Personas con discapacidad por trastorno del espectro del autismo;OTROS: 6;42.34189;-3.73455;PATRICIA NAVAZO GOMEZ;42.34189, -3.73455
VIVIENDA DE VIDA INDEPENDIENTE A;2023-05-22;PLAZA DE MARIA CRUZ EBRO 8 2º A;09;09059;BURGOS;BURGOS;09006;BURGOS - CAPISCOL;947 230527;;090249;ASOCIACIÓN PADRES Y TUTORES DEL CENTRO OCUPACIONAL EL CID DE BURGOS (APACID);;ASOCIACIÓN;apacid@apacid.com;;PERSONAS CON DISCAPACIDAD;Vivienda;Personas con discapacidad por trastorno del desarrollo intelectual leve o moderado;OTROS: 6;;;MARIA CARMEN CARO RODRIGO;
PISO TUTELADO POZANOS;2023-07-15;CALLE POZANOS BLOQUE 5 Nº 9 2º A Y B;09;09059;BURGOS;BURGOS;09006;BURGOS - RÍO VENA;947 222276;947 484303;090119;ASOCIACIÓN PADRES Y TUTORES DEL CENTRO OCUPACIONAL EL CID DE BURGOS (APACID);;ASOCIACIÓN;apacid@apacid.com;;PERSONAS CON DISCAPACIDAD;Vivienda;Personas con disc. física, sensorial, por trastorno del desarrollo intelectual y/o por enfer. mental;OTROS: 8;;;MARIA CARMEN CARO RODRIGO;
RESIDENCIA EL AMANECER;2025-11-14;CALLE MARQUES DE BERLANGA, Nº 25 -29;09;09059;BURGOS;BURGOS;09006;BURGOS - RÍO VENA;947 123289;;090135;ATENCION COMUNITARIA ASISTENCIAL INTEGRAL, S.L.;;SOCIEDADES;acaisl_2009@hotmail.com;;PERSONAS MAYORES;Residencia;Para asistidos;ASISTIDOS: 43;42.36198937434632;-3.678896219444398;MARIA CAMARERO GÜEMES;42.36198937434632, -3.678896219444398
CENTRO DE EMERGENCIA BURGOS;2024-01-26;S/C;09;09059;BURGOS;BURGOS;09000;ZDESCONOCIDO;000 000000;;091268;CRUZ ROJA ESPAÑOLA;;ASOCIACIÓN;;;MUJER;Residencia;Acogida para mujeres;OTROS: 10;;;;
"RESIDENCIA DE PERSONAS MAYORES ""LAS CANDELAS""";2024-03-20;CARRETERA POZA 63;09;09059;BURGOS;BURGOS;09007;BURGOS - CAPISCOL;947 483063;947 606238022;090132;LAS CANDELAS BURGOS S.L.;;SOCIEDADES;lascandelasburgos@gmail.com;;PERSONAS MAYORES;Residencia;Para asistidos;ASISTIDOS: 40;42.3577604;-3.6629978;MARIA SOLEDAD GALLARDO ORDOÑEZ;42.3577604, -3.6629978
RESIDENCIA EL CAMINO;2025-03-14;CALLE FARMACEUTICO OBDULIO FERNANDEZ 1;09;09059;BURGOS;BURGOS;09006;BURGOS - RÍO VENA;947 227862;;090685;ASOCIACIÓN DE FAMILIARES DE PERSONAS CON DISCAPACIDAD INTELECTUAL - LAS CALZADAS;;ASOCIACIÓN;silvia.arlanzon@asociacionlascalzadas.org;;PERSONAS CON DISCAPACIDAD;Residencia;Personas con discapacidad por trastorno del desarrollo intelectual;OTROS: 21;42.3450019;-3.6863194;SILVIA ARLANZON MERINO;42.3450019, -3.6863194
"HOGAR DE SOCIALIZACION ""EL PARRAL""";2009-08-03;CALLE REINA LEONOR S/N;09;09059;BURGOS;BURGOS;09001;BURGOS - SAN PEDRO Y SAN FELICES;947 279762;;090106;ASECAL;;ASOCIACIÓN;;;INFANCIA (Y JUVENTUD);Vivienda;Hogar de socialización;OTROS: 5;42.3382564;-3.7170444;AUXILIADORA LOPEZ FONSECA;42.3382564, -3.7170444
VIVIENDA TUTELADA APACE;2025-02-11;CALLE MODESTO CIRUELOS 4  - 2ª A Y B;09;09059;BURGOS;BURGOS;09001;BURGOS - SAN PEDRO DE LA FUENTE;947 462004;;090716;ASOCIACIÓN DE AFECTADOS DE PARÁLISIS CEREBRAL Y AFINES (APACE-BURGOS);;ASOCIACIÓN;administracion@apaceburgos.com;;PERSONAS CON DISCAPACIDAD;Vivienda;Personas con disc. física, sensorial, por trastorno del desarrollo intelectual y/o por enfer. mental;OTROS: 6;;;MARIA SACRAMENTO CASTELLANOS CARMONA;
HOGAR SANTA TERESA DE JESUS JORNET;2024-02-21;CARRETERA POZA S/N;09;09059;BURGOS;BURGOS;09007;BURGOS - GAMONAL I - LAS TORRES;947 485212;;090278;HERMANITAS DE LOS ANCIANOS DESAMPARADOS - HOGAR SANTA TERESA DE JESUS JORNET EN BURGOS;;INSTITUCIONES, ÓRDENES, CONGREGACIONES RELIGIOSAS Y SIMILARES;herandes@herandes.com;;PERSONAS MAYORES;Residencia;Para asistidos;ASISTIDOS: 198;42.3606077;-3.6595288;CELIA RODRIGUEZ GOMEZ;42.3606077, -3.6595288
RESIDENCIA DE MAYORES CONDE DE HARO;2024-02-21;CALLE VICTORIA BALFE 38-40;09;09059;BURGOS;BURGOS;09006;BURGOS - RÍO VENA;947 211713;947 630096190;090610;GERIÁTRICO VISTALEGRE S.L.;;SOCIEDADES;residenciacondedeharo@gmail.com;;PERSONAS MAYORES;Residencia;Para asistidos;ASISTIDOS: 45;42.3621417;-3.6773059;MARIA FELICIDAD VIYUELA DE LA CAL;42.3621417, -3.6773059
VIVIENDA HOGAR ASPANIAS PUENTESAUCO VIVIENDA  A;2026-02-14;CALLE CONDESA MENCIA 150;09;09059;BURGOS;BURGOS;09006;BURGOS - RÍO VENA;947 239751;;090348;FUNDACIÓN ASPANIAS BURGOS;;FUNDACIÓN;;;PERSONAS CON DISCAPACIDAD;Residencia;Personas con discapacidad por trastorno del desarrollo intelectual;OTROS: 13;42.3608884;-3.6760361;OSCAR GARCIA MORENO;42.3608884, -3.6760361
VIVIENDA HOGAR FRANCISCO ENZINAS;2025-08-14;CALLE FRANCISCO DE ENZINAS 24 1ºE;09;09059;BURGOS;BURGOS;09003;BURGOS - SAN PEDRO DE LA FUENTE;947 238562;;090703;FUNDACIÓN ASPANIAS BURGOS;;FUNDACIÓN;fundacion@aspaniasburgos.com;;PERSONAS CON DISCAPACIDAD;Vivienda;Personas con discapacidad por trastorno del desarrollo intelectual leve o moderado;OTROS: 6;42.34532300216597;-3.721731767268837;ANA GARCIA BARRIOS;42.34532300216597, -3.721731767268837
CENTRO DE DÍA VITA-NOVA;2023-03-03;CALLE ROSA SENSAT Nº 1;09;09059;BURGOS;BURGOS;09003;BURGOS - SAN PEDRO DE LA FUENTE;622 842010;;091456;CENTRO DE DIA VITA- NOVA, S.L.;;SOCIEDADES;CENTRODIAVITANOVA@GMAIL.COM;;PERSONAS MAYORES;Centro de día;Estancias diurnas;ASISTIDOS: 25;42.3483622;-3.713440099999999;MARIA HENAR MIGUEL HERRÁN;42.3483622, -3.713440099999999
CENTRO ASISTENCIAL NUESTRA SEÑORA DE LAS MERCEDES (MI);2025-12-14;CALLE DE LAS DELICIAS 11;09;09059;BURGOS;BURGOS;09005;BURGOS - CENTRO - VADILLOS;947 276060;;090110;FUNDACIÓN HOSPITALARIAS;;FUNDACIÓN;ch.burgos@fundacionhospitalarias.org;;PERSONAS CON DISCAPACIDAD;Residencia;Personas con discapacidad por trastorno del desarrollo intelectual;OTROS: 28;42.346462849598424;-3.699929934790392;CRISTINA MIGUEL ALVAREZ;42.346462849598424, -3.699929934790392
CENTRO DE DIA PARA PERSONAS CON DISCAPACIDAD PSIQUICA GRAVE NUESTRA SEÑORA DE LAS MERCEDES;2025-12-14;CALLE DE LAS DELICIAS 11;09;09059;BURGOS;BURGOS;09005;BURGOS - CENTRO - VADILLOS;947 276060;;090684;FUNDACIÓN HOSPITALARIAS;;FUNDACIÓN;ch.burgos@fundacionhospitalarias.org;;PERSONAS CON DISCAPACIDAD;Centro de día;Personas con discapacidad por trastorno del desarrollo intelectual;OTROS: 28;42.346462849598424;-3.699929934790392;CRISTINA MIGUEL ALVAREZ;42.346462849598424, -3.699929934790392
RESIDENCIA DE PERSONAS MAYORES EL SALVADOR;2024-05-22;PLAZA SAN SALVADOR S/N. BARRIO VILLATORO;09;09059;BURGOS;BURGOS;09006;BURGOS - RÍO VENA;947 293270;947 617081048;090139;MIREN EDURNE PUERTAS ARTOLA;;PERSONA FÍSICA-EMPRESA INDIVIDUAL;residenciaelsalvador@hotmail.com;;PERSONAS MAYORES;Residencia;Mixta para válidos y asistidos;ASISTIDOS: 25, VÁLIDOS: 1;42.374414;-3.6919513;Mª PILAR DÍAZ SAN MARTÍN;42.374414, -3.6919513
RESIDENCIA DE LA TERCERA EDAD CONDADO DE LA REVILLA;2025-11-07;CALLE VEGA , S/N.;09;09216;BURGOS;PEDROSA DE VALDEPORRES;09574;VILLARCAYO;947 138010;947 646138339;090760;AYUNTAMIENTO DE MERINDAD DE VALDEPORRES;FUNDACIÓN SOCIAL VALDEPORRES;ADMINISTRACIÓN LOCAL;residenciacondadodelarevilla@valdeporres.com;;PERSONAS MAYORES;Residencia;Para asistidos;ASISTIDOS: 49;;;ADRIAN HERNANDEZ PONS (media jornada);
VIVIENDA TUTELADA PARA PERSONAS CON DISCAPACIDAD INTELECTUAL;2025-08-12;CALLE CONDADO DE TREVIÑO 16 BAJO;09;09219;BURGOS;MIRANDA DE EBRO;09200;MIRANDA DE EBRO - OESTE;947 332335;;091561;AYUNTAMIENTO DE MIRANDA DE EBRO;ASPODEMI. ASOCIACION  DE PADRES Y FAMILIARES  DE PERSONAS CON DISCAPACIDAD INTELECTUAL DE  MIRANDA DE EBRO;ADMINISTRACIÓN LOCAL;secretaria@aspodemi.es;;PERSONAS CON DISCAPACIDAD;Vivienda;Personas con discapacidad por trastorno del desarrollo intelectual leve o moderado;DISCAPACIDAD INTELECTUAL: 8;42.68486612942307;-2.9432115771853797;VIRGINIA IBAÑEZ VILLAR;42.68486612942307, -2.9432115771853797
VIVIENDA APOYADA;2023-05-05;CALLE CONDADO DE TREVIÑO 16 2º A;09;09219;BURGOS;MIRANDA DE EBRO;09200;MIRANDA DE EBRO - OESTE;947 312801;;090626;ASOCIACIÓN DE AYUDA A PERSONAS CON ENFERMEDAD MENTAL DE MIRANDA DE EBRO- FEAFES MIRANDA-ASAYEME;;ASOCIACIÓN;;;PERSONAS CON DISCAPACIDAD;Vivienda;Personas con discapacidad por enfermedad mental;OTROS: 4;42.682993;-2.9462976;SERGIO BUJO GARCIA;42.682993, -2.9462976
UNIDAD ESTANCIAS DIURNAS ESPECIALIZADA (AFAMI);2025-02-17;CALLE CIUDAD VIERZON 21. BAJO IZQUIERDA;09;09219;BURGOS;MIRANDA DE EBRO;09200;MIRANDA DE EBRO - ESTE;947 333152;;090493;ASOCIACIÓN DE FAMILIARES DE  ENFERMOS ALZHEIMER Y OTRAS DEMENCIAS DE MIRANDA DE EBRO (AFAMI);;ASOCIACIÓN;afamiranda@hotmail.com;;PERSONAS MAYORES;Centro de día;Estancias diurnas para enfermos de Alzheimer;ASISTIDOS: 15;;;MARIA ROSA GARCIA GARCIA;
CENTRO DE DIA VITAL;2023-10-27;CALLE SAN AGUSTIN 8 A Y 8 B;09;09219;BURGOS;MIRANDA DE EBRO;09200;MIRANDA DE EBRO - OESTE;947 656940;;091130;CENTRO ASISTENCIAL SAN NICOLAS, SL;;SOCIEDADES;inf@crvital.com;;PERSONAS MAYORES;Centro de día;Estancias diurnas;ASISTIDOS: 51;;;OSCAR SOTO RUIZ DE LARRAMENDI;
RESIDENCIA SAN DIONISIO;2024-05-08;CALLE SAGRADA FAMILIA 30;09;09274;BURGOS;PRADOLUENGO;09260;BELORADO;947 586022;;090281;FUNDACIÓN RESIDENCIA DE ANCIANOS SAN DIONISIO;;FUNDACIÓN;resisandionisio@movistar.es;;PERSONAS MAYORES;Residencia;Para asistidos;ASISTIDOS: 66;42.3260259;-3.2046062;ENRIQUE HERNANDO ABAD;42.3260259, -3.2046062
ELITE RESIDENCIA;2024-03-18;FRANDOVINEZ, S/N;09;09304;BURGOS;RABE DE LAS CALZADAS;09130;BURGOS RURAL - SUR;947 451295;;090130;ELITE RESIDENCIA S.L.;;SOCIEDADES;info@eliteresidencia.com;;PERSONAS MAYORES;Residencia;Para asistidos;DEPENDIENTES: 66;42.339423;-3.8332838;VICTOR FERNANDEZ GARCIA;42.339423, -3.8332838
RESIDENCIA RÍO ARLANZA;2024-11-20;DE LA ESTACIÓN, Nº 32;09;09330;BURGOS;SALAS DE LOS INFANTES;09600;SALAS DE LOS INFANTES;947 380897;;090606;FUNDACIÓN ASPANIAS BURGOS;ASPANIASMERC 2016, SLU;FUNDACIÓN;;;PERSONAS MAYORES;Residencia;Para asistidos;ASISTIDOS: 75;;;ANA GARCIA RUIZ;
RESIDENCIA-HOGAR SALAS DE LOS INFANTES;2026-03-14;GENERAL YAGÜE, 26;09;09330;BURGOS;SALAS DE LOS INFANTES;09600;SALAS DE LOS INFANTES;947 380240;;090143;FUNDACIÓN ASPANIAS BURGOS;;FUNDACIÓN;;;PERSONAS CON DISCAPACIDAD;Residencia;Personas con discapacidad por trastorno del desarrollo intelectual;OTROS: 48;42.0232709;-3.2864378;LAURA RICA ROBLES;42.0232709, -3.2864378
MINIRESIDENCIA LARA;2026-01-28;DE LA ESTACIÓN, Nº 32;09;09330;BURGOS;SALAS DE LOS INFANTES;09600;SALAS DE LOS INFANTES;947 380897;;091280;FUNDACIÓN ASPANIAS BURGOS;;FUNDACIÓN;fundacion@aspaniasburgos.com;;PERSONAS CON DISCAPACIDAD;Residencia;Personas con discapacidad por trastorno del desarrollo intelectual;OTROS: 25;;;LAURA RICA ROBLES;
RESIDENCIA DE PERSONAS MAYORES EL ALMENDRO;2022-11-22;CALLE HERMANAS GARILLETI MANSO 3;09;09350;BURGOS;SANTA MARIA DEL CAMPO;09342;SANTA MARÍA DEL CAMPO;947 174175;;090103;"FUNDACIÓN ""EL ALMENDRO""";;FUNDACIÓN;fundacionelalmendro@outlook.es;;PERSONAS MAYORES;Residencia;Para asistidos;ASISTIDOS: 25;42.133136;-3.9714739;SANDRA FRANCÉS GONZÁLEZ;42.133136, -3.9714739
UNIDAD DE ESTANCIAS DIURNAS DEL CENTRO DE DÍA ARENAS DE SAN PEDRO;2026-02-10;PASEO PINTOR MARTINEZ VAZQUEZ 11;05;05014;AVILA;ARENAS DE SAN PEDRO;05400;TIÉTAR - ARENAS DE SAN PEDRO;920 372534;;050343;GERENCIA DE SERVICIOS SOCIALES DE CASTILLA Y LEÓN;SERVISOCIALES CANARIOS, S.L.;ADMINISTRACIÓN AUTONÓMICA;fradommr@jcyl.es;;PERSONAS MAYORES;Centro de día;Estancias diurnas;ASISTIDOS: 15;40.2113174047736;-5.085407416812489;MARIA AUXILIADORA FRAILE DOMINGUEZ;40.2113174047736, -5.085407416812489
CENTRO DE DIA DE AREVALO;2023-11-03;CALLE AMAYA 13;05;05016;AVILA;AREVALO;05200;MORAÑA - ARÉVALO;920 300001;;050680;AYUNTAMIENTO DE ARÉVALO;ASOCIACIÓN FAMILIARES DE ENFERMOS DE ALZHEIMER DE ARÉVALO Y COMARCA - AFA ARÉVALO Y COMARCA;ADMINISTRACIÓN LOCAL;afarevalo@hotmail.com;;PERSONAS MAYORES;Centro de día;Estancias diurnas para enfermos de Alzheimer;ASISTIDOS: 40;41.053278;-4.713744699999999;Mª JOSÉ RODRÍGUEZ MARTÍN;41.053278, -4.713744699999999
RESIDENCIA DE PERSONAS MAYORES SAN MIGUEL ARCANGEL;2022-09-27;PLAZA ANGELA MUÑOZ 3;05;05016;AVILA;AREVALO;05200;MORAÑA - ARÉVALO;920 300023;;050175;FUNDACIÓN HOSPITAL DE SAN MIGUEL ARCANGEL;;FUNDACIÓN;fundacionsma@yahoo.es;;PERSONAS MAYORES;Residencia;Para asistidos;ASISTIDOS: 49;41.0615725;-4.7186447;Mª DEL CARMEN VILLARREAL AGUADO;41.0615725, -4.7186447
MENTALIA SALUD AREVALO;2025-04-14;PASEO SAN JUAN BOSCO (DE) 2;05;05016;AVILA;AREVALO;05200;MORAÑA - ARÉVALO;920 301400;920 600300951;050146;CASTA SALUD, S.L.;;SOCIEDADES;direccion.arevalo@mentaliasalud.es;;PERSONAS CON DISCAPACIDAD;Residencia;Personas con discapacidad por enfermedad mental, Personas con discapacidad por trastorno del desarrollo intelectual;OTROS: 170, OTROS: 30;;;BORJA TORRES YAGÜE;
CENTRO RESIDENCIAL DE ATENCIÓN A PERSONAS CON DISCAPACIDAD POR ENFERMEDAD MENTAL;2025-02-17;CALLE CAMINO DEL GANSINO (DEL) 5;05;05019;AVILA;AVILA;05003;ÁVILA - SUR;920 352165;;050674;GERENCIA DE SERVICIOS SOCIALES DE CASTILLA Y LEÓN;FUNDACION INTRAS;ADMINISTRACIÓN AUTONÓMICA;cnm@intras.es;;PERSONAS CON DISCAPACIDAD;Residencia;Personas con discapacidad por enfermedad mental;OTROS: 40;;;VIRGINIA LUCAS CARDOSO;
RESIDENCIA DE PERSONAS MAYORES;2023-09-27;CALLE RUFINO MARTIN 38;05;05019;AVILA;AVILA;05003;ÁVILA - SUR;920 228800;920 253556;050091;GERENCIA DE SERVICIOS SOCIALES DE CASTILLA Y LEÓN;;ADMINISTRACIÓN AUTONÓMICA;m.jesus.robledo@jcyl.es;;PERSONAS MAYORES;Residencia;Para asistidos;ASISTIDOS: 80;40.6564225;-4.7003224;VIRGINIA MAYOR GARCIA;40.6564225, -4.7003224
VIVIENDA SOCIAL SUPERVISADA INTRAS V;2025-02-17;CALLE MORAÑA (LA) 2 5 B;05;05019;AVILA;AVILA;05002;ÁVILA - SUR;920 353086;920 648563639;050993;FUNDACION INTRAS;;FUNDACIÓN;cnm@intras.es;;PERSONAS CON DISCAPACIDAD;Vivienda;Personas con discapacidad por enfermedad mental;DISCAPACIDAD ENFERMEDAD MENTAL: 4;;;VIRGINIA LUCAS CARDOSO;
VIVIENDA SOCIAL SUPERVISADA INTRAS IV;2025-02-17;CALLE MORAÑA (LA) 1 1º A;05;05019;AVILA;AVILA;05002;ÁVILA - SUR;920 353086;;050881;FUNDACION INTRAS;;FUNDACIÓN;intras@intras.es;;PERSONAS CON DISCAPACIDAD;Vivienda;Personas con discapacidad por enfermedad mental;OTROS: 4;;;VIRGINIA LUCAS CARDOSO;
VIVIENDA SOCIAL SUPERVISADA INTRAS ÁVILA;2025-02-17;CALLE GREDOS 3 1º B;05;05019;AVILA;AVILA;05002;ÁVILA - SUR;920 353086;920 352674;050798;FUNDACION INTRAS;;FUNDACIÓN;cnm@intras.es;;PERSONAS CON DISCAPACIDAD;Vivienda;Personas con discapacidad por enfermedad mental;OTROS: 4;;;VIRGINIA LUCAS CARDOSO;
CENTRO DE DÍA MENSAJEROS DE LA PAZ ÁVILA;2025-09-16;CALLE ALFREDO ABELLA 20;05;05019;AVILA;AVILA;05003;ÁVILA - SUR;669 542040;669 669542040;051010;ASOCIACIÓN MENSAJEROS DE LA PAZ CASTILLA Y LEÓN;;ASOCIACIÓN;administracion@mensapazcyl.org;;INFANCIA (Y JUVENTUD);Centro de día;Centro de día;OTROS: 20;40.64663076101193;-4.689994903728812;;40.64663076101193, -4.689994903728812
CENTRO LUZ II;2024-06-15;CALLE VIRGEN DE LA CARIDAD 1,5º D;05;05019;AVILA;AVILA;05005;ÁVILA - CENTRO;920 253186;;050232;ASOCIACIÓN ABULENSE DEL SÍNDROME DE DOWN;;ASOCIACIÓN;;;PERSONAS CON DISCAPACIDAD;Vivienda;Personas con disc. física, sensorial, por trastorno del desarrollo intelectual y/o por enfer. mental;OTROS: 6;40.6592135;-4.691125;Mª MAR RODRIGUEZ CRESPO;40.6592135, -4.691125
CENTRO OCUPACIONAL ÁVILA DOWN;2026-03-19;AVENIDA ESPAÑA (DE) 35;05;05019;AVILA;AVILA;05004;ÁVILA - SUR;920 256257;920 920256257;050555;ASOCIACIÓN ABULENSE DEL SÍNDROME DE DOWN;;ASOCIACIÓN;;;PERSONAS CON DISCAPACIDAD;Centro de día;Personas con discapacidad por trastorno del desarrollo intelectual;OTROS: 60;;;Mª MAR RODRIGUEZ CRESPO;
VIVIENDA SUPERVISADA PRINCIPE DON JUAN;2025-07-04;TRAVESIA PRINCIPE DON JUAN 1 3ºA;05;05019;AVILA;AVILA;05003;ÁVILA - NORTE;920 352732;920 920352732;050490;FAEMA SALUD MENTAL ÁVILA;;ASOCIACIÓN;direccionviviendas@asociacionfaema.org;;PERSONAS CON DISCAPACIDAD;Vivienda;Personas con discapacidad por enfermedad mental;OTROS: 5;40.6525295;-4.691570599999999;JESÚS MARTÍN MARTÍN;40.6525295, -4.691570599999999
CENTRO DE DIA EL COBIJO;2023-11-15;AVENIDA DERECHOS HUMANOS (DE LOS) 11;05;05019;AVILA;AVILA;05003;ÁVILA - SUR;920 352732;;050757;FAEMA SALUD MENTAL ÁVILA;;ASOCIACIÓN;info@asociacionfaema.org;;PERSONAS CON DISCAPACIDAD;Centro de día;Personas con discapacidad por enfermedad mental;OTROS: 90;;;MARIA ROCIO REVILLA PEÑA;
VIVIENDA SUPERVISADA PARA PERSONAS CON DISCAPACIDAD POR ENFERMEDAD MENTAL LOS PATOS;2025-07-07;CALLE AGUSTIN RODRIGUEZ SAHAGUN 5 1º 1;05;05019;AVILA;AVILA;05003;ÁVILA - SUR;920 352732;;050846;FAEMA SALUD MENTAL ÁVILA;;ASOCIACIÓN;direccionviviendas@asociacionfaema.org;;PERSONAS CON DISCAPACIDAD;Vivienda;Personas con discapacidad por enfermedad mental;OTROS: 4;40.6483291;-4.6833491;JESÚS MARTÍN MARTÍN;40.6483291, -4.6833491
VIVIENDA DERECHOS HUMANOS III;2024-06-15;AVENIDA DERECHOS HUMANOS (DE LOS) 22;05;05019;AVILA;AVILA;05003;ÁVILA - SUR;920 223194;;050977;PRONISA PLENA INCLUSIÓN ÁVILA;;ASOCIACIÓN;oficina@pronisa.org;;PERSONAS CON DISCAPACIDAD;Vivienda;Personas con discapacidad por trastorno del desarrollo intelectual leve o moderado;DISCAPACIDAD INTELECTUAL: 8;;;NURIA JIMÉNEZ JIMÉNEZ;
VIVIENDA SANTA ANA;2024-09-15;PLAZA SANTA ANA 3-PORTAL 3 2º DERECHA;05;05019;AVILA;AVILA;05001;ÁVILA - NORTE;920 223194;;050845;PRONISA PLENA INCLUSIÓN ÁVILA;;ASOCIACIÓN;oficina@pronisa.org;;PERSONAS CON DISCAPACIDAD;Vivienda;Personas con discapacidad por trastorno del desarrollo intelectual leve o moderado;OTROS: 8;;;NURIA JIMENEZ JIMENEZ;
CENTRO RESIDENCIAL INFANTAS ELENA Y CRISTINA (PAB.1, 2 Y 3 DE ATENCIÓN A PERSONAS MAYORES);2023-09-26;AVENIDA JUAN PABLO II 20;05;05019;AVILA;AVILA;05002;ÁVILA - SUR;920 257474;920 257241;050177;DIPUTACIÓN PROVINCIAL DE ÁVILA;;ADMINISTRACIÓN LOCAL;;;PERSONAS MAYORES;Residencia;Para asistidos;ASISTIDOS: 141;40.6466067;-4.6949856;ALICIA MENESES CARTÓN;40.6466067, -4.6949856
CENTRO SAN SEGUNDO;2023-03-03;CALLE MADRESELVA (DE LA) 11;05;05019;AVILA;AVILA;05003;ÁVILA - SUR;609 085800;;050948;SERVICIOS SOCIOSANITARIOS SAN SEGUNDO, S.L;;SOCIEDADES;IJIMENEZSANSEGUNDO@GMAIL.COM;;INFANCIA (Y JUVENTUD);Vivienda;Hogar de acogida;OTROS: 10;40.6704619;-4.6816403;IGNACIO JIMENEZ SAN SEGUNDO;40.6704619, -4.6816403
CENTRO DE DÍA PARA PERSONAS MAYORES EL BARCO DE ÁVILA;2022-09-13;CALLE CASTILLO (DEL) S/N;05;05021;AVILA;BARCO DE AVILA (EL);05600;ARAVALLE - EL BARCO DE ÁVILA;920 340201;920 340201;050088;GERENCIA DE SERVICIOS SOCIALES DE CASTILLA Y LEÓN;;ADMINISTRACIÓN AUTONÓMICA;;;PERSONAS MAYORES;Centro de día;Hogar (Unidad de atención social);;40.3576189;-5.5252729;MARIA JESUS ALMOHALLA SANCHEZ;40.3576189, -5.5252729
"CENTRO DE DÍA PARA PERSONAS CON DICAPACIDAD PSÍQUICA GRAVE ""ASESCA""";2023-05-15;AVENIDA GREDOS (DE) S/N.;05;05021;AVILA;BARCO DE AVILA (EL);05600;ARAVALLE - EL BARCO DE ÁVILA;920 341186;;050487;ASOCIACIÓN DE SERVICIOS SOCIALES DE LAS COMARCAS DE ÁVILA (ASESCA);;ASOCIACIÓN;;;PERSONAS CON DISCAPACIDAD;Centro de día;Personas con discapacidad por trastorno del desarrollo intelectual;OTROS: 15;40.3563222;-5.5184912;SONIA FAMILIAR BRAVO;40.3563222, -5.5184912
HOGAR RESIDENCIA DE MINUSVALIDOS PSIQUICOS;2022-01-05;AVENIDA GREDOS (DE) S/N;05;05021;AVILA;BARCO DE AVILA (EL);05600;ARAVALLE - EL BARCO DE ÁVILA;920 341287;920 341186;050152;ASOCIACIÓN DE SERVICIOS SOCIALES DE LAS COMARCAS DE ÁVILA (ASESCA);;ASOCIACIÓN;asescabarco@gmail.com;;PERSONAS CON DISCAPACIDAD;Residencia;Personas con discapacidad por trastorno del desarrollo intelectual;OTROS: 35;40.3563447;-5.5184757;SONIA FAMILIAR BRAVO;40.3563447, -5.5184757
RESIDENCIA DE PERSONAS MAYORES LAS PALMERAS;2022-01-05;CALLE MADROÑO (EL), Nº 2 ,  ESQUINA Pº DE LAS PALMERAS, S/N;05;05047;AVILA;CANDELEDA;05480;TIÉTAR - ARENAS DE SAN PEDRO;920 380827;920 370093;050432;LAS PALMERAS DE CANDELEDA, S.L.;;SOCIEDADES;direccion@residencialaspalmeras.com;;PERSONAS MAYORES;Residencia;Para asistidos;ASISTIDOS: 116;40.1573291;-5.2356836;SANDRA ROJO CABO;40.1573291, -5.2356836
CENTRO DE DIA MUNICIPAL;2023-03-03;CALLE PUERTO 70;05;05055;AVILA;CASILLAS;05428;TIÉTAR - LA ADRADA;918 667115;918 667073;050809;AYUNTAMIENTO DE CASILLAS;;ADMINISTRACIÓN LOCAL;ayuntamiento@casillas.es;;PERSONAS MAYORES;Centro de día;Estancias diurnas;ASISTIDOS: 15;40.3265291;-4.5723522;MARIA BEATRIZ DIAZ MORUECO;40.3265291, -4.5723522
CENTRO MULTISERVICIOS TIERRA DE CEBREROS - CENTRO DE DIA PARA PERSONAS CON DISCAPACIDAD INTELECTUAL;2023-03-03;TRAVESÍA PLAZA ESPAÑA (DE LA) 3;05;05057;AVILA;CEBREROS;05260;ALBERCHE - CEBREROS;918 633101;;050853;PRONISA PLENA INCLUSIÓN ÁVILA;;ASOCIACIÓN;coordinacioncebreros@pronisa.org;;PERSONAS CON DISCAPACIDAD;Centro de día;Personas con discapacidad por trastorno del desarrollo intelectual;OTROS: 10;40.4551704;-4.4653711;MANUEL MAIZ SAN SEGUNDO;40.4551704, -4.4653711
RESIDENCIA MAIRIM;2022-11-07;CARRETERA CHAHERRERO, Nº 12;05;05065;AVILA;CRESPOS;05300;MORAÑA - ARÉVALO;920 248248;;050585;MAIRIM 2010 S.L;;SOCIEDADES;info@residenciamairim.com;;PERSONAS MAYORES;Residencia;Para asistidos;ASISTIDOS: 50;40.8696166;-4.9696063;URBANA ROSA FIGAREDO RODRIGUEZ;40.8696166, -4.9696063
RESIDENCIA DE PERSONAS MAYORES SAN JUAN DE LA CRUZ;2022-01-05;PLAZA SAN JUAN DE LA CRUZ 2;05;05074;AVILA;FONTIVEROS;05310;MORAÑA ALTA - MADRIGAL DE LAS ALTAS TORRES;920 245540;;050100;AYUNTAMIENTO DE FONTIVEROS;G2 GERIÁTRICA GRUPO, SLU;ADMINISTRACIÓN LOCAL;c.a.sanjuandelacruz@hotmail.com;;PERSONAS MAYORES;Residencia;Mixta para válidos y asistidos;ASISTIDOS: 31, VÁLIDOS: 17;40.9306818;-4.9656506;ANA ISABEL GARCIA MARTIN;40.9306818, -4.9656506
UNIDAD DE ATENCIÓN SOCIAL;2023-03-03;PLAZA MARCELINO PEREZ 3;05;05074;AVILA;FONTIVEROS;05310;MORAÑA ALTA - MADRIGAL DE LAS ALTAS TORRES;920 245035;;050959;AYUNTAMIENTO DE FONTIVEROS;;ADMINISTRACIÓN LOCAL;aytofontiveros@hotmail.es;;PERSONAS MAYORES;Centro de día;Hogar (Unidad de atención social);;40.9300177;-4.9664611;DAVID SANCHEZ TENRERO;40.9300177, -4.9664611
CENTRO DE DIA VILLA SANTA TERESA;2026-03-18;CARRETERA AVILA (DE) Nº 2;05;05087;AVILA;GOTARRENDURA;05163;MORAÑA - ARÉVALO;920 269008;920 920269008;050532;CONGREGACIÓN DE RELIGIOSAS ESCLAVAS DE LA VIRGEN DOLOROSA;;INSTITUCIONES, ÓRDENES, CONGREGACIONES RELIGIOSAS Y SIMILARES;;;PERSONAS CON DISCAPACIDAD;Centro de día;Personas con discapacidad por trastorno del desarrollo intelectual;OTROS: 60;;;MARYOLEN BRAVO IBARRA;
VIVIENDA HOGAR ENTREPRADOS;2024-11-27;CALLE ENTREPRADOS 5;05;05093;AVILA;CAÑADA (LA);05294;ALBERCHE - CEBREROS;609 085800;;050991;SERVICIOS SOCIOSANITARIOS SAN SEGUNDO, S.L;;SOCIEDADES;ijimenezsansegundo@gmail.com;;INFANCIA (Y JUVENTUD);Vivienda;Vivienda hogar;OTROS: 9;40.6005899;-4.49866;IGNACIO JIMENEZ SAN SEGUNDO;40.6005899, -4.49866
CENTRO DE DIA PERSONAS MAYORES MADRIGAL DE LAS ALTAS TORRES;2022-11-07;CALLE TOSTADO (EL) Nº 10;05;05114;AVILA;MADRIGAL DE LAS ALTAS TORRES;05220;MORAÑA ALTA - MADRIGAL DE LAS ALTAS TORRES;920 320111;920 320178;050090;GERENCIA DE SERVICIOS SOCIALES DE CASTILLA Y LEÓN;;ADMINISTRACIÓN AUTONÓMICA;;;PERSONAS MAYORES;Centro de día;Hogar (Unidad de atención social);;41.0881606;-4.9977735;ROSA JIMENEZ GARCIA;41.0881606, -4.9977735
RESIDENCIA TRES ENCINAS;2023-03-03;"PARAJE DEHESA MINGOPELAEZ 277""URBANIZACION PANCORBO""";05;05115;AVILA;MAELLO;05291;MORAÑA - ARÉVALO;921 122892;;050380;RESIDENCIA TRES ENCINAS, S.L.;;SOCIEDADES;info@residenciatresencinas.es;;PERSONAS CON DISCAPACIDAD;Residencia;Personas con discapacidad por enfermedad mental;OTROS: 12;40.8111854;-4.5087995;PILAR GOMEZ GARCIA;40.8111854, -4.5087995
VIVIENDA TRES ENCINAS II;2023-01-23;CALLE MINGO PELAEZ 279 URBANIZACIÓN DEHESA DE PANCORBO;05;05115;AVILA;MAELLO;05291;ÁVILA RURAL;658 811723;;050404;RESIDENCIA TRES ENCINAS, S.L.;;SOCIEDADES;;;PERSONAS CON DISCAPACIDAD;Vivienda;Personas con discapacidad por enfermedad mental;OTROS: 8;;;PILAR GOMEZ GARCIA;
RESIDENCIA ASISTENCIAL LA ROSALEDA;2025-11-14;CARRETERA AVILA MUÑICO KM. 5,;05;05121;AVILA;MARTIHERRERO;05140;ÁVILA RURAL;920 269480;920 269454;050187;FUNDACIÓN LA CASA GRANDE DE MARTIHERRERO - CENTRO SANTA TERESA;;INSTITUCIONES, ÓRDENES, CONGREGACIONES RELIGIOSAS Y SIMILARES;direccion@lacasagrandedemartiherrero.com;;PERSONAS CON DISCAPACIDAD;Residencia;Personas con discapacidad por trastorno del desarrollo intelectual;OTROS: 44;40.674508;-4.7795685;ANA TERESA JIMENEZ VAZQUEZ;40.674508, -4.7795685
CENTRO DE DÍA OCUPACIONAL Y ASISTENCIAL SANTA TERESA;2024-06-15;CARRETERA DE MARTIHERRERO KM. 5;05;05121;AVILA;MARTIHERRERO;05140;ÁVILA RURAL;920 269480;;050412;FUNDACIÓN LA CASA GRANDE DE MARTIHERRERO - CENTRO SANTA TERESA;;INSTITUCIONES, ÓRDENES, CONGREGACIONES RELIGIOSAS Y SIMILARES;;;PERSONAS CON DISCAPACIDAD;Centro de día;Personas con discapacidad por trastorno del desarrollo intelectual;OTROS: 130;40.67478800000001;-4.780162199999999;ANA TERESA JIMENEZ VAZQUEZ;40.67478800000001, -4.780162199999999
RESIDENCIA DE PERSONAS MAYORES SAN ANDRÉS;2022-01-05;CALLE JOSE MANUEL FERNANDEZ SANTIAGO 2;05;05132;AVILA;MOMBELTRAN;05410;TIÉTAR - ARENAS DE SAN PEDRO;920 386362;920 386533;050098;AYUNTAMIENTO DE LA VILLA DE MOMBELTRAN;NEXUS CENTROS GERIATRICOS, S.L.;ADMINISTRACIÓN LOCAL;eperez@nexusintegral.com;;PERSONAS MAYORES;Residencia;Para asistidos;ASISTIDOS: 122;40.2587041;-5.0160554;JESUS ENRIQUE PÉREZ CARRIZOSA;40.2587041, -5.0160554
CENTRO DE DIA NAVALPERAL DE PINARES;2020-10-14;CALLE FRANCISCO CASARES 8;05;05161;AVILA;NAVALPERAL DE PINARES;05240;ALBERCHE - CEBREROS;91 8980007;;050458;AYUNTAMIENTO DE NAVALPERAL DE PINARES;;ADMINISTRACIÓN LOCAL;;;PERSONAS MAYORES;Centro de día;Hogar (Unidad de atención social);;40.5923171;-4.4108211;JOSE LUIS BARTOLOME HERRANZ;40.5923171, -4.4108211
"CENTRO DE PERSONAS MAYORES ""VIRGEN DE LOS VILLARES""";2020-10-14;PLAZA DOCTOR MIGUEL TOLEDANO 5;05;05163;AVILA;NAVALUENGA;05100;ALBERCHE - CEBREROS;920 286288;;050206;ASOCIACIÓN DE LA TERCERA EDAD NUESTRA SEÑORA DE LOS VILLARES;;ASOCIACIÓN;;;PERSONAS MAYORES;Centro de día;Hogar (Unidad de atención social);;40.4109556;-4.7076855;SEGUNDO MARTIN GONZALEZ;40.4109556, -4.7076855
FUNDABEM-NAVALUENGA CENTRO PARA LA PROMOCION DE LA AUTONOMIA PERSONAL E INSERCION SOCIOLABORAL;2023-10-26;CALLE CONCEPCION Nº 16;05;05163;AVILA;NAVALUENGA;05100;ALBERCHE - CEBREROS;634 611107;;050574;FUNDACIÓN ABULENSE PARA EL EMPLEO (FUNDABEM);;FUNDACIÓN;dirprogramas@fundabem.es;;PERSONAS CON DISCAPACIDAD;Centro de día;Personas con discapacidad por trastorno del desarrollo intelectual;OTROS: 20;40.4103508;-4.7085572;PILAR RODRIGUEZ APARICIO;40.4103508, -4.7085572
UNIDAD DE ATENCIÓN SOCIAL CENTRO POLIVALENTE DE SERVICIOS SOCIALES DE LAS NAVAS DEL MARQUÉS;2023-03-03;CALLE LEPANTO 1;05;05168;AVILA;NAVAS DEL MARQUES (LAS);05230;ALBERCHE - CEBREROS;91 8972000;;050760;AYUNTAMIENTO DE LAS NAVAS DEL MARQUÉS;PRONISA PLENA INCLUSIÓN ÁVILA;ADMINISTRACIÓN LOCAL;;;PERSONAS MAYORES;Centro de día;Hogar (Unidad de atención social);;40.5990404;-4.3337309;GERARDO PEREZ GARCIA;40.5990404, -4.3337309
CENTRO DE DÍA PARA PERSONAS CON DISCAPACIDAD. LAS NAVAS DEL MARQUÉS;2023-03-03;CALLE LEPANTO 1;05;05168;AVILA;NAVAS DEL MARQUES (LAS);05230;ALBERCHE - CEBREROS;920 223194;;050761;AYUNTAMIENTO DE LAS NAVAS DEL MARQUÉS;PRONISA PLENA INCLUSIÓN ÁVILA;ADMINISTRACIÓN LOCAL;pronisa@pronisa.es;;PERSONAS CON DISCAPACIDAD;Centro de día;Personas con discapacidad por trastorno del desarrollo intelectual;OTROS: 30;40.5990404;-4.3337309;YOLANDA MIGUELEZ SANTIAGO;40.5990404, -4.3337309
RESIDENCIA GERIATRICA ESTANQUE DORADO;2026-03-05;CALLE VIRGEN DE LA VEGA, S/N;05;05186;AVILA;PIEDRAHITA;05500;VALLE DE CORNEJA - PIEDRAHÍTA;920 360560;;050145;GRUPO SERGESA, S.A.;;SOCIEDADES;admon.piedrahita@sergesa.com;;PERSONAS MAYORES;Residencia;Para asistidos;ASISTIDOS: 198;40.4660277;-5.324564;ROSA MARIA GONZALEZ JIMENEZ;40.4660277, -5.324564
"RESIDENCIA DE PERSONAS MAYORES ""SERVICIOS SOCIALES OLMAR""";2022-09-29;CALLE MONTEJO S/N;05;05237;AVILA;SOLANA DE RIOALMAR;05149;ÁVILA RURAL;920 232277;;050094;SERVICIOS SOCIALES OLMAR, S.L.;;SOCIEDADES;direccionolmar@gmail.com;;PERSONAS MAYORES;Residencia;Para asistidos;ASISTIDOS: 28;40.7384473;-5.0098857;REBECA GARCÍA SÁNCHEZ;40.7384473, -5.0098857
CLUB DE PERSONAS MAYORES EL COGOTE;2020-10-14;CALLE ESCUELAS 2;05;05237;AVILA;SOLANA DE RIOALMAR;05144;ÁVILA RURAL;;;050178;ASOCIACIÓN HOGAR DEL PENSIONISTA EL COGOTE;;ASOCIACIÓN;;;PERSONAS MAYORES;Centro de día;Hogar (Unidad de atención social);;40.7381997;-5.0094975;CONRADO JIMENEZ JIMENEZ;40.7381997, -5.0094975
"CENTRO OCUPACIONAL ""EL TIETAR""";2022-10-11;CALLE DOCTOR DIAZ PALACIOS 34;05;05240;AVILA;SOTILLO DE LA ADRADA;05420;TIÉTAR - LA ADRADA;920 255257;;050441;ASOCIACIÓN ABULENSE DEL SÍNDROME DE DOWN;;ASOCIACIÓN;;;PERSONAS CON DISCAPACIDAD;Centro de día;Personas con discapacidad por trastorno del desarrollo intelectual;OTROS: 30;40.2919683;-4.581274899999999;MªMAR RODRIGUEZ CRESPO;40.2919683, -4.581274899999999
UNIDAD DE ESTANCIAS DIURNAS VIRGEN DE LOS REMEDIOS;2023-10-26;CALLE DEHESA (LA) 103;05;05240;AVILA;SOTILLO DE LA ADRADA;05420;TIÉTAR - LA ADRADA;918 661560;;050425;FUNDACIÓN CATALINA LABOURÉ;;FUNDACIÓN;direccion.virgendelosremedios@catalinalaboure.es;;PERSONAS MAYORES;Centro de día;Estancias diurnas;ASISTIDOS: 30;;;LUCÍA MARTÍN GABRIEL;
RESIDENCIA DE MAYORES LAS 4 PALMERAS;2019-10-16;AVENIDA MADRID S/N;05;05241;AVILA;TIEMBLO (EL);05270;ALBERCHE - CEBREROS;91 8602539;;050473;LAS CUATRO PALMERAS S.L.;;SOCIEDADES;direccion@cuatropalmeras.com;;PERSONAS MAYORES;Residencia;Para asistidos;ASISTIDOS: 149;40.4162809;-4.5038315;ANTONIO DOMINGUEZ CAMPOS;40.4162809, -4.5038315
GERIATRICO DEL ADAJA: LA ENCARNACION;2025-10-31;CAMINO GUIMORCONDO 17;05;05245;AVILA;TORNADIZOS DE AVILA;05196;ÁVILA RURAL;920 276037;920 254570;050453;GERIÁTRICO DEL ADAJA, S.L;;SOCIEDADES;residencialaencarnacion@hotmail.com;;PERSONAS MAYORES;Residencia;Para asistidos;ASISTIDOS: 84;40.627349361958494;-4.614123031881331;MARIA DEL CARMEN RUIZ ALONSO.;40.627349361958494, -4.614123031881331
CENTRO RESIDENCIAL VALLE DEL CUCO;2025-06-04;AVENIDA CASTILLA 34;09;09003;BURGOS;ADRADA DE HAZA;09462;ARANDA DE DUERO RURAL;915 568312;915 614418585;091613;INSOL GESTION,S.L.;;SOCIEDADES;sverdes@verdesabogados.com;;PERSONAS MAYORES;Residencia;Para asistidos;DEPENDIENTES: 52;41.59498395355371;-3.821703814291819;CAROLINA ENCINAS DE DIEGO;41.59498395355371, -3.821703814291819
VIVIENDA INTRAS BURGOS IV;2024-10-02;CALLE NAVARRETE 1 2º B;09;09059;BURGOS;BURGOS;09001;BURGOS - SAN PEDRO Y SAN FELICES;947 468157;947 608421306;091312;FUNDACION INTRAS;;FUNDACIÓN;resjd.burgos@intras.es;;PERSONAS CON DISCAPACIDAD;Vivienda;Personas con discapacidad por enfermedad mental;OTROS: 3;42.34039569999999;-3.7328491;CAROLINA ELENA ELENA;42.34039569999999, -3.7328491
VIVIENDA CALLE HORNILLOS (VIVIENDA INTRAS II);2024-10-02;CALLE HORNILLOS 21;09;09059;BURGOS;BURGOS;09001;BURGOS - SAN PEDRO DE LA FUENTE;983 399633;983 608421306;091517;FUNDACION INTRAS;;FUNDACIÓN;resjd.burgos@intras.es;;PERSONAS CON DISCAPACIDAD;Vivienda;Personas con discapacidad por enfermedad mental;OTROS: 3;42.34137;-3.7324;CAROLINA ELENA ELENA;42.34137, -3.7324
HOGAR RESIDENCIA SAN  JULIAN Y SAN  QUIRCE;2021-08-05;CALLE BARRANTES 1;09;09059;BURGOS;BURGOS;09003;BURGOS - SAN PEDRO DE LA FUENTE;947 201847;;090136;FUNDACIÓN HOSPITAL RESIDENCIA SAN JULIÁN Y SAN QUIRCE;;FUNDACIÓN;grbarrantes@barrantes.org;;PERSONAS MAYORES;Residencia;Para asistidos;ASISTIDOS: 101;42.3391358;-3.7077376;JOSE MARÍA ACOSTA MANZANEDO;42.3391358, -3.7077376
VIVIENDA SAGRADA FAMILIA;2023-01-25;CALLE SAGRADA FAMILIA 18 4º B;09;09059;BURGOS;BURGOS;09006;BURGOS - CENTRO - VADILLOS;947 223916;;091346;ASOCIACIÓN PROSALUD MENTAL DE BURGOS (PROSAME);;ASOCIACIÓN;direccion@saludmentalburgos.org;;PERSONAS CON DISCAPACIDAD;Vivienda;Personas con discapacidad por enfermedad mental;OTROS: 4;;;María Santamaría Pardo;
PISO SUPERVISADO ELADIO PERLADO;2023-05-05;CALLE ARZOBISPO DE CASTRO 15 4º A;09;09059;BURGOS;BURGOS;09007;BURGOS - GAMONAL II - LA ANTIGUA;947 223916;947 041448;090729;ASOCIACIÓN PROSALUD MENTAL DE BURGOS (PROSAME);;ASOCIACIÓN;info@prosame.es;;PERSONAS CON DISCAPACIDAD;Vivienda;Personas con discapacidad por enfermedad mental;OTROS: 4;42.3524032;-3.6688656;María Santamaría Pardo;42.3524032, -3.6688656
VIVIENDA SANTIAGO;2023-09-15;CALLE SANTIAGO 1 3ºB;09;09059;BURGOS;BURGOS;09007;BURGOS RURAL - NORTE;947 223916;;091562;ASOCIACIÓN PROSALUD MENTAL DE BURGOS (PROSAME);;ASOCIACIÓN;direccion@saludmentalburgos.org;;PERSONAS CON DISCAPACIDAD;Vivienda;Personas con discapacidad por enfermedad mental;DISCAPACIDAD ENFERMEDAD MENTAL: 4;;;Maria Santamaria Pardo;
"CENTRO MULTISERVICIOS DE ATENCIÓN INTEGRAL ""LUISA DE LIRAS"" PARKINSON BURGOS";2022-11-07;PASEO DE LOS COMENDADORES  Nº 2 (HOSPITAL MILITAR);09;09059;BURGOS;BURGOS;09001;BURGOS - SAN PEDRO Y SAN FELICES;947 279750;;091291;ASOCIACIÓN PARKINSON BURGOS;;ASOCIACIÓN;info@parkinsonburgos.org;;PERSONAS CON DISCAPACIDAD;Centro de día;Personas con discapacidad física;OTROS: 15;42.3397202;-3.719353899999999;MARA JESÚS DELGADO DE LIRAS;42.3397202, -3.719353899999999
CENTRO DE DIA PARA PERSONAS CON AUTISMO;2023-06-15;CALLE VALDENUÑEZ 8;09;09059;BURGOS;BURGOS;09001;BURGOS - SAN PEDRO DE LA FUENTE;947 461243;947 461245;090141;ASOCIACIÓN DE PADRES DE PERSONAS CON AUTISMO;;ASOCIACIÓN;;;PERSONAS CON DISCAPACIDAD;Centro de día;Personas con discapacidad por trastorno del espectro del autismo;DISCAPACIDAD INTELECTUAL: 86;42.3457679;-3.7239129;VIRGINIA MANSILLA GONZÁLEZ;42.3457679, -3.7239129
VIVIENDA HOGAR MODESTO CIRUELOS II;2026-02-14;CALLE MODESTO CIRUELOS 4 4-B;09;09059;BURGOS;BURGOS;09001;BURGOS - SAN PEDRO DE LA FUENTE;947 238562;;090625;FUNDACIÓN ASPANIAS BURGOS;;FUNDACIÓN;fundacion@aspaniasburgos.com;;PERSONAS CON DISCAPACIDAD;Vivienda;Personas con discapacidad por trastorno del desarrollo intelectual leve o moderado;OTROS: 4;42.34959544916165;-3.7348948006652027;ANA GARCIA BARRIOS;42.34959544916165, -3.7348948006652027
CENTRO DE ATENCION INTEGRAL PARA PERSONAS CON DISCAPACIDAD INTELECTUAL (CENTRO DE DÍA FUENTECILLAS);2026-03-14;CALLE MARIANA PINEDA S/N;09;09059;BURGOS;BURGOS;09003;BURGOS - SAN PEDRO DE LA FUENTE;947 238562;;090621;FUNDACIÓN ASPANIAS BURGOS;;FUNDACIÓN;aspanias@ceapscyl.org;;PERSONAS CON DISCAPACIDAD;Centro de día;Personas con discapacidad por trastorno del desarrollo intelectual;OTROS: 70;42.3475733;-3.7185806;LAURA VILLA SANTAMARIA;42.3475733, -3.7185806
VIVIENDA SUPERVISADA CONDESA MENCIA II;2025-07-14;CALLE CONDESA MENCIA 118 4ºA;09;09059;BURGOS;BURGOS;09006;BURGOS - RÍO VENA;947 229958;;090777;FUNDACIÓN ASPANIAS BURGOS;;FUNDACIÓN;fundacion@aspaniasburgos.com;;PERSONAS CON DISCAPACIDAD;Vivienda;Personas con discapacidad por trastorno del desarrollo intelectual leve o moderado;OTROS: 6;42.3589538319053;-3.681409165919374;ANA GARCIA BARRIOS;42.3589538319053, -3.681409165919374
CENTRO TERAPEUTICO PUERTA DEL PARRAL;2020-10-14;CALLE CONDES DE BERBERANA , 14;09;09059;BURGOS;BURGOS;09001;BURGOS - SAN PEDRO Y SAN FELICES;947 464478;947 464478;090775;CENTRO DE DIA PUERTA DEL PARRAL S.L.;;SOCIEDADES;direccion@puertadelparral.es;;PERSONAS MAYORES;Centro de día;Estancias diurnas;ASISTIDOS: 40;42.3377626;-3.7265079;MIRIAN MARTIN CARAZO;42.3377626, -3.7265079
CENTRO DE DÍA CON UNIDAD DE ESTANCIAS DIURNAS DOMUSVI RÍO VENA;2026-02-24;CALLE SAGRADA FAMILIA 22;09;09059;BURGOS;BURGOS;09006;BURGOS - CENTRO - VADILLOS;947 256625;;090674;GERO VITALIA BURGOS S.L.;;SOCIEDADES;direccion.riovena@domusvi.es;;PERSONAS MAYORES;Centro de día;Estancias diurnas;ASISTIDOS: 19;42.35101066800783;-3.6912838649620636;BEATRIZ VAL PUENTE;42.35101066800783, -3.6912838649620636
RESIDENCIA DE PERSONAS MAYORES DOMUSVI RÍO VENA;2026-02-24;CALLE SAGRADA FAMILIA, Nº 22;09;09059;BURGOS;BURGOS;09006;BURGOS - CENTRO - VADILLOS;947 040678;;090673;GERO VITALIA BURGOS S.L.;;SOCIEDADES;direccion.riovena@domusvi.es;;PERSONAS MAYORES;Residencia;Para asistidos;ASISTIDOS: 98;42.34352182181838;-3.6520124911343563;BEATRIZ VAL PUENTE;42.34352182181838, -3.6520124911343563
DRIADA PISO BURGOS CENTRO;;CALLE ANA LOPIDANA 6 7ºA;09;09059;BURGOS;BURGOS;09005;BURGOS - CENTRO - VADILLOS;947 624913;947 626900556;091587;DRIADA SALUD MENTAL, SL;;SOCIEDADES;info@driadasaludmental.es;www.driadasaludmental.es;PERSONAS CON DISCAPACIDAD;Vivienda;Personas con discapacidad por enfermedad mental;DISCAPACIDAD ENFERMEDAD MENTAL: 4;42.3449606;-3.6973904;Ana Maria de Juan Camara;42.3449606, -3.6973904
CENTRO SOCIOSANITARIO PLAZA REAL BURGOS;2024-04-25;CALLE FEDERICO MARTINEZ VAREA 4;09;09059;BURGOS;BURGOS;09006;BURGOS - CENTRO - VADILLOS;947 255777;947 695262610;090690;LA SALETA CARE S.L.;;SOCIEDADES;dburgos@colisee.es;;PERSONAS MAYORES;Residencia;Para asistidos;ASISTIDOS: 191;42.3518781;-3.691246999999999;BEATRIZ SANTAMARIA CORBELLA;42.3518781, -3.691246999999999
PI-SJD BURGOS 06;2026-01-28;AVENIDA DE LOS REYES CATOLICOS 8 2E;09;09059;BURGOS;BURGOS;09004;BURGOS - CENTRO - ARLANZÓN;947 257730;947 697374096;091659;HOSPITAL SAN JUAN DE DIOS BURGOS;;INSTITUCIONES, ÓRDENES, CONGREGACIONES RELIGIOSAS Y SIMILARES;mariacarmen.jimenezp@sjd.es;;INCLUSIÓN SOCIAL;Vivienda;Vivienda para personas en situación de vulnerabilidad;MIXTO: 6;42.34702785534436;-3.693716887051369;ELENA URDANETA ARTOLA;42.34702785534436, -3.693716887051369
PI-SJD BURGOS 04;2026-01-28;CALLE LEGION ESPAÑOLA 4 3F;09;09059;BURGOS;BURGOS;09001;BURGOS - SAN JULIÁN;947 257730;947 697370968;091657;HOSPITAL SAN JUAN DE DIOS BURGOS;;INSTITUCIONES, ÓRDENES, CONGREGACIONES RELIGIOSAS Y SIMILARES;mariacarmen.jimenezp@sjd.es;;INCLUSIÓN SOCIAL;Vivienda;Vivienda para personas en situación de vulnerabilidad;MIXTO: 6;42.33139994725391;-3.6977951617073455;ELENA URDANETA ARTOLA;42.33139994725391, -3.6977951617073455
HOGAR HORIZONTE RESIDENCIA;2025-07-22;CALLE CONDESA MENCIA 131;09;09059;BURGOS;BURGOS;09006;BURGOS - RÍO VENA;947 241713;947 625698334;090085;SERVICIOS ASISTENCIALES VIVEMASBUR, S.L.;;SOCIEDADES;vivemasbur@gmail.com;;PERSONAS MAYORES;Residencia;Para asistidos;ASISTIDOS: 24;42.359692274704955;-3.6799587197102595;LILIANA DA CONCEICAO FONSECA TEIXEIRA;42.359692274704955, -3.6799587197102595
RESIDENCIA DE PERSONAS MAYORES LAS CANDELAS;2024-06-14;MALCAVADO, S/N;09;09064;BURGOS;CALERUEGA;09451;HUERTA DEL REY;947 047425;947 610352568;090486;RESIDENCIA DE TERCERA EDAD LAS CANDELAS S.L.L.;;SOCIEDADES;lascandelascaleruega@gmail.com;;PERSONAS MAYORES;Residencia;Para asistidos;ASISTIDOS: 40;41.8246668;-3.495932;MARTA GARCÍA SAN JUAN;41.8246668, -3.495932
CENTRO DE DIA DE CANICOSA DE LA SIERRA;2020-10-14;CALLE REAL 2;09;09067;BURGOS;CANICOSA DE LA SIERRA;09692;QUINTANAR DE LA SIERRA;947 391472;947 391472;090437;AYUNTAMIENTO DE CANICOSA DE LA SIERRA;;ADMINISTRACIÓN LOCAL;;;PERSONAS MAYORES;Centro de día;Hogar (Unidad de atención social);;41.9355998;-3.0418299;RAMIRO IBAÑEZ ABAD;41.9355998, -3.0418299
CENTRO DE DIA DE CARCEDO;2026-02-06;CALLE SAN PEDRO DE CARDEÑA S/N;09;09072;BURGOS;CARCEDO DE BURGOS;09193;BURGOS RURAL - SUR;947 290167;947 678406711;090140;CRUZ ROJA ESPAÑOLA;;ASOCIACIÓN;burgos@cruzroja.es;;PERSONAS MAYORES;Centro de día;Estancias diurnas;ASISTIDOS: 25;42.3400485;-3.68624;MARTA CARAZO BUENO;42.3400485, -3.68624
RESIDENCIA GERIATRICA LOS TOMILLARES;2019-05-24;CARRETERA LOGROÑO KM 102;09;09086;BURGOS;CASTRILLO DEL VAL;09193;BURGOS RURAL - NORTE;947 421815;;090485;ALONSO GONZALEZ 2000, S.L;;SOCIEDADES;emilio@residenciatomillares.com;;PERSONAS MAYORES;Residencia;Para asistidos;ASISTIDOS: 83;42.333323;-3.5701169;EMILIO GONZALEZ ROMAN;42.333323, -3.5701169
RESIDENCIA DE PERSONAS MAYORES SAN JUAN BAUTISTA;2021-12-15;CALLE CORDON 7;09;09091;BURGOS;CASTROJERIZ;09110;MELGAR DE FERNAMENTAL;947 377414;;090096;FUNDACIÓN BENÉFICO ASISTENCIAL SAN JUAN BAUTISTA;;FUNDACIÓN;;;PERSONAS MAYORES;Residencia;Mixta para válidos y asistidos;VÁLIDOS: 7, ASISTIDOS: 52;42.2890622;-4.1425496;JUAN ANGEL IRIMIA BADAS;42.2890622, -4.1425496
RESIDENCIA GERIÁTRICA RÍO LOBOS;2026-02-13;CALLE NORTE 24;09;09163;BURGOS;HONTORIA DEL PINAR;09660;SALAS DE LOS INFANTES;947 386133;;091108;AYUNTAMIENTO DE HONTORIA DEL PINAR;REYSAN CONSULTORES DE INGENIERIA Y ARQUITECTURA, SLU;ADMINISTRACIÓN LOCAL;info@reysancentrosasistenciales.com;;PERSONAS MAYORES;Residencia;Para asistidos;ASISTIDOS: 23;41.84960361919957;-3.1636550168322524;FRANCISCO REJAS LLORENTE;41.84960361919957, -3.1636550168322524
"RESIDENCIA DE PERSONAS MAYORES ""VIRGEN DE MANCILES""";2025-02-26;PASEO VISTA ALEGRE S/N;09;09194;BURGOS;LERMA;09340;LERMA;947 172129;;090102;"FUNDACIÓN RESIDENCIA DE TERCERA EDAD ""VIRGEN DE MANCILES""";RESIDENCIAL RIBERA DE LA CONCHA S.L.;FUNDACIÓN;residenciadonaconcha@gmail.com;;PERSONAS MAYORES;Residencia;Para asistidos;ASISTIDOS: 42;42.024946;-3.7525452;RICARDO FERNANDEZ GUTIERREZ;42.024946, -3.7525452
CENTRO DE DIA NUESTRA SEÑORA DEL ROSARIO;2024-03-19;AVENIDA VIRGEN (LA) S/N;09;09209;BURGOS;MEDINA DE POMAR;09500;MEDINA DE POMAR - TRESPADERNE;947 147205;947 601600013;091215;FUNDACIÓN HOSPITAL ASILO NUESTRA SEÑORA DEL ROSARIO;;FUNDACIÓN;info@residenciadelrosario.com;;PERSONAS MAYORES;Centro de día;Estancias diurnas;DEPENDIENTES: 15;;;MARIA OCHOA MARTINEZ;
VIVIENDA SUPERVISADA LA ALEGRIA;2023-09-15;CALLE CERVANTES 1 1º DCHA;09;09211;BURGOS;MELGAR DE FERNAMENTAL;09100;MELGAR DE FERNAMENTAL;947 373755;;091234;FUNDACIÓN CONDE FERNÁN ARMENTALEZ;;FUNDACIÓN;secretaria@fundacioncfamelgar.es;;PERSONAS CON DISCAPACIDAD;Vivienda;Personas con discapacidad por trastorno del desarrollo intelectual leve o moderado;DISCAPACIDAD INTELECTUAL: 6;;;CAROLINA PEREZ DE PRADO;
"CENTRO DE ATENCION A PERSONAS MAYORES ""EL MIRADOR RESIDENCIA""";2025-03-19;CAMINO REAL Nº 13;09;09214;BURGOS;VILLASANTE;09569;ESPINOSA DE LOS MONTEROS - VALLE DE MENA;947 440204;947 610700930;091246;AYUNTAMIENTO DE MERINDAD DE MONTIJA;GRUPO RESICARE, S.L.;ADMINISTRACIÓN LOCAL;gruporesicare@gmail.com;;PERSONAS MAYORES;Residencia;Para asistidos;ASISTIDOS: 29;;;AMAYA MARTINEZ JUSTO;
RESIDENCIA DE PERSONAS MAYORES SAN SALVADOR;2025-11-03;CARRETERA PENCHES , S/N;09;09238;BURGOS;OÑA;09530;BRIVIESCA - OÑA;947 258623;;090831;DIPUTACIÓN PROVINCIAL DE BURGOS;;ADMINISTRACIÓN LOCAL;bsocial@diputaciondeburgos.es;;PERSONAS MAYORES;Residencia;Para asistidos;ASISTIDOS: 240;42.7342118;-3.4118014;NOELIA ALONSO ABAD;42.7342118, -3.4118014
RESIDENCIA PARA MAYORES SANTA ANA;2025-03-25;CAMINO MONASTERIO S/N;09;09246;BURGOS;PALACIOS DE LA SIERRA;09680;QUINTANAR DE LA SIERRA;983 343204;983 699085050;090100;FUNDACIÓN DE LA TERCERA EDAD DE PALACIOS DE LA SIERRA;;FUNDACIÓN;residencia09100c@gmail.com;;PERSONAS MAYORES;Residencia;Para asistidos;ASISTIDOS: 36;;;MARIA LUZ ANDRES BAÑOS;
RESIDENCIA VIRGEN DEL CARMEN;2025-03-14;URBANIZACIÓN CANTONAD S/N;09;09410;BURGOS;LEZANA DE MENA;09589;ESPINOSA DE LOS MONTEROS - VALLE DE MENA;947 126591;;090398;Mª CONCEPCION MUÑOZ YUSTRES;RESIDENCIA LEZANA, SL;PERSONA FÍSICA-EMPRESA INDIVIDUAL;residencialezana@hotmail.com;;PERSONAS MAYORES;Residencia;Para asistidos;ASISTIDOS: 24;43.0840535;-3.3468323;AMAIA GARCIA MUÑOZ;43.0840535, -3.3468323
"RESIDENCIA DE MAYORES ""VIRGEN DEL CAMPO VALLE DE VALDEBEZANA""";2024-03-13;CALLE FRANCISCA GOMEZ SALAZAR 12;09;09413;BURGOS;SONCILLO;09572;VALLE DE VALDEBEZANA - SEDANO;947 153045;947 650317878;090134;FUNDACIÓN VIRGEN DEL CAMPO-VALLE DE VALDEBEZANA;RESIDENCIAL VIRGEN DEL CAMPO,S.L.;FUNDACIÓN;residencialvirgendelcampo@gmail.com;;PERSONAS MAYORES;Residencia;Para asistidos;ASISTIDOS: 24;42.9698683;-3.7875253;MARÍA VERÓNICA GARBARINO;42.9698683, -3.7875253
"CENTRO MULTISERVICIOS DE ATENCION SOCIAL ""HENARES""";2021-09-30;PLAZA VERA CRUZ (DE LA) 14;09;09425;BURGOS;VILVIESTRE DEL PINAR;09690;QUINTANAR DE LA SIERRA;947 390651;;090924;AYUNTAMIENTO DE VILVIESTRE DEL PINAR;;ADMINISTRACIÓN LOCAL;;;PERSONAS MAYORES;Centro de día;Hogar (Unidad de atención social);;41.9521927;-3.0783547;LUIS BARTOLOME MEDIAVILLA;41.9521927, -3.0783547
RESIDENCIA DE PERSONAS MAYORES SANTA MARIA;2023-10-16;CALLE SANTA MARIA, Nº 18;09;09427;BURGOS;VILLADIEGO;09120;VILLADIEGO;947 360415;;090458;AYUNTAMIENTO DE VILLADIEGO;ASPANIASMERC 2016, SLU;ADMINISTRACIÓN LOCAL;secretaria@aspaniasburgos.com;;PERSONAS MAYORES;Residencia;Mixta para válidos y asistidos;VÁLIDOS: 8, ASISTIDOS: 68;42.5151972;-4.0077661;REBECA IBAÑEZ VILLEGAS;42.5151972, -4.0077661
LA SALETA BURGOS;2024-02-20;CALLE LLANILLO 13-15;09;09434;BURGOS;VILLAGONZALO-PEDERNALES;09195;BURGOS RURAL - SUR;947 294982;947 662426593;090629;LA SALETA CARE S.L.;;SOCIEDADES;dvillagonzalo@colisee.es;;PERSONAS MAYORES;Residencia;Para asistidos;ASISTIDOS: 182;42.305306;-3.7333141;Judit Sardón Pastor;42.305306, -3.7333141
HOGAR RESIDENCIAL EL RACIMO;2025-03-14;PARAJE LOS ARENALES S/N;09;09442;BURGOS;VILLALMANZO;09390;LERMA;947 170155;;090595;RESIDENCIA LACADI S.L.;;SOCIEDADES;mjlacalle@residenciaelracimo.com;;PERSONAS MAYORES;Residencia;Para asistidos;ASISTIDOS: 51;;;JESÚS LACALLE DÍAZ;
VIVIENDA TUTELADA PROSAME MERINDADES;2024-10-11;CALLE CALVO SOTELO 27 4º A;09;09903;BURGOS;VILLARCAYO;09550;VILLARCAYO;947 223916;;090883;ASOCIACIÓN PROSALUD MENTAL DE BURGOS (PROSAME);;ASOCIACIÓN;info@prosame.es;;PERSONAS CON DISCAPACIDAD;Vivienda;Personas con discapacidad por enfermedad mental;OTROS: 3;42.9359378;-3.573114;BATIRTZE RODRIGUEZ DE LA VEGA;42.9359378, -3.573114
CENTRO OCUPACIONAL PADRE MANJON;2022-11-07;PLAZA ERMITA DE SAN ROQUE Nº 1-2;09;09903;BURGOS;VILLARCAYO;09550;VILLARCAYO;947 131638;;090052;ASOCIACIÓN PARA AYUDA A PERSONAS CON DISCAPACIDAD DE LA ZONA NORTE DE BURGOS, COMARCA DE LAS MERINDADES (ASAMIMER);;ASOCIACIÓN;administracion@asamimer.org;;PERSONAS CON DISCAPACIDAD;Centro de día;Personas con discapacidad por trastorno del desarrollo intelectual;OTROS: 25;42.93980819999999;-3.566086;NURIA ORTIZ LÓPEZ;42.93980819999999, -3.566086
CENTRO OCUPACIONAL QUINTANADUEÑAS (ASPANIAS);2026-03-14;CARRETERA BURGOS KM. 4'3;09;09907;BURGOS;QUINTANADUEÑAS;09197;BURGOS RURAL - NORTE;947 298200;947 947238513;090028;FUNDACIÓN ASPANIAS BURGOS;;FUNDACIÓN;;;PERSONAS CON DISCAPACIDAD;Centro de día;Personas con discapacidad por trastorno del desarrollo intelectual;OTROS: 190;;;OSCAR GARCIA MORENO;
UNIDAD ASISTENCIAL ASPANIAS QUINTANADUEÑAS;2025-10-14;CARRETERA BURGOS KM. 4'3;09;09907;BURGOS;QUINTANADUEÑAS;09197;BURGOS RURAL - NORTE;947 298200;;090034;FUNDACIÓN ASPANIAS BURGOS;;FUNDACIÓN;;;PERSONAS CON DISCAPACIDAD;Centro de día;Personas con discapacidad por trastorno del desarrollo intelectual;OTROS: 70;;;MARIA OCIO SAN MIGUEL;
"CENTRO DE DÍA PARA PERSONAS CON DISCAPACIDAD  FISICA GRAVE "" CINCO LLAGAS""";2023-07-15;CALLE PUERTA SOL 2;24;24008;LEON;ASTORGA;24070;ASTORGA;987 602870;987 603011;240750;CARITAS DIOCESANA DE ASTORGA;;INSTITUCIONES, ÓRDENES, CONGREGACIONES RELIGIOSAS Y SIMILARES;lascincollagas@hotmail.es;;PERSONAS CON DISCAPACIDAD;Centro de día;Personas con discapacidad física;OTROS: 44;;;Julio Francisco Mourelo Vara;
VIVIENDA SUPERVISADA PARADELO;;CALLE POSTAS 1 5º IZDA;24;24008;LEON;ASTORGA;24700;ASTORGA;987 210126;;241890;ASOCIACIÓN LEONESA DE FAMILIARES Y AMIGOS DE ENFERMOS MENTALES - ALFAEM;;ASOCIACIÓN;gerencia@alfaem.org;;PERSONAS CON DISCAPACIDAD;Vivienda;Personas con discapacidad por enfermedad mental;DISCAPACIDAD ENFERMEDAD MENTAL: 4;;;;
RESIDENCIA DE PERSONAS MAYORES VIRGEN DE LOS DESAMPARADOS;2023-03-03;CALLE SOL (EL) 3;24;24008;LEON;ASTORGA;24700;ASTORGA;987 615318;987 615766;240158;HERMANITAS DE LOS ANCIANOS DESAMPARADOS - RESIDENCIA DE TERCERA EDAD VIRGEN DE LOS DESAMPARADOS;;INSTITUCIONES, ÓRDENES, CONGREGACIONES RELIGIOSAS Y SIMILARES;astorga@hermanitas.es;;PERSONAS MAYORES;Residencia;Para asistidos;ASISTIDOS: 170;;;GENOVEVA RUIZ SANTOS;
RESIDENCIA NUESTRA SEÑORA DE CASTROTIERRA;2023-06-16;CALLE FUEROS LEONESES , S/N;24;24010;LEON;BAÑEZA (LA);24750;LA BAÑEZA;987 656084;;240013;PARROQUIAS SANTA MARIA Y EL SALVADOR;EDAD DORADA MENSAJEROS DE LA PAZ CASTILLA Y LEÓN;INSTITUCIONES, ÓRDENES, CONGREGACIONES RELIGIOSAS Y SIMILARES;residenciacastrotierra@mensajerosdelapazcyl.org;;PERSONAS MAYORES;Residencia;Para asistidos;ASISTIDOS: 108;42.2940965;-5.91291;MARIA ANGELES RODRIGUEZ VILLAR;42.2940965, -5.91291
CENTRO NUESTRA SEÑORA DEL VALLE;2023-03-09;DE NOGAREJAS S/N.;24;24010;LEON;BAÑEZA (LA);24750;LA BAÑEZA;987 644159;;240357;DIPUTACIÓN PROVINCIAL DE LEÓN;;ADMINISTRACIÓN LOCAL;;;PERSONAS CON DISCAPACIDAD;Residencia;Personas con discapacidad por trastorno del desarrollo intelectual;OTROS: 131;42.1892895;-6.1381188;MERCEDES ESCUDERO ROBLES;42.1892895, -6.1381188
VIVIENDA PARA PERSONAS  CON DISCAPACIDAD   PSIQUICA  PASARELA II;2023-10-31;CARRETERA MADRID KM.303 1º DCHA.;24;24010;LEON;BAÑEZA (LA);24750;LA BAÑEZA;987 580112;;240632;HOGAR SAN FRANCISCO-PASARELA S.L.;;SOCIEDADES;hogarsanfrancisco@jcyl.es;;PERSONAS CON DISCAPACIDAD;Vivienda;Personas con discapacidad por enfermedad mental;OTROS: 7;;;DAVID MARTÍNEZ ARIAS;
VIVIENDA PARA DISCAPACITADOS PSÍQUICOS PASARELA IV;2023-10-31;CARRETERA MADRID-CORUÑA KM. 303 - 2º IZQDA.;24;24010;LEON;BAÑEZA (LA);24750;LA BAÑEZA;987 642521;987 580001;240920;HOGAR SAN FRANCISCO-PASARELA S.L.;;SOCIEDADES;hogarsanfrancisco@yahoo.es;;PERSONAS CON DISCAPACIDAD;Vivienda;Personas con discapacidad por enfermedad mental;OTROS: 5;;;DAVID MARTÍNEZ ARIAS;
CENTRO DE DÍA CON UNIDAD DE ESTANCIAS DIURNAS ALZHEIMER LA BAÑEZA;2025-03-05;CALLE ERNESTO MENDEZ LUENGO Nº48;24;24010;LEON;BAÑEZA (LA);24750;LA BAÑEZA;987 640607;;241371;ASOCIACION DE FAMILIARES DE ENFERMOS DE ALZHEIMER Y OTRAS DEMENCIAS DE LA BAÑEZA Y COMARCA;;ASOCIACIÓN;alzheimerlabaneza@gmail.com;;PERSONAS MAYORES;Centro de día;Estancias diurnas para enfermos de Alzheimer;ASISTIDOS: 22;42.2994419;-5.9092074;MARTA MARTÍNEZ MARCOS;42.2994419, -5.9092074
UNIDAD DE ESTANCIAS DIURNAS BEMBIBRE;2022-11-17;CALLE SANTO (EL) S/N.;24;24014;LEON;BEMBIBRE;24300;BEMBIBRE;987 510458;;240401;GERENCIA DE SERVICIOS SOCIALES DE CASTILLA Y LEÓN;EULEN SERVICIOS SOCIOSANITARIOS S.A.;ADMINISTRACIÓN AUTONÓMICA;;;PERSONAS MAYORES;Centro de día;Estancias diurnas;ASISTIDOS: 10;42.6145739;-6.4130704;NIEVES ALONSO ASENSIO;42.6145739, -6.4130704
CENTRO RESIDENCIAL CAMPOLAR BIERZO I - PERSONAS MAYORES;2024-08-30;TRAVESÍA CAMPOMURIELES S/N;24;24014;LEON;BEMBIBRE;24300;BEMBIBRE;987 512227;;241039;CENTRO RESIDENCIAL ALTO BIERZO S.L.;;SOCIEDADES;elbierzo@grupocampolar.com;;PERSONAS MAYORES;Residencia;Para asistidos;ASISTIDOS: 66;42.6185645;-6.4267694;MARÍA LUZ PEREIRA MARTÍNEZ;42.6185645, -6.4267694
UNIDAD DE ESTANCIAS DIURNAS LOS ÁNGELES;2024-08-14;AVENIDA ESCRIBANO (EL) 2;24;24015;LEON;BENAVIDES DE ORBIGO;24280;RIBERA DEL ÓRBIGO;987 370003;;240706;AYUNTAMIENTO DE BENAVIDES DE ÓRBIGO;SENIOR SERVICIOS INTEGRALES, S.A.;ADMINISTRACIÓN LOCAL;mbgarcia@seniorsi.es;;PERSONAS MAYORES;Centro de día;Estancias diurnas;ASISTIDOS: 15;;;RAQUEL DORADO RECIO;
RESIDENCIA PARA PERSONAS MAYORES LOS ÁNGELES;2025-05-20;AVENIDA ESCRIBANO (EL) 2;24;24015;LEON;BENAVIDES DE ORBIGO;24280;RIBERA DEL ÓRBIGO;987 371438;;240705;AYUNTAMIENTO DE BENAVIDES DE ÓRBIGO;ACTIVA SOCIAL SOLUTIONS,  S.L.;ADMINISTRACIÓN LOCAL;mbgarcia@seniorsi.es;;PERSONAS MAYORES;Residencia;Para asistidos;ASISTIDOS: 43;;;RAQUEL DORADO RECIO;
CENTRO GERIATRICO SANTA MARIA II;2022-06-23;DE LA LAGUNA, 2;24;24027;LEON;CABAÑAS RARAS;24412;VEGA DE ESPINAREDA;987 453364;;240405;CENTRO GERIÁTRICO SANTA MARÍA S.L.;;SOCIEDADES;inf@centrogeriatricosantamaria.com;;PERSONAS MAYORES;Residencia;Para asistidos;ASISTIDOS: 32;42.62031169999999;-6.6374517;LUIS LUCIANO  DÍAZ RODRIGUEZ;42.62031169999999, -6.6374517
VIVIENDA PORTAL 1-2ºA;2025-12-14;CALLE HOSPITAL S/N;34;34903;PALENCIA;BAHILLO;34127;CARRIÓN DE LOS CONDES - OSORNO;979 885006;;340505;FUNDACIÓN BRIAN;;FUNDACIÓN;;;PERSONAS CON DISCAPACIDAD;Vivienda;Personas con disc. física, sensorial, por trastorno del desarrollo intelectual y/o por enfer. mental;OTROS: 4;42.4426968;-4.5799273;NATALÍ CAMOLEZ FANTAZIA;42.4426968, -4.5799273
"VIVIENDA NUMERO SEIS LETRA ""B"" PLANTA 1ª PORTAL 2";2025-12-14;CALLE HOSPITAL S/N;34;34903;PALENCIA;BAHILLO;34127;CARRIÓN DE LOS CONDES - OSORNO;979 740699;979 000000000;340444;FUNDACIÓN BRIAN;;FUNDACIÓN;;;PERSONAS CON DISCAPACIDAD;Vivienda;Personas con disc. física, sensorial, por trastorno del desarrollo intelectual y/o por enfer. mental;OTROS: 3;42.4426968;-4.5799273;NATALÍ CAMOLEZ FANTAZIA;42.4426968, -4.5799273
RESIDENCIA DE PERSONAS MAYORES SANTA TERESA;2022-01-28;CARRETERA VALDEMIERQUE S/N;37;37008;SALAMANCA;ALBA DE TORMES;37800;ALBA DE TORMES;923 370024;;370281;ROMAN ACEVEDO E HIJOS, S.L.;;SOCIEDADES;resisantateresa@gmail.com;;PERSONAS MAYORES;Residencia;Para asistidos;ASISTIDOS: 82;40.8244625;-5.5238993;ROMAN ACEVEDO TRIGUERO;40.8244625, -5.5238993
VIVIENDA ALBA V;2025-11-21;CALLE PATRONATO SANTA TERESA 3 ÁTICO;37;37008;SALAMANCA;ALBA DE TORMES;37800;ALBA DE TORMES;923 183701;;371647;ASPRODES - FEAPS SALAMANCA;;ASOCIACIÓN;asprodes@asprodes.es;;PERSONAS CON DISCAPACIDAD;Vivienda;Personas con discapacidad por trastorno del desarrollo intelectual leve o moderado;DISCAPACIDAD INTELECTUAL: 3;;;;
CASA ASISTIDA PARA PERSONAS MAYORES DE BAÑOBAREZ;2025-05-07;CALLE HUMILLADERO, S/N;37;37039;SALAMANCA;BAÑOBAREZ;37271;LUMBRALES;923 710003;;370431;AYUNTAMIENTO DE BAÑOBAREZ;;ADMINISTRACIÓN LOCAL;;;PERSONAS MAYORES;Residencia;Para asistidos;ASISTIDOS: 10;;;ELENA ISABEL BARAHONA PÉREZ;
HOGAR RESIDENCIA EL BUEN PASTOR;2023-10-05;CALLE FLAMENCOS 12;37;37046;SALAMANCA;BEJAR;37700;BÉJAR;923 402702;;370238;ASOCIACION HOGAR RESIDENCIA DEL BUEN PASTOR;;ASOCIACIÓN;anats.bp@gmail.com;;PERSONAS MAYORES;Residencia;Para asistidos;ASISTIDOS: 118;40.3872268;-5.765987099999999;Mª CARMEN RICO SÁNCHEZ (asunción de funciones de forma temporal);40.3872268, -5.765987099999999
"VIVIENDA ""EL BOSQUE I""";2021-09-30;CALLE OBISPO ZARRANZ Y PUEYO 58-60, PORTAL 1, 2ºA;37;37046;SALAMANCA;BEJAR;37700;BÉJAR;923 411113;923 411113;371084;ASPRODES - FEAPS SALAMANCA;;ASOCIACIÓN;;;PERSONAS CON DISCAPACIDAD;Vivienda;Personas con discapacidad por trastorno del desarrollo intelectual leve o moderado;OTROS: 5;40.3879399;-5.7520661;JUAN ANTONIO RECIO MOMPÓ;40.3879399, -5.7520661
CLUB DE JUBILADOS;2020-10-14;CALLE MAYOR DE SANCHEZ OCAÑA , 55;37;37046;SALAMANCA;BEJAR;37700;BÉJAR;923 401140;;370128;CAJA DUERO (ANTES CAJA AHORROS SALAMANCA Y SORIA);;CAJAS DE AHORRO;;;PERSONAS MAYORES;Centro de día;Hogar (Unidad de atención social);;40.3835556;-5.7660449;LEOCADIO ELICES EGIDO;40.3835556, -5.7660449
RESIDENCIA MUNICIPAL PARA PERSONAS MAYORES DE BOADA;2025-05-26;CALLE MAYOR S/N;37;37052;SALAMANCA;BOADA;37290;CIUDAD RODRIGO I;923 324310;;371166;AYUNTAMIENTO DE BOADA;SERVICIOS RESIDENCIALES ALPA S.L.U.;ADMINISTRACIÓN LOCAL;soraya.losada@yahoo.es;;PERSONAS MAYORES;Residencia;Para asistidos;ASISTIDOS: 19;;;;
CENTRO DE  MAYORES TESO DE CABRERIZOS;2025-09-11;CALLE PARQUE DE LA ARMUÑA 40;37;37067;SALAMANCA;CABRERIZOS;37193;SALAMANCA RURAL - NORTE;923 209990;;370794;TESO DE LA CRUZ, S.L.;GAUDIUM EL CERRO, S.L.U;SOCIEDADES;residenciatesodecabrerizos@gmail.com;;PERSONAS MAYORES;Residencia;Para asistidos;ASISTIDOS: 102;40.98333885629979;-5.608756238569197;MARCO ANTONIO RIVERA SOLIS;40.98333885629979, -5.608756238569197
"RESIDENCIA ""VIRGEN DE LA PEÑA""";2022-10-26;CALLE NACIENTE, Nº 40 - BAJO;37;37070;SALAMANCA;CALVARRASA DE ARRIBA;37191;LAS VILLAS - SANTA MARTA DE TORMES;923 373327;;370477;ALACAI, S.L.;;SOCIEDADES;residenciacalvarrasa@gmail.com;;PERSONAS MAYORES;Residencia;Para asistidos;ASISTIDOS: 49;40.9073797;-5.590270599999999;ISABEL SANCHEZ JIMENEZ;40.9073797, -5.590270599999999
"VIVIENDA TUTELADA ""LA BESANA""";2023-05-05;CALLE TERESA HERRERO 25;37;37073;SALAMANCA;CALZADA DE VALDUNCIEL;37797;SALAMANCA RURAL - NORTE;923 310223;923 310223;370570;ASOCIACIÓN DE PADRES DE LA ARMUÑA LA BESANA - ASPAR;;ASOCIACIÓN;;;PERSONAS CON DISCAPACIDAD;Vivienda;Personas con disc. física, sensorial, por trastorno del desarrollo intelectual y/o por enfer. mental;OTROS: 8;41.0864801;-5.701137;JOSÉ DELGADO GÓMEZ;41.0864801, -5.701137
RESIDENCIA DE ACOGIDA CASA DON BOSCO;2022-11-07;LUGAR CIUDAD JARDIN VIRGEN DEL MILAGRO 20;34;34225;PALENCIA;VILLAMURIEL DE CERRATO;34190;VENTA DE BAÑOS - DUEÑAS;979 777271;;340192;FUNDACIÓN JUAN SOÑADOR;;FUNDACIÓN;;;INFANCIA (Y JUVENTUD);Residencia;RESIDENCIA DE ACOGIDA;OTROS: 24;41.9557537;-4.5181736;MARIA DEL PILAR CORCES RIO;41.9557537, -4.5181736
"RESIDENCIA DE PERSONAS MAYORES ""DOÑA BLASA GUERRA ALBERT""";2025-08-04;CALLE JOSE SANCHEZ 1;34;34232;PALENCIA;VILLARRAMIEL;34341;VILLARRAMIEL;979 837187;;340248;FUNDACIÓN BENÉFICO PARTICULAR DOÑA BLASA;GEROSALUD MEDITERRANEA S.L.;FUNDACIÓN;residenciavillarramiel@hotmail.com;;PERSONAS MAYORES;Residencia;Para asistidos;ASISTIDOS: 40;42.0426337;-4.9104399;YOLANDA HERRERO FERNÁNDEZ;42.0426337, -4.9104399
"CENTRO POLIVALENTE DE ATENCION A LA DISCAPACIDAD ""LA CASITA""";2024-12-14;PASEO ESTACION 17;34;34232;PALENCIA;VILLARRAMIEL;34350;VILLARRAMIEL;979 837411;;340696;ASOCIACION DE PERSONAS CON DISCAPACIDAD DEL MUNDO RURAL;FUNDACIÓN BRIAN;ASOCIACIÓN;;;PERSONAS CON DISCAPACIDAD;Centro de día;Personas con discapacidad por trastorno del desarrollo intelectual;OTROS: 15;42.0463386;-4.9120941;SUSANA ANTÓN MARÍN;42.0463386, -4.9120941
"RESIDENCIA DE PERSONAS MAYORES ""CESAR RUIPEREZ CORDOVILLA""";2023-10-27;CALLE MESON 19;34;34238;PALENCIA;VILLAVIUDAS;34249;BALTANÁS - TORQUEMADA;979 788133;;340112;FUNDACIÓN BENÉFICO-ASISTENCIAL TABLADA;;FUNDACIÓN;;;PERSONAS MAYORES;Residencia;Para asistidos;ASISTIDOS: 21;41.9630205;-4.3410399;ÁNGELA RODRÍGUEZ AICUA;41.9630205, -4.3410399
RESIDENCIA DE PERSONAS MAYORES SAN JOAQUIN Y SANTA ANA;2025-12-09;CARRETERA BALTANAS S/N;34;34243;PALENCIA;VILLOLDO;34131;CARRIÓN DE LOS CONDES - OSORNO;979 827087;979 000000000;340493;AYUNTAMIENTO DE VILLOLDO;SERVICIOS RESIDENCIALES VAZFER S.L.;ADMINISTRACIÓN LOCAL;;;PERSONAS MAYORES;Residencia;Para asistidos;ASISTIDOS: 24;;;CAROLINA VÁZQUEZ HERNÁNDEZ;
CENTRO DE DIA-UNIDAD DE ESTANCIAS DIURNAS SAN JOAQUIN Y SANTA ANA;2025-01-31;CARRETERA BALTANAS S/N;34;34243;PALENCIA;VILLOLDO;34131;CARRIÓN DE LOS CONDES - OSORNO;979 827087;979 999999999;340494;AYUNTAMIENTO DE VILLOLDO;SERVICIOS RESIDENCIALES VAZFER S.L.;ADMINISTRACIÓN LOCAL;;;PERSONAS MAYORES;Centro de día;Estancias diurnas;ASISTIDOS: 18;;;CAROLINA VÁZQUEZ HERNÁNDEZ;
RESIDENCIA DE PERSONAS MAYORES SAN MIGUEL DE LOS SANTOS;2020-12-21;AVENIDA CONCENTRACION PARCELARIA S/N;34;34901;PALENCIA;OSORNO;34460;CARRIÓN DE LOS CONDES - OSORNO;979 817439;979 817002;340132;AYUNTAMIENTO DE OSORNO LA MAYOR;ASOCIACION RESIDENCIA DE LA TERCERA EDAD DE OSORNO;ADMINISTRACIÓN LOCAL;;;PERSONAS MAYORES;Residencia;Para asistidos;ASISTIDOS: 42;42.407773;-4.3625072;SONIA CELIZ PORRIS;42.407773, -4.3625072
CLUB DE PERSONAS MAYORES;2020-10-14;CALLE CONDE GARAY , S/N;34;34901;PALENCIA;OSORNO;34460;CARRIÓN DE LOS CONDES - OSORNO;979 817127;;340331;ASOCIACION CLUB DE ANCIANOS HOGAR DE LA TERCERA EDAD;;ASOCIACIÓN;;;PERSONAS MAYORES;Centro de día;Hogar (Unidad de atención social);;42.0124584;-4.5311748;;42.0124584, -4.5311748
VIVIENDA PORTAL 1-2º B;2025-12-14;CALLE HOSPITAL S/N.;34;34903;PALENCIA;BAHILLO;34127;CARRIÓN DE LOS CONDES - OSORNO;979 885006;;340506;FUNDACIÓN BRIAN;;FUNDACIÓN;;;PERSONAS CON DISCAPACIDAD;Vivienda;Personas con disc. física, sensorial, por trastorno del desarrollo intelectual y/o por enfer. mental;OTROS: 4;42.4426968;-4.5799273;NAOMÍ CAMOLEZ FANTAZIA;42.4426968, -4.5799273
"VIVIENDA NUMERO CINCO LETRA ""A"" PLANTA 1ª PORTAL 2";2025-11-24;CALLE HOSPITAL S/N;34;34903;PALENCIA;BAHILLO;34127;CARRIÓN DE LOS CONDES - OSORNO;979 740699;979 000000000;340443;FUNDACIÓN BRIAN;;FUNDACIÓN;;;PERSONAS CON DISCAPACIDAD;Vivienda;Personas con disc. física, sensorial, por trastorno del desarrollo intelectual y/o por enfer. mental;OTROS: 3;42.4426968;-4.5799273;NATALÍ CAMOLEZ FANTAZIA;42.4426968, -4.5799273
VIVIENDA PORTAL 2-2ºB;2025-12-14;CALLE HOSPITAL S/N.;34;34903;PALENCIA;BAHILLO;34127;CARRIÓN DE LOS CONDES - OSORNO;979 885006;;340508;FUNDACIÓN BRIAN;;FUNDACIÓN;;;PERSONAS CON DISCAPACIDAD;Vivienda;Personas con discapacidad por trastorno del desarrollo intelectual leve o moderado;OTROS: 4;42.4426968;-4.5799273;NATALÍ CAMOLEZ FANTAZIA;42.4426968, -4.5799273
VIVIENDA PORTAL 2-2ºA;2025-12-14;CALLE HOSPITAL S/N.;34;34903;PALENCIA;BAHILLO;34127;CARRIÓN DE LOS CONDES - OSORNO;979 885006;;340507;FUNDACIÓN BRIAN;;FUNDACIÓN;;;PERSONAS CON DISCAPACIDAD;Vivienda;Personas con discapacidad por trastorno del desarrollo intelectual leve o moderado;OTROS: 4;42.4426968;-4.5799273;NATALÍ CAMOLEZ FANTAZIA;42.4426968, -4.5799273
NUMERO CUATRO. VIVIENDA LETRA B, 1ª. PLANTA PORTAL 1;2025-12-14;CALLE HOSPITAL 1-1º B;34;34903;PALENCIA;BAHILLO;34127;CARRIÓN DE LOS CONDES - OSORNO;979 740699;979 000000000;340327;FUNDACIÓN BRIAN;;FUNDACIÓN;;;PERSONAS CON DISCAPACIDAD;Vivienda;Personas con disc. física, sensorial, por trastorno del desarrollo intelectual y/o por enfer. mental;OTROS: 4;42.44260999999999;-4.58109;NATALÍ CAMOLEZ FANTAZIA;42.44260999999999, -4.58109
RESIDENCIA EL PLANTÍO;2021-09-30;CALLE GUINDOS, Nº 26;37;37002;SALAMANCA;AGALLAS;37511;CIUDAD RODRIGO II;923 490419;;370082;AYUNTAMIENTO DE AGALLAS;;ADMINISTRACIÓN LOCAL;agallasayuntamiento@hotmail.com;;PERSONAS MAYORES;Residencia;Mixta para válidos y asistidos;VÁLIDOS: 2, ASISTIDOS: 17;40.4669794;-3.7006068;Mª JESÚS JORGE SÁNCHEZ;40.4669794, -3.7006068
"RESIDENCIA PARA MAYORES ""SANTO CRISTO DEL MONTE""";2025-07-15;CALLE FELIPE VI S/N;37;37007;SALAMANCA;ALARAZ;37312;PEÑARANDA DE BRACAMONTE;923 550135;;370553;FUNDACION JULIAN TRAPERO PRIETO;LA SALETA CARE S.L.;FUNDACIÓN;tdelgado@colisee.es;;PERSONAS MAYORES;Residencia;Para asistidos;ASISTIDOS: 35;40.7472311;-5.2897765;M. TERESA DELGADO SÁNCHEZ;40.7472311, -5.2897765
VIVIENDA ALBA II;2023-03-15;CALLE PATRONATO SANTA TERESA 3, 1º B;37;37008;SALAMANCA;ALBA DE TORMES;37003;ALBA DE TORMES;923 186893;;371664;ASPRODES - FEAPS SALAMANCA;;ASOCIACIÓN;asprodes@asprodes.es;;PERSONAS CON DISCAPACIDAD;Vivienda;Personas con discapacidad por trastorno del desarrollo intelectual leve o moderado;DISCAPACIDAD INTELECTUAL: 3;;;Mª INMACULADA LORENZO MARTÍN;
VIVIENDA ALBA IV;2023-03-15;CALLE PATRONATO SANTA TERESA 3, 2º B;37;37008;SALAMANCA;ALBA DE TORMES;37800;ALBA DE TORMES;923 186893;;371666;ASPRODES - FEAPS SALAMANCA;;ASOCIACIÓN;asprodes@asprodes.es;;PERSONAS CON DISCAPACIDAD;Vivienda;Personas con discapacidad por trastorno del desarrollo intelectual leve o moderado;OTROS: 3;;;Mª INMACULADA LORENZO MARTÍN;
RESIDENCIA GERIALBA;2023-05-04;CAMINO DEL CORNECILLO Nº 7;37;37008;SALAMANCA;ALBA DE TORMES;37800;ALBA DE TORMES;923 370631;;370816;GERIALBA 2008, S.L.;;SOCIEDADES;info@gerialba.com;;PERSONAS MAYORES;Residencia;Para asistidos;ASISTIDOS: 56;40.8247618;-5.51187;MARTA RODRÍGUEZ CASANOVA;40.8247618, -5.51187
CENTRO DE DÍA CON UNIDAD DE ESTANCIAS DIURNAS GERIALBA;2025-06-18;CAMINO DEL CORNECILLO Nº 7;37;37008;SALAMANCA;ALBA DE TORMES;37800;ALBA DE TORMES;923 370631;;370817;GERIALBA 2008, S.L.;;SOCIEDADES;;;PERSONAS MAYORES;Centro de día;Estancias diurnas;ASISTIDOS: 36;;;Marta Rodríguez Casanova;
"RESIDENCIA PARA PERSONAS MAYORES ""VIRGEN DE LA PEÑA DE FRANCIA""";2026-03-16;AVENIDA PEÑA DE FRANCIA 20;37;37010;SALAMANCA;ALBERCA (LA);37624;TAMAMES;923 423122;;370888;AYUNTAMIENTO DE LA ALBERCA;AZVASE, S.L.;ADMINISTRACIÓN LOCAL;alberca@residenciaazvase.com;;PERSONAS MAYORES;Residencia;Para asistidos;ASISTIDOS: 58;40.4888093;-6.1136579;MARIA DE LA PEÑA MACHADO MARTÍNEZ;40.4888093, -6.1136579
RESIDENCIA MUNICIPAL PARA PERSONAS MAYORES ASISTIDAS LA LLANADA II;2025-07-23;CALLE RÍO DUERO Nº 11;37;37014;SALAMANCA;ALDEADAVILA DE LA RIBERA;37250;LUMBRALES;923 505071;;371150;AYUNTAMIENTO DE ALDEADAVILA DE LA RIBERA;;ADMINISTRACIÓN LOCAL;ayuntamientoaldeadavila@gmail.com;;PERSONAS MAYORES;Residencia;Para asistidos;ASISTIDOS: 65;;;Raquel Sánchez Hernández;
"VIVIENDA HOGAR ""CASA ESCUELA SANTIAGO SIETE""";2009-11-20;CALLE JORGE GUILLEN 27 URBA. EL SOTO;37;37023;SALAMANCA;ALDEATEJADA;37187;SALAMANCA RURAL - SUR;923 219511;;370851;CASA ESCUELAS PIAS SANTIAGO UNO (PP ESCOLAPIOS) DE SALAMANCA;;INSTITUCIONES, ÓRDENES, CONGREGACIONES RELIGIOSAS Y SIMILARES;;;INFANCIA (Y JUVENTUD);Vivienda;Vivienda hogar;OTROS: 8;40.9288529;-5.68848;MANUEL JESUS GARROTE FERNANDO;40.9288529, -5.68848
RESIDENCIA ALBERTIA DE BABILAFUENTE;2025-07-23;CALLE PALOMAR 1 D;37;37038;SALAMANCA;BABILAFUENTE;37330;LAS VILLAS - SANTA MARTA DE TORMES;923 880099;;370896;AYUNTAMIENTO DE BABILAFUENTE;ALBERTIA SERVICIOS SOCIOSANITARIOS, S.A.;ADMINISTRACIÓN LOCAL;babilafuente@albertia.es;;PERSONAS MAYORES;Residencia;Para asistidos;ASISTIDOS: 100;;;CRISTINA ROMERO CASTELLANO;
RESIDENCIA TERCERA EDAD MARIA AUXILIADORA DE  BARRUECOPARDO;2025-07-23;CALLE ALEJANDRO REBOLLO S/N;37;37044;SALAMANCA;BARRUECOPARDO;37255;LUMBRALES;923 508462;;370841;AYUNTAMIENTO DE BARRUECOPARDO;SERVICIOS RESIDENCIALES ALPA S.L.U.;ADMINISTRACIÓN LOCAL;gallego-vicente@hotmail.com;;PERSONAS MAYORES;Residencia;Para asistidos;ASISTIDOS: 19;;;MIRIAM MARTÍN ORTIZ;
CENTRO DE DIA PARA PERSONAS CON DISCAPACIDAD INTELECTUAL DE BÉJAR;2024-02-26;SUBIDA LAUDELINO CUBINO;37;37046;SALAMANCA;BEJAR;37700;CIUDAD RODRIGO I;923 403175;;370677;GERENCIA DE SERVICIOS SOCIALES DE CASTILLA Y LEÓN;;ADMINISTRACIÓN AUTONÓMICA;;;PERSONAS CON DISCAPACIDAD;Centro de día;Personas con discapacidad por trastorno del desarrollo intelectual;OTROS: 81;;;Antonio Gil Donaire;
VIVIENDA ASPROCOLOR I;2024-12-14;CALLE OBISPO ZARRANZ Y PUEYO 50 BAJO A;37;37046;SALAMANCA;BEJAR;37700;BÉJAR;923 411113;923 411113;370863;ASPRODES - FEAPS SALAMANCA;;ASOCIACIÓN;;;PERSONAS CON DISCAPACIDAD;Vivienda;Personas con discapacidad por trastorno del desarrollo intelectual leve o moderado;OTROS: 4;40.3874663;-5.7525351;JUAN ANTONIO RECIO MOMPO;40.3874663, -5.7525351
VIVIENDA ASPROCOLOR II;2025-01-14;CALLE OBISPO ZARRANZ Y PUEYO 50 BAJO B;37;37046;SALAMANCA;BEJAR;37700;BÉJAR;923 411113;923 411113;370864;ASPRODES - FEAPS SALAMANCA;;ASOCIACIÓN;;;PERSONAS CON DISCAPACIDAD;Vivienda;Personas con discapacidad por trastorno del desarrollo intelectual leve o moderado;OTROS: 4;40.3874663;-5.7525351;JUAN ANTONIO RECIO MOMPO;40.3874663, -5.7525351
"VIVIENDA ""EL BOSQUE II""";2024-08-15;CALLE OBISPO ZARRANZ Y PUEYO 58-60 PORTAL 1, 2º D;37;37046;SALAMANCA;BEJAR;37700;BÉJAR;923 411113;923 411113;371085;ASPRODES - FEAPS SALAMANCA;;ASOCIACIÓN;;direccionasprocolor@asprodes.es;PERSONAS CON DISCAPACIDAD;Vivienda;Personas con discapacidad por trastorno del desarrollo intelectual leve o moderado;OTROS: 5;40.3879399;-5.7520661;JUAN ANTONIO RECIO MOMPÓ;40.3879399, -5.7520661
"CENTRO DE DÍA ""LOS GIRASOLES""";2020-10-14;CALLE FILIBERTO VILLALOBOS S/N;37;37046;SALAMANCA;BEJAR;37700;BÉJAR;923 402270;;370609;CARITAS INTERPARROQUIAL DE BÉJAR;;INSTITUCIONES, ÓRDENES, CONGREGACIONES RELIGIOSAS Y SIMILARES;;;PERSONAS CON DISCAPACIDAD;Centro de día;Personas con discapacidad por trastorno del desarrollo intelectual;OTROS: 15;40.3849058;-5.7668364;ANA MARIA VICENTE PERALEJO;40.3849058, -5.7668364
"RESIDENCIA ""SAN JOSE""";2021-11-26;PLAZA ESPAÑA 18;37;37046;SALAMANCA;BEJAR;37700;BÉJAR;923 400257;923 401519;370008;HERMANITAS DE LOS ANCIANOS DESAMPARADOS - HOGAR RESIDENCIA SAN JOSÉ DE BÉJAR;;INSTITUCIONES, ÓRDENES, CONGREGACIONES RELIGIOSAS Y SIMILARES;;;PERSONAS MAYORES;Residencia;Para asistidos;ASISTIDOS: 98;40.3779864;-5.7633198;SANDRA SÁNCHEZ GONZÁLEZ;40.3779864, -5.7633198
CENTRO OCUPACIONAL ALTAIR;2025-02-26;CTRA. BÉJAR- NAVALMORAL CV 186 KM 14.;37;37046;SALAMANCA;BEJAR;37700;BÉJAR;923 411113;;371162;SALARCA SOCIEDAD COOPERATIVA DE INICIATIVA SOCIAL;ASPRODES - FEAPS SALAMANCA;SOCIEDADES;direccionasprocolor@asprodes.es;;PERSONAS CON DISCAPACIDAD;Centro de día;Personas con discapacidad por trastorno del desarrollo intelectual;OTROS: 25;;;NURIA BLÁZQUEZ CAMPOS;
"CENTRO DE DIA DE MAYORES ""MAMA MARGARITA""";2025-10-17;PLAZA SAN JUAN BOSCO 6;37;37046;SALAMANCA;BEJAR;37700;BÉJAR;923 408033;;370565;RESITER BIENESTAR S.L.;;SOCIEDADES;;;PERSONAS MAYORES;Centro de día;Estancias diurnas;ASISTIDOS: 20;40.3879634;-5.7754147;MARCIANO ENCINAS ROMAN;40.3879634, -5.7754147
RESIDENCIA PERSONAS MAYORES LA ATALAYA III;2025-07-11;CALLE ENCINA 15;37;37047;SALAMANCA;BELEÑA;37789;ALBA DE TORMES;923 381356;;370118;VALDEPASTOR, S.L.;;SOCIEDADES;;;PERSONAS MAYORES;Residencia;Para asistidos;ASISTIDOS: 42;40.749935624407364;-5.628207210259807;VIRGINIA AZABAL ÁLVAREZ;40.749935624407364, -5.628207210259807
"VIVIENDA TUTELADA ""CARMEN DIAZ-MUNIO""";2012-06-25;CALLE ESCUELAS 17, 2º D;37;37073;SALAMANCA;CALZADA DE VALDUNCIEL;37797;SALAMANCA RURAL - NORTE;923 310223;923 310455;370939;ASOCIACIÓN DE PADRES DE LA ARMUÑA LA BESANA - ASPAR;;ASOCIACIÓN;;;PERSONAS CON DISCAPACIDAD;Vivienda;Personas con disc. física, sensorial, por trastorno del desarrollo intelectual y/o por enfer. mental;OTROS: 4;41.085278;-5.7023122;MARCELINA LEDESMA GARCIA;41.085278, -5.7023122
CASA ASISTIDA PARA PERSONAS MAYORES;2025-07-23;CAMINO HORCAJO S/N;37;37081;SALAMANCA;CANTALAPIEDRA;37400;PEÑARANDA DE BRACAMONTE;923 530001;;370458;AYUNTAMIENTO DE CANTALAPIEDRA;;ADMINISTRACIÓN LOCAL;;;PERSONAS MAYORES;Residencia;Para asistidos;ASISTIDOS: 10;41.1213336;-5.1812755;SUSANA CURTO SÁNCHEZ;41.1213336, -5.1812755
"CENTRO DE DIA ""MIRAFLOR"" - UNIDAD DE ESTANCIAS DIURNAS";2021-09-30;PASEO RUBENS 26;37;37085;SALAMANCA;CARBAJOSA DE LA SAGRADA;37188;SALAMANCA RURAL - SUR;666 193074;;371187;FLOR MARINA GÓMEZ MALMIERCA;;PERSONA FÍSICA-EMPRESA INDIVIDUAL;direccionmiraflor@hotmail.com;;PERSONAS MAYORES;Centro de día;Estancias diurnas;ASISTIDOS: 30;40.9353723;-5.6488416;FLOR MARINA GOMEZ MALMIERCA;40.9353723, -5.6488416
VIVIENDA MIROBRIGA IV;2025-04-14;CALLE TORMES 39, 2º A;37;37107;SALAMANCA;CIUDAD-RODRIGO;37500;CIUDAD RODRIGO I;923 480627;;371027;ASPRODES - FEAPS SALAMANCA;;ASOCIACIÓN;;;PERSONAS CON DISCAPACIDAD;Vivienda;Personas con discapacidad por trastorno del desarrollo intelectual leve o moderado;OTROS: 5;40.5978628;-6.5220172;JUAN ANTONIO RECIO MOMPÓ;40.5978628, -6.5220172
VIVIENDA SAN MARCIAL;2025-09-29;CALLE SAN MARCIAL 8 2º IZQUIERDA;37;37107;SALAMANCA;CIUDAD-RODRIGO;37500;CIUDAD RODRIGO I;923 186893;;371209;ASPRODES - FEAPS SALAMANCA;;ASOCIACIÓN;asprodes@asprodes.es;;PERSONAS CON DISCAPACIDAD;Vivienda;Personas con discapacidad por trastorno del desarrollo intelectual leve o moderado;OTROS: 3;;;JUAN ANTONIO RECIO MOMPÓ;
CLUB DE JUBILADOS CAJA SALAMANCA Y SORIA;2020-10-14;CALLE CARDENAL PACHECO 7;37;37107;SALAMANCA;CIUDAD-RODRIGO;37500;CIUDAD RODRIGO I;923 460016;;370123;CAJA DUERO (ANTES CAJA AHORROS SALAMANCA Y SORIA);;CAJAS DE AHORRO;;;PERSONAS MAYORES;Centro de día;Hogar (Unidad de atención social);;40.5983972;-6.5345636;JOSE MANUEL HERNANDEZ SANCHEZ;40.5983972, -6.5345636
CENTRO MUNICIPAL DE DIA;2022-11-07;CALLE CLEMENTE VELASCO Nº 50-60;37;37107;SALAMANCA;CIUDAD-RODRIGO;37500;CIUDAD RODRIGO I;923 498400;923 498057;370867;AYUNTAMIENTO DE CIUDAD RODRIGO;;ADMINISTRACIÓN LOCAL;;;PERSONAS MAYORES;Centro de día;Hogar (Unidad de atención social);;40.5901572;-6.537707999999999;FRANCISCO JAVIER IGLESIAS GARCIA;40.5901572, -6.537707999999999
RESIDENCIA PERSONAS MAYORES HOSPITAL DE LA PASION;2025-08-21;CALLE SINAGOGA 1-3;37;37107;SALAMANCA;CIUDAD-RODRIGO;37500;CIUDAD RODRIGO I;923 460046;;370011;HOSPITAL DE LA PASION;;FUNDACIÓN;administracion@fundacionhospitalpasion.org;;PERSONAS MAYORES;Residencia;Mixta para válidos y asistidos;ASISTIDOS: 107, VÁLIDOS: 37;40.595803122707245;-6.534131598485503;Mª DOLORES PÉREZ CUEVAS;40.595803122707245, -6.534131598485503
RESIDENCIA SAN JOSE;2025-03-10;CALLE CAMPO DEL POZO 1;37;37107;SALAMANCA;CIUDAD-RODRIGO;37500;CIUDAD RODRIGO I;923 460604;;370339;HERMANITAS DE LOS ANCIANOS DESAMPARADOS - HOGAR RESIDENCIA SAN JOSÉ DE CIUDAD RODRIGO;;INSTITUCIONES, ÓRDENES, CONGREGACIONES RELIGIOSAS Y SIMILARES;ciudadrodrigo@hermanitas.es;;PERSONAS MAYORES;Residencia;Para asistidos;ASISTIDOS: 124;40.5968181;-6.5320129;CRISTINA CAMPANO ALONSO;40.5968181, -6.5320129
RESIDENCIA MUNICIPAL DE EL CUBO DE DON SANCHO;2025-05-14;CALLE DON MARCELINO LEGIDO, 12;37;37113;SALAMANCA;CUBO DE DON SANCHO;37281;VITIGUDINO;923 443137;;371787;AYUNTAMIENTO DE CUBO DE DON SANCHO;SERVICIOS RESIDENCIALES ALPA S.L.U.;ADMINISTRACIÓN LOCAL;ayto@cubodedonsancho.org;;PERSONAS MAYORES;Residencia;Para asistidos;DEPENDIENTES: 19;;;;
CLUB DE PERSONAS MAYORES;2020-10-14;CALLE MOLINO S/N;37;37117;SALAMANCA;DOÑINOS DE SALAMANCA;37120;LEDESMA;923 330001;;370530;AYUNTAMIENTO DE DOÑINOS;;ADMINISTRACIÓN LOCAL;;;PERSONAS MAYORES;Centro de día;Hogar (Unidad de atención social);;40.9601275;-5.7472507;SANTIAGO FRAILE RODRIGUEZ;40.9601275, -5.7472507
RESIDENCIA NUEVO SIGLO;2024-04-03;CALLE MONTALVOS 1;37;37117;SALAMANCA;DOÑINOS DE SALAMANCA;37120;LEDESMA;923 330440;;370532;GRUPO SERGESA, S.A.;;SOCIEDADES;nuevosiglo21@hotmail.com;;PERSONAS MAYORES;Residencia;Para asistidos;DEPENDIENTES: 67;40.9583502;-5.746751799999999;ALICIA FERNÁNDEZ GONZÁLEZ;40.9583502, -5.746751799999999
CASA GRANDE;2024-04-12;CALLE MOROS S/N;37;37125;SALAMANCA;ESCURIAL DE LA SIERRA;37762;LINARES;923 442086;;370066;VILLAS RESIDENCIALES, S.L.;;SOCIEDADES;casagrande.residencia@gmail.com;;PERSONAS MAYORES;Residencia;Para asistidos;ASISTIDOS: 12;40.6178179;-5.9576796;MANUEL BENITO SANCHEZ;40.6178179, -5.9576796
CLUB DE PERSONAS MAYORES LA ENCINA;2020-10-14;CALLE PAZ 8;37;37127;SALAMANCA;ESPEJA;37497;CIUDAD RODRIGO II;923 483855;;370041;ASOCIACION DE TERCERA EDAD LA ENCINA;;ASOCIACIÓN;;;PERSONAS MAYORES;Centro de día;Hogar (Unidad de atención social);;40.9630673;-5.6705979;PATROCINIO BENITO ALONSO;40.9630673, -5.6705979
RESIDENCIA DE PERSONAS MAYORES TOMAS MATEOS;2022-01-24;PASEO ESTACION S/N;37;37135;SALAMANCA;FUENTE DE SAN ESTEBAN (LA);37200;CIUDAD RODRIGO I;923 440943;923 440944;370581;AYUNTAMIENTO DE LA FUENTE DE SAN ESTEBAN;RESIDENCIA PARA MAYORES EL ABADENGO, S.L.;ADMINISTRACIÓN LOCAL;info@residenciasabadengo.com;;PERSONAS MAYORES;Residencia;Para asistidos;ASISTIDOS: 39;40.7985931;-6.2536152;ROSA Mª DÍEZ FERNÁNDEZ;40.7985931, -6.2536152
CLUB DE PERSONAS MAYORES;2020-10-14;CALLE COLON 10;37;37135;SALAMANCA;FUENTE DE SAN ESTEBAN (LA);37200;CIUDAD RODRIGO I;923 440045;;370055;AYUNTAMIENTO DE LA FUENTE DE SAN ESTEBAN;;ADMINISTRACIÓN LOCAL;;;PERSONAS MAYORES;Centro de día;Hogar (Unidad de atención social);;40.8006073;-6.2582021;;40.8006073, -6.2582021
"RESIDENCIA DE PERSONAS MAYORES ""LA PEREGRINA""";2021-03-11;PLAZA MAYOR 1;37;37148;SALAMANCA;GARCIHERNANDEZ;37810;ALBA DE TORMES;923 371568;;370494;AYUNTAMIENTO DE GARCIHERNANDEZ;MACAVEL ATENCIONES INTEGRALES, S.L.;ADMINISTRACIÓN LOCAL;aytogarcihernandez@gmail.com;;PERSONAS MAYORES;Residencia;Para asistidos;ASISTIDOS: 16;40.8620333;-5.4337376;Jesús García Sánchez;40.8620333, -5.4337376
CENTRO RESIDENCIAL SAN JOSE;2025-07-23;PLAZA ESPAÑA 7;37;37171;SALAMANCA;LEDRADA;37730;GUIJUELO;923 591104;;370391;AYUNTAMIENTO DE LEDRADA;Mª ROSARIO PÉREZ GÓMEZ;ADMINISTRACIÓN LOCAL;;;PERSONAS MAYORES;Residencia;Para asistidos;ASISTIDOS: 21;40.4688255;-5.722442699999999;Mª ROSARIO PÉREZ GÓMEZ;40.4688255, -5.722442699999999
RESIDENCIA COMARCAL MIXTA;2024-01-25;CALLE LAS SALEGAS Nº 5;37;37172;SALAMANCA;LINARES DE RIOFRIO;37760;LINARES;923 416340;923 416374;370675;AYUNTAMIENTO DE LINARES DE RIOFRIO;LINAR5 2020 S.L;ADMINISTRACIÓN LOCAL;linar52020@hotmail.com;;PERSONAS MAYORES;Residencia;Mixta para válidos y asistidos;ASISTIDOS: 32, VÁLIDOS: 6;;;MARINA MARTIN MARTIN;
RESIDENCIA MUNICIPAL DE MAYORES LUMBRALES;2022-11-07;CALLE RESIDENCIA S/N;37;37173;SALAMANCA;LUMBRALES;37240;LUMBRALES;923 512283;923 512161;370747;AYUNTAMIENTO DE LUMBRALES;ALBAICIN, SOCIEDAD COOPERATIVA;ADMINISTRACIÓN LOCAL;;;PERSONAS MAYORES;Residencia;Para asistidos;ASISTIDOS: 29;40.9369832;-6.7199658;Mª ESTHER SANTIAGO GONZÁLEZ;40.9369832, -6.7199658
"RESIDENCIA DE PERSONAS MAYORES ""MARTIN DE YELTES""";2022-09-07;BARRIO SAN ANTONIO 69;37;37183;SALAMANCA;MARTIN DE YELTES;37494;CIUDAD RODRIGO I;923 440238;;370916;AYUNTAMIENTO DE MARTIN DE YELTES;ALBAICIN, SOCIEDAD COOPERATIVA;ADMINISTRACIÓN LOCAL;;;PERSONAS MAYORES;Residencia;Para asistidos;ASISTIDOS: 30;40.7764285;-6.2864808;Margarita Martinez Rodríguez;40.7764285, -6.2864808
RESIDENCIA DE PERSONAS MAYORES  CIELO DE LAS ARRIBES;2025-07-23;CARRETERA LA ZARZA, S/N;37;37184;SALAMANCA;MASUECO;37251;LUMBRALES;923 505238;;370868;AYUNTAMIENTO DE MASUECO;ALBAICIN, SOCIEDAD COOPERATIVA;ADMINISTRACIÓN LOCAL;;;PERSONAS MAYORES;Residencia;Para asistidos;ASISTIDOS: 35;41.2009363;-6.5913034;Margarita Martínez Rodríguez;41.2009363, -6.5913034
RESIDENCIA MUNICIPAL PARA PERSONAS MAYORES MARCOS SANCHEZ;2025-06-11;CALLE CEREZAL 53-B;37;37190;SALAMANCA;MIEZA;37254;LUMBRALES;663 971569;;370937;AYUNTAMIENTO DE MIEZA;;ADMINISTRACIÓN LOCAL;aytodemieza@gmail.com;;PERSONAS MAYORES;Residencia;Para asistidos;ASISTIDOS: 16;41.1609539292805;-6.68840851853827;JOSE ARTURO SÁNCHEZ ILLERA;41.1609539292805, -6.68840851853827
"CENTRO OCUPACIONAL ""POSADA MIRANDA""";2020-10-14;CALLE ARRABAL 11;37;37193;SALAMANCA;MIRANDA DEL CASTAÑAR;37660;LINARES;923 432962;923 432964;370987;ASPRODES - FEAPS SALAMANCA;;ASOCIACIÓN;;;PERSONAS CON DISCAPACIDAD;Centro de día;Personas con discapacidad por trastorno del desarrollo intelectual;OTROS: 6;40.4857642;-6.0015868;JUAN ANTONIO RECIO MOMPÓ;40.4857642, -6.0015868
CLUB DE PERSONAS MAYORES SAN MIGUEL ARCANGEL;2022-11-07;CARRETERA DE MOGARRAZ S/N;37;37196;SALAMANCA;MONFORTE DE LA SIERRA;37618;TAMAMES;;;370112;ASOCIACION DE TERCERA EDAD SAN MIGUEL ARCANGEL;;ASOCIACIÓN;;;PERSONAS MAYORES;Centro de día;Hogar (Unidad de atención social);;40.4899187;-6.1094124;FEDERICO HERNANDEZ HERNANDEZ;40.4899187, -6.1094124
CENTRO DE DÍA PARA PERSONAS MAYORES - UNIDAD ESTANCIAS DIURNAS;2022-04-11;TRAVESÍA SALIDA SALAMANCA, Nº 10;37;37231;SALAMANCA;PARADA DE RUBIALES;37419;LAS VILLAS - SANTA MARTA DE TORMES;923 360001;;371615;AYUNTAMIENTO DE PARADA DE RUBIALES;;ADMINISTRACIÓN LOCAL;ayuntamientodeparada@hotmail.com;;PERSONAS MAYORES;Centro de día;Estancias diurnas;ASISTIDOS: 15;41.1476683;-5.4378009;Mª CRISTINA MARTÍN MARTÍN;41.1476683, -5.4378009
CASA ASISTIDA DE PERSONAS MAYORES;2026-03-23;PASEO ESTACION S/N;37;37239;SALAMANCA;PEDROSO DE LA ARMUÑA (EL);37410;LAS VILLAS - SANTA MARTA DE TORMES;923 360306;;370469;AYUNTAMIENTO DE PEDROSO DE LA ARMUÑA;RESIDENCIA YACYN, S.L.;ADMINISTRACIÓN LOCAL;;;PERSONAS MAYORES;Residencia;Para asistidos;ASISTIDOS: 11;41.0794796;-5.4032033;Mª DEL ROSARIO GUTIÉRREZ PÉREZ;41.0794796, -5.4032033
RESIDENCIA DE MAYORES HOSPITAL-ASILO DEL SAGRADO CORAZON DE JESUS Y PATRIARCA SAN JOSE;2023-12-13;CARRETERA MADRID, Nº1;37;37246;SALAMANCA;PEÑARANDA DE BRACAMONTE;37300;PEÑARANDA DE BRACAMONTE;923 540043;;370312;FUNDACIÓN ELISA MUÑÓZ RODRÍGUEZ. ASILO SAGRADO CORAZÓN DE JESÚS Y PATRIARCA S. JOSÉ;;FUNDACIÓN;;;PERSONAS MAYORES;Residencia;Para asistidos;ASISTIDOS: 60;40.9048865;-5.2080095;JOSÉ ANTONIO RODRÍGUEZ FLORES;40.9048865, -5.2080095
CLUB DE PERSONAS MAYORES;2020-10-14;CALLE CERRAJEROS 16;37;37246;SALAMANCA;PEÑARANDA DE BRACAMONTE;37300;PEÑARANDA DE BRACAMONTE;923 540550;923 541710;370024;AYUNTAMIENTO DE PEÑARANDA DE BRACAMONTE;;ADMINISTRACIÓN LOCAL;;;PERSONAS MAYORES;Centro de día;Hogar (Unidad de atención social);;40.9014066;-5.1990048;;40.9014066, -5.1990048
"RESIDENCIA ""NUESTRA SEÑORA DE LA ASUNCION""";2023-03-10;CALLE HOSPITAL 3;37;37263;SALAMANCA;PUERTO DE BEJAR;37720;BÉJAR;923 414277;;370423;FUNDACIÓN NUESTRA SEÑORA DE LA ASUNCIÓN;;FUNDACIÓN;tosanher@yahoo.es;;PERSONAS MAYORES;Residencia;Para asistidos;ASISTIDOS: 37;40.35019;-5.836889999999999;José Sánchez Martín;40.35019, -5.836889999999999
RESIDENCIA PARA PERSONAS MAYORES EL EGIDO;2025-05-07;CALLE FRAY MARTIN DE ROBLEDA 6;37;37269;SALAMANCA;ROBLEDA;37521;CIUDAD RODRIGO II;923 090262;;370874;AYUNTAMIENTO DE ROBLEDA;TESSA MEDIOAMBIENTAL S.L.;ADMINISTRACIÓN LOCAL;;;PERSONAS MAYORES;Residencia;Para asistidos;ASISTIDOS: 24;;;ELENA PRIETO GÓMEZ;
RESIDENCIA DE PROTECCIÓN DE MENORES MOLINOS DEL TORMES;2022-12-21;AVENIDA JUAN PABLO II 67-71;37;37274;SALAMANCA;SALAMANCA;37008;SALAMANCA - ZONA 2 - CHAMBERÍ - BUENOS AIRES;923 193308;;370131;GERENCIA DE SERVICIOS SOCIALES DE CASTILLA Y LEÓN;;ADMINISTRACIÓN AUTONÓMICA;;;INFANCIA (Y JUVENTUD);Residencia;De protección;OTROS: 32;40.95511510000001;-5.6992902;FRANCISCO LARA LOPEZ;40.95511510000001, -5.6992902
RESIDENCIA DE PERSONAS MAYORES (SAN JUAN DE SAHAGÚN);2023-06-20;CALLE SANTIAGO MADRIGAL  Nº 49;37;37274;SALAMANCA;SALAMANCA;37003;SALAMANCA - ZONA 4 - EL ROLLO;923 182264;923 182271;370065;GERENCIA DE SERVICIOS SOCIALES DE CASTILLA Y LEÓN;;ADMINISTRACIÓN AUTONÓMICA;;;PERSONAS MAYORES;Residencia;Para asistidos;DEPENDIENTES: 164;40.97158;-5.636979999999999;MARÍA RENEDO RODRÍGUEZ;40.97158, -5.636979999999999
VIVIENDA PASEO ESTACIÓN II;2025-07-14;PASEO ESTACION 41-43;37;37274;SALAMANCA;SALAMANCA;37003;SALAMANCA - ZONA 6 - GARRIDO SUR;923 186893;;371653;ASPRODES - FEAPS SALAMANCA;;ASOCIACIÓN;asprodes@asprodes.es;;PERSONAS CON DISCAPACIDAD;Vivienda;Personas con discapacidad por trastorno del desarrollo intelectual leve o moderado;DISCAPACIDAD INTELECTUAL: 4;40.9699246;-5.6549105;;40.9699246, -5.6549105
VIVIENDA EL SALADO III;2023-01-26;CALLE BATALLA DEL SALADO 3 3º A;37;37274;SALAMANCA;SALAMANCA;37003;SALAMANCA - ZONA 4 - EL ROLLO;923 183701;;371649;ASPRODES - FEAPS SALAMANCA;;ASOCIACIÓN;asprodes@asprodes.es;;PERSONAS CON DISCAPACIDAD;Vivienda;Personas con discapacidad por trastorno del desarrollo intelectual leve o moderado;DISCAPACIDAD INTELECTUAL: 3;40.9635151;-5.6509034;;40.9635151, -5.6509034
VIVIENDA JUAN PABLO;2023-06-28;AVENIDA JUAN PABLO II 4-12 2º C;37;37274;SALAMANCA;SALAMANCA;37008;SALAMANCA - ZONA 2 - CHAMBERÍ - BUENOS AIRES;923 186893;;371694;ASPRODES - FEAPS SALAMANCA;;ASOCIACIÓN;asprodes@asprodes.es;;PERSONAS CON DISCAPACIDAD;Vivienda;Personas con discapacidad por trastorno del desarrollo intelectual leve o moderado;DISCAPACIDAD INTELECTUAL: 3;40.9551463;-5.6946015;EMILIA CRUZ SÁNCHEZ;40.9551463, -5.6946015
"VIVIENDA ""LUCAS""";2025-07-14;CALLE ALONSO DEL CASTILLO 1, 1º A;37;37274;SALAMANCA;SALAMANCA;37003;SALAMANCA - ZONA 4 - EL ROLLO;923 186893;;371080;ASPRODES - FEAPS SALAMANCA;;ASOCIACIÓN;;;PERSONAS CON DISCAPACIDAD;Vivienda;Personas con discapacidad por trastorno del desarrollo intelectual leve o moderado;OTROS: 4;40.9622477;-5.6492171;EMILIA CRUZ SÁNCHEZ;40.9622477, -5.6492171
"RESIDENCIA ""MADRIGAL II""";2025-06-14;CALLE LUGO 29-37;37;37274;SALAMANCA;SALAMANCA;37003;SALAMANCA - ZONA 4 - EL ROLLO;923 186989;;370742;ASPRODES - FEAPS SALAMANCA;;ASOCIACIÓN;;;PERSONAS CON DISCAPACIDAD;Residencia;Personas con discapacidad por trastorno del desarrollo intelectual;OTROS: 29;40.9653716;-5.6489659;ÁNGELA GÓMEZ LLORENTE;40.9653716, -5.6489659
VIVIENDA MEJICO  II;2025-04-14;CALLE MEJICO 9-11 4ºC;37;37274;SALAMANCA;SALAMANCA;37003;SALAMANCA - ZONA 4 - EL ROLLO;;;370665;ASPRODES - FEAPS SALAMANCA;;ASOCIACIÓN;;;PERSONAS CON DISCAPACIDAD;Vivienda;Personas con discapacidad por trastorno del desarrollo intelectual leve o moderado;OTROS: 6;40.9651972;-5.655876000000001;Emilia Cruz Sánchez;40.9651972, -5.655876000000001
VIVIENDA ESTACIÓN 41 III;2026-03-14;PASEO;37;37274;SALAMANCA;SALAMANCA;37004;SALAMANCA - ZONA 6 - GARRIDO SUR;923 187619;;370732;ASPRODES - FEAPS SALAMANCA;;ASOCIACIÓN;;;PERSONAS CON DISCAPACIDAD;Vivienda;Personas con disc. física, sensorial, por trastorno del desarrollo intelectual y/o por enfer. mental;OTROS: 5;;;Emilia Cruz Sanchez;
"VIVIENDA ""MONTESINOS""";2023-10-15;CALLE ANTONIO MONTESINOS 2- 3º E;37;37274;SALAMANCA;SALAMANCA;37003;SALAMANCA - ZONA 4 - EL ROLLO;923 181854;923 214550;370847;ASPRODES - FEAPS SALAMANCA;;ASOCIACIÓN;;;PERSONAS CON DISCAPACIDAD;Vivienda;Personas con discapacidad por trastorno del desarrollo intelectual leve o moderado;OTROS: 5;40.9626258;-5.64914;JUAN ANTONIO RECIO MOMPÓ;40.9626258, -5.64914
"VIVIENDA ""ALEGRIA""";2025-03-14;CALLE ALEGRIA , 21- 3º A;37;37274;SALAMANCA;SALAMANCA;37003;SALAMANCA - ZONA 4 - EL ROLLO;923 181854;923 214550;370846;ASPRODES - FEAPS SALAMANCA;;ASOCIACIÓN;;;PERSONAS CON DISCAPACIDAD;Vivienda;Personas con discapacidad por trastorno del desarrollo intelectual leve o moderado;OTROS: 5;40.9636992;-5.6496623;JUAN ANTONIO RECIO MOMPO;40.9636992, -5.6496623
VIVIENDA TRAFALGAR;2023-08-15;CALLE TRAFALGAR 1-5 1º A;37;37274;SALAMANCA;SALAMANCA;37003;SALAMANCA - ZONA 4 - EL ROLLO;923 186893;;371565;ASPRODES - FEAPS SALAMANCA;;ASOCIACIÓN;asprodes@asprodes.es;;PERSONAS CON DISCAPACIDAD;Vivienda;Personas con discapacidad por trastorno del desarrollo intelectual leve o moderado;OTROS: 3;40.9628886;-5.6502447;Mª Inmaculada Lorenzo Martín;40.9628886, -5.6502447
VIVIENDA MARÍA LA BRAVA;2023-10-15;CALLE MARIA LA BRAVA;37;37274;SALAMANCA;SALAMANCA;37003;SALAMANCA - ZONA 4 - EL ROLLO;923 186893;;371689;ASPRODES - FEAPS SALAMANCA;;ASOCIACIÓN;asprodes@asprodes.es;;PERSONAS CON DISCAPACIDAD;Vivienda;Personas con discapacidad por trastorno del desarrollo intelectual leve o moderado;DISCAPACIDAD INTELECTUAL: 3;40.9699304;-5.6487517;EMILIA CRUZ SÁNCHEZ;40.9699304, -5.6487517
VIVIENDA PARDO BAZÁN;2023-12-15;CALLE PARDO BAZAN 13-15 3º A;37;37274;SALAMANCA;SALAMANCA;37004;SALAMANCA - ZONA 6 - GARRIDO SUR;923 186893;;371455;ASPRODES - FEAPS SALAMANCA;;ASOCIACIÓN;asprodes@asprodes.es;;PERSONAS CON DISCAPACIDAD;Vivienda;Personas con discapacidad por trastorno del desarrollo intelectual leve o moderado;OTROS: 5;40.9728366;-5.6543528;INMACULADA LORENZO MARTÍN;40.9728366, -5.6543528
"CENTRO DE DIA ""SALAMANCA""";2020-10-14;PASEO ESTACION 85;37;37274;SALAMANCA;SALAMANCA;37004;SALAMANCA - ZONA 6 - GARRIDO SUR;923 216101;;370573;AYUNTAMIENTO DE SALAMANCA;GERENCIA TERRITORIAL DE SERVICIOS SOCIALES DE SALAMANCA;ADMINISTRACIÓN LOCAL;;;PERSONAS MAYORES;Centro de día;Hogar (Unidad de atención social);;40.9713389;-5.6512521;GERENCIA TERRITORIAL DE SERVICIOS SOCIALES;40.9713389, -5.6512521
VIVIENDA SUPERVISADA DIEGO ALMAGRO;2025-11-27;CALLE DIEGO DE ALMAGRO 13;37;37274;SALAMANCA;SALAMANCA;37004;SALAMANCA - ZONA 6 - GARRIDO SUR;923 190150;;371833;SALUD MENTAL SALAMANCA-AFEMC;;ASOCIACIÓN;direccion@saludmentalsalamanca.org;;PERSONAS CON DISCAPACIDAD;Vivienda;Personas con discapacidad por enfermedad mental;DISCAPACIDAD ENFERMEDAD MENTAL: 3;40.972319817023454;-5.656102109516243;;40.972319817023454, -5.656102109516243
"CENTRO OCUPACIONAL ""AFEMC""";2025-04-02;CALLE CASTROVERDE 22-26 - BAJO;37;37274;SALAMANCA;SALAMANCA;37008;SALAMANCA - ZONA 3 - SAN JOSÉ - LA VEGA;923 190150;;370765;SALUD MENTAL SALAMANCA-AFEMC;;ASOCIACIÓN;;;PERSONAS CON DISCAPACIDAD;Centro de día;Personas con discapacidad por enfermedad mental;OTROS: 65;;;EUSEBIO PÉREZ GARCÍA;
VIVIENDA COMUNEROS;2024-03-15;AVENIDA COMUNEROS  32 ESCALERA 1, 6º D;37;37274;SALAMANCA;SALAMANCA;37003;SALAMANCA - ZONA 4 - EL ROLLO;923 190150;;371278;SALUD MENTAL SALAMANCA-AFEMC;;ASOCIACIÓN;direccion@feafessalamanca.org;;PERSONAS CON DISCAPACIDAD;Vivienda;Personas con discapacidad por enfermedad mental;OTROS: 4;40.9684885;-5.650231799999999;EUSEBIO PEREZ GARCIA;40.9684885, -5.650231799999999
VIVIENDA QUIJOTE;2024-03-15;CALLE DON QUIJOTE 57, 3ºC;37;37274;SALAMANCA;SALAMANCA;37006;SALAMANCA - ZONA 8 - PIZARRALES;923 190150;;371468;SALUD MENTAL SALAMANCA-AFEMC;;ASOCIACIÓN;direccion@saludmentalsalamanca.org;;PERSONAS CON DISCAPACIDAD;Vivienda;Personas con discapacidad por enfermedad mental;OTROS: 3;40.9779329;-5.6718987;EUSEBIO PÉREZ GARCÍA;40.9779329, -5.6718987
VIVIENDA BAÑEZA;2025-03-07;CALLE BAÑEZA (LA) 2 2º F;37;37274;SALAMANCA;SALAMANCA;37006;SALAMANCA - ZONA 8 - PIZARRALES;923 190150;;371801;SALUD MENTAL SALAMANCA-AFEMC;;ASOCIACIÓN;gestion@saludmentalsalamanca.org;;PERSONAS CON DISCAPACIDAD;Vivienda;Personas con discapacidad por enfermedad mental;DISCAPACIDAD ENFERMEDAD MENTAL: 3;;;;
RESIDENCIA DE PERSONAS MAYORES SANTISIMA TRINIDAD;2024-04-01;PASEO CARMELITAS 74-94;37;37274;SALAMANCA;SALAMANCA;37007;SALAMANCA - ZONA 7 - SAN BERNARDO - VIDAL;923 269300;;370313;FUNDACIÓN HOSPITAL GENERAL DE LA SANTISIMA TRINIDAD;;FUNDACIÓN;notificaciones@fhgst.es;;PERSONAS MAYORES;Residencia;Para asistidos;ASISTIDOS: 53;40.9682334;-5.669562099999999;PABLO SANTOS MARCOS;40.9682334, -5.669562099999999
"CENTRO DE DÍA ""USERA""";2021-09-30;AVENIDA SALAMANCA 259-279;37;37274;SALAMANCA;SALAMANCA;37005;SALAMANCA - ZONA 5 - GARRIDO NORTE;923 240621;;371380;IDEA SERVICIOS DE GESTIÓN ASISTENCIAL, S.L.;;SOCIEDADES;dir.usera@ideainnovacion.com;;PERSONAS MAYORES;Centro de día;Estancias diurnas;ASISTIDOS: 32;40.979098;-5.6627687;Mª de la Peña Machado Martínez;40.979098, -5.6627687
PISO COMUNITARIO CIUDAD JARDÍN;2025-01-20;CALLE SILVESTRE SANCHE SIERRA, 21-27, PORTAL 1 BAJO B;37;37274;SALAMANCA;SALAMANCA;37005;SALAMANCA - ZONA 5 - GARRIDO NORTE;914 463162;;371701;ASOCIACIÓN DE PADRES DE PERSONAS CON PARÁLISIS CEREBRAL Y ENCEFALOPATÍAS AFINES  (ASPACE-SALAMANCA);;ASOCIACIÓN;unaf@unaf.org;;PERSONAS CON DISCAPACIDAD;Vivienda;Personas con discapacidad por trastorno del desarrollo intelectual leve o moderado;DISCAPACIDAD INTELECTUAL: 4;40.980885;-5.6565459;JOSE LUIS SAINZ DE ROZAS BEDIALAUNETA;40.980885, -5.6565459
"CENTRO ASISTENCIAL Y REHABILITACION ""ENTRECAMINOS""";2023-12-15;CALLE OROPENDOLA 73;37;37274;SALAMANCA;SALAMANCA;37006;SALAMANCA RURAL - NORTE;923 286456;923 289559;370127;ASOCIACIÓN DE PADRES DE PERSONAS CON PARÁLISIS CEREBRAL Y ENCEFALOPATÍAS AFINES  (ASPACE-SALAMANCA);;ASOCIACIÓN;aspacesa@telefonica.net;;PERSONAS CON DISCAPACIDAD;Centro de día;Personas con discapacidad por trastorno del desarrollo intelectual;OTROS: 70;40.9799012;-5.6709503;JESUS ALBERTO MARTIN HERRERO;40.9799012, -5.6709503
RESIDENCIA PERSONAS MAYORES NTRA. SRA. DE LAS MERCEDES;2025-05-05;CALLE POLLO MARTIN 37;37;37274;SALAMANCA;SALAMANCA;37005;SALAMANCA - ZONA 6 - GARRIDO SUR;923 228504;;370001;MERCEDARIAS DE LA CARIDAD PROVINCIA DE MADRID CURIA GENERAL;RESIDENCIA NUESTRA SEÑORA DE LAS MERCEDES;INSTITUCIONES, ÓRDENES, CONGREGACIONES RELIGIOSAS Y SIMILARES;;;PERSONAS MAYORES;Residencia;Para asistidos;ASISTIDOS: 70;;;VIRGINIA MIGUEL GIL;
VIVIENDA TUTELADA 2;2025-07-18;AVENIDA ALFONSO IX DE LEÓN 97;37;37274;SALAMANCA;SALAMANCA;37003;SALAMANCA - ZONA 6 - GARRIDO SUR;923 186859;923 629152530;371792;INTEGRACIÓN SOCIO LABORAL MINUSVÁLIDOS PSÍQUICOS INSOLAMIS;;ASOCIACIÓN;trabajadorsocial@insolamis.org;;PERSONAS CON DISCAPACIDAD;Vivienda;Personas con discapacidad por trastorno del desarrollo intelectual leve o moderado;DISCAPACIDAD INTELECTUAL: 7;40.97490140280691;-5.657034520045816;HUGO MARTÍN SAN CIPRIANO;40.97490140280691, -5.657034520045816
VIVIENDA EL LAZARILLO;2023-10-04;CALLE RODRIGUEZ FABRES;37;37274;SALAMANCA;SALAMANCA;37005;SALAMANCA - ZONA 6 - GARRIDO SUR;923 122741;;371710;ARIADNA - ASOCIACIÓN DE PADRES Y TERAPEUTAS DE PERSONAS CON AUTISMO Y/O TRASTORNOS GENERALIZADOS DEL DESARROLLO;;ASOCIACIÓN;gerencia@autismosalamanca.org;;PERSONAS CON DISCAPACIDAD;Vivienda;Personas con discapacidad por trastorno del espectro del autismo;DISCAPACIDAD INTELECTUAL: 4;40.9711151;-5.6623453;Mª Ángeles Beltrán Sánchez;40.9711151, -5.6623453
RESIDENCIA ASDEM;2025-03-14;PASEO OLIVOS 11-29;37;37274;SALAMANCA;SALAMANCA;37005;SALAMANCA - ZONA 5 - GARRIDO NORTE;923 240101;;371082;ASOCIACIÓN SALMANTINA DE ESCLEROSIS MÚLTIPLE - ASDEM;;ASOCIACIÓN;info@asdem.es;;PERSONAS CON DISCAPACIDAD;Residencia;Personas con discapacidad física;OTROS: 20;40.9772258;-5.6544333;LETICIA PEDRAZ RODRÍGUEZ;40.9772258, -5.6544333
CENTRO DE RECUPERACION DE PERSONAS CON DISCAPACIDAD FISICA (CRMF-RESIDENCIA);2025-06-11;AVENIDA VILLAMAYOR 79;37;37274;SALAMANCA;SALAMANCA;37006;SALAMANCA - ZONA 7 - SAN BERNARDO - VIDAL;923 234850;;370814;INSTITUTO DE MAYORES Y SERVICIOS SOCIALES. IMSERSO;;ADMINISTRACIÓN CENTRAL;emmalourenco@imserso.es;www.imsersounifor.org;PERSONAS CON DISCAPACIDAD;Residencia;Personas con discapacidad física;OTROS: 90;40.9720869295682;-5.67138496484421;EMMA LOURENÇO NÚÑEZ;40.9720869295682, -5.67138496484421
CENTRO DE RECUPERACION DE PERSONAS CON DISCAPACIDAD  FISICA (CRMF- CENTRO OCUPACIONAL);2023-03-03;AVENIDA VILLAMAYOR 79;37;37274;SALAMANCA;SALAMANCA;37006;SALAMANCA - ZONA 7 - SAN BERNARDO - VIDAL;923 234850;923 121892;370815;INSTITUTO DE MAYORES Y SERVICIOS SOCIALES. IMSERSO;;ADMINISTRACIÓN CENTRAL;cmrf.salamancamtas.es;www.imsersounifor.org;PERSONAS CON DISCAPACIDAD;Centro de día;Personas con discapacidad física;OTROS: 110;40.9719083;-5.6710459;Maria Isabel Gonzalez Igelmo;40.9719083, -5.6710459
"VIVIENDA HOGAR ""CASA ESCUELA SANTIAGO SEIS""";2011-11-09;CALLE JERONIMO MUNZER 6 PUERTA 1;37;37274;SALAMANCA;SALAMANCA;37007;SALAMANCA - ZONA 7 - SAN BERNARDO - VIDAL;923 219511;;370850;CASA ESCUELAS PIAS SANTIAGO UNO (PP ESCOLAPIOS) DE SALAMANCA;;INSTITUCIONES, ÓRDENES, CONGREGACIONES RELIGIOSAS Y SIMILARES;;;INFANCIA (Y JUVENTUD);Centros de Menores Infractores;Centros de intervención educativa;OTROS: 8;40.9632156;-5.6880555;MANUEL JESUS GARROTE FERNANDO;40.9632156, -5.6880555
HOGAR PARA LA SOCIALIZACION CASA-ESCUELA BETANIA;2021-09-30;CALLE DOCENCIA, S/N;37;37274;SALAMANCA;SALAMANCA;37004;SALAMANCA - ZONA 5 - GARRIDO NORTE;923 231829;923 272222;371095;CASA ESCUELAS PIAS SANTIAGO UNO (PP ESCOLAPIOS) DE SALAMANCA;;INSTITUCIONES, ÓRDENES, CONGREGACIONES RELIGIOSAS Y SIMILARES;correo@casaescuelasantiagouno.es;;INFANCIA (Y JUVENTUD);Vivienda;Hogar de socialización;OTROS: 8;40.9807982;-5.653353699999999;MANUEL JESÚS GARROTE FERNANDO;40.9807982, -5.653353699999999
CENTRO DE DIA CON UNIDAD DE ESTANCIAS DIURNAS LUISA Y NIEVES FIDALGO MORALES;2022-08-24;CALLE HERMANAS FIDALGO MORALES, 43;37;37274;SALAMANCA;SALAMANCA;37006;SALAMANCA - ZONA 8 - PIZARRALES;923 282818;;371167;FUNDACION LUISA Y NIEVES FIDALGO MORALES;;FUNDACIÓN;angelporras@fidalgomorales.com;;PERSONAS MAYORES;Centro de día;Estancias diurnas;ASISTIDOS: 30;40.9794171;-5.6691729;ANGEL PORRAS PISONERO;40.9794171, -5.6691729
COLISEE MONTEVIDEO;2025-10-22;CALLE MONTEVIDEO 1-13;37;37274;SALAMANCA;SALAMANCA;37003;SALAMANCA - ZONA 4 - EL ROLLO;923 182827;;370096;LA SALETA CARE S.L.;;SOCIEDADES;;;PERSONAS MAYORES;Residencia;Para asistidos;ASISTIDOS: 243;40.967224613087495;-5.644225864690633;NURIA LÓPEZ JASPE;40.967224613087495, -5.644225864690633
CENTRO REFERENCIA COMARCAL VIDA INDEPENDIENTE;2024-05-10;BARRIO ARRIBA Nº 19;37;37284;SALAMANCA;SAN ESTEBAN DE LA SIERRA;37671;LINARES;923 650060;;371470;AYUNTAMIENTO DE SAN ESTEBAN DE LA SIERRA;FUNDACIÓN ASPRODES INCLUSIÓN;ADMINISTRACIÓN LOCAL;fundacionasprodes@asprodes.es;;PERSONAS MAYORES;Residencia;Para asistidos;ASISTIDOS: 15;40.5064914;-5.9043712;SONIA GARCÍA DÍAZ;40.5064914, -5.9043712
"RESIDENCIA PARA PERSONAS MAYORES ""LAS AZUCENAS""";2025-05-12;CALLE ARRIBA, S/N;37;37288;SALAMANCA;SAN MORALES;37340;SALAMANCA RURAL - NORTE;923 363256;;370520;SALMANTICA DE GESTIÓN GERIÁTRICA, S.L.;;SOCIEDADES;;;PERSONAS MAYORES;Residencia;Para asistidos;ASISTIDOS: 39;40.9940897;-5.5025077;SOFÍA BARROS MARTÍN;40.9940897, -5.5025077
CLUB DE PERSONAS MAYORES SAN PEDRO;2020-10-14;PLAZA MAYOR S/N;37;37289;SALAMANCA;SAN MUÑOZ;37208;CIUDAD RODRIGO I;923 448105;;370234;ASOCIACION DE TERCERA EDAD SAN PEDRO DE SAN MUÑOZ;;ASOCIACIÓN;;;PERSONAS MAYORES;Centro de día;Hogar (Unidad de atención social);;40.7828155;-6.1273401;JUAN MANUEL SANCHEZ CALVO;40.7828155, -6.1273401
"CENTRO OCUPACIONAL ""EL CUETO""";2025-11-14;CAMINO CARBAJOSA S/N;37;37294;SALAMANCA;SANTA MARTA DE TORMES;37900;LAS VILLAS - SANTA MARTA DE TORMES;923 200325;923 214550;370464;ASPRODES - FEAPS SALAMANCA;;ASOCIACIÓN;;;PERSONAS CON DISCAPACIDAD;Centro de día;Personas con discapacidad por trastorno del desarrollo intelectual;OTROS: 52;40.9486415;-5.6376891;;40.9486415, -5.6376891
VIVIENDA EL CUETO;2025-02-14;AVENIDA CONSTITUCION Nº 5;37;37294;SALAMANCA;SANTA MARTA DE TORMES;37900;LAS VILLAS - SANTA MARTA DE TORMES;923 200325;923 200361;370736;ASPRODES - FEAPS SALAMANCA;;ASOCIACIÓN;;;PERSONAS CON DISCAPACIDAD;Vivienda;Personas con disc. física, sensorial, por trastorno del desarrollo intelectual y/o por enfer. mental;OTROS: 8;40.9497273;-5.6262751;Mercedes Villanueva Martinez;40.9497273, -5.6262751
CENTRO DE DIA - UNIDAD DE ATENCION SOCIAL;2021-09-30;CALLE VILLALAR S/N;37;37294;SALAMANCA;SANTA MARTA DE TORMES;37900;LAS VILLAS - SANTA MARTA DE TORMES;923 131020;;371069;AYUNTAMIENTO DE SANTA MARTA DE TORMES;;ADMINISTRACIÓN LOCAL;mrodriguez@santamartadetormes.org;;PERSONAS MAYORES;Centro de día;Hogar (Unidad de atención social);;40.9490628;-5.6277085;JAVIER CASCANTE ROY;40.9490628, -5.6277085
"VIVIENDA HOGAR ""SANTIAGO CINCO""";2009-05-28;CALLE CONFUSION 4-1º A;37;37294;SALAMANCA;SANTA MARTA DE TORMES;37900;LAS VILLAS - SANTA MARTA DE TORMES;;;370776;CASA ESCUELAS PIAS SANTIAGO UNO (PP ESCOLAPIOS) DE SALAMANCA;;INSTITUCIONES, ÓRDENES, CONGREGACIONES RELIGIOSAS Y SIMILARES;;;INFANCIA (Y JUVENTUD);Vivienda;Vivienda hogar;OTROS: 8;40.9511604;-5.6267783;María Riesco Hernandez;40.9511604, -5.6267783
RESIDENCIA MUNICIPAL DE PERSONAS MAYORES DE LOS SANTOS;2026-03-23;CALLE HUMILLADERO S/N.;37;37300;SALAMANCA;SANTOS (LOS);37768;GUIJUELO;923 592191;923 689362507;370023;AYUNTAMIENTO DE LOS SANTOS;;ADMINISTRACIÓN LOCAL;ayuntamiento@lossantos.es;;PERSONAS MAYORES;Residencia;Para asistidos;ASISTIDOS: 36;40.5457964;-5.7957991;SORAYA GONZÁLEZ TRAPERO;40.5457964, -5.7957991
CENTRO DE DIA PARA PERSONAS CON DISCAPACIDAD PSIQUICA TAMAMES;2024-10-15;"CALLE ROLDAN 8-10 POLG. INDUSTRIAL ""LAS NAVAS""";37;37316;SALAMANCA;TAMAMES;37600;TAMAMES;923 449905;923 449001;370866;AYUNTAMIENTO DE TAMAMES;ASPRODES - FEAPS SALAMANCA;ADMINISTRACIÓN LOCAL;;;PERSONAS CON DISCAPACIDAD;Centro de día;Personas con discapacidad por trastorno del desarrollo intelectual;OTROS: 10;40.6568185;-6.1041064;CARLOS NAVARRO OLTRA;40.6568185, -6.1041064
RESIDENCIA PARA PERSONAS MAYORES SAN ANTONIO;2025-07-23;RONDA HERMOSA S/N;37;37324;SALAMANCA;TORDILLOS;37840;PEÑARANDA DE BRACAMONTE;923 564732;;370076;AYUNTAMIENTO DE TORDILLOS;LIMÓN Y MERENGUE, S.L.;ADMINISTRACIÓN LOCAL;patrimar4@hotmail.com;;PERSONAS MAYORES;Residencia;Para asistidos;ASISTIDOS: 21;;;PATRICIA RODRIGUEZ MARTÍN;
VIVIENDA ARALUZ V1;2023-05-05;CAMINO ALTO A LOS VILLARES SECTOR 7;37;37354;SALAMANCA;VILLAMAYOR;37185;SALAMANCA RURAL - NORTE;923 289585;;371452;ASOCIACIÓN DE PADRES DE PERSONAS CON PARÁLISIS CEREBRAL Y ENCEFALOPATÍAS AFINES  (ASPACE-SALAMANCA);;ASOCIACIÓN;gerencia@aspacesalamanca.org;;PERSONAS CON DISCAPACIDAD;Vivienda;Personas con disc. física, sensorial, por trastorno del desarrollo intelectual y/o por enfer. mental;OTROS: 8;40.9994763;-5.687161;.;40.9994763, -5.687161
CENTRO DE REHABILITACIÓN Y EDUCACIÓN ESPECIAL EL CAMINO;2025-08-05;CAMINO ALTO A LOS VILLARES SECTOR 7;37;37354;SALAMANCA;VILLAMAYOR;37185;SALAMANCA RURAL - NORTE;923 289585;;370101;ASOCIACIÓN DE PADRES DE PERSONAS CON PARÁLISIS CEREBRAL Y ENCEFALOPATÍAS AFINES  (ASPACE-SALAMANCA);;ASOCIACIÓN;aspacesa@telefonica.net;;PERSONAS CON DISCAPACIDAD;Centro de día;Personas con discapacidad por trastorno del desarrollo intelectual;OTROS: 136;;;Mª ANTONIA OLIVA MARTÍN;
CENTRO ASISTENCIAL Y DE REHABILITACIÓN LA CANTERA;2023-12-15;CAMINO ALTO A LOS VILLARES S/N;37;37354;SALAMANCA;VILLAMAYOR;37185;SALAMANCA RURAL - NORTE;923 289585;923 289559;370825;ASOCIACIÓN DE PADRES DE PERSONAS CON PARÁLISIS CEREBRAL Y ENCEFALOPATÍAS AFINES  (ASPACE-SALAMANCA);;ASOCIACIÓN;;;PERSONAS CON DISCAPACIDAD;Centro de día;Personas con discapacidad por trastorno del desarrollo intelectual;OTROS: 110;40.9994763;-5.687161;ANGELES SANCHEZ MARTIN;40.9994763, -5.687161
CENTRO OCUPACIONAL Y REHABILITACION LA CANTERA;2025-08-05;CAMINO ALTO A LOS VILLARES SECTOR 7;37;37354;SALAMANCA;VILLAMAYOR;37185;SALAMANCA RURAL - NORTE;923 286456;;370126;ASOCIACIÓN DE PADRES DE PERSONAS CON PARÁLISIS CEREBRAL Y ENCEFALOPATÍAS AFINES  (ASPACE-SALAMANCA);;ASOCIACIÓN;aspacesa@telefonica.net;;PERSONAS CON DISCAPACIDAD;Centro de día;Personas con discapacidad por trastorno del desarrollo intelectual;OTROS: 20;;;Mª Ángeles Sánchez Martín;
RESIDENCIA VILLAMAYOR;2026-02-11;CAMINO ALTO A LOS VILLARES 61;37;37354;SALAMANCA;VILLAMAYOR;37185;SALAMANCA RURAL - NORTE;923 289360;;370607;GRUPO SERGESA, S.A.;;SOCIEDADES;svillamayor@sergesa.com;;PERSONAS MAYORES;Residencia;Para asistidos;ASISTIDOS: 79;40.9991609;-5.682843099999999;PILAR SÁNCHEZ BARBERO;40.9991609, -5.682843099999999
COLISEE SAUVIA;2025-07-23;CARRETERA ZAMORA 7;37;37362;SALAMANCA;VILLARES DE LA REINA;37184;SALAMANCA RURAL - NORTE;923 197246;;370834;LA SALETA CARE S.L.;;SOCIEDADES;dcasas@sauvia.es;www.sauvia.es;PERSONAS MAYORES;Residencia;Para asistidos;ASISTIDOS: 224;40.993737;-5.6648352;DAVID CASAS GONZÁLEZ;40.993737, -5.6648352
RESIDENCIA DE MAYORES VILLAVERDE;2023-06-02;CARRETERA NACIONAL 620, KM 221,5 VILLAVERDE DE LA GUAREÑA;37;37372;SALAMANCA;VILLAVERDE DE GUAREÑA;37428;LAS VILLAS - SANTA MARTA DE TORMES;923 170077;;370436;ARFIS RESIDENCIAS TERCERA EDAD, S.L.;;SOCIEDADES;info@residenciavillaverde.es;;PERSONAS MAYORES;Residencia;Para asistidos;ASISTIDOS: 102;;;Mª SOFIA GARCIA GARCIA;
CENTRO RESIDENCIAL-VIVIENDA ASISTIDA CRISTO DE LA ESPERANZA;2025-07-23;CALLE PEÑARANDA 10;37;37375;SALAMANCA;VILLORUELA;37338;LAS VILLAS - SANTA MARTA DE TORMES;923 100816;;371340;AYUNTAMIENTO DE VILLORUELA;S&B ASOCIADOS SERVICIO DEPENDENCIA 2015, S.L.;ADMINISTRACIÓN LOCAL;ayuntamiento@villoruela.net;;PERSONAS MAYORES;Residencia;Para asistidos;ASISTIDOS: 10;41.00678029894719;-5.389562779003422;PILAR SÁNCHEZ HERRERA;41.00678029894719, -5.389562779003422
"VIVIENDA ""LILA I""";2024-12-14;CALLE AMPARO 11, BAJO;37;37376;SALAMANCA;VITIGUDINO;37210;VITIGUDINO;923 186896;;371430;ASPRODES - FEAPS SALAMANCA;;ASOCIACIÓN;asprodes@asprodes.es;;PERSONAS CON DISCAPACIDAD;Vivienda;Personas con discapacidad por trastorno del desarrollo intelectual leve o moderado;OTROS: 3;41.0085465;-6.4367069;Mª Inmaculada Lorenzo Martín;41.0085465, -6.4367069
RESIDENCIA DE PERSONAS MAYORES GERIÁTRICA DE VITIGUDINO;2026-03-23;CALLE REGUERITA 9;37;37376;SALAMANCA;VITIGUDINO;37210;VITIGUDINO;923 520078;;370527;GERIÁTRICA DE VITIGUDINO, S.L;;SOCIEDADES;geriatricavitigudino@gmail.com;;PERSONAS MAYORES;Residencia;Para asistidos;ASISTIDOS: 25;41.0067879;-6.4367835;GEMA MARTÍN BORGAS;41.0067879, -6.4367835
RESIDENCIA MUNICIPAL DE MAYORES DE VITIGUDINO;2025-07-23;CALLE SAN ROQUE Nº 45;37;37376;SALAMANCA;VITIGUDINO;37210;VITIGUDINO;923 500669;;370858;AYUNTAMIENTO DE VITIGUDINO;ALBAICIN, SOCIEDAD COOPERATIVA;ADMINISTRACIÓN LOCAL;albaicin@hotmail.es;;PERSONAS MAYORES;Residencia;Mixta para válidos y asistidos;VÁLIDOS: 15, ASISTIDOS: 24;41.0109301;-6.434553999999999;Matías Faustino Póveda Martínez;41.0109301, -6.434553999999999
CENTRO RESIDENCIAL PARA  PERSONAS MAYORES CLAROS ABADES;2026-01-22;CARRETERA MARTIN MIGUEL 2;40;40001;SEGOVIA;ABADES;40141;EL ESPINAR - VILLACASTÍN;921 109011;921 674554664;400591;CLAROS ABADES S L;;SOCIEDADES;direccion@clarosabades.es;www.clarosabades.es;PERSONAS MAYORES;Residencia;Para asistidos;ASISTIDOS: 81;40.917633;-4.2644435;SARA BEATRIZ HERNANDEZ OLMOS;40.917633, -4.2644435
RESIDENCIA DE PERSONAS MAYORES DE AGUILAFUENTE;2022-06-23;ESCULTOR FLORENTINO TRAPERO, S/N;40;40004;SEGOVIA;AGUILAFUENTE;40340;CARBONERO EL MAYOR-TUREGANO;921 572199;;400003;MAS-LUZ AGUILAFUENTE S.L.;;SOCIEDADES;masluz@residenciamasluz.com;;PERSONAS MAYORES;Residencia;Mixta para válidos y asistidos;ASISTIDOS: 50;41.2267658;-4.1201259;AGAPITO FERNANDEZ FERNANDEZ;41.2267658, -4.1201259
CENTRO DE DIA PARA PERSONAS MAYORES DE CANTALEJO;2025-08-21;CALLE OBISPO CASTRO ALONSO 6;40;40040;SEGOVIA;CANTALEJO;40320;CANTALEJO;921 520900;;400054;GERENCIA DE SERVICIOS SOCIALES DE CASTILLA Y LEÓN;;ADMINISTRACIÓN AUTONÓMICA;;;PERSONAS MAYORES;Centro de día;Hogar (Unidad de atención social);;41.2578767;-3.92669;Mª LUISA MIGUEL GIL;41.2578767, -3.92669
CENTRO DE JUBILADOS SAN ANTONIO;2024-01-17;CALLE BARRIO OBRERO, S/N - ESTACIÓN DEL ESPINAR;40;40076;SEGOVIA;ESPINAR (EL);40400;EL ESPINAR - VILLACASTÍN;921 188009;;400009;ASOCIACION FAMILIAR SAN ANTONIO;;ASOCIACIÓN;;;PERSONAS MAYORES;Centro de día;Hogar (Unidad de atención social);;40.7138078;-4.1913057;;40.7138078, -4.1913057
UNIDAD DE ESTANCIAS DIURNAS EL ESPINAR;2023-03-03;CALLE MARIGARCIA, Nº 5;40;40076;SEGOVIA;ESPINAR (EL);40400;EL ESPINAR - VILLACASTÍN;91 7813780;91 7811469;400357;PROYECTOS GERMAT 2008, S.L.;;SOCIEDADES;;;PERSONAS MAYORES;Centro de día;Estancias diurnas;ASISTIDOS: 23;40.7234597;-4.2439053;ARACELI CANTALAPIEDRA;40.7234597, -4.2439053
"CENTRO DE DÍA CAPDI ""LOS JUNCOS""";2023-03-03;AVENIDA SOTILLO (EL) 27;40;40112;SEGOVIA;LASTRILLA (LA);40196;SEGOVIA RURAL;921 437112;921 434715;400519;DIPUTACIÓN PROVINCIAL DE SEGOVIA;;ADMINISTRACIÓN LOCAL;campsotillo@sipsegovia.es;www.dipsegovia.es camp-el-sotillo;PERSONAS CON DISCAPACIDAD;Centro de día;Personas con discapacidad por trastorno del desarrollo intelectual;OTROS: 72;40.9632487;-4.0947133;MARIA ANGUSTIAS SERNANDEZ YEBRA;40.9632487, -4.0947133
CENTRO DE DIA ATENCION PERSONAS DISCAPACITADAS PSQUICAS  GRAVEMENTE  AFECTADAS;2025-06-14;AVENIDA SOTILLO (EL) 29;40;40112;SEGOVIA;LASTRILLA (LA);40196;SEGOVIA RURAL;921 424570;921 422184;400076;FUNDACIÓN PERSONAS;;FUNDACIÓN;;;PERSONAS CON DISCAPACIDAD;Centro de día;Personas con discapacidad por trastorno del desarrollo intelectual;OTROS: 33;40.962442;-4.0940643;JOSE IGNACIO MATESANZ DE FRUTOS;40.962442, -4.0940643
CENTRO OCUPACIONAL VIRGEN DE VALVANERA;2025-01-14;AVENIDA SOTILLO (EL) 29;40;40112;SEGOVIA;LASTRILLA (LA);40196;SEGOVIA RURAL;921 440748;921 440748;400019;FUNDACIÓN PERSONAS;;FUNDACIÓN;;;PERSONAS CON DISCAPACIDAD;Centro de día;Personas con discapacidad por trastorno del desarrollo intelectual;OTROS: 190;40.962442;-4.0940643;JESUS MARIA LLORENTE ARAGONESES;40.962442, -4.0940643
"CENTRO SOCIAL ""VIRGEN DE LA SALUD""";2020-10-14;CALLE VILLACASTIN 22;40;40122;SEGOVIA;MARUGAN;40142;SEGOVIA RURAL;921 196281;921 196193;400440;AYUNTAMIENTO DE MARUGAN;;ADMINISTRACIÓN LOCAL;ayuntamiento@marugan.es;;PERSONAS MAYORES;Centro de día;Hogar (Unidad de atención social);;40.8952157;-4.3840007;LUIS FUENTES CARO;40.8952157, -4.3840007
CENTRO RESIDENCIAL LAS ERAS. NTRA.SRA. RODELGA;2026-02-05;CALLE ESCOBAR 28;40;40134;SEGOVIA;MOZONCILLO;40250;CARBONERO EL MAYOR-TUREGANO;921 577098;921 603476050;400489;FUNDACION LAS ERAS;LAS ERAS DEL AREVALILLO S.L.;FUNDACIÓN;direccion@centrolaseras.es;;PERSONAS MAYORES;Residencia;Para asistidos;ASISTIDOS: 44;41.144952770928725;-4.185293446001513;ROCIO ALVAREZ NAVARRO;41.144952770928725, -4.185293446001513
CENTRO GERIATRICO NAVA DE LA ASUNCION;2023-03-03;CALLE MIGUEL ANGEL S/N;40;40138;SEGOVIA;NAVA DE LA ASUNCION;40450;COCA - NAVA DE LA ASUNCIÓN;615 606371;;400374;AYUNTAMIENTO DE NAVA DE LA ASUNCION;RESIDENCIA SERGECO S.L.;ADMINISTRACIÓN LOCAL;luzgeriatrica@hotmail.com;;PERSONAS MAYORES;Residencia;Para asistidos;ASISTIDOS: 62;41.1551638;-4.4915998;RUFINO CATALINA GARCIA;41.1551638, -4.4915998
CENTRO PSICOGERIATRICO NUESTRA SEÑORA DE LA FUENCISLA;2025-04-22;CARRETERA PALAZUELOS-SAN ILDEFONSO , KM 7;40;40155;SEGOVIA;PALAZUELOS DE ERESMA;40194;SAN ILDEFONSO;921 421800;921 639187442;400071;DIPUTACIÓN PROVINCIAL DE SEGOVIA;;ADMINISTRACIÓN LOCAL;cvicentec@dipsegovia;;PERSONAS MAYORES;Residencia;Mixta para válidos y asistidos;ASISTIDOS: 60, VÁLIDOS: 35;;;MARIA CRISTINA VICENTE CANCIO;
CENTRO OCUPACIONAL DOCTOR NUÑEZ;2022-09-21;CARRETERA PALAZUELOS-SAN ILDEFONSO KM 7;40;40155;SEGOVIA;PALAZUELOS DE ERESMA;40196;SAN ILDEFONSO;921 421800;;400046;DIPUTACIÓN PROVINCIAL DE SEGOVIA;;ADMINISTRACIÓN LOCAL;;;PERSONAS CON DISCAPACIDAD;Centro de día;Personas con discapacidad por trastorno del desarrollo intelectual;OTROS: 80;40.9265201;-4.0764094;CARMEN GALAN BARROSO;40.9265201, -4.0764094
HOGAR DE ACOGIDA ACCEM SEGOVIA;2024-10-09;PASEO SAN ANTONIO 68;40;40155;SEGOVIA;PALAZUELOS DE ERESMA;40194;SAN ILDEFONSO;921 060268;;400660;ACCEM;;ASOCIACIÓN;segovia@accem.es;;INFANCIA (Y JUVENTUD);Vivienda;Hogar de acogida;NNAMMAS: 10;40.929201;-4.0634171;CARLOS HERNANDEZ FERNANDEZ;40.929201, -4.0634171
CENTRO DE DIA PARA PERSONAS MAYORES SAN JOSE;2022-04-28;AVENIDA CONSTITUCION (LA) 17;40;40194;SEGOVIA;SEGOVIA;40006;SEGOVIA - ZONA I;921 423758;;400049;GERENCIA DE SERVICIOS SOCIALES DE CASTILLA Y LEÓN;;ADMINISTRACIÓN AUTONÓMICA;;;PERSONAS MAYORES;Centro de día;Hogar (Unidad de atención social);;40.9372043;-4.1108474;Mª SOCORRO TARDON LOPEZ;40.9372043, -4.1108474
RESIDENCIA DE PERSONAS MAYORES;2026-02-11;CALLE 3 DE ABRIL Nº 9;40;40194;SEGOVIA;SEGOVIA;40002;SEGOVIA - ZONA I;921 431752;921 921442179;400056;GERENCIA DE SERVICIOS SOCIALES DE CASTILLA Y LEÓN;;ADMINISTRACIÓN AUTONÓMICA;;;PERSONAS MAYORES;Residencia;Para asistidos;DEPENDIENTES: 281;40.9441535;-4.134065;MILAGROS SANTERVAS ALVAREZ;40.9441535, -4.134065
"CENTRO OCUPACIONAL ""AMANECER""";2023-03-03;CALLE ALTOS DE LA PIEDAD S/N;40;40194;SEGOVIA;SEGOVIA;40002;SEGOVIA - ZONA I;921 431608;921 429564;400354;ASOCIACIÓN AMANECER-SALUD MENTAL SEGOVIA;;ASOCIACIÓN;;;PERSONAS CON DISCAPACIDAD;Centro de día;Personas con discapacidad por enfermedad mental;OTROS: 24;40.9454687;-4.1296889;PATRICIA DEL RIO MARTIN;40.9454687, -4.1296889
VIVIENDA INTRAS SEGOVIA CALLE MORILLO;2025-03-14;CALLE MORILLO (DEL) 5 3A;40;40194;SEGOVIA;SEGOVIA;40002;SEGOVIA - ZONA I;983 399633;;400780;FUNDACION INTRAS;;FUNDACIÓN;mhm@intras.es;;PERSONAS CON DISCAPACIDAD;Vivienda;Personas con discapacidad por enfermedad mental;DISCAPACIDAD ENFERMEDAD MENTAL: 3;;;;
HOGAR MINUSVALIDOS FISICOS P. FRANÇOIS;2021-03-09;CALLE ALMIRA 26BAJO B Y C;40;40194;SEGOVIA;SEGOVIA;40001;SEGOVIA - ZONA I;921 427648;;400028;FRATERNIDAD CRISTIANA DE ENFERMOS Y MINUSVÁLIDOS (FRATER);;INSTITUCIONES, ÓRDENES, CONGREGACIONES RELIGIOSAS Y SIMILARES;;;PERSONAS CON DISCAPACIDAD;Vivienda;Personas con discapacidad física;OTROS: 8;40.9462398;-4.1137995;JOSE MARIA LOPEZ LOPEZ;40.9462398, -4.1137995
CENTRO JUAN PABLO II Y NUEVO HOGAR;2022-09-21;CARRETERA RIAZA KM. 2;40;40194;SEGOVIA;SEGOVIA;40003;SEGOVIA - ZONA II;921 433712;;400059;DIPUTACIÓN PROVINCIAL DE SEGOVIA;;ADMINISTRACIÓN LOCAL;;;INFANCIA (Y JUVENTUD);Residencia;RESIDENCIA DE ACOGIDA;OTROS: 36;40.9523098;-4.1092066;MARTA GÓMEZ LOBO;40.9523098, -4.1092066
CASA FAMILIAR VIRGEN DE LA ENCARNACION;2023-11-15;CALLE MARIA ZAMBRANO 3;40;40194;SEGOVIA;SEGOVIA;40001;SEGOVIA - ZONA I;921 460074;;400080;CASA NUESTRA SEÑORA DE LA ENCARNACION;;INSTITUCIONES, ÓRDENES, CONGREGACIONES RELIGIOSAS Y SIMILARES;;;PERSONAS CON DISCAPACIDAD;Residencia;Personas con discapacidad por trastorno del desarrollo intelectual;OTROS: 22;40.9518104;-4.1236733;VANESA HERNANDEZ CONTRERAS;40.9518104, -4.1236733
"VIVIENDA PARA PERSONAS CON DISCAPACIDAD INTELECTUAL ""AGUA DULCE""";2023-03-03;PLAZA SAN ESTEBAN 5 1º DERECHA;40;40194;SEGOVIA;SEGOVIA;40001;SEGOVIA - ZONA I;921 460074;921 460076;400652;CASA NUESTRA SEÑORA DE LA ENCARNACION;;INSTITUCIONES, ÓRDENES, CONGREGACIONES RELIGIOSAS Y SIMILARES;cf-segovia@cruzblanca.org;;PERSONAS CON DISCAPACIDAD;Vivienda;Personas con disc. física, sensorial, por trastorno del desarrollo intelectual y/o por enfer. mental;OTROS: 4;40.95206;-4.12521;VANESA HERNANDEZ CONTRERAS;40.95206, -4.12521
"RESIDENCIAL PARA MAYORES ""EL JARDIN DE SEGOVIA""";2023-03-03;CALLE SITIO  Nº 20;40;40207;SEGOVIA;TRESCASAS;40194;SAN ILDEFONSO;921 407879;921 431147;400376;RURALTERSA S.L.;;SOCIEDADES;direccion@eljardindesegovia.com;;PERSONAS MAYORES;Residencia;Para asistidos;ASISTIDOS: 160;40.9560381;-4.036243799999999;JESUS ALBERTO MARTIN MUÑOZ;40.9560381, -4.036243799999999
CENTRO DE DÍA DE PERSONAS MAYORES DE ABEJAR;2024-03-22;CALLE ANSELMO DE LA ORDEN 15;42;42001;SORIA;ABEJAR;42146;PINARES SUR;975 240924;;420171;AYUNTAMIENTO DE ABEJAR;;ADMINISTRACIÓN LOCAL;fjypsoria@gmail.com;;PERSONAS MAYORES;Centro de día;Hogar (Unidad de atención social);;41.8065879;-2.7853335;MARIA DEL CARMEN TERESA PEREZ;41.8065879, -2.7853335
CLUB PERSONAS MAYORES AVELLANEDA;2024-04-10;CALLE REAL 18;42;42007;SORIA;ALCUBILLA DE AVELLANEDA;42353;PINARES SUR;975 240924;975 619453011;420033;ASOCIACION DE PENSIONISTAS AVELLANEDA;;ASOCIACIÓN;fjypsoria@gmail.com;;PERSONAS MAYORES;Centro de día;Hogar (Unidad de atención social);;41.7260139;-3.3039419;AVELINO MELCON BELTRAN;41.7260139, -3.3039419
CENTRO DE DIA DE PERSONAS MAYORES DE ALMAZAN;2023-10-26;CALLE DIEGO LAINEZ 14;42;42020;SORIA;ALMAZAN;42200;ALMAZÁN;975 310137;975 310169;420213;GERENCIA DE SERVICIOS SOCIALES DE CASTILLA Y LEÓN;SANIVIDA, S.L;ADMINISTRACIÓN AUTONÓMICA;angjiman@jcyl.es;;PERSONAS MAYORES;Centro de día;Estancias diurnas;ASISTIDOS: 12;41.48638709999999;-2.5340694;ANA MARIA ANGULO JIMENEZ;41.48638709999999, -2.5340694
RESIDENCIA PERSONAS MAYORES SAGRADA FAMILIA;2023-04-10;PASEO ISABEL LA CATOLICA S/N.;42;42025;SORIA;ARCOS DE JALON;42250;SORIA SUR;975 320111;;420046;CLECE VITAM, S.A.;JALÓN ASISTENCIAL, S.L.U.;SOCIEDADES;gerencia@jalonasistencial.es;www.clece.es;PERSONAS MAYORES;Residencia;Para asistidos;ASISTIDOS: 145;41.2152704;-2.2741279;MONICA GISBERT AGUILAR;41.2152704, -2.2741279
RESIDENCIA DE PERSONAS MAYORES NUESTRA SEÑORA DEL MERCADO;2022-02-24;CALLE PASEO DE LA DEHESA;42;42035;SORIA;BERLANGA DE DUERO;42360;BERLANGA DE DUERO;975 343549;;420115;AYUNTAMIENTO DE BERLANGA DE DUERO;HORELAVEGA S.L.;ADMINISTRACIÓN LOCAL;residenciaslatorre1@gmail.com;www.residenciasparamayores.com;PERSONAS MAYORES;Residencia;Para asistidos;ASISTIDOS: 46;41.4556534;-2.8676861;EVA MARIA IGEA SERRANO;41.4556534, -2.8676861
RESIDENCIA REHABILITADORA SAN JOSE;2022-02-24;CALLE ACOSTA 25;42;42043;SORIA;BURGO DE OSMA (EL);42300;RIBERA DEL DUERO;975 340014;975 340576;420091;DIPUTACIÓN PROVINCIAL DE SORIA;;ADMINISTRACIÓN LOCAL;jcromero@dipsoria.es;www.dipsoria.es;PERSONAS MAYORES;Residencia;Para asistidos;ASISTIDOS: 41;41.5903059;-3.0634558;JUAN CARLOS ROMERO HERGUETA;41.5903059, -3.0634558
CENTRO OCUPACIONAL SAN JOSE;2024-05-06;CALLE ACOSTA 29;42;42043;SORIA;BURGO DE OSMA (EL);42300;RIBERA DEL DUERO;975 340014;975 975101070;420227;DIPUTACIÓN PROVINCIAL DE SORIA;;ADMINISTRACIÓN LOCAL;jcroromero@dipsoria.es;www.dipsoria.es;PERSONAS CON DISCAPACIDAD;Centro de día;Personas con discapacidad por trastorno del desarrollo intelectual;OTROS: 19;41.5911665;-3.0630329;JUAN CARLOS ROMERO HERGUETA;41.5911665, -3.0630329
CLUB DE PERSONAS MAYORES;2024-04-15;CALLE CELESTINO ARRANZ 7;42;42045;SORIA;CABREJAS DEL PINAR;42147;PINARES SUR;975 240924;975 606960863;420025;ASOCIACION DE TERCERA EDAD DE CABREJAS DEL PINAR;;ASOCIACIÓN;fjypsoria@gmail.com;;PERSONAS MAYORES;Centro de día;Hogar (Unidad de atención social);;;;JOSE LUIS SORIA GARCIA;
CLUB DE PERSONAS MAYORES SANTO DOMINGO;2024-04-10;CALLE REAL;42;42058;SORIA;CASTILLEJO DE ROBLEDO;42328;RIBERA DEL DUERO;975 240924;975 650969494;420079;ASOCIACION DE PENSIONISTAS SANTO DOMINGO;;ASOCIACIÓN;fjypsoria@gmail.com;;PERSONAS MAYORES;Centro de día;Hogar (Unidad de atención social);;41.5602077;-3.4950122;ENRIQUE PALENZUELA ESTUPIÑA;41.5602077, -3.4950122
"CENTRO DE DIA DE PERSONAS MAYORES ""RAN ROQUE""";2024-04-15;CALLE PICOTA (LA) S/N;42;42063;SORIA;CIHUELA;42126;CAMPO DE GÓMARA;975 240924;975 625643567;420116;ASOCIACION INICIATIVA COMUNITARIA SAN ROQUE;;ASOCIACIÓN;fjypsoria@gmail.com;;PERSONAS MAYORES;Centro de día;Hogar (Unidad de atención social);;41.4087339;-2.0000708;BERNARDINO MANUEL ANDRES REMACHA;41.4087339, -2.0000708
RESIDENCIA DE MAYORES CUNA DEL DUERO;2022-08-19;CALLE OPORTO S/N;42;42078;SORIA;DURUELO DE LA SIERRA;42158;PINARES NORTE;975 371495;975 371495;420257;AYUNTAMIENTO DE DURUELO DE LA SIERRA;"FUNDACION DE LA RESIDENCIA DE MAYORES ""CUNA DEL DUERO""";ADMINISTRACIÓN LOCAL;info@residenciacunadelduero.com;;PERSONAS MAYORES;Residencia;Para asistidos;ASISTIDOS: 52;41.9542789;-2.9320885;MARIA PASCUAL RUBIO;41.9542789, -2.9320885
CLUB DE PERSONAS MAYORES DE FUENTEARMEGIL;2020-10-14;PLAZA REAL 2;42;42085;SORIA;FUENTEARMEGIL;42143;PINARES SUR;975 375029;;420051;ASOCIACION DE TERCERA EDAD DEL MUNICIPIO DE FUENTEARMEGIL;;ASOCIACIÓN;;;PERSONAS MAYORES;Centro de día;Hogar (Unidad de atención social);;41.7149832;-3.1835036;VICENTE ROMERO BENITO;41.7149832, -3.1835036
RESIDENCIA DE MAYORES VIRGEN DE LA FUENTE;2024-06-14;CALLE FERIAL S/N;42;42096;SORIA;GOMARA;42120;CAMPO DE GÓMARA;975 182142;975 695870128;420054;AYUNTAMIENTO DE GOMARA;FUNDACION DE PERSONAS MAYORES VIRGEN DE LA FUENTE;ADMINISTRACIÓN LOCAL;residenciadegomara@gmail.com;;PERSONAS MAYORES;Residencia;Para asistidos;ASISTIDOS: 19;41.6228623;-2.2241748;ESTHER ARRIETA BOADA;41.6228623, -2.2241748
CENTRO DE DÍA DE  MATAMALA DE ALMAZAN;2022-11-07;CALLE MAYOR Nº 23;42;42111;SORIA;MATAMALA DE ALMAZAN;42004;SORIA RURAL;975 312415;975 312492;420297;AYUNTAMIENTO DE MATAMALA DE ALMAZAN;;ADMINISTRACIÓN LOCAL;secretaria@matamaladealmazan.es;http://www.matamaladealmazan.es/;PERSONAS MAYORES;Centro de día;Hogar (Unidad de atención social);;41.5069309;-2.6404546;MARIANO HERNANDEZ CEDAZO;41.5069309, -2.6404546
RESIDENCIA DE  MAYORES DE MATAMALA DE ALMAZAN;2022-11-24;CALLE MAYOR Nº 21-23;42;42111;SORIA;MATAMALA DE ALMAZAN;42211;SORIA RURAL;975 312559;975 312492;420298;AYUNTAMIENTO DE MATAMALA DE ALMAZAN;;ADMINISTRACIÓN LOCAL;secretariamatamala@gmail.com;http://www.matamaladealmazan.es/;PERSONAS MAYORES;Residencia;Para asistidos;ASISTIDOS: 49;41.5060448;-2.641214;MARINA LOPEZ NIETO;41.5060448, -2.641214
"RESIDENCIA DE PERSONAS MAYORES ""NUESTRA SEÑORA DE LA LUZ""";2022-11-07;CARRETERA DE SIGÜENZA S/N;42;42113;SORIA;TORRALBA DEL MORAL;42240;SORIA SUR;975 323544;975 323544;420178;FUNDACIÓN BENÉFICA VIRGEN DE LOS DOLORES;;FUNDACIÓN;resntrasraluz@gmail.com;;PERSONAS MAYORES;Residencia;Mixta para válidos y asistidos;VÁLIDOS: 18, ASISTIDOS: 53;41.0373037;-2.4719993;MARIA DOLORES MARTÍNEZ SOTILLO;41.0373037, -2.4719993
"RESIDENCIA DE PERSONAS MAYORES ""NUESTRA SEÑORA DE BIENVENIDA""";2022-02-11;CALLE HOYA (LA) 1;42;42119;SORIA;MONTEAGUDO DE LAS VICARIAS;42220;SORIA SUR;975 325987;975 325987;420218;VIRMUKA S.L;;SOCIEDADES;administracion@residenciabienvenida.com;www.residenciabienvenida.com;PERSONAS MAYORES;Residencia;Para asistidos;ASISTIDOS: 48;41.3652466;-2.1693098;SILVIA ORTEGA RODRÍGUEZ;41.3652466, -2.1693098
UNIDAD DE ATENCION ESPECIALIZADA EN DEMENCIAS;2024-05-09;CALLE DOCTOR SALCEDO 36;42;42134;SORIA;OLVEGA;42110;EL MONCAYO;976 645693;;420196;ALZHEIMER SORIA, ASOCIACIÓN DE FAMILIARES DE ENFERMOS DE ALZHEIMER Y OTRAS DEMENCIAS DE SORIA;;ASOCIACIÓN;unidadolvega@alzheimersoria.org;;PERSONAS MAYORES;Centro de día;Estancias diurnas para enfermos de Alzheimer;ASISTIDOS: 15;41.7784973;-1.9849796;CRISTINA RUIZ BARCONES;41.7784973, -1.9849796
CLUB DE LA PERSONAS MAYORES;2024-04-10;AVENIDA MARIA EUGENIA MARTINEZ DEL CAMPO  Nº 2;42;42164;SORIA;SAN LEONARDO DE YAGÜE;42140;PINARES SUR;975 240924;975 673656534;420045;ASOCIACIÓN DE JUBILADOS Y PENSIONISTAS SAN LEONARDO DE YAGÜE;;ASOCIACIÓN;fjypsoria@gmail.com;;PERSONAS MAYORES;Centro de día;Hogar (Unidad de atención social);;;;VICTORIANO PUERTAS DE MATEO;
RESIDENCIA DE PERSONAS MAYORES DE SORIA;2024-12-10;CAMINO ROYALES (LOS) 2;42;42173;SORIA;SORIA;42005;SORIA - ZONA 2 - OESTE;975 231033;;420076;GERENCIA DE SERVICIOS SOCIALES DE CASTILLA Y LEÓN;;ADMINISTRACIÓN AUTONÓMICA;miriam.rebordinos@jcyl.es;;PERSONAS MAYORES;Residencia;Para asistidos;DEPENDIENTES: 195;;;MIRIAM REBORDINOS PRIETO;
CASA ACOGIDA DE SORIA;2023-09-27;s/c;42;42173;SORIA;SORIA;42000;ZDESCONOCIDO;;;420355;AYUNTAMIENTO DE SORIA;;ADMINISTRACIÓN LOCAL;;;MUJER;Vivienda;Casa de acogida mujeres maltratadas;OTROS: 15;;;;
UNIDAD DE ATENCIÓN SOCIAL SANTA BARBARA;2022-11-07;AVENIDA GAYA NUÑO Nº 2;42;42173;SORIA;SORIA;42004;SORIA - ZONA 2 - OESTE;975 052033;;420291;AYUNTAMIENTO DE SORIA;;ADMINISTRACIÓN LOCAL;cpmgayanuno@soria.es;www.soria.es;PERSONAS MAYORES;Centro de día;Hogar (Unidad de atención social);;41.7699275;-2.4702991;JOSE BOCES DIAGO;41.7699275, -2.4702991
CENTRO TERAPEUTICO DE DIA DE A.F.A.;2025-11-20;CALLE SAN HIPOLITO 7;42;42173;SORIA;SORIA;42004;SORIA - ZONA 1 - ESTE;975 240745;975 616411817;420087;ALZHEIMER SORIA, ASOCIACIÓN DE FAMILIARES DE ENFERMOS DE ALZHEIMER Y OTRAS DEMENCIAS DE SORIA;;ASOCIACIÓN;info@alzheimersoria.org;;PERSONAS MAYORES;Centro de día;Estancias diurnas para enfermos de Alzheimer;ASISTIDOS: 40;41.76891800002387;-2.473836937974904;ALICIA DURAN CORTINES;41.76891800002387, -2.473836937974904
"VIVIENDA DE LA FUNDACIÓN ""FADESS""";2025-04-14;CALLE MARTIRES DE LA INDEPENDENCIA 15- 4º.;42;42173;SORIA;SORIA;42001;SORIA - ZONA 2 - OESTE;975 220512;975 660071145;420177;FUNDACION DE AYUDA AL DISCAPACITADO Y ENFERMO PSIQUICO DE SORIA (FADESS);ASOCIACION DE FAMILIARES Y ENFERMOS PSIQUICOS VIRGEN DEL CAMINO - ASOVICA;FUNDACIÓN;fadess@hotmail.com;www.menssanasoria.com;PERSONAS CON DISCAPACIDAD;Vivienda;Personas con discapacidad por enfermedad mental;OTROS: 8;;;NATALIA BRIONGOS HERNANDEZ;
CENTRO RESIDENCIAL DE APOYO AL CENTRO OCUPACIONAL-ASAMIS;2022-11-07;CALLE POLVORIN (DEL) S/N;42;42173;SORIA;SORIA;42005;SORIA - ZONA 1 - ESTE;975 231143;;420105;ASOCIACIÓN SORIANA DE AYUDA A LAS PERSONAS CON DISCAPACIDAD INTELECTUAL Y SUS FAMILIAS - ASAMIS;;ASOCIACIÓN;gerencia@asamis.org;www.asamis.org;PERSONAS CON DISCAPACIDAD;Residencia;Personas con discapacidad por trastorno del desarrollo intelectual;OTROS: 28;41.7760304;-2.4600417;MARIO BALLANO SORIANO;41.7760304, -2.4600417
CENTRO DE REFERENCIA ESTATAL DE ATENCION SOCIOSANITARIA PARA PERSONAS EN SITUACION DE DEPENDENCIA;2022-12-16;CALLE ENRIQUE PASCUAL OLIVA 7;42;42173;SORIA;SORIA;42005;SORIA - ZONA 1 - ESTE;975 244112;;420431;INSTITUTO DE MAYORES Y SERVICIOS SOCIALES. IMSERSO;;ADMINISTRACIÓN CENTRAL;credef@imserso.es;;PERSONAS CON DISCAPACIDAD;Centro de día;Personas con discapacidad física;OTROS: 30;41.7724195;-2.4656487;SILVIA OLIVA MANZANO;41.7724195, -2.4656487
CENTRO SOCIAL DE PERSONAS MAYORES;2020-10-14;CALLE DEL PUENTE S/N;42;42189;SORIA;UCERO;42144;PINARES SUR;975 363541;;420043;ASOCIACION DE TERCERA EDAD DE UCERO;;ASOCIACIÓN;;;PERSONAS MAYORES;Centro de día;Hogar (Unidad de atención social);;41.7163738;-3.0518628;CRISTINA GOMEZ AYLAGAS;41.7163738, -3.0518628
CENTRO DE DIA DE PERSONAS MAYORES;2020-10-14;CALLE HOSPITAL 2;47;47005;VALLADOLID;ALCAZAREN;47238;ÍSCAR;983 609002;;470622;AYUNTAMIENTO DE ALCAZAREN;;ADMINISTRACIÓN LOCAL;;;PERSONAS MAYORES;Centro de día;Hogar (Unidad de atención social);;41.370218;-4.6709797;ALFONSO GARCIA CANO;41.370218, -4.6709797
CENTRO DE DIA JIREYSA ALDEAMAYOR GOLF SENIOR;2024-04-02;CALLE LA FUENTONA DE MURIEL S/N;47;47007;VALLADOLID;ALDEAMAYOR DE SAN MARTIN;47162;PORTILLO;983 507022;;471392;JIREYSA ALDEAMAYOR GOLF SENIOR, S.L.;;SOCIEDADES;INFO@JIREYSA.ES;;PERSONAS MAYORES;Centro de día;Estancias diurnas;ASISTIDOS: 20;;;ANA ISABEL ALONSO PEREZ;
RESIDENCIA DE PROTECCION CRUZ DE LOS ANGELES;2007-11-23;CALLE DEHESILLA 8- 10;47;47010;VALLADOLID;ARROYO DE LA ENCOMIENDA;47165;CERCANÍAS 1;985 211399;985 204180;470895;FUNDACION CRUZ DE LOS ANGELES;;FUNDACIÓN;;;INFANCIA (Y JUVENTUD);Residencia;De protección;OTROS: 16;41.6095218;-4.7964581;TERESA ESTRADA VILLAZÓN;41.6095218, -4.7964581
UNIDAD DE ESTANCIA DIURNA DOMUSVI ARROYO;2025-11-19;CALLE FRANCISCO VITORIA 24;47;47010;VALLADOLID;ARROYO DE LA ENCOMIENDA;47195;CERCANÍAS 1;983 651900;;471385;GERO REAL, S.L.;;SOCIEDADES;direccion.arroyo@domusvi.es;;PERSONAS MAYORES;Centro de día;Estancias diurnas;ASISTIDOS: 10;41.621023350461996;-4.776216735719471;ROBERTO MORETON REYES;41.621023350461996, -4.776216735719471
CENTRO DE DÍA VITALIA CASTILLO;2025-06-14;CALLE CARRETAS S/N;47;47027;VALLADOLID;CABEZON DE PISUERGA;47260;VALORIA LA BUENA;983 500704;;470536;VITALIA HOME S.L.U.;;SOCIEDADES;RGCastillo@eresmas.com;;PERSONAS MAYORES;Centro de día;Estancias diurnas;ASISTIDOS: 30;41.7348339;-4.6452446;MARCELINO LORENZO HERNANDEZ;41.7348339, -4.6452446
RESIDENCIA DE PERSONAS MAYORES VIRGEN DEL AMOR HERMOSO;2024-10-08;CALLE DONANTES DE SANGRE Nº 1;47;47030;VALLADOLID;CAMPASPERO;47310;PEÑAFIEL;983 698575;983 983090442;470788;AYUNTAMIENTO DE CAMPASPERO;SG CAMPASPERO,S.L.;ADMINISTRACIÓN LOCAL;direccionvirgendelamorhermoso@hotmail.com;;PERSONAS MAYORES;Residencia;Para asistidos;ASISTIDOS: 41;41.490276;-4.2006224;PATRICIA ARÉVALO ALONSO;41.490276, -4.2006224
CENTRO DE DIA VIRGEN DEL OLMAR;2023-01-20;CARRETERA PEÑAFIEL S/N;47;47033;VALLADOLID;CANALEJAS DE PEÑAFIEL;47311;PEÑAFIEL;983 892169;;470619;EL OLMAR - 99 S.L.;;SOCIEDADES;elolmar.direccion@aisacyl.es;;PERSONAS MAYORES;Centro de día;Estancias diurnas;ASISTIDOS: 9;41.5259062;-4.1127931;ELENA HARINA ZAMORA;41.5259062, -4.1127931
CENTRO DE DIA EL MIRADOR DE CIGALES;2025-12-17;CALLE MIRADOR, Nº 4;47;47050;VALLADOLID;CIGALES;47270;VALORIA LA BUENA;983 580000;;471014;AYUNTAMIENTO DE CIGALES;APRENDE A VIVIR S.L.;ADMINISTRACIÓN LOCAL;ayuntamiento@cigales.gob.es;;PERSONAS MAYORES;Centro de día;Estancias diurnas;ASISTIDOS: 15;41.7617907;-4.7041714;SONIA PEREZ VILLACORTA;41.7617907, -4.7041714
TALLER OCUPACIONAL DE CIGALES;2022-11-07;CALLE RIO S/N;47;47050;VALLADOLID;CIGALES;47270;VALORIA LA BUENA;983 580000;983 580250;470696;AYUNTAMIENTO DE CIGALES;;ADMINISTRACIÓN LOCAL;;;PERSONAS CON DISCAPACIDAD;Centro de día;Personas con discapacidad por trastorno del desarrollo intelectual;OTROS: 25;41.755518;-4.695741;PEDRO MISIEGO SAN MARTIN;41.755518, -4.695741
UNIDAD DE ESTACIAS DIURNAS SANTA TERESITA;2021-12-13;AVENIDA DE DIEGO VELAZQUEZ S/N.;47;47052;VALLADOLID;CISTERNIGA (LA);47193;CERCANÍAS 2;677 501051;677 306684;470796;SAMPIETRO GARCÍA, S. L.;;SOCIEDADES;info@residenciasantateresita.es;;PERSONAS MAYORES;Centro de día;Estancias diurnas;ASISTIDOS: 20;41.6075704;-4.6854299;RAMON SAN PIETRO GARCÍA;41.6075704, -4.6854299
HOGAR PARA PERSONAS MAYORES SAN MIGUEL ARCANGEL;2020-10-14;CALLE ANTERO GARCIA 1;47;47075;VALLADOLID;ISCAR;47420;ÍSCAR;983 620109;;470500;ASOCIACION LOCAL DE PENSIONISTAS Y JUBILADOS SAN MIGUEL ARCANGEL;;ASOCIACIÓN;;;PERSONAS MAYORES;Centro de día;Hogar (Unidad de atención social);;41.3617054;-4.535896;FELIX MARTIN BALLESTEROS;41.3617054, -4.535896
RESIDENCIA DE PERSONAS MAYORES EL VILLAR;2026-02-13;CALLE LAS BODEGAS S/N;47;47076;VALLADOLID;LAGUNA DE DUERO;47140;LAGUNA DE DUERO;983 544545;;470345;GERHOSTAL, S.L.;;SOCIEDADES;recepcionresidenciaelvillar@gmail.com;;PERSONAS MAYORES;Residencia;Para asistidos;ASISTIDOS: 109;41.5828476;-4.7105009;RAUL VILLAHOZ BURGOS;41.5828476, -4.7105009
VIVIENDA COMUNITARIA II;2025-08-14;CALLE PORMA 3;47;47076;VALLADOLID;LAGUNA DE DUERO;47140;LAGUNA DE DUERO;983 540660;983 475395;470813;FUNDACIÓN PERSONAS;;FUNDACIÓN;teresa.lopez@fundacionpersonas.es;;PERSONAS CON DISCAPACIDAD;Vivienda;Personas con disc. física, sensorial, por trastorno del desarrollo intelectual y/o por enfer. mental;OTROS: 7;41.5868467;-4.7308743;MARIA TERESA LOPEZ ENCINAS;41.5868467, -4.7308743
EL PALACIO, CENTRO GERIÁTRICO;2025-05-27;CALLE VALENTIN AREVALO AYLLON 24;47;47082;VALLADOLID;MATAPOZUELOS;47230;SERRADA;983 832629;;470179;FUNDACION SOCIAL VALENTIN AREVALO AYLLON;;FUNDACIÓN;info@residenciaelpalacio.com;;PERSONAS MAYORES;Residencia;Para asistidos;ASISTIDOS: 49;41.4131751076451;-4.79098489743501;CRISTINA MEDINA MILLAN;41.4131751076451, -4.79098489743501
CENTRO ESPECIALIZADO EN ALZHEIMER Y OTRAS DEMENCIAS;2021-08-31;CALLE DE LA ANTIGUA 1;47;47085;VALLADOLID;MEDINA DEL CAMPO;47400;MEDINA DEL CAMPO;983 811001;983 811001;470853;ASOCIACION DE FAMILIARES DE ENFERMOS DE ALZHEIMER MEDINA DEL CAMPO - AFAMEC;;ASOCIACIÓN;afamec@terra.es;;PERSONAS MAYORES;Centro de día;Estancias diurnas para enfermos de Alzheimer;ASISTIDOS: 20;41.3070107;-4.9134373;ALMUDENA LÓPEZ PÉREZ;41.3070107, -4.9134373
RESIDENCIA SAN JOSE;2025-05-23;PLAZA MARQUES DE LA ENSENADA , 11;47;47085;VALLADOLID;MEDINA DEL CAMPO;47400;MEDINA DEL CAMPO;983 800492;;470089;HERMANITAS DE ANCIANOS DESAMPARADOS - HOGAR SAN JOSÉ EN MEDINA DEL CAMPO;;INSTITUCIONES, ÓRDENES, CONGREGACIONES RELIGIOSAS Y SIMILARES;hernandesmedinac@telefonica.net;;PERSONAS MAYORES;Residencia;Para asistidos;ASISTIDOS: 120;41.3103864;-4.916572599999999;María Bravo Serrano,  ANA Mª SANTAMARÍA ABAJO;41.3103864, -4.916572599999999
RESIDENCIA DE PERSONAS MAYORES SANTA AGUEDA;2021-09-30;CALLE COSTADO DEL HOSPITAL 10;47;47085;VALLADOLID;MEDINA DEL CAMPO;47400;MEDINA DEL CAMPO;630 044208;;470719;AMA GESTIÓN Y CONSULTING, S.L;;SOCIEDADES;contabilidad_ama@yahoo.com;;PERSONAS MAYORES;Residencia;Para asistidos;ASISTIDOS: 19;41.3051193;-4.919416;ANCA ANGELA MERESESCU;41.3051193, -4.919416
TALLER OCUPACIONAL SAN RAMON Y SAN LUIS;2021-07-05;CALLE ESPOLON 12;47;47090;VALLADOLID;MOJADOS;47250;PORTILLO;983 607542;983 607012;470436;AYUNTAMIENTO DE MOJADOS;;ADMINISTRACIÓN LOCAL;;;PERSONAS CON DISCAPACIDAD;Centro de día;Personas con discapacidad por trastorno del desarrollo intelectual;OTROS: 15;41.4336536;-4.663256;ADOLFO LOPEZ RAMIRO;41.4336536, -4.663256
CENTRO DE DIA HOGAR SANTIAGO APOSTOL;2022-08-30;CARRETERA BOCOS KM. 2 (BARRIO RABANALES);47;47114;VALLADOLID;PEÑAFIEL;47300;PEÑAFIEL;;;470410;RESIDENCIA DE TERCERA EDAD SANTIAGO APOSTOL, S.L.;;SOCIEDADES;;;PERSONAS MAYORES;Centro de día;Hogar (Unidad de atención social);;;;SANTIAGO ASENJO MÍNGUEZ;
RESIDENCIA FUNDACION  COCOPE;2022-01-13;CARRETERA PESQUERA KM 0,800;47;47114;VALLADOLID;PEÑAFIEL;47300;PEÑAFIEL;983 878092;983 878023;471026;FUNDACION COCOPE;;FUNDACIÓN;jcolomafundacioncocope@hotmail.es;;PERSONAS MAYORES;Residencia;Para asistidos;ASISTIDOS: 120;41.6069364;-4.1160571;Mª ANGELES LERMA GARCÍA;41.6069364, -4.1160571
CENTRO DE DIA FUNDACION COCOPE;2020-10-14;CARRETERA PESQUERA 0,800;47;47114;VALLADOLID;PEÑAFIEL;47300;PEÑAFIEL;;;471027;FUNDACION COCOPE;;FUNDACIÓN;jcolomafundacioncocope@hotmail.es;;PERSONAS MAYORES;Centro de día;Estancias diurnas;ASISTIDOS: 15;41.6014072;-4.1174436;D. JOSÉ DALMACIO COLOMA MARTÍN;41.6014072, -4.1174436
RESIDENCIA DE PERSONAS MAYORES SAN JOSE;2024-03-27;CALLE REAL 29;47;47155;VALLADOLID;SANTOVENIA DE PISUERGA;47011;CERCANÍAS 2;983 400426;;470564;CARITAS DIOCESANA DE VALLADOLID;"FUNDACION ""EL MANDAMIENTO NUEVO""";INSTITUCIONES, ÓRDENES, CONGREGACIONES RELIGIOSAS Y SIMILARES;direccion.sanjose@mandanuevo.es;;PERSONAS MAYORES;Residencia;Para asistidos;ASISTIDOS: 86;41.6943475;-4.6883843;ROSA MONTERO CUADRADO;41.6943475, -4.6883843
RESIDENCIA MIXTA PARA PERSONAS MAYORES  VILLA DE LA SECA;2025-02-28;CARRETERA A POZALDEZ S/N;47;47158;VALLADOLID;SECA (LA);47491;SERRADA;983 816910;;471061;AYUNTAMIENTO DE LA SECA;CK SENIOR GESTIÓN, S.L;ADMINISTRACIÓN LOCAL;ayuntamiento@laseca.gob.es;;PERSONAS MAYORES;Residencia;Para asistidos;ASISTIDOS: 52;41.4080707;-4.8940095;JUAN ANDRÉS GARCÍA GÓMEZ;41.4080707, -4.8940095
TALLER OCUPACIONAL DE TORDESILLAS, VICENTE DEL BOSQUE;2020-10-14;CALLE SAN PEDRO 13;47;47165;VALLADOLID;TORDESILLAS;47100;TORDESILLAS;983 771057;;471031;AYUNTAMIENTO DE TORDESILLAS;;ADMINISTRACIÓN LOCAL;to.tordesillas@dip-valladolid.es;;PERSONAS CON DISCAPACIDAD;Centro de día;Personas con discapacidad por trastorno del desarrollo intelectual;OTROS: 20;41.5010817;-4.9992883;Mª DEL MILAGRO ZARZUELO;41.5010817, -4.9992883
"CENTRO DE DIA  ""EL ATRIO""";2020-10-14;CALLE MAYOR 3;47;47174;VALLADOLID;TRIGUEROS DEL VALLE;47282;VALORIA LA BUENA;983 580401;983 580401;470799;AYUNTAMIENTO DE TRIGUEROS DEL VALLE;;ADMINISTRACIÓN LOCAL;;;PERSONAS MAYORES;Centro de día;Hogar (Unidad de atención social);;41.8300519;-4.6507438;MARIA JOSEFA POLO COCA;41.8300519, -4.6507438
RESIDENCIA NUEVA EDAD;2025-09-11;CALLE TRATADO DE TORDEHUMOS 4;47;47175;VALLADOLID;TUDELA DE DUERO;47320;PINODUERO;983 521801;;470675;CENTRO ASISTENCIAL RESIVAL S.L.;;SOCIEDADES;residencianuevaedad@outlook.com;;PERSONAS MAYORES;Residencia;Para asistidos;ASISTIDOS: 16;41.583675;-4.567238199999999;NURIA VIELBA GARCÍA;41.583675, -4.567238199999999
RESIDENCIA PERSONAS MAYORES VIRGEN DEL MILAGRO;2024-05-24;CALLE DE LA ENCINA 15;47;47182;VALLADOLID;VALDESTILLAS;47240;SERRADA;983 551324;;470299;ROSA MARIA MATISAN SANTOS;;PERSONA FÍSICA-EMPRESA INDIVIDUAL;sandra@csselespinar.es;;PERSONAS MAYORES;Residencia;Para asistidos;ASISTIDOS: 49;41.4843421;-4.772251;SANDRA MACHUCA MATISAN;41.4843421, -4.772251
RESIDENCIA DE ANCIANOS HISTORIAS INOLVIDABLES;2024-05-22;CALLE FRAILES 6;47;47182;VALLADOLID;VALDESTILLAS;47240;SERRADA;983 079334;;470166;HISTORIAS INOLVIDABLES RESIDENCIA DE ANCIANOS S.L.U.;;SOCIEDADES;historiasresidencia@gmail.com;;PERSONAS MAYORES;Residencia;Para asistidos;DEPENDIENTES: 19;41.4880384;-4.7714582;GUILLERMO NALDA FERNANDEZ;41.4880384, -4.7714582
"UNIDAD DE ESTANCIAS DIURNAS ""AVE MARIA""";2023-01-20;CALLE ROMERUELA 1;47;47184;VALLADOLID;VALORIA LA BUENA;47200;VALORIA LA BUENA;983 502045;;470784;ONECHA TREJO, S. L.;;SOCIEDADES;residenciaavemaria@valorialabuena.com;;PERSONAS MAYORES;Centro de día;Estancias diurnas;ASISTIDOS: 20;41.7983179;-4.534443;LAURA VÁZQUEZ FERNANDEZ;41.7983179, -4.534443
"RESIDENCIA DE PERSONAS MAYORES ""RAICES II""";2021-01-22;CARRETERA RUEDA 198- BAJO 1º;47;47186;VALLADOLID;VALLADOLID;47008;VALLADOLID - SUR - LA RUBIA;983 245479;;470481;GARRESILBEMAR, S.L.;;SOCIEDADES;;;PERSONAS MAYORES;Residencia;Para asistidos;ASISTIDOS: 39;41.6145031;-4.7488006;CARLOS GAGO MARTÍN;41.6145031, -4.7488006
UNIDAD DE ESTANCIAS DIURNAS LACORT;2024-09-13;CALLE JOSE MARIA LACORT 20;47;47186;VALLADOLID;VALLADOLID;47002;VALLADOLID - CAMPILLO;983 390433;;470629;CENTRO GERONTOLOGICO LACORT, S.L.;;SOCIEDADES;lacort@residenciaslacort.com;;PERSONAS MAYORES;Centro de día;Estancias diurnas;ASISTIDOS: 15;41.6488632;-4.7224943;DAVID BAENA SAUCO;41.6488632, -4.7224943
UNIDAD DE ESTANCIAS DIURNAS DE RESIDENCIA DE PERSONAS MAYORES (PARQUESOL);2025-03-26;CALLE AMADEO ARIAS 2;47;47186;VALLADOLID;VALLADOLID;47014;VALLADOLID - PARQUESOL;983 372693;;470498;GERENCIA DE SERVICIOS SOCIALES DE CASTILLA Y LEÓN;SANIVIDA, S.L;ADMINISTRACIÓN AUTONÓMICA;;;PERSONAS MAYORES;Centro de día;Estancias diurnas;ASISTIDOS: 20;;;VERÓNICA HERGUEDAS FERNÁNDEZ;
CENTRO AUTONÓMICO DE INTERNAMIENTO DE MENORES ZAMBRANA;2025-09-18;PASEO JUAN CARLOS I 14;47;47186;VALLADOLID;VALLADOLID;47014;VALLADOLID - DELICIAS - CANTERAC;983 457570;983 666235553;471051;GERENCIA DE SERVICIOS SOCIALES DE CASTILLA Y LEÓN;;ADMINISTRACIÓN AUTONÓMICA;;;INFANCIA (Y JUVENTUD);Centros de Menores Infractores;Centros de internamiento;OTROS: 80;41.6322628597432;-4.7199892477056;;41.6322628597432, -4.7199892477056
CENTRO DE INTERNAMIENTO DE MENORES LOS MANZANOS;2023-03-03;CALLE MIGUEL RUIZ DE TEMIÑO S/N;47;47186;VALLADOLID;VALLADOLID;47013;VALLADOLID - DELICIAS - CANTERAC;983 224952;;470803;GERENCIA DE SERVICIOS SOCIALES DE CASTILLA Y LEÓN;;ADMINISTRACIÓN AUTONÓMICA;;;INFANCIA (Y JUVENTUD);Centros de Menores Infractores;Centros de internamiento;OTROS: 24;41.6326528;-4.718264;.....;41.6326528, -4.718264
HOGAR TUTELADO EL JUGLAR II;2009-05-28;CALLE MIRABEL 9, 2º IZDA.;47;47186;VALLADOLID;VALLADOLID;47003;VALLADOLID - CENTRO;983 374018;983 378285;470450;FUNDACION ADSIS;;FUNDACIÓN;;;INFANCIA (Y JUVENTUD);Vivienda;Hogar tutelado;OTROS: 6;41.659639;-4.7292171;;41.659639, -4.7292171
VIVIENDA INTRAS VALLADOLID XXII;2023-11-15;CALLE GASPAR DE TORDESILLAS Nº 4 BAJO D;47;47186;VALLADOLID;VALLADOLID;47003;VALLADOLID - SUR - LA RUBIA;983 399633;;471512;FUNDACION INTRAS;;FUNDACIÓN;gmv@intras.es;;PERSONAS CON DISCAPACIDAD;Vivienda;Personas con discapacidad por enfermedad mental;OTROS: 2;41.632203;-4.7411831;GUSTAVO MARTÍN VILLAREJO;41.632203, -4.7411831
CENTRO DE DIA FUNDACION INTRAS;2021-09-30;CALLE MARTIN SANTOS ROMERO 1;47;47186;VALLADOLID;VALLADOLID;47016;VALLADOLID - PARQUESOL;983 399633;;471425;FUNDACION INTRAS;;FUNDACIÓN;intras@intras.es;;PERSONAS CON DISCAPACIDAD;Centro de día;Personas con discapacidad por enfermedad mental;OTROS: 10;41.6397849;-4.768309100000001;PABLO SANCHEZ PEREZ;41.6397849, -4.768309100000001
VIVIENDA INTRAS VALLADOLID XLV;2023-11-06;CALLE CAMPANAS Nº 1 3º H;47;47186;VALLADOLID;VALLADOLID;47001;VALLADOLID - CENTRO;983 399633;;471578;FUNDACION INTRAS;;FUNDACIÓN;rcs@intras.es;;PERSONAS CON DISCAPACIDAD;Vivienda;Personas con discapacidad por enfermedad mental;OTROS: 1;41.6521661;-4.7301376;GUSTAVO MARTÍN VILLAREJO;41.6521661, -4.7301376
VIVIENDA INTRAS VALLADOLID PADRE MANJON 81 (III);2025-04-14;CALLE PADRE MANJON 81 2ºD;47;47186;VALLADOLID;VALLADOLID;47013;VALLADOLID - DELICIAS - CANTERAC;983 399633;;471858;FUNDACION INTRAS;;FUNDACIÓN;vrm@intras.es;;PERSONAS CON DISCAPACIDAD;Vivienda;Personas con discapacidad por enfermedad mental;DISCAPACIDAD ENFERMEDAD MENTAL: 1;41.6379508;-4.7198916;GUSTAVO MARTÍN VILLAREJO;41.6379508, -4.7198916
VIVIENDA INTRAS VALLADOLID FAISAN;2023-10-30;CALLE FAISAN 19 3ºA;47;47186;VALLADOLID;VALLADOLID;47012;VALLADOLID - PAJARILLOS BAJOS;983 399633;;471881;FUNDACION INTRAS;;FUNDACIÓN;vrm@intras.es;;PERSONAS CON DISCAPACIDAD;Vivienda;Personas con discapacidad por enfermedad mental;DISCAPACIDAD ENFERMEDAD MENTAL: 1;41.6475643;-4.7077485;GUSTAVO MARTÍN VILLAREJO;41.6475643, -4.7077485
VIVIENDA INTRAS VALLADOLID XVIII;2025-09-14;CALLE ARZOBISPO MARCELO GONZALEZ Nº 15 3º H - IZDA.;47;47186;VALLADOLID;VALLADOLID;47007;VALLADOLID - SUR - JUAN DE AUSTRIA;983 399633;;471503;FUNDACION INTRAS;;FUNDACIÓN;gmv@intras.es;;PERSONAS CON DISCAPACIDAD;Vivienda;Personas con discapacidad por enfermedad mental;OTROS: 3;;;GUSTAVO MARTÍN VILLAREJO;
VIVIENDA INTRAS VALLADOLID ANDALUCIA 8;2025-02-18;CALLE ANDALUCIA 8 7ºC;47;47186;VALLADOLID;VALLADOLID;47012;VALLADOLID - DELICIAS - CANTERAC;983 399633;;471927;FUNDACION INTRAS;;FUNDACIÓN;vrm@intras.es;;PERSONAS CON DISCAPACIDAD;Vivienda;Personas con discapacidad por enfermedad mental;DISCAPACIDAD ENFERMEDAD MENTAL: 2;41.6429066;-4.716997999999999;PABLO GOMEZ CONEJO;41.6429066, -4.716997999999999
VIVIENDA INTRAS VALLADOLID XIX;2023-10-30;PASEO CAUCE 75A - 6º D;47;47186;VALLADOLID;VALLADOLID;47011;VALLADOLID - BELÉN - PILARICA;983 399699;;471510;FUNDACION INTRAS;;FUNDACIÓN;gmv@intras.es;;PERSONAS CON DISCAPACIDAD;Vivienda;Personas con discapacidad por enfermedad mental;OTROS: 3;41.6512569;-4.709325199999999;GUSTAVO MARTÍN VILLAREJO;41.6512569, -4.709325199999999
VIVIENDA INTRAS VALLADOLID L;2023-11-15;CALLE MANUEL AZAÑA Nº 62 5º Q;47;47186;VALLADOLID;VALLADOLID;47014;VALLADOLID - PARQUESOL;983 399633;;471595;FUNDACION INTRAS;;FUNDACIÓN;gmv@intras.es;;PERSONAS CON DISCAPACIDAD;Vivienda;Personas con discapacidad por enfermedad mental;OTROS: 3;41.6358812;-4.762120599999999;GUSTAVO MARTÍN VILLAREJO;41.6358812, -4.762120599999999
VIVIENDA INTRAS VALLADOLID PADRE MANJON 81 1ºD;2023-10-30;CALLE PADRE MANJON 81 1ºD;47;47186;VALLADOLID;VALLADOLID;47013;VALLADOLID - DELICIAS - CANTERAC;983 399633;;471853;FUNDACION INTRAS;;FUNDACIÓN;vrm@intras.es;;PERSONAS CON DISCAPACIDAD;Vivienda;Personas con discapacidad por enfermedad mental;DISCAPACIDAD ENFERMEDAD MENTAL: 1;41.6379508;-4.7198916;GUSTAVO MARTÍN VILLAREJO;41.6379508, -4.7198916
VIVIENDA INTRAS VALLADOLID XXXIX;2021-09-30;CALLE JACINTO BENAVENTE Nº 23 4º IZDA.;47;47186;VALLADOLID;VALLADOLID;47011;VALLADOLID - HOSPITAL;983 399633;;471579;FUNDACION INTRAS;;FUNDACIÓN;rcs@intras.es;;PERSONAS CON DISCAPACIDAD;Vivienda;Personas con discapacidad por enfermedad mental;OTROS: 3;41.6604315;-4.7138702;PABLO GÓMEZ CONEJO;41.6604315, -4.7138702
VIVIENDA INTRAS VALLADOLID XV;2022-11-07;CALLE VIA Nº 28 - 1º D;47;47186;VALLADOLID;VALLADOLID;47005;VALLADOLID - VADILLOS;983 399633;;471478;FUNDACION INTRAS;;FUNDACIÓN;intras@intras.es;;PERSONAS CON DISCAPACIDAD;Vivienda;Personas con discapacidad por enfermedad mental;OTROS: 3;41.6506523;-4.7111011;PABLO SANCHEZ PEREZ;41.6506523, -4.7111011
VIVIENDA INTRAS VALLADOLID CALLE REQUINTO;2023-10-30;CALLE REQUINTO 10 2ºB;47;47186;VALLADOLID;VALLADOLID;47012;VALLADOLID - DELICIAS - CANTERAC;983 399633;;471801;FUNDACION INTRAS;;FUNDACIÓN;dsp@intras.es;;PERSONAS CON DISCAPACIDAD;Vivienda;Personas con discapacidad por enfermedad mental;OTROS: 3;41.6298288;-4.7101469;GUSTAVO MARTÍN VILLAREJO;41.6298288, -4.7101469
VIVIENDA INTRAS VALLADOLID LXI;2023-10-30;CALLE PRINCIPE  Nº 16 2º B;47;47186;VALLADOLID;VALLADOLID;47005;VALLADOLID - VADILLOS;983 399633;;471748;FUNDACION INTRAS;;FUNDACIÓN;gmv@intras.es;;PERSONAS CON DISCAPACIDAD;Vivienda;Personas con discapacidad por enfermedad mental;OTROS: 1;41.6484745;-4.7144764;GUSTAVO MARTÍN VILLAREJO;41.6484745, -4.7144764
VIVIENDA INTRAS VALLADOLID LIV;2023-10-30;CALLE PARVA DE LA RIA Nº 63 BAJO;47;47186;VALLADOLID;VALLADOLID;47009;VALLADOLID - LA VICTORIA;983 399633;;471627;FUNDACION INTRAS;;FUNDACIÓN;gmv@intras.es;;PERSONAS CON DISCAPACIDAD;Vivienda;Personas con discapacidad por enfermedad mental;OTROS: 1;41.6733205;-4.7312088;GUSTAVO MARTÍN VILLAREJO;41.6733205, -4.7312088
VIVIENDA INTRAS VALLADOLID XXXV;2025-04-14;CALLE PINZONES Nº  4 1º D;47;47186;VALLADOLID;VALLADOLID;47010;VALLADOLID - RONDILLA- SANTA CLARA;983 399633;;471568;FUNDACION INTRAS;;FUNDACIÓN;gmv@intras.es;;PERSONAS CON DISCAPACIDAD;Vivienda;Personas con discapacidad por enfermedad mental;OTROS: 3;41.6633024;-4.7166574;GUSTAVO MARTÍN VILLAREJO;41.6633024, -4.7166574
VIVIENDA INTRAS VALLADOLID XXXVI;2023-10-30;DEL HOSPITAL MILITAR, Nº 23-A 3ºC;47;47186;VALLADOLID;VALLADOLID;47007;VALLADOLID - CAMPO GRANDE;983 399633;;471569;FUNDACION INTRAS;;FUNDACIÓN;gmv@intras.es;;PERSONAS CON DISCAPACIDAD;Vivienda;Personas con discapacidad por enfermedad mental;OTROS: 1;;;GUSTAVO MARTÍN VILLAREJO;
UNIDAD DE ESTANCIAS DIURNAS (CENTRO RONDILLA);2022-08-25;CALLE CARDENAL TORQUEMADA 52;47;47186;VALLADOLID;VALLADOLID;47010;VALLADOLID - RONDILLA- SANTA CLARA;983 426105;;470495;AYUNTAMIENTO DE VALLADOLID;SERVEO SOCIAL S.L.U.;ADMINISTRACIÓN LOCAL;;;PERSONAS MAYORES;Centro de día;Estancias diurnas;ASISTIDOS: 20;41.6640049;-4.7207554;Mº LUISA RAMIREZ CARBALLEDO;41.6640049, -4.7207554
CENTRO DE PERSONAS MAYORES RONDILLA;2020-10-14;CALLE CARDENAL TORQUEMADA 52;47;47186;VALLADOLID;VALLADOLID;47010;VALLADOLID - RONDILLA- SANTA CLARA;983 266000;983 250259;470310;AYUNTAMIENTO DE VALLADOLID;;ADMINISTRACIÓN LOCAL;;;PERSONAS MAYORES;Centro de día;Hogar (Unidad de atención social);;41.6640049;-4.7207554;;41.6640049, -4.7207554
CENTRO DE PERSONAS MAYORES SAN JUAN;2020-10-14;CALLE SANTA LUCIA 32;47;47186;VALLADOLID;VALLADOLID;47005;VALLADOLID - VADILLOS;983 296394;983 390792;470307;AYUNTAMIENTO DE VALLADOLID;;ADMINISTRACIÓN LOCAL;;;PERSONAS MAYORES;Centro de día;Hogar (Unidad de atención social);;41.6504646;-4.7163842;;41.6504646, -4.7163842
CENTRO DE PERSONAS MAYORES DE LA VICTORIA;2020-10-14;CALLE SAN SEBASTIAN 3;47;47186;VALLADOLID;VALLADOLID;47009;VALLADOLID - LA VICTORIA;983 424202;983 426253;470311;AYUNTAMIENTO DE VALLADOLID;;ADMINISTRACIÓN LOCAL;;;PERSONAS MAYORES;Centro de día;Hogar (Unidad de atención social);;41.6638383;-4.7324649;;41.6638383, -4.7324649
CENTRO DE VIDA ACTIVA PARQUESOL (ATENCIÓN SOCIAL);2024-06-07;CALLE ENRIQUE CUBERO 1;47;47186;VALLADOLID;VALLADOLID;47016;VALLADOLID - PARQUESOL;983 426100;;471887;AYUNTAMIENTO DE VALLADOLID;;ADMINISTRACIÓN LOCAL;SIS@AVA.ES;;PERSONAS MAYORES;Centro de día;Hogar (Unidad de atención social);;41.6357582;-4.7682733;VIRGINIA AYUSO LERA;41.6357582, -4.7682733
CENTRO DE VIDA ACTIVA PARQUESOL (ESTANCIAS DIURNAS);2024-06-07;CALLE ENRIQUE CUBERO 1;47;47186;VALLADOLID;VALLADOLID;47016;VALLADOLID - PARQUESOL;983 426100;;471886;AYUNTAMIENTO DE VALLADOLID;;ADMINISTRACIÓN LOCAL;SIS@AVA.ES;;PERSONAS MAYORES;Centro de día;Estancias diurnas;DEPENDIENTES: 32;41.6357582;-4.7682733;VIRGINIA AYUSO LERA;41.6357582, -4.7682733
CENTRO DE PERSONAS MAYORES ZONA ESTE (ESTANCIAS DIURNAS);2024-02-22;PLAZA BIOLOGO JOSE ANTONIO VALVERDE;47;47186;VALLADOLID;VALLADOLID;47012;VALLADOLID - PAJARILLOS BAJOS;983 426105;;471023;AYUNTAMIENTO DE VALLADOLID;;ADMINISTRACIÓN LOCAL;;;PERSONAS MAYORES;Centro de día;Estancias diurnas;ASISTIDOS: 20;;;;
CENTRO DE PERSONAS MAYORES PUENTE COLGANTE;2020-10-14;CALLE PUENTE COLGANTE 42;47;47186;VALLADOLID;VALLADOLID;47005;VALLADOLID - SUR - JUAN DE AUSTRIA;983 223216;983 222423;470308;AYUNTAMIENTO DE VALLADOLID;;ADMINISTRACIÓN LOCAL;;;PERSONAS MAYORES;Centro de día;Hogar (Unidad de atención social);;41.6408661;-4.7386204;;41.6408661, -4.7386204
CENTRO ASISTENCIAL DOCTOR VILLACIAN;2021-09-30;CALLE ORION 2;47;47186;VALLADOLID;VALLADOLID;47014;VALLADOLID - PARQUESOL;983 343211;983 343733;470475;DIPUTACION PROVINCIAL DE VALLADOLID;;ADMINISTRACIÓN LOCAL;;;PERSONAS MAYORES;Residencia;Para asistidos;ASISTIDOS: 149;41.6402187;-4.7519785;JUAN JOSÉ ZANCADA POLO;41.6402187, -4.7519785
CASA DE BENEFICENCIA;2025-08-01;CAMINO CEMENTERIO 4;47;47186;VALLADOLID;VALLADOLID;47011;VALLADOLID - BARRIO ESPAÑA - SAN PEDRO REGALADO;983 251408;;470467;ASOCIACIÓN CASA DE BENEFICENCIA DE VALLADOLID;;ASOCIACIÓN;anarodriguez@beneficiencia.net;;PERSONAS MAYORES;Residencia;Mixta para válidos y asistidos;VÁLIDOS: 76, ASISTIDOS: 102;41.6617481;-4.7104186;NICOLÁS DÍEZ MARTÍN;41.6617481, -4.7104186
RESIDENCIA SANTA MARTA;2020-02-06;CAMINO JUANA JUGAN S/N;47;47186;VALLADOLID;VALLADOLID;47008;VALLADOLID - DELICIAS - CANTERAC;983 232526;;470084;COMUNIDAD SANTA MARTA-CONGREGACION MARTA Y MARIA;;INSTITUCIONES, ÓRDENES, CONGREGACIONES RELIGIOSAS Y SIMILARES;ressantamarta@martaymaria.org;;PERSONAS MAYORES;Residencia;Para asistidos;ASISTIDOS: 111;41.6268153;-4.7203681;CELIA ROSAURA RAMÍREZ PÉREZ;41.6268153, -4.7203681
CENTRO EMERGENCIA VALLADOLID;2024-01-26;S/C;47;47186;VALLADOLID;VALLADOLID;47000;ZDESCONOCIDO;000 000000;;471486;CRUZ ROJA ESPAÑOLA;;ASOCIACIÓN;;;MUJER;Vivienda;Casa de acogida mujeres maltratadas;OTROS: 16;;;;
"VIVIENDA DE PERSONAS MAYORES ""VIRGEN DE LOURDES II""";2025-02-26;CALLE INDEPENDENCIA, Nº 7 - 6º-1ª;47;47186;VALLADOLID;VALLADOLID;47004;VALLADOLID - CAMPILLO;607 651939;;470566;EXPLOTACIONES F.V.G., S.L.;;SOCIEDADES;residenciavirgendelourdes@hotmail.com;;PERSONAS MAYORES;Residencia;Para asistidos;ASISTIDOS: 10;41.6448782;-4.724247;LETICIA VALDERRAMA VILLACE;41.6448782, -4.724247
VIVIENDA -HOGAR PERSONAS MAYORES VIRGEN DE LOURDES I;2020-11-09;CALLE INDEPENDENCIA 7- 6º D;47;47186;VALLADOLID;VALLADOLID;47004;VALLADOLID - CAMPILLO;983 203007;;470585;EXPLOTACIONES F.V.G., S.L.;;SOCIEDADES;residenciavirgendelourdes@hotmail.com;;PERSONAS MAYORES;Residencia;Mixta para válidos y asistidos;VÁLIDOS: 2, ASISTIDOS: 10;41.6448242;-4.7241465;LETICIA VALDERRAMA VILLACE;41.6448242, -4.7241465
RESIDENCIA SAN JUAN DE DIOS I;2024-12-14;AVENIDA MADRID Nº 68;47;47186;VALLADOLID;VALLADOLID;47008;VALLADOLID - DELICIAS - ARGALES;983 222875;;470393;CENTRO SAN JUAN DE DIOS;;INSTITUCIONES, ÓRDENES, CONGREGACIONES RELIGIOSAS Y SIMILARES;;;PERSONAS CON DISCAPACIDAD;Residencia;Personas con discapacidad por trastorno del desarrollo intelectual;OTROS: 32;41.60411;-4.72711;RAÚL RUIZ LÓPEZ;41.60411, -4.72711
CENTRO OCUPACIONAL SAN JUAN DE DIOS I;2025-06-14;AVENIDA MADRID Nº 68;47;47186;VALLADOLID;VALLADOLID;47008;VALLADOLID - DELICIAS - ARGALES;983 222875;;470395;CENTRO SAN JUAN DE DIOS;;INSTITUCIONES, ÓRDENES, CONGREGACIONES RELIGIOSAS Y SIMILARES;;;PERSONAS CON DISCAPACIDAD;Centro de día;Centro de día multiactividad/ personas con discapacidad por transtorno del desarrollo intelectual;DISCAPACIDAD INTELECTUAL: 200;41.6043867;-4.7271687;NOEMI SILVA GANSO;41.6043867, -4.7271687
"CENTRO OCUPACIONAL ""SAN JUAN DE DIOS"" III";2025-06-14;AVENIDA MADRID Nº 68;47;47186;VALLADOLID;VALLADOLID;47008;VALLADOLID - DELICIAS - ARGALES;983 222875;;470776;CENTRO SAN JUAN DE DIOS;;INSTITUCIONES, ÓRDENES, CONGREGACIONES RELIGIOSAS Y SIMILARES;;;PERSONAS CON DISCAPACIDAD;Centro de día;Centro de día multiactividad/ personas con discapacidad por transtorno del desarrollo intelectual;DISCAPACIDAD INTELECTUAL: 70;41.6043867;-4.7271687;NOEMI SILVA GANSO;41.6043867, -4.7271687
CENTRO DE DIA SAN JUAN DE DIOS;2023-05-05;AVENIDA MADRID Nº 68;47;47186;VALLADOLID;VALLADOLID;47008;VALLADOLID - DELICIAS - ARGALES;983 222875;983 273748;470947;CENTRO SAN JUAN DE DIOS;;INSTITUCIONES, ÓRDENES, CONGREGACIONES RELIGIOSAS Y SIMILARES;;;PERSONAS CON DISCAPACIDAD;Centro de día;Personas con discapacidad por trastorno del desarrollo intelectual;OTROS: 10;41.6259552;-4.7263189;NOEMI SILVA GANSO;41.6259552, -4.7263189
RESIDENCIA DE PERSONAS MAYORES ESPERANZA;2026-03-10;CAMINO ESPERANZA 29;47;47186;VALLADOLID;VALLADOLID;47007;VALLADOLID - SUR - JUAN DE AUSTRIA;983 228466;;470602;RESIDENCIA DE TERCERA EDAD ESPERANZA S.L.;;SOCIEDADES;esperanza@residenciaesperanza.es;;PERSONAS MAYORES;Residencia;Para asistidos;ASISTIDOS: 40;41.6345888;-4.735958699999999;ARMESTO GALLEGO, JOSÉ MANUEL;41.6345888, -4.735958699999999
"HOGAR ""MI FAMILIA""";2023-03-10;CALLE DOMINGO MARTINEZ 6- 1º B;47;47186;VALLADOLID;VALLADOLID;47007;VALLADOLID - SUR - JUAN DE AUSTRIA;983 224887;;470509;HOGAR GERIÁTRICO MI FAMILIA S.R.L.;;SOCIEDADES;esmeralda@senifersoluciones.es;;PERSONAS MAYORES;Residencia;Mixta para válidos y asistidos;VÁLIDOS: 5, ASISTIDOS: 4;;;Mª CARMEN MARTÍN ÁLVAREZ;
CENTRO DE DIA PARA PERSONAS CON DISCAPACIDAD PSIQUICA GRAVE PADRE ZEGRI;2023-05-05;CAMINO VIRGEN DE LA MERCED 12;47;47186;VALLADOLID;VALLADOLID;47009;VALLADOLID - LA VICTORIA;983 339694;983 342063;470874;CENTRO ESPECIAL PADRE ZEGRI MERCEDARIAS DE LA CARIDAD PROVINCIA INMACULADA VIRGEN MARIA;;INSTITUCIONES, ÓRDENES, CONGREGACIONES RELIGIOSAS Y SIMILARES;;;PERSONAS CON DISCAPACIDAD;Centro de día;Personas con discapacidad por trastorno del desarrollo intelectual;OTROS: 20;41.6624571;-4.7431713;CONCEPCION MORALES;41.6624571, -4.7431713
VIVIENDA TUTELADA PADRE ZEGRI A;2023-05-05;CAMINO VIRGEN DE LA MERCED 12 - A;47;47186;VALLADOLID;VALLADOLID;47009;VALLADOLID - LA VICTORIA;983 339694;;471745;CENTRO ESPECIAL PADRE ZEGRI MERCEDARIAS DE LA CARIDAD PROVINCIA INMACULADA VIRGEN MARIA;;INSTITUCIONES, ÓRDENES, CONGREGACIONES RELIGIOSAS Y SIMILARES;direccion@centropadrezegri.es;;PERSONAS CON DISCAPACIDAD;Vivienda;Personas con disc. física, sensorial, por trastorno del desarrollo intelectual y/o por enfer. mental;OTROS: 8;41.6624468;-4.7466322;E. CONCEPCIÓN MORALES SÁNCHEZ;41.6624468, -4.7466322
VIVIENDA TUTELADA PADRE ZEGRI B;2023-05-05;CAMINO VIRGEN DE LA MERCED Nº 12 B;47;47186;VALLADOLID;VALLADOLID;47009;VALLADOLID - LA VICTORIA;983 339694;;471746;CENTRO ESPECIAL PADRE ZEGRI MERCEDARIAS DE LA CARIDAD PROVINCIA INMACULADA VIRGEN MARIA;;INSTITUCIONES, ÓRDENES, CONGREGACIONES RELIGIOSAS Y SIMILARES;direccion@centropadrezegri.es;;PERSONAS CON DISCAPACIDAD;Vivienda;Personas con disc. física, sensorial, por trastorno del desarrollo intelectual y/o por enfer. mental;OTROS: 8;41.6624468;-4.7466322;E. CONCEPCIÓN MORALES SÁNCHEZ;41.6624468, -4.7466322
RESIDENCIA OBRA SOCIAL DEL SANTUARIO;2007-03-05;CALLE SANTUARIO 24;47;47186;VALLADOLID;VALLADOLID;47008;VALLADOLID - CAMPILLO;983 201844;;470330;FUNDACION EMILIO ALVAREZ GALLEGO OBRA S. DEL SANTUARIO;;FUNDACIÓN;;;PERSONAS CON DISCAPACIDAD;Residencia;Personas con discapacidad por trastorno del desarrollo intelectual;OTROS: 80;41.6495531;-4.7217385;LINO COLLAZOS DEL CASTILLO;41.6495531, -4.7217385
CENTRO DE DIA ASPAYM CASTILLA Y LEÓN;2024-07-15;CALLE TREVIÑO 74;47;47186;VALLADOLID;VALLADOLID;47008;CERCANÍAS 1;983 140088;;470881;FUNDACIÓN ASPAYM CASTILLA Y LEÓN;;FUNDACIÓN;residencia@oficinas.aspaymcyl.org;;PERSONAS CON DISCAPACIDAD;Centro de día;Personas con discapacidad física;OTROS: 60;41.6128991;-4.744940199999999;Daniel Rodríguez García;41.6128991, -4.744940199999999
VIVIENDA APOYADA PARA PERSONAS DISCAPACITACITADAS POR ENFERMEDAD MENTAL VIII;2025-08-27;CALLE JOAQUIN VELASCO MARTIN 20, 4º D;47;47186;VALLADOLID;VALLADOLID;47014;VALLADOLID - HUERTA DEL REY - PUENTE COLGANTE;983 356908;;471264;FEAFES VALLADOLID EL PUENTE;;ASOCIACIÓN;;;PERSONAS CON DISCAPACIDAD;Vivienda;Personas con discapacidad por trastorno del desarrollo intelectual leve o moderado;OTROS: 4;41.650425;-4.738146299999999;PABLO MORENO ZAFRA;41.650425, -4.738146299999999
VIVIENDA APOYADA PARA PERSONAS CON DISCAPACIDAD POR  ENFERMEDAD MENTAL I;2023-05-05;CALLE GAVILLA , 2-9º C;47;47186;VALLADOLID;VALLADOLID;47014;VALLADOLID - PARQUESOL;983 356908;983 380993;470902;FEAFES VALLADOLID EL PUENTE;;ASOCIACIÓN;;;PERSONAS CON DISCAPACIDAD;Vivienda;Personas con discapacidad por enfermedad mental;OTROS: 4;41.6536918;-4.7413205;PABLO MORENO ZAFRA;41.6536918, -4.7413205
VIVIENDA APOYADA PARA PERSONAS DISCAPACITADAS POR ENFERMEDAD MENTAL XVI;2025-01-14;CALLE ARZOBISPO JOSE DELICADO BAEZA Nº 12, 9º D;47;47186;VALLADOLID;VALLADOLID;47014;VALLADOLID - PARQUESOL;983 356908;;471571;FEAFES VALLADOLID EL PUENTE;;ASOCIACIÓN;programas@elpuentesaluzmental.org;;PERSONAS CON DISCAPACIDAD;Vivienda;Personas con discapacidad por enfermedad mental;OTROS: 4;41.6480518;-4.7356823;PABLO MORENO ZAFRA;41.6480518, -4.7356823
VIVIENDA APOYADA PARA PERSONAS DISCAPACITADAS POR ENFERMEDAD MENTAL VI;2022-10-14;CALLE JOAQUIN VELASCO MARTIN 88 4º A;47;47186;VALLADOLID;VALLADOLID;47014;VALLADOLID - HUERTA DEL REY - GIRÓN;983 356908;;471216;FEAFES VALLADOLID EL PUENTE;;ASOCIACIÓN;;;PERSONAS CON DISCAPACIDAD;Vivienda;Personas con discapacidad por trastorno del desarrollo intelectual leve o moderado;OTROS: 4;41.6460313;-4.7413584;PABLO MORENO ZAFRA;41.6460313, -4.7413584
VIVIENDA EL PUENTE XXVI;2024-10-15;CALLE EMBAJADORES Nº 62 4º F;47;47186;VALLADOLID;VALLADOLID;47013;VALLADOLID - DELICIAS - ARGALES;983 356908;;471797;FEAFES VALLADOLID EL PUENTE;;ASOCIACIÓN;direccion@elpuentesaludmental.org;;PERSONAS CON DISCAPACIDAD;Vivienda;Personas con discapacidad por enfermedad mental;OTROS: 3;41.6350185;-4.7226601;PABLO MORENO ZAFRA;41.6350185, -4.7226601
VIVIENDA APOYADA PARA PERSONAS DISCAPACITADAS POR ENFERMEDAD MENTAL VII;2025-07-14;AVENIDA CERROS 42;47;47186;VALLADOLID;VALLADOLID;47009;VALLADOLID - HUERTA DEL REY - GIRÓN;983 380993;;471218;FEAFES VALLADOLID EL PUENTE;;ASOCIACIÓN;aso.puente@asociacionelpuente.org;;PERSONAS CON DISCAPACIDAD;Vivienda;Personas con discapacidad por trastorno del desarrollo intelectual leve o moderado;OTROS: 5;41.6553192;-4.7463973;PABLO MORENO ZAFRA;41.6553192, -4.7463973
VIVIENDA EL PUENTE XXIX;2025-02-24;CALLE RENEDO 6 1ºB;47;47186;VALLADOLID;VALLADOLID;47005;VALLADOLID - VADILLOS;983 356908;;471966;FEAFES VALLADOLID EL PUENTE;;ASOCIACIÓN;administracion@elpuentesaludmental.org;;PERSONAS CON DISCAPACIDAD;Vivienda;Personas con discapacidad por enfermedad mental;DISCAPACIDAD ENFERMEDAD MENTAL: 3;41.651911;-4.716155;RAQUEL BARBERO DE PABLOS;41.651911, -4.716155
VIVIENDA APOYADA PARA PERSONAS DISCAPACITADAS POR ENFERMEDAD MENTAL XVII;2023-07-15;CALLE CENTURIONES Nº 6 1º B;47;47186;VALLADOLID;VALLADOLID;47013;VALLADOLID - DELICIAS - CANTERAC;983 356908;;471599;FEAFES VALLADOLID EL PUENTE;;ASOCIACIÓN;programas@elpuentesaludmental.org;;PERSONAS CON DISCAPACIDAD;Vivienda;Personas con discapacidad por enfermedad mental;OTROS: 3;41.630785;-4.7223128;PABLO MORENO ZAFRA;41.630785, -4.7223128
VIVIENDA EL PUENTE XXXIII;2026-03-18;AVENIDA SANCHEZ ARJONA 4 5ºA;47;47186;VALLADOLID;VALLADOLID;47014;VALLADOLID - HUERTA DEL REY - PUENTE COLGANTE;983 356908;983 622427138;472006;FEAFES VALLADOLID EL PUENTE;;ASOCIACIÓN;administracion@elpuentesaludmental.org;;PERSONAS CON DISCAPACIDAD;Vivienda;Personas con discapacidad por enfermedad mental;DISCAPACIDAD ENFERMEDAD MENTAL: 3;41.6479821;-4.7400601;RAQUEL BARBERO DE PABLOS;41.6479821, -4.7400601
VIVIENDA APOYADA PARA PERSONAS DISCAPACITADAS POR ENFERMEDAD MENTAL XII;2023-07-15;CALLE MERCEDES 9, 1º DCHA;47;47186;VALLADOLID;VALLADOLID;47006;VALLADOLID - SUR - JUAN DE AUSTRIA;983 356908;;471473;FEAFES VALLADOLID EL PUENTE;;ASOCIACIÓN;direccion@elpuentesaludmental.org;;PERSONAS CON DISCAPACIDAD;Vivienda;Personas con discapacidad por enfermedad mental;OTROS: 3;41.6399259;-4.7394759;PABLO MORENO ZAFRA;41.6399259, -4.7394759
RESIDENCIA DE PERSONAS MAYORES LOS ANGELES;2023-06-15;CALLE SAUCES 1;47;47186;VALLADOLID;VALLADOLID;47009;VALLADOLID - HUERTA DEL REY - GIRÓN;983 355295;;470335;RESIDENCIA DE LA TERCERA EDAD LOS ANGELES S.L.;;SOCIEDADES;direccionresidencialosangeles@gmail.com;;PERSONAS MAYORES;Residencia;Para asistidos;ASISTIDOS: 39;41.6603121;-4.7513241;MARÍA INÉS PITA DE FUENTES;41.6603121, -4.7513241
"RESIDENCIA PARA PERSONAS CON DISCAPACIDAD PSIQUICA POR ENFERMEDAD MENTAL ""LA MERCED""";2023-11-02;AVENIDA GIJON 27;47;47186;VALLADOLID;VALLADOLID;47009;VALLADOLID - HUERTA DEL REY - GIRÓN;983 363326;;471378;RESIDENCIA DE LA TERCERA EDAD LOS ANGELES S.L.;;SOCIEDADES;direccionresidencialosangeles@gmail.com;;PERSONAS CON DISCAPACIDAD;Residencia;Personas con discapacidad por enfermedad mental;OTROS: 24;41.6604701;-4.7519825;MARÍA INES PITA DE FUENTES;41.6604701, -4.7519825
CENTRO RESIDENCIAL OBREGON;2026-02-14;PASEO OBREGON 26;47;47186;VALLADOLID;VALLADOLID;47009;VALLADOLID - LA VICTORIA;983 376986;;470421;FUNDACIÓN PERSONAS;;FUNDACIÓN;carmen.llamas@fundacionpersonas.es;;PERSONAS CON DISCAPACIDAD;Residencia;Personas con discapacidad por trastorno del desarrollo intelectual;OTROS: 32;41.6671156;-4.730795500000001;CARMEN LLAMAS MARTINEZ;41.6671156, -4.730795500000001
CENTRO OCUPACIONAL  EL PINO;2026-03-14;CAMINO VIEJO DE SIMANCAS KM. 4,5;47;47186;VALLADOLID;VALLADOLID;47008;VALLADOLID - SUR - LA RUBIA;983 475646;;470422;FUNDACIÓN PERSONAS;;FUNDACIÓN;josemanuel.rodriguez@fundacionpersonas.es;;PERSONAS CON DISCAPACIDAD;Centro de día;Personas con discapacidad por trastorno del desarrollo intelectual;OTROS: 72;41.588152;-4.8188043;JOSE MANUEL RODRIGUEZ MAYORAL;41.588152, -4.8188043
PISO TUTELADO VICTORIA;2023-05-05;CALLE COINVASA 5-1 B;47;47186;VALLADOLID;VALLADOLID;47009;VALLADOLID - LA VICTORIA;983 225159;;470316;FUNDACIÓN PERSONAS;;FUNDACIÓN;pablo.tamames@fundacionpersonas.es;;PERSONAS CON DISCAPACIDAD;Vivienda;Personas con disc. física, sensorial, por trastorno del desarrollo intelectual y/o por enfer. mental;OTROS: 6;41.6657032;-4.73104;JOSE PABLO TAMAMES REDONDO;41.6657032, -4.73104
VIVIENDA TUTELADA COLMENARES;2023-05-05;CALLE COLMENARES Nº 10 2º IZDA.;47;47186;VALLADOLID;VALLADOLID;47004;VALLADOLID - CAMPO GRANDE;983 225159;;471555;FUNDACIÓN PERSONAS;;FUNDACIÓN;pablo.tamames@fundacionpersonas;;PERSONAS CON DISCAPACIDAD;Vivienda;Personas con disc. física, sensorial, por trastorno del desarrollo intelectual y/o por enfer. mental;OTROS: 8;41.6466983;-4.726984799999999;JOSE PABLO TAMAMES REDONDO;41.6466983, -4.726984799999999
VIVIENDA TUTELADA GALATEA;2023-12-15;CALLE LA GALATEA Nº 1 2º IZDA.;47;47186;VALLADOLID;VALLADOLID;47004;VALLADOLID - CAMPO GRANDE;983 225159;;471584;FUNDACIÓN PERSONAS;;FUNDACIÓN;mail: pablo.tamames@fundacionpersonas.es;;PERSONAS CON DISCAPACIDAD;Vivienda;Personas con disc. física, sensorial, por trastorno del desarrollo intelectual y/o por enfer. mental;OTROS: 8;41.6475727;-4.7266885;JOSE PABLO TAMAMES REDONDO;41.6475727, -4.7266885
VIVIENDA TUTELADA TERESA GIL;2024-10-15;CALLE TERESA GIL Nº 8 3º DCHA.;47;47186;VALLADOLID;VALLADOLID;47002;VALLADOLID - CENTRO;983 475605;;471408;FUNDACIÓN PERSONAS;;FUNDACIÓN;josemanuel.rodriguez@fundacionpersonas.es;;PERSONAS CON DISCAPACIDAD;Vivienda;Personas con disc. física, sensorial, por trastorno del desarrollo intelectual y/o por enfer. mental;OTROS: 8;41.6515601;-4.7263129;JOSE MANUEL RODRIUGEZ MAYORAL;41.6515601, -4.7263129
"VIVIENDA TUTELADA ""LOS ARCES II""";2024-06-15;PLAZA DE LOS ARCES Nº 2, 1º C;47;47186;VALLADOLID;VALLADOLID;47003;VALLADOLID - CENTRO;983 225125;;471360;FUNDACIÓN PERSONAS;;FUNDACIÓN;pablo.tamames@fundacionpersonas.es;;PERSONAS CON DISCAPACIDAD;Vivienda;Personas con disc. física, sensorial, por trastorno del desarrollo intelectual y/o por enfer. mental;OTROS: 8;41.6544095;-4.7269432;JOSE PABLO TAMAMES REDONDO;41.6544095, -4.7269432
VIVIENDA TUTELADA SANTIAGO;2025-11-14;CALLE SANTIAGO Nº13, 4ºB;47;47186;VALLADOLID;VALLADOLID;47001;VALLADOLID - CENTRO;983 225159;;471395;FUNDACIÓN PERSONAS;;FUNDACIÓN;pablo.tamames@fundacionpersonas.es;;PERSONAS CON DISCAPACIDAD;Vivienda;Personas con discapacidad por trastorno del desarrollo intelectual leve o moderado;OTROS: 8;41.6497154;-4.729006399999999;JOSE PABLO TAMAMES REDONDO;41.6497154, -4.729006399999999
VIVIENDA TUTELADA REYES CATÓLICOS;2026-02-14;AVENIDA REYES CATOLICOS 18;47;47186;VALLADOLID;VALLADOLID;47006;VALLADOLID - CAMPO GRANDE;983 225125;;471977;FUNDACIÓN PERSONAS;;FUNDACIÓN;notificaciones.administracion@fundacionpersonas.es;;PERSONAS CON DISCAPACIDAD;Vivienda;Personas con discapacidad por trastorno del desarrollo intelectual leve o moderado;DISCAPACIDAD INTELECTUAL: 7;41.64099179643205;-4.741037145174246;Mª EUGENIO DEL OLMO PRIETO;41.64099179643205, -4.741037145174246
HOGAR-VIVIEDA HAMELIN;2023-05-05;CALLE IGNACIO SERRANO 19;47;47186;VALLADOLID;VALLADOLID;47008;VALLADOLID - SUR - LA RUBIA;983 247139;;470414;ASOCIACIÓN DE PADRES Y FAMILIARES DE PERSONAS CON AUTISMO DE VALLADOLID Y SU PROVINCIA;;ASOCIACIÓN;;;PERSONAS CON DISCAPACIDAD;Residencia;Personas con discapacidad por trastorno del espectro del autismo;OTROS: 45;41.6093881;-4.7540216;MARÍA ÁNGELES ÁLVAREZ ORTEGA;41.6093881, -4.7540216
VIVIENDA REYES CATÓLICOS;2025-08-11;AVENIDA REYES CATOLICOS 18;47;47186;VALLADOLID;VALLADOLID;47006;VALLADOLID - CAMPO GRANDE;983 247139;;471980;ASOCIACIÓN DE PADRES Y FAMILIARES DE PERSONAS CON AUTISMO DE VALLADOLID Y SU PROVINCIA;;ASOCIACIÓN;info@autismovalladolid.es;;PERSONAS CON DISCAPACIDAD;Vivienda;Personas con discapacidad por trastorno del espectro del autismo;DISCAPACIDAD INTELECTUAL: 5;41.64099179643205;-4.741037145174246;MARÍA CONCEPCIÓN GALVÁN SANZ;41.64099179643205, -4.741037145174246
UNIDAD DE ESTANCIAS DIURNAS EL ENCINAR DEL REY;2020-10-14;CALLE BARCELONA S/N(URBANIZACIÓN SANTA ANA);47;47186;VALLADOLID;VALLADOLID;47008;VALLADOLID - SUR - LA RUBIA;983 140000;983 140001;470649;PLANIGER S.A;;SOCIEDADES;direccion@encinar.amma.es;;PERSONAS MAYORES;Centro de día;Estancias diurnas;ASISTIDOS: 30;41.6529473;-4.7283877;LUZ MARIA PELAYO MARTIN;41.6529473, -4.7283877
RESIDENCIA EL ENCINAR DEL REY;2019-02-13;CALLE BARCELONA S/Nº.(Camino Viejo de Simancas);47;47186;VALLADOLID;VALLADOLID;47008;VALLADOLID - SUR - LA RUBIA;983 140000;983 140001;470590;PLANIGER S.A;;SOCIEDADES;direccion@encinar.amma.es;www.amma.es;PERSONAS MAYORES;Residencia;Para asistidos;ASISTIDOS: 281;41.6529473;-4.7283877;LUZ MARIA PELAYO MARTIN;41.6529473, -4.7283877
RESIDENCIA A EFECTOS DE  TRASLADOS;2021-09-30;CALLE MIESES 26;47;47186;VALLADOLID;VALLADOLID;47009;VALLADOLID - HOSPITAL;;;479999;ENTIDAD ADMINISTRATIVA A EFECTOS DE TRASLADOS;;ADMINISTRACIÓN AUTONÓMICA;;;PERSONAS MAYORES;Residencia;Para asistidos;ASISTIDOS: 1;41.6579734;-4.74104;XXX;41.6579734, -4.74104
RESIDENCIA LEGADO DEL NIÑO JESUS;2025-06-27;CALLE DUQUE DE LERMA 1;47;47186;VALLADOLID;VALLADOLID;47003;VALLADOLID - CAMPILLO;983 082908;;471910;LEGADO DEL NIÑO JESUS S.L.;;SOCIEDADES;info.residencialegado@gmail.com;;PERSONAS MAYORES;Residencia;Para asistidos;DEPENDIENTES: 49;41.65383761362319;-4.721732386864153;ALBERTO LÓPEZ FERNÁNDEZ;41.65383761362319, -4.721732386864153
RESIDENCIA SAN QUIRCE;2025-06-11;CALLE SAN QUIRCE 10;47;47186;VALLADOLID;VALLADOLID;47003;VALLADOLID - CENTRO;983 959595;;471870;CLECE VITAM, S.A.;;SOCIEDADES;mdjhmelgosa@clece.es;;PERSONAS MAYORES;Residencia;Para asistidos;DEPENDIENTES: 64;41.6570931396367;-4.72903352447753;JUNCAL MELGOSA GOMEZ.;41.6570931396367, -4.72903352447753
CENTRO RESIDENCIAL FUENTE OLIVO;2025-05-12;CALLE DONANTES DE SANGRE Nº 3;47;47186;VALLADOLID;VALLADOLID;47007;VALLADOLID - SUR - JUAN DE AUSTRIA;983 427900;;471552;CLECE VITAM, S.A.;;SOCIEDADES;cperezc@clece.es;;PERSONAS MAYORES;Residencia;Para asistidos;DEPENDIENTES: 68;41.638166;-4.7363962;Sandra Barreiro Perez.;41.638166, -4.7363962
CENTRODIA VALLADOLID;2025-09-23;CALLE PEREZ AYALA Nº3;47;47186;VALLADOLID;VALLADOLID;47008;CERCANÍAS 1;646 963144;;471671;CENTRO DE DIA TERCERA EDAD DE VALLADOLID, CENTRODIA S.L.;;SOCIEDADES;centrodiavalladolid@gmail.com;;PERSONAS MAYORES;Centro de día;Estancias diurnas;OTROS: 26;41.6126335;-4.7531754;MARÍA LOURDES FERNANDEZ PISONERO;41.6126335, -4.7531754
RESIDENCIA NEUROCARE HOME MIESES;2024-10-08;CALLE MIESES  30 A;47;47186;VALLADOLID;VALLADOLID;47009;VALLADOLID - HUERTA DEL REY - GIRÓN;983 570843;;471849;SERVICIOS GERIÁTRICOS MIESES SL;;SOCIEDADES;agonzalez@neurocarehome.es;;PERSONAS MAYORES;Residencia;Para asistidos;ASISTIDOS: 99;41.6552265;-4.7429743;CARMEN SERRANO BLANCO;41.6552265, -4.7429743
CENTRO DE DIA NEUROCARE HOME MIESES;2024-10-08;CALLE MIESES 30 A;47;47186;VALLADOLID;VALLADOLID;47009;VALLADOLID - HUERTA DEL REY - GIRÓN;666 866207;;471850;SERVICIOS GERIÁTRICOS MIESES SL;;SOCIEDADES;agonzalez@neurocarehome.es;;PERSONAS MAYORES;Centro de día;Estancias diurnas;ASISTIDOS: 27;41.6552265;-4.7429743;CARMEN SERRANO BLANCO;41.6552265, -4.7429743
VIVIENDA TUTELADA VIANA III;2023-09-15;CARRETERA LAS MARICAS Nº 53;47;47193;VALLADOLID;VIANA DE CEGA;47150;PINODUERO;983 225125;983 475395;470949;FUNDACIÓN PERSONAS;;FUNDACIÓN;centroviana@asprona-valladolid.es;;PERSONAS CON DISCAPACIDAD;Vivienda;Personas con disc. física, sensorial, por trastorno del desarrollo intelectual y/o por enfer. mental;OTROS: 5;41.5262817;-4.748209;MARÍA BLANCA ÁLVAREZ FERNÁNDEZ;41.5262817, -4.748209
VIVIENDA TUTELADA VIANA IV;2022-11-07;CARRETERA LAS MARICAS Nº 53;47;47193;VALLADOLID;VIANA DE CEGA;47150;PINODUERO;983 225125;983 475395;470950;FUNDACIÓN PERSONAS;;FUNDACIÓN;centroviana@asprona-valladolid.es;;PERSONAS CON DISCAPACIDAD;Vivienda;Personas con disc. física, sensorial, por trastorno del desarrollo intelectual y/o por enfer. mental;OTROS: 5;41.5262817;-4.748209;MARIA BLANCA ALVAREZ FERNANDEZ;41.5262817, -4.748209
VIVIENDA TUTELADA VIANA V;2022-04-06;AVENIDA BARCELONA 8;47;47193;VALLADOLID;VIANA DE CEGA;47150;PINODUERO;983 546805;983 554237;470954;FUNDACIÓN PERSONAS;;FUNDACIÓN;;;PERSONAS CON DISCAPACIDAD;Vivienda;Personas con disc. física, sensorial, por trastorno del desarrollo intelectual y/o por enfer. mental;OTROS: 8;41.5270308;-4.7478455;MARIA BLANCA ALVAREZ FERNANDEZ;41.5270308, -4.7478455
UNIDAD DE ESTANCIAS DIURNAS SAN ROQUE;2025-10-01;CALLE ANA MARIA JANER 1;47;47214;VALLADOLID;VILLALON DE CAMPOS;47600;TIERRA DE CAMPOS - NORTE;983 740174;;470843;FUNDACION BENEFICO-SOCIAL SAN ROQUE;;FUNDACIÓN;casanroque@yahoo.es;;PERSONAS MAYORES;Centro de día;Estancias diurnas;ASISTIDOS: 20;;;NURIA GONZALEZ TRAPOTE;
CENTRO DE DIA PARA PERSONAS CON DISCAPACIDAD GRAVEMENTE AFECTADAS;2023-10-31;CALLE SAN JUAN S/N;47;47214;VALLADOLID;VILLALON DE CAMPOS;47600;TIERRA DE CAMPOS - NORTE;983 740011;983 741061;470735;AYUNTAMIENTO DE VILLALON DE CAMPOS;;ADMINISTRACIÓN LOCAL;;;PERSONAS CON DISCAPACIDAD;Centro de día;Personas con discapacidad por trastorno del desarrollo intelectual;OTROS: 10;42.1007597;-5.0300894;;42.1007597, -5.0300894
RESIDENCIA MONTES TOROZOS;2017-05-09;CALLE TORIBIO DIEZ 1;47;47217;VALLADOLID;VILLANUBLA;47620;CERCANÍAS 1;983 560774;983 560774;471052;GRUPO RESYS, S.L.;;SOCIEDADES;GRUPORESYS@HOTMAIL.COM;;PERSONAS MAYORES;Residencia;Para asistidos;ASISTIDOS: 91;41.6992471;-4.8411971;SOTERO GONZÁLEZ LÁZARO;41.6992471, -4.8411971
CENTRO DE DIA MONTES TOROZOS;2020-10-14;CALLE TORIBIO DIEZ 1;47;47217;VALLADOLID;VILLANUBLA;47620;CERCANÍAS 1;633 782818;;471053;GRUPO RESYS, S.L.;;SOCIEDADES;GRUPORESYS@HOTMAIL.COM;;PERSONAS MAYORES;Centro de día;Estancias diurnas;ASISTIDOS: 20;41.6992471;-4.8411971;SOTERO GONZÁLEZ LÁZARO;41.6992471, -4.8411971
CENTRO DE CONVIVENCIA HOGAR DE PERSONAS MAYORES SAN GREGORIO;2022-11-07;CALLE ESCUELAS Nº 10;47;47228;VALLADOLID;VILLAVERDE DE MEDINA;47465;MEDINA DEL CAMPO;983 831807;983 831912;470991;AYUNTAMIENTO DE VILLAVERDE DE MEDINA;;ADMINISTRACIÓN LOCAL;;;PERSONAS MAYORES;Centro de día;Hogar (Unidad de atención social);;41.3066458;-5.0268913;PEDRO PARIENTE FRADEJAS;41.3066458, -5.0268913
RESIDENCIA DE PERSONAS MAYORES SANTO DOMINGO Y SANTA ELOISA;2024-11-19;PLAZA JUSTA FRANCO 1;47;47229;VALLADOLID;VILLAVICENCIO DE LOS CABALLEROS;47676;TIERRA DE CAMPOS - NORTE;983 486151;;470337;FUNDACION ASILO ANCIANOS STO. DOMINGO Y STA. ELOISA;;FUNDACIÓN;residencia.villavicencio@hotmail.com;;PERSONAS MAYORES;Residencia;Para asistidos;ASISTIDOS: 58;;;ROCIO FERNÁNDEZ RAMÍREZ;
"RESIDENCIA DE PERSONAS MAYORES ""SANTA ANA""";2026-02-05;PLAZA CONSTITUCION 4;47;47231;VALLADOLID;ZARATAN;47610;CERCANÍAS 1;983 374733;;470570;REGEVASA SANTA ANA, S.L.;;SOCIEDADES;RESSANTAANA@HOTMAIL.COM;;PERSONAS MAYORES;Residencia;Para asistidos;ASISTIDOS: 21;41.659295;-4.7845091;MARIA ANGELES DEL POZO GIL DE PAREJA;41.659295, -4.7845091
"RESIDENCIA DE PERSONAS MAYORES ""VIRGEN DE LA SALUD""";2021-09-30;PLAZA DOMINGO DACOSTA FERNANDEZ 35;49;49003;ZAMORA;ALCAÑICES;49500;ALISTE;980 680249;980 680187;490175;CARITAS DIOCESANA DE ZAMORA;;INSTITUCIONES, ÓRDENES, CONGREGACIONES RELIGIOSAS Y SIMILARES;virgendelasalud@caritaszamora.org;;PERSONAS MAYORES;Residencia;Para asistidos;ASISTIDOS: 72;41.698659;-6.3478677;ROCIO PEREZ MATEO;41.698659, -6.3478677
UNIDAD DE ESTANCIAS DIURNAS DE ALMARAZ DE DUERO;2023-03-03;CALLE CURA 18;49;49007;ZAMORA;ALMARAZ DE DUERO;49180;ZAMORA RURAL;980 554139;;490306;AYUNTAMIENTO DE ALMARAZ DE DUERO;;ADMINISTRACIÓN LOCAL;lunavar@telefonica.net;;PERSONAS MAYORES;Centro de día;Estancias diurnas;ASISTIDOS: 15;41.4734083;-5.9149195;FRANCISCO GARROTE PASCUAL;41.4734083, -5.9149195
UNIDAD DE ESTANCIAS DIURNAS BELEN;2025-10-31;CALLE JUAN ANTONIO CASANUEVA 13;49;49008;ZAMORA;ALMEIDA DE SAYAGO;49210;SAYAGO;980 612003;;490299;AYUNTAMIENTO DE ALMEIDA DE SAYAGO;;ADMINISTRACIÓN LOCAL;residenciabelen@yahoo.com;;PERSONAS MAYORES;Centro de día;Estancias diurnas;ASISTIDOS: 12;41.266900768156034;-6.074049739175687;ELENA GONZALEZ DE LA FUENTE;41.266900768156034, -6.074049739175687
"RESIDENCIA DE PERSONAS MAYORES ""SOTOCHICO""";2023-03-03;CALLE ARMANDO ZURDO S/Nº;49;49013;ZAMORA;ARGUJILLO;49716;FUENTESAÚCO;980 578762;;490405;AYUNTAMIENTO DE ARGUJILLO;RESIDENCIAS ASISTENCIALES EL NIÑO JESUS S.L.;ADMINISTRACIÓN LOCAL;admin@residenciasnj.es;;PERSONAS MAYORES;Residencia;Para asistidos;ASISTIDOS: 21;41.3117531;-5.5878922;NAZARET ANTÓN PÉREZ;41.3117531, -5.5878922
FUNDACION INTRAS BENAVENTE ERMITA DE SAN LAZARO 1;;CALLE ERMITA DE SAN LAZARO 1;49;49021;ZAMORA;BENAVENTE;49600;BENAVENTE;980 638487;;491184;FUNDACION INTRAS;;FUNDACIÓN;vrm@intras.es;;PERSONAS CON DISCAPACIDAD;Vivienda;Personas con discapacidad por enfermedad mental;DISCAPACIDAD ENFERMEDAD MENTAL: 3;42.0062229;-5.66366;PABLO GOMEZ CONEJO;42.0062229, -5.66366
VIVIENDA XL PARA PERSONAS CON DISCAPACIDAD  PSIQUICA CON ENFERMEDAD MENTAL GRAVE Y PROLONGADA;2024-03-15;CALLE CARTAGENA DE INDIAS  Nº 30 5º F;49;49021;ZAMORA;BENAVENTE;49600;ZAMORA - CENTRO;980 528997;980 557104;490869;FUNDACION INTRAS;;FUNDACIÓN;intras@intras.es;www.intras.es;PERSONAS CON DISCAPACIDAD;Vivienda;Personas con discapacidad por enfermedad mental;OTROS: 3;42.0008381;-5.6648835;SORAYA ALONSO GONZALEZ;42.0008381, -5.6648835
VIVIENDA XLV PARA DISCAPACITADOS PSÍQUICOS CON ENFERMEDAD MENTAL GRAVE Y PROLONGADA;2023-11-02;CALLE CARTAGENA DE INDIAS Nº 28 1º D;49;49021;ZAMORA;BENAVENTE;49600;BENAVENTE;980 528997;;490891;FUNDACION INTRAS;;FUNDACIÓN;intras@intras.es;www.intras.es;PERSONAS CON DISCAPACIDAD;Vivienda;Personas con discapacidad por enfermedad mental;OTROS: 3;42.0005135;-5.6632408;SORAYA ALONSO GONZALEZ;42.0005135, -5.6632408
"CENTRO DE DÍA ""FUNDACIÓN INTRAS -  BENAVENTE";2025-11-14;CALLE CARTAGENA DE INDIAS 28;49;49021;ZAMORA;BENAVENTE;49600;BENAVENTE;606 833589;;490798;FUNDACION INTRAS;;FUNDACIÓN;intras@intras.es;www.intras.es;PERSONAS CON DISCAPACIDAD;Centro de día;Personas con discapacidad por enfermedad mental;OTROS: 30;42.0005135;-5.6632408;SORAYA ALONSO GONZALEZ;42.0005135, -5.6632408
VIVIENDA XXXIX PARA DISCAPACITADOS PSIQUICOS CON ENFERMEDAD MENTAL GRAVE Y PROLONGADA . FUNDACION INTRAS;2023-11-02;CALLE ERMITA DE SAN LORENZO Nº 3, 5º E;49;49021;ZAMORA;BENAVENTE;49600;BENAVENTE;980 528997;980 557104;490862;FUNDACION INTRAS;;FUNDACIÓN;intras@intras.es;www.intras.es;PERSONAS CON DISCAPACIDAD;Vivienda;Personas con discapacidad por enfermedad mental;OTROS: 3;42.0013693;-5.6645436;SORAYA ALONSO GONZALEZ;42.0013693, -5.6645436
VIVIENDA LXXII PARA DISCAPACITADOS PSIQUICOS CON ENFERMEDAD MENTAL GRAVE Y PROLONGADA;2023-11-02;AVENIDA FEDERICO SILVA Nº 43 1ºB;49;49021;ZAMORA;BENAVENTE;49600;BENAVENTE;980 528997;980 557104;490959;FUNDACION INTRAS;;FUNDACIÓN;intras@intras.es;www.intras.es;PERSONAS CON DISCAPACIDAD;Vivienda;Personas con discapacidad por enfermedad mental;OTROS: 2;42.001477;-5.6691783;SORAYA ALONSO GONZALEZ;42.001477, -5.6691783
VIVIENDA TUTELADA VIRGEN DE LA VEGA;2023-11-15;DE LOS SALADOS, S/N;49;49021;ZAMORA;BENAVENTE;49600;BENAVENTE;980 637352;;490227;ASOCIACIÓN PROTECTORA DE PERSONAS CON DISCAPACIDAD INTELECTUAL VIRGEN DE LA VEGA (ASPROSUB VIRGEN DE LA VEGA);;ASOCIACIÓN;gerencia@asprosub.org;;PERSONAS CON DISCAPACIDAD;Vivienda;Personas con disc. física, sensorial, por trastorno del desarrollo intelectual y/o por enfer. mental;OTROS: 8;;;FRANCISCO JOSÉ GARROTE PASCUAL;
RESIDENCIA DE PERSONAS CON DISCAPACIDAD VIRGEN DE LA VEGA;2025-07-14;DE LOS SALADOS, S/N;49;49021;ZAMORA;BENAVENTE;49600;BENAVENTE;980 632663;980 616021540;490225;ASOCIACIÓN PROTECTORA DE PERSONAS CON DISCAPACIDAD INTELECTUAL VIRGEN DE LA VEGA (ASPROSUB VIRGEN DE LA VEGA);;ASOCIACIÓN;gerencia@asprosub.org;;PERSONAS CON DISCAPACIDAD;Residencia;Personas con discapacidad por trastorno del desarrollo intelectual;OTROS: 47;41.9912905;-5.6677346;FRANCISCO JOSÉ GARROTE PASCUAL;41.9912905, -5.6677346
VIVIENDA TUTELADA Nº.2;2025-07-14;DE LOS SALADOS S/N;49;49021;ZAMORA;BENAVENTE;49600;BENAVENTE;980 632663;980 616021540;490281;ASOCIACIÓN PROTECTORA DE PERSONAS CON DISCAPACIDAD INTELECTUAL VIRGEN DE LA VEGA (ASPROSUB VIRGEN DE LA VEGA);;ASOCIACIÓN;asprosub@hotmail.com;;PERSONAS CON DISCAPACIDAD;Vivienda;Personas con disc. física, sensorial, por trastorno del desarrollo intelectual y/o por enfer. mental;OTROS: 8;41.9912905;-5.6677346;FRANCISCO JOSE GARROTE PASCUAL;41.9912905, -5.6677346
VIVIENDA TUTELADA Nº.3;2025-07-14;DE LOS SALADOS S/N;49;49021;ZAMORA;BENAVENTE;49600;BENAVENTE;980 632663;980 616021540;490282;ASOCIACIÓN PROTECTORA DE PERSONAS CON DISCAPACIDAD INTELECTUAL VIRGEN DE LA VEGA (ASPROSUB VIRGEN DE LA VEGA);;ASOCIACIÓN;asprosub@hotmail.com;;PERSONAS CON DISCAPACIDAD;Vivienda;Personas con disc. física, sensorial, por trastorno del desarrollo intelectual y/o por enfer. mental;OTROS: 8;41.9912905;-5.6677346;FRANCISCO JOSE GARROTE PASCUAL;41.9912905, -5.6677346
VIVIENDA APOYADA IV;2025-07-14;AVENIDA LUIS MORAN 76C;49;49021;ZAMORA;BENAVENTE;49600;BENAVENTE;980 632663;980 616021540;490339;ASOCIACIÓN PROTECTORA DE PERSONAS CON DISCAPACIDAD INTELECTUAL VIRGEN DE LA VEGA (ASPROSUB VIRGEN DE LA VEGA);;ASOCIACIÓN;asprosub@hotmail.com;;PERSONAS CON DISCAPACIDAD;Vivienda;Personas con discapacidad por trastorno del desarrollo intelectual leve o moderado;OTROS: 5;42.0084606;-5.6740467;FRANCISCO JOSE GARROTE PASCUAL;42.0084606, -5.6740467
VIVIENDA APOYADA Nº 9;2025-07-14;AVENIDA LUIS MORAN Nº 76;49;49021;ZAMORA;BENAVENTE;49600;BENAVENTE;616 021540;616 616021540;491136;ASOCIACIÓN PROTECTORA DE PERSONAS CON DISCAPACIDAD INTELECTUAL VIRGEN DE LA VEGA (ASPROSUB VIRGEN DE LA VEGA);;ASOCIACIÓN;gerencia@asprosub.org;;PERSONAS CON DISCAPACIDAD;Vivienda;Personas con discapacidad por enfermedad mental;OTROS: 4;42.0084606;-5.6740467;FRANCISCO JOSE GARROTE PASCUAL;42.0084606, -5.6740467
RESIDENCIA DE PESONAS MAYORES MV GERIATRIA;2022-11-07;CALLE CARRETERA Nº 127;49;49033;ZAMORA;CAMARZANA DE TERA;49332;CARBALLEDA - VIDRIALES;980 649801;980 649802;490451;CAJAMIR, S.L;;SOCIEDADES;info@mvgeriatria.com;;PERSONAS MAYORES;Residencia;Para asistidos;ASISTIDOS: 67;41.9923685;-6.034606999999999;MARIA ÁNGELES MARTÍN VEGA;41.9923685, -6.034606999999999
UNIDAD ESTANCIAS DIURNAS MV GERIATRIA;2022-11-07;CALLE CARRETERA Nº 127;49;49033;ZAMORA;CAMARZANA DE TERA;49332;CARBALLEDA - VIDRIALES;902 1000638;;490452;CAJAMIR, S.L;;SOCIEDADES;info@mvgeriatria.com;;PERSONAS MAYORES;Centro de día;Estancias diurnas;ASISTIDOS: 15;41.9923685;-6.034606999999999;Mª aNGELES MARTÍN VEGA;41.9923685, -6.034606999999999
CENTRO OCUPACIONAL CARBAJALES DE ALBA;2025-01-14;CALLE ERA S/Nº;49;49036;ZAMORA;CARBAJALES DE ALBA;49160;ALISTE;980 570132;;490505;FUNDACIÓN PERSONAS;;FUNDACIÓN;zamora@fundacionpersonas.es;;PERSONAS CON DISCAPACIDAD;Centro de día;Personas con discapacidad por trastorno del desarrollo intelectual;OTROS: 28;;;Mª CARMEN DELGADO RUIZ;
CENTRO OCUPACIONAL FUNDACION INTRAS;2025-03-14;POLIGONO CAMPO DE AVIACION DE CORESES, Nº 1-2 BAJO;49;49053;ZAMORA;CORESES;49530;ZAMORA - ESTE;980 557104;;490450;FUNDACION INTRAS;;FUNDACIÓN;intras@intras.es;www.intras.es;PERSONAS CON DISCAPACIDAD;Centro de día;Personas con discapacidad por enfermedad mental;OTROS: 60;;;ANDREA LETTIERI (JULIA GUERREIRA RIOS nombramiento temporal);
"CENTRO DE DIA : UNIDAD DE ATENCIÓN SOCIAL ""SAN ROQUE""";2020-10-14;CALLE RAMON ALVAREZ 5;49;49053;ZAMORA;CORESES;49530;ZAMORA RURAL;;;490709;AYUNTAMIENTO DE CORESES;;ADMINISTRACIÓN LOCAL;;;PERSONAS MAYORES;Centro de día;Hogar (Unidad de atención social);;41.5479972;-5.6210954;LUIS HERNANDEZ MARTIN (ALCALDE- PRESIDENTE);41.5479972, -5.6210954
"CENTRO DE DIA: UNIDAD DE ESTANCIAS DIURNAS ""RESIDENCIA MILAGROSA CORRALES""";2021-02-22;AVENIDA TERCERA EDAD S/N;49;49054;ZAMORA;CORRALES DEL VINO;49700;ZAMORA RURAL;980 560363;;490698;AYUNTAMIENTO DE CORRALES DEL VINO;RESIDENCIA MILAGROSA CORRALES,S.A;ADMINISTRACIÓN LOCAL;gerencia@residenciamilagrosa.es;;PERSONAS MAYORES;Centro de día;Estancias diurnas;ASISTIDOS: 25;41.3578759;-5.7256116;NO CONSTA;41.3578759, -5.7256116
RESIDENCIA DE PERSONAS MAYORES DE FARIZA;2025-05-05;CALLE TRIGAL, S/Nº;49;49064;ZAMORA;FARIZA;49213;SAYAGO;980 618424;980 666760491;490733;AYUNTAMIENTO DE FARIZA;RESIDENCIAS ASISTENCIALES EL NIÑO JESUS S.L.;ADMINISTRACIÓN LOCAL;residenciafariza@gmail.com;;PERSONAS MAYORES;Residencia;Para asistidos;DEPENDIENTES: 39;;;PEDRO URÍA FERNÁNDEZ;
CENTRO DE DIA SAN JUAN BAUTISTA;2023-03-03;CALLE TRAVIELLA 3;49;49066;ZAMORA;FERRERAS DE ABAJO;49335;TÁBARA;980 592030;980 592085;490423;RESIDENCIA TERCERA EDAD SAN JUAN BAUTISTA, S.L.;;SOCIEDADES;info@sjbautista.com;www.sjbautista.com;PERSONAS MAYORES;Centro de día;Estancias diurnas;ASISTIDOS: 6;41.89486;-6.074029899999999;Mª LUISA GARCIA DIEGO;41.89486, -6.074029899999999
RESIDENCIA DE PERSONAS MAYORES SAN JUAN BAUTISTA;2023-03-03;CALLE TRAVIELLA 3;49;49066;ZAMORA;FERRERAS DE ABAJO;49335;TÁBARA;980 592030;980 592085;490422;RESIDENCIA TERCERA EDAD SAN JUAN BAUTISTA, S.L.;;SOCIEDADES;info@sjbautista.com;www.sjbautista.com;PERSONAS MAYORES;Residencia;Para asistidos;ASISTIDOS: 72;41.89486;-6.074029899999999;MANUEL ANGEL HUERTAS FERNANDEZ;41.89486, -6.074029899999999
CENTRO DE DÍA: UNIDAD DE ATENCIÓN SOCIAL;2020-10-14;CALLE CLAUDIO MOYANO 68;49;49080;ZAMORA;FUENTELAPEÑA;49410;FUENTESAÚCO;980 605018;;490759;AYUNTAMIENTO DE FUENTELAPEÑA;;ADMINISTRACIÓN LOCAL;;;PERSONAS MAYORES;Centro de día;Hogar (Unidad de atención social);;41.2521922;-5.384648;ANGELA ESCRIBANO HERNANDEZ;41.2521922, -5.384648
CENTRO OCUPACIONAL FUNDACIÓN PERSONAS - SANABRIA;2023-05-05;CALLE ESCUELAS DEL PUENTE, Nº 27;49;49085;ZAMORA;PUENTE DE SANABRIA (EL);49350;SANABRIA;980 570132;;490822;FUNDACIÓN PERSONAS;;FUNDACIÓN;zamora@fundacionpersonas.es;;PERSONAS CON DISCAPACIDAD;Centro de día;Personas con discapacidad por trastorno del desarrollo intelectual;OTROS: 40;42.0862119;-6.641723199999999;MONTSERRAT SASTRE RIONEGRO;42.0862119, -6.641723199999999
RESIDENCIA DE PERSONAS MAYORES SANTA PAULA;2022-11-07;CALLE ZAMORA, Nº 43;49;49090;ZAMORA;GEMA;49151;ZAMORA RURAL;980 576861;980 576871;490601;GEMA ASISTENCIAL S.L.;;SOCIEDADES;info@gema-asis.es;;PERSONAS MAYORES;Residencia;Para asistidos;ASISTIDOS: 31;41.4406761;-5.677166199999999;BERNARDO VEGA CAÑIBANO;41.4406761, -5.677166199999999
CENTRO DE DIA MOMBUEY;2025-05-29;CALLE CAÑADA DE LAS URRIETAS S/N;49;49121;ZAMORA;MOMBUEY;49310;CARBALLEDA - VIDRIALES;980 644384;980 607448410;490567;CYL BASS, S.L;;SOCIEDADES;amara@grupomatellanes.com;;PERSONAS MAYORES;Centro de día;Estancias diurnas;ASISTIDOS: 23;;;AMARA MARIA RAMOS MATELLANES;
UNIDAD ESTANCIAS DIURNAS DOMUSVI MONFARRACINOS;2022-08-30;CALLE ADOLFO SUÁREZ, Nº 41;49;49122;ZAMORA;MONFARRACINOS;49121;ZAMORA RURAL;980 505518;980 505580;490498;GERO VITALIA MONFARRACINOS, S.L;;SOCIEDADES;direccion.monfarracinos@domusvi.es;;PERSONAS MAYORES;Centro de día;Estancias diurnas;ASISTIDOS: 30;41.5544438;-5.7025105;ROSA Mª MAILLO GONZALEZ;41.5544438, -5.7025105
RESIDENCIA DE MINUSVALIDOS CRISTO DE MORALES;2026-03-14;CARRETERA SALAMANCA S/N;49;49127;ZAMORA;MORALES DEL VINO;49190;ZAMORA RURAL;980 570132;980 570207;490132;FUNDACIÓN PERSONAS;;FUNDACIÓN;zamora@fundacionpersonas.es;;PERSONAS CON DISCAPACIDAD;Residencia;Personas con discapacidad por trastorno del desarrollo intelectual;OTROS: 62;41.4885786;-5.7440238;PILAR DIANA FALCON JULIAN;41.4885786, -5.7440238
VIVIENDA PARA PERSONAS MAYORES SAN ROQUE;2022-11-07;CALLE BODEGAS Nº 10;49;49129;ZAMORA;MORALES DE TORO;49830;TORO;980 698090;;490208;HERNANDEZ CALLE RESIDENCIA, S.L.;;SOCIEDADES;residencia3edadsanroque@outlook.com;;PERSONAS MAYORES;Residencia;Para asistidos;ASISTIDOS: 12;41.53539;-5.3052147;EVANGELINA DE LA CALLE ARAGÓN;41.53539, -5.3052147
CENTRO PERSONAS MAYORES SAN ROQUE II;2022-11-07;CALLE GRUPO MARQUESA VILLACHICA Nº 2;49;49129;ZAMORA;MORALES DE TORO;49810;TORO;654 72426;;490454;HERNANDEZ CALLE RESIDENCIA, S.L.;;SOCIEDADES;residencia3edadsanroque@outlook.com;;PERSONAS MAYORES;Residencia;Para asistidos;ASISTIDOS: 16;41.5367463;-5.3029194;EVANGELINA DE LA CALLE ARAGÓN;41.5367463, -5.3029194
CENTRO DE DIA CON UNIDAD ESTANCIAS DIURNAS SAN VICENTE;2026-03-20;CALLE LANA 23;49;49136;ZAMORA;MUGA DE SAYAGO;49212;SAYAGO;980 617479;;490574;AYUNTAMIENTO DE MUGA DE SAYAGO;RESIDENCIAS ASISTENCIALES EL NIÑO JESUS S.L.;ADMINISTRACIÓN LOCAL;admin@residenciasnj.es;;PERSONAS MAYORES;Centro de día;Estancias diurnas;ASISTIDOS: 9;41.3899018;-6.2011407;MARISA PARDAL LAVRADOR;41.3899018, -6.2011407
CENTRO RESIDENCIAL ASISTENCIAL PSICOGERIATRICO LOS ALAMOS;2024-06-21;CARRETERA BENAVENTE ORENSE KM. 15,5;49;49171;ZAMORA;QUIRUELAS DE VIDRIALES;49622;BENAVENTE;980 646156;980 696755388;490295;MATELLANES 48, S.L. UNIPERSONAL;;SOCIEDADES;amara@grupomatellanes.com;;PERSONAS MAYORES;Residencia;Para asistidos;ASISTIDOS: 43;;;MAURICIO RAMOS MATELLANES;
UNIDAD DE ESTANCIAS DIURNAS LOS ALAMOS;2024-06-20;CARRETERA BENAVENTE ORENSE KM. 15,5;49;49171;ZAMORA;QUIRUELAS DE VIDRIALES;49622;BENAVENTE;980 646103;980 696755388;490296;MATELLANES 48, S.L. UNIPERSONAL;;SOCIEDADES;amara@grupomatellanes.com;;PERSONAS MAYORES;Centro de día;Estancias diurnas;ASISTIDOS: 30;;;MAURICIO RAMOS MATELLANES;
"CENTRO RESIDENCIAL ""LA NATIVIDAD""";2025-06-18;PLAZA MAYOR S/N;49;49180;ZAMORA;ROELOS DE SAYAGO;49211;SAYAGO;686 342662;686 686342662;490478;"FUNDACION ""LA SALGADA""";;FUNDACIÓN;fundacionlasalgada@gmail.com;;PERSONAS MAYORES;Residencia;Para asistidos;ASISTIDOS: 32;41.2709627;-6.2168776;MARIA DEL TRÁNSITO NAVARRO CARDÓ;41.2709627, -6.2168776
RESIDENCIA GERIATRICA SANTA CRISTINA;2024-11-13;CALLE LUIS RODRIGUEZ , 51;49;49200;ZAMORA;SANTA CRISTINA DE LA POLVOROSA;49620;BENAVENTE;980 638282;980 980638282;490421;RESIDENCIA SANTA CRISTINA DE LA POLVOROSA, S.L;;SOCIEDADES;residenciasantacristina04@gmail.com;;PERSONAS MAYORES;Residencia;Para asistidos;ASISTIDOS: 43;41.9937012;-5.7106774;SUSANA LLAMAS SOBEJANO;41.9937012, -5.7106774
RESIDENCIA DE PERSONAS MAYORES SAN TIRSO;2026-03-18;CALLE PERALINAS, S/N;49;49205;ZAMORA;SANTIBAÑEZ DE TERA;49625;CARBALLEDA - VIDRIALES;980 658871;;490260;AYUNTAMIENTO DE SANTIBAÑEZ DE TERA;RESIDENCIAS ASISTENCIALES EL NIÑO JESUS S.L.;ADMINISTRACIÓN LOCAL;admin@residenciasnj.es;;PERSONAS MAYORES;Residencia;Para asistidos;DEPENDIENTES: 59;41.9814942;-5.9228101;AMAYA MARTÍN MARCOS;41.9814942, -5.9228101
RESIDENCIA DE PERSONAS MAYORES VIDRIALES;2023-05-23;CALLE PALACIO S/N;49;49206;ZAMORA;SANTIBAÑEZ DE VIDRIALES;49610;CARBALLEDA - VIDRIALES;980 648061;980 656254;490210;AYUNTAMIENTO DE SANTIBAÑEZ DE VIDRIALES;LOVIDEMA, S.L.;ADMINISTRACIÓN LOCAL;amara@grupomatellanes.com;;PERSONAS MAYORES;Residencia;Para asistidos;ASISTIDOS: 33;42.0779936;-6.0104884;TANIA GALENDE FERNÁNDEZ;42.0779936, -6.0104884
RESIDENCIA DE PERSONAS MAYORES DIVINA MISERICORDIA;2022-11-07;CAMINO DE LAS VIÑAS,  Nº 24;49;49214;ZAMORA;TABARA;49140;TÁBARA;610 213072;;490696;AYUNTAMIENTO DE TÁBARA;RESIDENCIAS ASISTENCIALES EL NIÑO JESUS S.L.;ADMINISTRACIÓN LOCAL;admin@residenciasnj.es;;PERSONAS MAYORES;Residencia;Para asistidos;ASISTIDOS: 51;41.8274417;-5.9658034;NAZARET ANTÓN PÉREZ;41.8274417, -5.9658034
RESIDENCIA DE PERSONAS MAYORES VIRGEN DEL CANTO;2022-11-07;RUA/CALLE SANTA CATALINA DE RONCESVALLES Nº 24;49;49219;ZAMORA;TORO;49800;TORO;980 690174;980 690343;490244;DIPUTACIÓN PROVINCIAL DE ZAMORA;;ADMINISTRACIÓN LOCAL;ignacio.toranzo@zamoradipu.es;;PERSONAS MAYORES;Residencia;Para asistidos;ASISTIDOS: 70;41.5223954;-5.387163200000001;;41.5223954, -5.387163200000001
CENTRO DE DIA  FUNDACION INTRAS;2025-11-14;CALLE VIRGEN DE GRACIA Nº 2;49;49219;ZAMORA;TORO;49800;TORO;980 557104;;490625;FUNDACION INTRAS;;FUNDACIÓN;intras@intras.es;www.intras.es;PERSONAS CON DISCAPACIDAD;Centro de día;Personas con discapacidad por enfermedad mental;OTROS: 60;41.5264512;-5.3917056;RODRIGO VILLAR SAGREDO;41.5264512, -5.3917056
RESIDENCIA Mª TERESA BLANCO BARJA 3ª EDAD;2025-02-12;CALLE LOS CARRILES S/N;49;49223;ZAMORA;TRABAZOS;49516;ALISTE;980 697742;;491071;RESIDENCIAS ASISTENCIALES EL NIÑO JESUS S.L.;;SOCIEDADES;INFO@MONTEBARRIO.COM;;PERSONAS MAYORES;Residencia;Para asistidos;ASISTIDOS: 42;;;MARIA JOSÉ AFONSO FERNANDES;
RESIDENCIA PERSONAS MAYORES LA INMACULADA;2025-01-07;PLAZA SAN NICOLAS S/N;49;49250;ZAMORA;VILLALPANDO;49630;VILLALPANDO;980 660451;980 689464849;490143;FUNDACION INMACULADA CONCEPCION DE VILLALPANDO;;FUNDACIÓN;direccion@fundacioninmaculada.com;;PERSONAS MAYORES;Residencia;Para asistidos;ASISTIDOS: 96;41.8645649;-5.4122907;RAQUEL LUIS ESTEBAN;41.8645649, -5.4122907
CASER RESIDENCIAL ZAMORA;2026-03-05;CALLE FELIX RODRIGUEZ DE LA FUENTE 32;49;49261;ZAMORA;VILLARALBO;49159;ZAMORA RURAL;980 539936;;490054;CASER RESIDENCIAL, S.A.U.;;SOCIEDADES;mrodriguez2@caseresidencial.es;;PERSONAS MAYORES;Residencia;Para asistidos;ASISTIDOS: 125;41.4913436;-5.6915131;MARÍA RODRÍGUEZ POYO;41.4913436, -5.6915131
"RESIDENCIA PARA PERSONAS MAYORES ""DOMUSVI VILLARALBO""";2024-06-21;CAMINO DE MORALEJA 1;49;49261;ZAMORA;VILLARALBO;49159;ZAMORA RURAL;980 539491;980 933065360;490528;GERO VITALIA ZAMORA, S. L;;SOCIEDADES;direccion.villaralbo@domusvi.es;www.domusvi.es;PERSONAS MAYORES;Residencia;Para asistidos;ASISTIDOS: 169;41.4215203;-5.6473837;BEATRIZ GAMARRA MORENO;41.4215203, -5.6473837
RESIDENCIA DE PERSONAS MAYORES MATIAS ALONSO;2025-05-09;CALLE MATIAS ALONSO 31;49;49268;ZAMORA;VILLARRIN DE CAMPOS;49137;VILLALPANDO;980 580072;980 980580072;490178;CARITAS DIOCESANA DE ZAMORA;;INSTITUCIONES, ÓRDENES, CONGREGACIONES RELIGIOSAS Y SIMILARES;residenciamatiasalonso@caritaszamora.org;;PERSONAS MAYORES;Residencia;Para asistidos;ASISTIDOS: 79;;;ALBA MARÍA MARTÍNEZ INFESTAS;
CENTRO DE DIA PARA PERSONAS MAYORES - RESIDENCIA DE PERSONAS MAYORES DE ZAMORA;2023-06-20;AVENIDA OBISPO ACUÑA , 4;49;49275;ZAMORA;ZAMORA;49017;ZAMORA - CENTRO;980 522904;;490169;GERENCIA DE SERVICIOS SOCIALES DE CASTILLA Y LEÓN;;ADMINISTRACIÓN AUTONÓMICA;;;PERSONAS MAYORES;Centro de día;Hogar (Unidad de atención social);;41.50338989999999;-5.735381299999999;;41.50338989999999, -5.735381299999999
"CENTRO DE DÍA ""CENTRO SOCIOCULTURAL PEROMATO""";2025-03-14;CALLE PUENTICA 10;49;49275;ZAMORA;ZAMORA;49031;ZAMORA - NORTE;980 816427;;491035;FUNDACION INTRAS;;FUNDACIÓN;ibg@intras.es;www.intras.es;PERSONAS CON DISCAPACIDAD;Centro de día;Personas con discapacidad por enfermedad mental;OTROS: 60;41.5049819;-5.7514517;CLAUDIA SERRANO OLIVEIRA;41.5049819, -5.7514517
VIVIENDA LXXXI PARA DISCAPACITADOS PSÍQUICOS CON ENFERMEDAD MENTAL GRAVE Y PROLONGADA;2026-03-14;CALLE VILLALPANDO 7 P22 7ºB;49;49275;ZAMORA;ZAMORA;49005;ZAMORA - NORTE;983 399633;983 217565;491021;FUNDACION INTRAS;;FUNDACIÓN;intras@intras.es;www.intras.es;PERSONAS CON DISCAPACIDAD;Vivienda;Personas con discapacidad por enfermedad mental;OTROS: 3;41.5076174;-5.749154799999999;ELENA MARTÍN OTERINO;41.5076174, -5.749154799999999
"VIVIENDA XXXII  "" FUNDACIÓN INTRAS""";2023-11-15;AVENIDA CARDENAL CISNEROS 3- 3º IZ   EDIFICIO MIRADOR LEON FELIPE;49;49275;ZAMORA;ZAMORA;49019;ZAMORA - ESTE;980 557104;;490812;FUNDACION INTRAS;;FUNDACIÓN;intras@intras.es;www.intras.es;PERSONAS CON DISCAPACIDAD;Vivienda;Personas con discapacidad por enfermedad mental;OTROS: 1;;;ELENA MARTÍN OTERINO;
"VIVIENDA XXVII  ""FUNDACIÓN INTRAS""";2023-11-02;AVENIDA CARDENAL CISNEROS 3- 1º DERE EDIFICIO MIRADOR LEON FELIPE;49;49275;ZAMORA;ZAMORA;49019;ZAMORA - ESTE;980 557104;;490807;FUNDACION INTRAS;;FUNDACIÓN;intras@intras.es;www.intras.es;PERSONAS CON DISCAPACIDAD;Vivienda;Personas con discapacidad por enfermedad mental;OTROS: 1;;;ELENA MARTÍN OTERINO;
"VIVIENDA XXIII ""FUNDACION INTRAS""";2023-11-15;CALLE FRANCISCO PIZARRO 27-3º DERC;49;49275;ZAMORA;ZAMORA;49021;ZAMORA - ESTE;980 557104;;490779;FUNDACION INTRAS;;FUNDACIÓN;intras@intras.es;www.intras.es;PERSONAS CON DISCAPACIDAD;Vivienda;Personas con discapacidad por enfermedad mental;OTROS: 2;;;ELENA MARTÍN OTERINO;
"VIVIENDA XV ""FUNDACIÓN INTRAS""";2023-11-15;CALLE PLATA 6- 1º B;49;49275;ZAMORA;ZAMORA;49002;ZAMORA - CENTRO;980 517104;;490697;FUNDACION INTRAS;;FUNDACIÓN;intras@intras.es;www.intras.es;PERSONAS CON DISCAPACIDAD;Vivienda;Personas con discapacidad por trastorno del desarrollo intelectual leve o moderado;OTROS: 2;41.5014113;-5.745815899999999;ELENA MARTÍN OTERINO;41.5014113, -5.745815899999999
VIVIENDA I  FUNDACION INTRAS;2023-11-02;CALLE VILLALPANDO 7 PORTAL 7-3ºA;49;49275;ZAMORA;ZAMORA;49023;ZAMORA - NORTE;980 528997;980 557104;490520;FUNDACION INTRAS;;FUNDACIÓN;intras@intras.es;www.intras.es;PERSONAS CON DISCAPACIDAD;Vivienda;Personas con discapacidad por enfermedad mental;OTROS: 4;41.5082275;-5.7500308;ELENA MARTÍN OTERINO;41.5082275, -5.7500308
VIVIENDA XI FUNDACIÓN INTRAS;2025-06-14;CALLE FRANCISCO PIZARRO 5- 1º C;49;49275;ZAMORA;ZAMORA;49021;ZAMORA - ESTE;980 528997;;490664;FUNDACION INTRAS;;FUNDACIÓN;intras@intras.es;www.intras.es;PERSONAS CON DISCAPACIDAD;Vivienda;Personas con discapacidad por enfermedad mental;OTROS: 4;41.5085788;-5.7328819;ELENA MARTÍN OTERINO;41.5085788, -5.7328819
VIVIENDA LX PARA DISCAPACITADOS PSIQUICOS CON ENFERMEDAD MENTAL GRAVE Y PRONLONGADA;2023-11-02;CALLE ALCALA GALIANO 1 1ºD;49;49275;ZAMORA;ZAMORA;49030;ZAMORA - ESTE;980 528997;980 557104;490936;FUNDACION INTRAS;;FUNDACIÓN;intras@intras.es;www.intras.es;PERSONAS CON DISCAPACIDAD;Vivienda;Personas con discapacidad por enfermedad mental;OTROS: 4;41.5115577;-5.7321871;ELENA MARTÍN OTERINO;41.5115577, -5.7321871
VIVIENDA XCIV PARA PERSONAS CON DISCAPACIDAD POR ENFERMEDAD MENTAL GRAVE Y PROLONGADA;2023-11-02;NO APLICA;49;49275;ZAMORA;ZAMORA;49000;ZDESCONOCIDO;980 694770;;491069;FUNDACION INTRAS;;FUNDACIÓN;mhm@intras.es;www.intras.es;PERSONAS CON DISCAPACIDAD;Vivienda;Personas con discapacidad por enfermedad mental;OTROS: 3;;;ELENA MARTÍN OTERINO;
VIVIENDA LXV PARA DISCAPACITADOS PSIQUICOS CON ENFERMEDAD MENTAL GRAVE Y PROLONGADA;2023-11-02;CARRETERA HINIESTA 49 BAJO B;49;49275;ZAMORA;ZAMORA;49025;ZAMORA - NORTE;980 528997;;490942;FUNDACION INTRAS;;FUNDACIÓN;intras@intras.es;www.intras.es;PERSONAS CON DISCAPACIDAD;Vivienda;Personas con discapacidad por enfermedad mental;OTROS: 1;41.5094298;-5.752294699999999;ELENA MARTÍN OTERINO;41.5094298, -5.752294699999999
VIVIENDA CIV F.INTRAS, CAMPO DE MARTE;2025-05-02;CALLE CAMPO DE MARTE 17;49;49275;ZAMORA;ZAMORA;49007;ZAMORA - CENTRO;983 399633;983 983399633;491229;FUNDACION INTRAS;;FUNDACIÓN;cvs@intras.es;;PERSONAS CON DISCAPACIDAD;Vivienda;Personas con discapacidad por enfermedad mental;DISCAPACIDAD ENFERMEDAD MENTAL: 3;;;ADRIAN PEREZ ALVAREZ;
VIVIENDA LXXXVII PARA DISCAPACITADOS PSIQUICOS CON ENFERMEDAD MENTAL GRAVE Y PROLONGADA;2023-11-15;CALLE NUÑEZ DE BALBOA 31 2º DCHA;49;49275;ZAMORA;ZAMORA;49021;ZAMORA - ESTE;980 528997;;491055;FUNDACION INTRAS;;FUNDACIÓN;intras@intras.es;www.intras.es;PERSONAS CON DISCAPACIDAD;Vivienda;Personas con discapacidad por enfermedad mental;OTROS: 2;;;ELENA MARTÍN OTERINO;
VIVIENDA XLVI PARA DISCAPACITADOS PSÍQUICOS CON ENFERMEDAD GRAVE Y PROLONGADA;2025-03-14;CALLE CHURRUCA 58 1º D;49;49275;ZAMORA;ZAMORA;49022;ZAMORA - ESTE;980 557104;;490892;FUNDACION INTRAS;;FUNDACIÓN;intras@intras.es;www.intras.es;PERSONAS CON DISCAPACIDAD;Vivienda;Personas con discapacidad por enfermedad mental;OTROS: 3;41.5143337;-5.7291598;ELENA MARTÍN OTERINO;41.5143337, -5.7291598
VIVIENDA LXXXIX PARA DISCAPACITADOS PSIQUICOS CON ENFERMEDAD MENTAL GRAVE Y PROLONGADA;2023-11-02;CALLE SAN MANUEL 5 1ºC;49;49275;ZAMORA;ZAMORA;49028;ZAMORA - CENTRO;980 528997;980 557104;491057;FUNDACION INTRAS;;FUNDACIÓN;cvs@intras.es;www.intras.es;PERSONAS CON DISCAPACIDAD;Vivienda;Personas con discapacidad por enfermedad mental;OTROS: 3;41.49342619999999;-5.7431677;ELENA MARTÍN OTERINO;41.49342619999999, -5.7431677
VIVIENDA XLVII PARA DISCAPACITADOS PSÍQUICOS CON ENFERMEDAD MENTAL GRAVE Y PROLONGADA;2023-11-15;CALLE HERNAN CORTES 25 2º C;49;49275;ZAMORA;ZAMORA;49021;ZAMORA - ESTE;980 528997;980 557104;490893;FUNDACION INTRAS;;FUNDACIÓN;intras@intras.es;www.intras.es;PERSONAS CON DISCAPACIDAD;Vivienda;Personas con discapacidad por enfermedad mental;OTROS: 1;41.5121058;-5.7287519;ELENA MARTÍN OTERINO;41.5121058, -5.7287519
VIVIENDA LXXVI PARA DISCAPACITADOS PSIQUICOS CON ENFERMEDAD MENTAL GRAVE Y PROLONGADA;2025-05-14;AVENIDA GALICIA 24 1º IZQDA;49;49275;ZAMORA;ZAMORA;49032;ZAMORA - NORTE;980 528997;980 557104;490984;FUNDACION INTRAS;;FUNDACIÓN;intras@intras.es;www.intras.es;PERSONAS CON DISCAPACIDAD;Vivienda;Personas con discapacidad por enfermedad mental;OTROS: 2;;;ELENA MARTÍN OTERINO;
VIVIENDA LXII PARA DISCAPACITADOS PSIQUICOS CON ENFERMEDAD MENTAL GRAVE Y PROLONGADA;2025-09-14;CALLE CHURRUCA 16 3º D;49;49275;ZAMORA;ZAMORA;49021;ZAMORA - ESTE;980 557104;;490938;FUNDACION INTRAS;;FUNDACIÓN;intras@intras.es;www.intras.es;PERSONAS CON DISCAPACIDAD;Vivienda;Personas con discapacidad por enfermedad mental;OTROS: 2;41.5120628;-5.732602;PABLO SANCHEZ PEREZ;41.5120628, -5.732602
VIVIENDA LXXV PARA DISCAPACITADOS PSIQUICOS CON ENFERMEDAD MENTAL GRAVE Y PROLONGADA;2023-11-02;CALLE COLON 36 1º IZQDA;49;49275;ZAMORA;ZAMORA;49021;ZAMORA - ESTE;980 528997;980 557104;490983;FUNDACION INTRAS;;FUNDACIÓN;intras@intras.es;www.intras.es;PERSONAS CON DISCAPACIDAD;Vivienda;Personas con discapacidad por enfermedad mental;OTROS: 2;;;ELENA MARTÍN OTERINO;
VIVIENDA LXXIII PARA PERSONAS CON DISCAPACIDAD PSIQUICA CON ENFERMEDAD MENTAL GRAVE Y PROLONGADA;2023-11-02;CALLE DIEGO DE ALMAGRO Nº 17 BJ  IZDA;49;49275;ZAMORA;ZAMORA;49021;ZAMORA - ESTE;980 528997;980 557104;490978;FUNDACION INTRAS;;FUNDACIÓN;intras@intras.es;www.intras.es;PERSONAS CON DISCAPACIDAD;Vivienda;Personas con discapacidad por enfermedad mental;OTROS: 3;;;ELENA MARTÍN OTERINO;
VIVIENDA LXXIV VIVIENDA PARA PERSONAS CON DISCAPACIDAD PSIQUICA CON ENFERMEDAD MENTAL GRAVE Y PROLONGADA;2023-11-15;CALLE CHURRUCA Nº 34 1ºDCHA;49;49275;ZAMORA;ZAMORA;49021;ZAMORA - ESTE;980 528997;980 557104;490979;FUNDACION INTRAS;;FUNDACIÓN;intras@intras.es;www.intras.es;PERSONAS CON DISCAPACIDAD;Vivienda;Personas con discapacidad por enfermedad mental;OTROS: 1;;;ELENA MARTÍN OTERINO;
VVIENDA CV F.INTRAS FEDERICO CANTERO CV;2025-03-24;AVENIDA FEDERICO CANTERO VILLAMIL 7;49;49275;ZAMORA;ZAMORA;49010;ZAMORA - ESTE;983 399633;983 983399633;491223;FUNDACION INTRAS;;FUNDACIÓN;cvs@intras.es;;PERSONAS CON DISCAPACIDAD;Vivienda;Personas con discapacidad por enfermedad mental;DISCAPACIDAD ENFERMEDAD MENTAL: 4;;;ADRIAN PEREZ ALVAREZ;
VIVIENDA L PARA DISCAPACITADOS PSIQUICOS CON ENFERMEDAD MENTAL GRAVE Y PROLONGADA;2023-11-15;CALLE CHURRUCA 36 BJ DCHA;49;49275;ZAMORA;ZAMORA;49021;ZAMORA - ESTE;980 557104;;490904;FUNDACION INTRAS;;FUNDACIÓN;intras@intras.es;www.intras.es;PERSONAS CON DISCAPACIDAD;Vivienda;Personas con discapacidad por enfermedad mental;OTROS: 2;;;ELENA MARTÍN OTERINO;
VIVIENDA LXXVIII PARA DISCAPACITADOS PSIQUICOS CON ENFERMEDAD MENTAL GRAVE Y PROLONGADA;2023-11-15;AVENIDA PRINCIPE DE ASTURIAS Nº 22 3ºC;49;49275;ZAMORA;ZAMORA;49012;ZAMORA - CENTRO;980 528997;980 557104;491004;FUNDACION INTRAS;;FUNDACIÓN;intras@intras.es;www.intras.es;PERSONAS CON DISCAPACIDAD;Vivienda;Personas con discapacidad por enfermedad mental;OTROS: 2;41.5110085;-5.7372431;ELENA MARTÍN OTERINO;41.5110085, -5.7372431
VIVIENDA XCV PARA PERSONAS CON DISCAPACIDAD POR ENFERMEDAD MENTAL GRAVE Y PROLONGADA;2023-11-02;CALLE NUÑEZ DE BALBOA Nº 25 1º D;49;49275;ZAMORA;ZAMORA;49021;ZAMORA - ESTE;980 528997;;491089;FUNDACION INTRAS;;FUNDACIÓN;cvs@intras.es;;PERSONAS CON DISCAPACIDAD;Vivienda;Personas con discapacidad por enfermedad mental;OTROS: 2;41.5121888;-5.7321109;ELENA MARTÍN OTERINO;41.5121888, -5.7321109
VIVIENDA LXXI PARA DISCAPACITADOS PSIQUICOS CON ENFERMEDAD MENTAL GRAVE Y PROLONGADA;2023-11-02;CALLE CHURRUCA 62 4ºE;49;49275;ZAMORA;ZAMORA;49021;ZAMORA - ESTE;980 528997;980 557104;490958;FUNDACION INTRAS;;FUNDACIÓN;intras@intras.es;www.intras.es;PERSONAS CON DISCAPACIDAD;Vivienda;Personas con discapacidad por enfermedad mental;OTROS: 2;41.5145237;-5.7286937;ELENA MARTÍN OTERINO;41.5145237, -5.7286937
"VIVIENDA XXXIV ""FUNDACION INTRAS""";2025-03-14;CALLE CHURRUCA 44- BAJ IZ;49;49275;ZAMORA;ZAMORA;49021;ZAMORA - ESTE;980 528998;980 557104;490814;FUNDACION INTRAS;;FUNDACIÓN;intras@intras.es;www.intras.es;PERSONAS CON DISCAPACIDAD;Vivienda;Personas con discapacidad por enfermedad mental;OTROS: 2;;;ELENA MARTÍN OTERINO;
CENTRO DE DIA PARA ENFERMOS DE ALZHEIMER CIUDAD JARDIN;2023-06-26;CALLE HERNAN CORTES 40 BIS;49;49275;ZAMORA;ZAMORA;49025;ZAMORA - ESTE;980 510607;;490382;ASOCIACIÓN DE FAMILIARES Y AMIGOS DE ENFERMOS DE ALZHEIMER Y OTRAS DEMENCIAS DE ZAMORA (AFAZA);;ASOCIACIÓN;afa@alzheimerzamora.com;www.alzheimerzamora.com;PERSONAS MAYORES;Centro de día;Estancias diurnas para enfermos de Alzheimer;ASISTIDOS: 60;41.511398;-5.728254400000001;ELENA MARIA RAMOS DE LA IGLESIA;41.511398, -5.728254400000001
CASA ACOGIDA DE ZAMORA;2023-01-27;S/C;49;49275;ZAMORA;ZAMORA;49000;ZDESCONOCIDO;000 000000;;491015;AYUNTAMIENTO DE ZAMORA;CLECE, S.A.;ADMINISTRACIÓN LOCAL;;;MUJER;Vivienda;Casa de acogida mujeres maltratadas;OTROS: 8;;;ROSA;
"VIVIENDA SUPERVISADA ""MANUELA"" PARA PERSONAS CON DISCAPACIDAD POR ENFERMEDAD MENTAL";2025-07-14;CALLE TRAVIESA 15;49;49275;ZAMORA;ZAMORA;49003;ZAMORA - CENTRO;980 536831;980 685538239;491238;ASOCIACIÓN FEAFES ZAMORA (ASOCIACIÓN DE FAMILIARES Y AMIGOS DE ENFERMOS MENTALES DE ZAMORA);;ASOCIACIÓN;direccion@saludmentalzamora.es;;PERSONAS CON DISCAPACIDAD;Vivienda;Personas con discapacidad por enfermedad mental;DISCAPACIDAD ENFERMEDAD MENTAL: 2;41.50545798150372;-5.741716138510008;VALENTINA DEL PALACIO DOMINGUEZ;41.50545798150372, -5.741716138510008
VIVIENDA 3 PARA PERSONAS DISCAPACITADAS POR ENFERMEDAD MENTAL;2024-12-14;AVENIDA TRES CRUCES 15 9ºC;49;49275;ZAMORA;ZAMORA;49028;ÁVILA - CENTRO;980 536831;;491017;ASOCIACIÓN FEAFES ZAMORA (ASOCIACIÓN DE FAMILIARES Y AMIGOS DE ENFERMOS MENTALES DE ZAMORA);;ASOCIACIÓN;info@saludmentalzamora.es;;PERSONAS CON DISCAPACIDAD;Vivienda;Personas con discapacidad por enfermedad mental;OTROS: 3;41.510373;-5.7417893;VALENTINA DEL PALACIO DOMINGUEZ;41.510373, -5.7417893
CENTRO OCUPACIONAL FEAFES- ZAMORA;2025-01-24;CALLE QUINTIN ALDEA 1;49;49275;ZAMORA;ZAMORA;49028;ZAMORA - SUR;980 536831;;490545;ASOCIACIÓN FEAFES ZAMORA (ASOCIACIÓN DE FAMILIARES Y AMIGOS DE ENFERMOS MENTALES DE ZAMORA);;ASOCIACIÓN;info@saludmentalzamora.es;;PERSONAS CON DISCAPACIDAD;Centro de día;Personas con discapacidad por enfermedad mental;OTROS: 20;;;Mª ELISA GARCÍA AVEDILLO (PRESIDENTA);
CENTRO MULTISERVICIOS SALUD MENTAL ZAMORA;2025-12-30;CALLE ANTON CENTENERA 8;49;49275;ZAMORA;ZAMORA;49029;ZAMORA - ESTE;980 536831;980 685538239;491246;ASOCIACIÓN FEAFES ZAMORA (ASOCIACIÓN DE FAMILIARES Y AMIGOS DE ENFERMOS MENTALES DE ZAMORA);;ASOCIACIÓN;direccion@saludmentalzamora.es;;PERSONAS CON DISCAPACIDAD;Centro de día;Centro de día multiactividad/ personas con discapacidad por enfermedad mental;DISCAPACIDAD ENFERMEDAD MENTAL: 60;41.51505768288754;-5.738558432689782;;41.51505768288754, -5.738558432689782
"RESIDENCIA DE PROTECCION ""JUAN MARIA""";2023-03-03;CALLE PONTEJOS 13;49;49275;ZAMORA;ZAMORA;49028;ZAMORA - SUR;980 509431;;490430;HERMANOS DE LA INSTRUCCIÓN CRISTIANA DE ZAMORA;;INSTITUCIONES, ÓRDENES, CONGREGACIONES RELIGIOSAS Y SIMILARES;direccion@menesianoszamora.com;;INFANCIA (Y JUVENTUD);Residencia;De protección;OTROS: 12;41.4983823;-5.7365255;JUAN CARLOS GARCIA ROSA;41.4983823, -5.7365255
HOGAR DE ACOGIDA ÁNGEL;2025-06-11;AVENIDA CARDENAL CISNEROS 45, 2ºA Y 2ºB;49;49275;ZAMORA;ZAMORA;49005;ZAMORA - NORTE;980 509431;;491073;HERMANOS DE LA INSTRUCCIÓN CRISTIANA DE ZAMORA;;INSTITUCIONES, ÓRDENES, CONGREGACIONES RELIGIOSAS Y SIMILARES;secretaria@menesianoszamora.com;;INFANCIA (Y JUVENTUD);Vivienda;Hogar de acogida;NNAMMAS: 10;;;JUSTINO SANTIAGO FERNÁNDEZ;
VIVIENDA TUTELADA FUNDACION HERMANOS CRESPO C;2023-11-15;CALLE OBISPO NIETO 20 2º A;49;49275;ZAMORA;ZAMORA;49031;ZAMORA - NORTE;980 570132;;491050;FUNDACIÓN PERSONAS;;FUNDACIÓN;zamora@fundacionpersonas.es;;PERSONAS CON DISCAPACIDAD;Vivienda;Personas con disc. física, sensorial, por trastorno del desarrollo intelectual y/o por enfer. mental;OTROS: 6;41.5054888;-5.7518911;FRANCISCA PEREZ GARROTE;41.5054888, -5.7518911
"VIVIENDA TUTELADA Nº 5 ""ASPROSUB""";2023-11-15;PLAZA SAN LAZARO 1- 1º C;49;49275;ZAMORA;ZAMORA;49005;ZAMORA - NORTE;980 672561;;490396;FUNDACIÓN PERSONAS;;FUNDACIÓN;zamora@fundacionpersonas.es;;PERSONAS CON DISCAPACIDAD;Vivienda;Personas con disc. física, sensorial, por trastorno del desarrollo intelectual y/o por enfer. mental;OTROS: 6;41.5059608;-5.749993799999999;FRANCISCA PEREZ GARROTE;41.5059608, -5.749993799999999
"VIVIENDA TUTELADA Nº 7 ""FUNDACION PERSONAS""";2025-06-14;AVENIDA TRES CRUCES 13- 3º A;49;49275;ZAMORA;ZAMORA;49008;ZAMORA - CENTRO;980 570132;980 570207;490817;FUNDACIÓN PERSONAS;;FUNDACIÓN;zamora@fundacionpersonas.es;;PERSONAS CON DISCAPACIDAD;Vivienda;Personas con disc. física, sensorial, por trastorno del desarrollo intelectual y/o por enfer. mental;OTROS: 8;41.5102988;-5.7417406;JOSE PEDRO DIEGO DE LA TORRE;41.5102988, -5.7417406
RESIDENCIA NEUROCARE HOME ZAMORA;2025-12-01;AVENIDA VALLADOLID 1;49;49275;ZAMORA;ZAMORA;49028;ZAMORA - CENTRO;666 866207;666 666866207;491241;NEUROCARE HOME ZAMORA, S.L.;;SOCIEDADES;agonzalez@neurocarehome.es;;PERSONAS MAYORES;Residencia;Mixta para válidos y asistidos;DEPENDIENTES: 140;41.52166096884449;-5.726486291733424;JUDIT SASTRE GONZÁLEZ;41.52166096884449, -5.726486291733424
CENTRO DE DIA NEUROCARE HOME ZAMORA;2025-12-02;AVENIDA VALLADOLID 1;49;49275;ZAMORA;ZAMORA;49020;ZAMORA - CENTRO;666 866207;666 666866207;491242;NEUROCARE HOME ZAMORA, S.L.;;SOCIEDADES;agonzalez@neurocarehome.es;;PERSONAS MAYORES;Centro de día;Estancias diurnas;DEPENDIENTES: 24;41.52166096884449;-5.726486291733424;JUDIT SASTRE GONZÁLEZ;41.52166096884449, -5.726486291733424
VIVIENDA SUPERVISADA PARA PERSONAS CON DISCAPACIDAD POR ENFERMEDAD MENTAL EL CASTILLO;;URBANIZACION CASTILLO (EL) 33;05;05002;AVILA;ADRADA (LA);05430;TIÉTAR - LA ADRADA;672 043056;;050983;FAEMA SALUD MENTAL ÁVILA;;ASOCIACIÓN;faemavivienda@gmail.com;;PERSONAS CON DISCAPACIDAD;Vivienda;Personas con discapacidad por enfermedad mental;DISCAPACIDAD ENFERMEDAD MENTAL: 8;;;MIGUEL HERRÁEZ CALVO;
"RESIDENCIA DE PERSONAS MAYORES ""EL JARDIN DEL TIETAR""";2022-01-05;CARRETERA DE ÁVILA, Nº 4 - LA PARRA -;05;05014;AVILA;ARENAS DE SAN PEDRO;05400;TIÉTAR - ARENAS DE SAN PEDRO;920 371173;;050384;JARDIN DEL TIETAR, S.L.;;SOCIEDADES;direccion@jardindeltietar.com;;PERSONAS MAYORES;Residencia;Para asistidos;ASISTIDOS: 100;40.29312290000001;-5.0087999;MARIA LUISA BLANCO MARTÍN;40.29312290000001, -5.0087999
CENTRO OCUPACIONAL MUNICIPAL PARA PERSONAS CON DISCAPACIDAD INTELECTUAL;2026-03-19;CALLE MARTIN BERMUDEZ 1;05;05014;AVILA;ARENAS DE SAN PEDRO;05400;TIÉTAR - ARENAS DE SAN PEDRO;920 372170;920 697501061;050588;AYUNTAMIENTO DE ARENAS DE SAN PEDRO;;ADMINISTRACIÓN LOCAL;;;PERSONAS CON DISCAPACIDAD;Centro de día;Personas con discapacidad por trastorno del desarrollo intelectual;OTROS: 15;40.2086468;-5.090150299999999;OSCAR TAPIAS GREGORIS;40.2086468, -5.090150299999999
CENTRO DE DIA PARA PERSONAS MAYORES ARÉVALO;2023-09-27;CALLE NICASIO HERNANDEZ LUQUERO S/N;05;05016;AVILA;AREVALO;05200;MORAÑA - ARÉVALO;920 300912;920 300912;050087;GERENCIA DE SERVICIOS SOCIALES DE CASTILLA Y LEÓN;;ADMINISTRACIÓN AUTONÓMICA;;;PERSONAS MAYORES;Centro de día;Hogar (Unidad de atención social);;41.0653243;-4.7196508;JAIME BES TOMAS;41.0653243, -4.7196508
CENTRO DE DIA PARA PERSONAS CON DISCAPACIDAD CASTA AREVALO;2020-10-14;PASEO SAN JUAN BOSCO (DE) 2 EDIFICIO STA. TERESA PLANTA BAJA;05;05016;AVILA;AREVALO;05200;MORAÑA - ARÉVALO;920 300951;;050583;CASTA SALUD, S.L.;;SOCIEDADES;;;PERSONAS CON DISCAPACIDAD;Centro de día;Personas con discapacidad por enfermedad mental;OTROS: 200;41.0545277;-4.7206261;BORJA TORRES YAGÜE;41.0545277, -4.7206261
UNIDAD DE ESTANCIAS DIURNAS DEL CENTRO DE DÍA ÁVILA I;2025-05-20;CALLE INDEPENDENCIA S/N;05;05019;AVILA;AVILA;05001;ÁVILA - NORTE;920 229297;;050263;GERENCIA DE SERVICIOS SOCIALES DE CASTILLA Y LEÓN;SERVISOCIALES CANARIOS, S.L.;ADMINISTRACIÓN AUTONÓMICA;;;PERSONAS MAYORES;Centro de día;Estancias diurnas;ASISTIDOS: 15;;;MARIA BELEN HERRERO CEMBELLIN;
RESIDENCIA DE PROTECCIÓN DE MENORES ARTURO DUPERIER;2022-12-01;CALLE DON JESUS JIMENEZ 8;05;05019;AVILA;AVILA;05003;ÁVILA - SUR;920 352259;;050166;GERENCIA DE SERVICIOS SOCIALES DE CASTILLA Y LEÓN;;ADMINISTRACIÓN AUTONÓMICA;;;INFANCIA (Y JUVENTUD);Residencia;De protección;OTROS: 23;40.6440924;-4.686075199999999;RAQUEL MARTÍN MUÑOZ;40.6440924, -4.686075199999999
CENTRO DE DÍA PARA PERSONAS MAYORES ÁVILA II;2022-09-13;CALLE FRAY GIL 12;05;05019;AVILA;AVILA;05003;ÁVILA - SUR;920 227350;920 227368;050085;GERENCIA DE SERVICIOS SOCIALES DE CASTILLA Y LEÓN;;ADMINISTRACIÓN AUTONÓMICA;;;PERSONAS MAYORES;Centro de día;Hogar (Unidad de atención social);;40.6499315;-4.6956168;FERNANDO RETAMOSA MARFIL;40.6499315, -4.6956168
CENTRO DE DÍA PARA PERSONAS MAYORES ÁVILA I;2023-02-13;CALLE INDEPENDENCIA S/N;05;05019;AVILA;AVILA;05005;ÁVILA - NORTE;920 229297;920 229297;050084;GERENCIA DE SERVICIOS SOCIALES DE CASTILLA Y LEÓN;;ADMINISTRACIÓN AUTONÓMICA;;;PERSONAS MAYORES;Centro de día;Hogar (Unidad de atención social);;40.6590767;-4.6943751;MARIA BELEN HERRERO CEMBELLIN;40.6590767, -4.6943751
VIVIENDA HOGAR MENSAJEROS DE LA PAZ;2023-03-10;CALLE AZALEA 9 CHALET 1;05;05019;AVILA;AVILA;05002;ÁVILA - SUR;920 257328;;050143;ASOCIACIÓN MENSAJEROS DE LA PAZ CASTILLA Y LEÓN;;ASOCIACIÓN;;;INFANCIA (Y JUVENTUD);Vivienda;Vivienda hogar;OTROS: 9;40.6388794;-4.6905388;ANA BELEN GUILLEUMAS GARCIA;40.6388794, -4.6905388
VIVIENDA SUPERVISADA PARA PERSONAS CON ENFERMEDAD MENTAL LA HUERTA;2025-07-07;CALLE AGUSTIN RODRIGUEZ SAHAGUN 31 1º PUERTA 2;05;05019;AVILA;AVILA;05003;ÁVILA - SUR;920 352732;920 620352732;050861;FAEMA SALUD MENTAL ÁVILA;;ASOCIACIÓN;direccionviviendas@asociacionfaema.org;;PERSONAS CON DISCAPACIDAD;Vivienda;Personas con discapacidad por enfermedad mental;OTROS: 4;40.6486875;-4.6803605;JESÚS MARTÍN MARTÍN;40.6486875, -4.6803605
VIVIENDA SUPERVISADA LA PAZ;2025-07-04;CALLE BILBAO 14 3ºF;05;05019;AVILA;AVILA;05003;ÁVILA - NORTE;920 352732;;050957;FAEMA SALUD MENTAL ÁVILA;;ASOCIACIÓN;direccionviviendas@asociacionfaema.org;;PERSONAS CON DISCAPACIDAD;Vivienda;Personas con discapacidad por enfermedad mental;DISCAPACIDAD ENFERMEDAD MENTAL: 5;40.6518649;-4.688700700000001;JESÚS MARTÍN MARTÍN;40.6518649, -4.688700700000001
CENTRO OCUPACIONAL FAEMA;2025-02-26;CALLE CAPITAN MENDEZ VIGO 10;05;05019;AVILA;AVILA;05002;ÁVILA - SUR;920 352732;920 920352732;050348;FAEMA SALUD MENTAL ÁVILA;;ASOCIACIÓN;;;PERSONAS CON DISCAPACIDAD;Centro de día;Personas con discapacidad por enfermedad mental;OTROS: 65;40.6527265;-4.6914246;INMACULADA POSE PARRA;40.6527265, -4.6914246
VIVIENDA SUPERVISADA VIRGEN DE LA SOTERRAÑA;2025-07-04;CALLE VIRGEN DE LA SOTERRAÑA 26 1º IZQ;05;05019;AVILA;AVILA;05005;ÁVILA - NORTE;920 352732;;050530;FAEMA SALUD MENTAL ÁVILA;;ASOCIACIÓN;direccionviviendas@asociacionfaema.org;;PERSONAS CON DISCAPACIDAD;Vivienda;Personas con discapacidad por enfermedad mental;OTROS: 4;;;JESÚS MARTÍN MARTÍN;
LA NIÑA VIVIENDA SUPERVISADA PARA PERSONAS CON DISCAPACIDAD ENFERMEDAD MENTAL;2025-07-03;CALLE CAPITAN MENDEZ VIGO 10 ESCALERA B - 1ºB;05;05019;AVILA;AVILA;05003;ÁVILA - NORTE;920 352732;;050580;FAEMA SALUD MENTAL ÁVILA;;ASOCIACIÓN;direccionviviendas@asociacionfaema.org;;PERSONAS CON DISCAPACIDAD;Vivienda;Personas con discapacidad por enfermedad mental;OTROS: 4;;;JESÚS MARTÍN MARTÍN;
VIVIENDA SUPERVISADA PARA PERSONAS CON DISCAPACIDAD POR ENFERMEDAD MENTAL EL DESCUBRIMIENTO;2025-07-07;CALLE RAFAELA DE ANTONIO 11 PORTAL 6 - 3º D;05;05019;AVILA;AVILA;05003;ÁVILA - SUR;920 352732;;050870;FAEMA SALUD MENTAL ÁVILA;;ASOCIACIÓN;direccionviviendas@asociacionfaema.org;;PERSONAS CON DISCAPACIDAD;Vivienda;Personas con discapacidad por enfermedad mental;OTROS: 5;40.64840299999999;-4.6974784;JESÚS MARTÍN MARTÍN;40.64840299999999, -4.6974784
VIVIENDA SUPERVISADA LA ROTONDA;2025-09-22;CALLE NUESTRA SEÑORA DE SONSOLES 81 3ºA;05;05019;AVILA;AVILA;05002;ÁVILA - SUR;920 352732;920 608731173;051009;FAEMA SALUD MENTAL ÁVILA;;ASOCIACIÓN;direccionviviendas@asociacionfaema.org;;PERSONAS CON DISCAPACIDAD;Vivienda;Personas con discapacidad por enfermedad mental;DISCAPACIDAD ENFERMEDAD MENTAL: 4;40.65034225799316;-4.69768177874324;;40.65034225799316, -4.69768177874324
CENTRO RESIDENCIA ESPIRITU SANTO;2023-09-15;CALLE PERPETUO SOCORRO S/N;05;05019;AVILA;AVILA;05002;ÁVILA - SUR;920 223194;920 229370;050164;PRONISA PLENA INCLUSIÓN ÁVILA;;ASOCIACIÓN;;;PERSONAS CON DISCAPACIDAD;Residencia;Personas con discapacidad por trastorno del desarrollo intelectual;OTROS: 96;40.6491827;-4.6944603;NURIA JIMENEZ JIMENEZ;40.6491827, -4.6944603
"CENTRO DE DIA ""ESPIRITU SANTO""";2025-09-14;CALLE PERPETUO SOCORRO S/N;05;05019;AVILA;AVILA;05003;ÁVILA - SUR;920 223194;920 920223194;050508;PRONISA PLENA INCLUSIÓN ÁVILA;;ASOCIACIÓN;;;PERSONAS CON DISCAPACIDAD;Centro de día;Personas con discapacidad por trastorno del desarrollo intelectual;OTROS: 75;40.6496448;-4.6943217;NURIA JIMENEZ JIMENEZ;40.6496448, -4.6943217
VIVIENDA DERECHOS HUMANOS II;2023-09-15;AVENIDA DERECHOS HUMANOS (DE LOS) 22;05;05019;AVILA;AVILA;05003;ÁVILA - SUR;920 223194;;050976;PRONISA PLENA INCLUSIÓN ÁVILA;;ASOCIACIÓN;oficina@pronisa.org;;PERSONAS CON DISCAPACIDAD;Vivienda;Personas con discapacidad por trastorno del desarrollo intelectual leve o moderado;DISCAPACIDAD INTELECTUAL: 8;;;NURIA JIMÉNEZ JIMÉNEZ;
CASA ACOGIDA ÁVILA;2023-09-27;S/C;05;05019;AVILA;AVILA;05000;ZDESCONOCIDO;000 000000;;050150;AYUNTAMIENTO DE ÁVILA;;ADMINISTRACIÓN LOCAL;;;MUJER;Vivienda;Casa de acogida mujeres maltratadas;OTROS: 9;;;;
VIVIENDA GLORIA FUERTES I;2023-05-05;CALLE GLORIA FUERTES 52;05;05019;AVILA;AVILA;05003;ÁVILA - NORTE;920 222626;;050675;ASOCIACIÓN DE PADRES Y FAMILIARES DE PERSONAS CON AUTISMO ÁVILA Y PROVINCIA;;ASOCIACIÓN;;;PERSONAS CON DISCAPACIDAD;Vivienda;Personas con discapacidad por trastorno del espectro del autismo;OTROS: 8;40.6616399;-4.6590662;ROCIO ARROYO GARCIA;40.6616399, -4.6590662
VIVIENDA APOYADA FUNDABEM II;2026-03-14;AVENIDA DE LA ESTACIÓN, 27 - 5ºA;05;05019;AVILA;AVILA;05001;ÁVILA - NORTE;920 223947;;050479;FUNDACIÓN ABULENSE PARA EL EMPLEO (FUNDABEM);;FUNDACIÓN;;;PERSONAS CON DISCAPACIDAD;Vivienda;Personas con discapacidad por trastorno del desarrollo intelectual leve o moderado;DISCAPACIDAD INTELECTUAL: 4;;;FERNANDO GARCIA GONZALEZ;
CENTRO PARA LA PROMOCION DE LA AUTONOMIA PERSONAL Y LA INSERCION SOCIOLABORAL LA ALDEA;2024-08-15;BARRIO ALDEA DEL REY NIÑO PARAJE DEL CERRILLO, POLIGONO 70, PARCELA 5005;05;05019;AVILA;AVILA;05001;ÁVILA - CENTRO;920 223947;;050336;FUNDACIÓN ABULENSE PARA EL EMPLEO (FUNDABEM);;FUNDACIÓN;;;PERSONAS CON DISCAPACIDAD;Centro de día;Personas con discapacidad por trastorno del desarrollo intelectual;OTROS: 65;40.5863596;-4.7439232;FERNANDO GARCÍA GONZÁLEZ;40.5863596, -4.7439232
CENTRO RESIDENCIAL PARA PERSONAS MAYORES CUIDDA CATEDRAL;2022-08-30;CALLE TOSTADO 9;05;05019;AVILA;AVILA;05001;ÁVILA - CENTRO;920 352467;;050498;CUIDDA RESIDENCIAS, S.L.;;SOCIEDADES;direccion@cuidda.es;;PERSONAS MAYORES;Residencia;Para asistidos;ASISTIDOS: 97;40.6571488;-4.6974732;DAVID COLLADO JIMENEZ;40.6571488, -4.6974732
RESIDENCIA PARA MAYORES VISTASOL;2022-01-05;CALLE CIUDAD DE TOLEDO (DE LA) 4;05;05019;AVILA;AVILA;05004;ÁVILA - NORTE;920 219272;;050483;VISTASOL RESIDENCIAS, S.L.;;SOCIEDADES;direcion@residenciavistasol.com;;PERSONAS MAYORES;Residencia;Para asistidos;ASISTIDOS: 112;40.6564225;-4.7003224;PILAR VILAR MORCILLO;40.6564225, -4.7003224
CENTRO VIVIENDA LA CAÑADA I;2024-06-21;CALLE PADRE TENAGUILLO  Nº 52;05;05019;AVILA;AVILA;05004;ÁVILA - NORTE;610 767251;;050553;CONSULTING ASISTENCIAL SOCIOSANITARIO S.L.;;SOCIEDADES;;;INFANCIA (Y JUVENTUD);Vivienda;Vivienda hogar;OTROS: 9;40.6595136;-4.6663738;FUENCISLA RUFES PERAL;40.6595136, -4.6663738
"CENTRO OCUPACIONAL"" ASESCA""";2023-05-15;AVENIDA GREDOS (DE) S/N;05;05021;AVILA;BARCO DE AVILA (EL);05600;ARAVALLE - EL BARCO DE ÁVILA;920 341186;;050376;ASOCIACIÓN DE SERVICIOS SOCIALES DE LAS COMARCAS DE ÁVILA (ASESCA);;ASOCIACIÓN;;;PERSONAS CON DISCAPACIDAD;Centro de día;Personas con discapacidad por trastorno del desarrollo intelectual;OTROS: 35;40.3563222;-5.5184912;SONIA FAMILIAR BRAVO;40.3563222, -5.5184912
UNIDAD DE ESTANCIAS DIURNAS;2020-10-14;CALLE VIRGEN (LA) 34;05;05022;AVILA;BARRACO (EL);05110;ALBERCHE - CEBREROS;920 281485;;050230;AYUNTAMIENTO DE EL BARRACO;;ADMINISTRACIÓN LOCAL;;;PERSONAS MAYORES;Centro de día;Estancias diurnas;ASISTIDOS: 10;40.4743119;-4.6397407;ROBERTO GARCIA SASTRE;40.4743119, -4.6397407
"RESIDENCIA PARA PERSONAS MAYORES ""ALDEHUELA""";2022-01-05;CARRETERA MONSALUPE 24-26;05;05027;AVILA;BERLANAS (LAS);05162;ÁVILA RURAL;920 269157;;050217;ALDEHUELA-RESIDENCIA DE LA TERCERA EDAD, S.L.;;SOCIEDADES;alfonmarlei@hotmail.es;;PERSONAS MAYORES;Residencia;Para asistidos;ASISTIDOS: 30;40.7967049;-4.7638138;ALFONSO MARTÍN LEIRO;40.7967049, -4.7638138
VIVIENDA TUTELADA Y RESPIRO FAMILIAR CASA CACERES;2025-02-26;CALLE CACERES 19;05;05047;AVILA;CANDELEDA;05480;TIÉTAR - ARENAS DE SAN PEDRO;920 381033;;050940;ADISVATI - ASOCIACIÓN PARA EL DESARROLLO INTEGRAL DE LAS PERSONAS CON DISCAPACIDAD Y NECESIDADES ESPECIALES DEL VALLE DEL TIETAR;;ASOCIACIÓN;adisvati5@gmail.com;;PERSONAS CON DISCAPACIDAD;Vivienda;Personas con disc. física, sensorial, por trastorno del desarrollo intelectual y/o por enfer. mental;OTROS: 8;40.15445039999999;-5.2414059;ÁLVARO DOMÍNGUEZ MÁRQUEZ;40.15445039999999, -5.2414059
RESIDENCIA CASA VIRGEN DE VALSORDO;2026-03-12;CALLE NUEVA 14;05;05057;AVILA;CEBREROS;05260;ALBERCHE - CEBREROS;918 631248;;050193;SGG CEBREROS, S.L.;;SOCIEDADES;;;PERSONAS MAYORES;Residencia;Para asistidos;ASISTIDOS: 46;40.4556198;-4.4640984;LIDIA PABLO PEREZ;40.4556198, -4.4640984
VIVIENDA HOGAR SAN ANTONIO II;;CALLE PISCINA (LA) 52;05;05093;AVILA;CAÑADA (LA);05294;ALBERCHE - CEBREROS;609 085800;;050989;SERVICIOS SOCIOSANITARIOS SAN SEGUNDO, S.L;;SOCIEDADES;ijimenezsansegundo@gmail.com;;INFANCIA (Y JUVENTUD);Vivienda;Vivienda hogar;OTROS: 9;;;IGNACIO JIMENEZ SAN SEGUNDO;
RESIDENCIA MIXTA DE PERSONAS MAYORES HOYO DE PINARES;2026-02-20;CALLE PITANZA (LA) S/N;05;05102;AVILA;HOYO DE PINARES;05250;ALBERCHE - CEBREROS;910 330367;;050188;UNION DEMOCRATICA PENSIONISTAS Y JUBILADOS DE ESPAÑA (U.D.P.);CENTROS RESIDENCIALES GREDOS, SL;FEDERACIÓN-CONFEDERACIÓN;centrosresidencialesgredos@gmail.com;;PERSONAS MAYORES;Residencia;Para asistidos;ASISTIDOS: 24;40.499817;-4.4189735;Mª SONSOLES HERNANDEZ ALONSO;40.499817, -4.4189735
"RESIDENCIA PERSONAS MAYORES ""JOSE MANUEL FERNANDEZ SANTIAGO""";2026-03-19;CALLE FELIPE VELASCO 3;05;05110;AVILA;LANZAHITA;05490;TIÉTAR - ARENAS DE SAN PEDRO;920 378581;920 684461744;050183;AYUNTAMIENTO DE LANZAHITA;EL PINAR DE LANZAHITA SL;ADMINISTRACIÓN LOCAL;notificaciones@grupomimara.com;;PERSONAS MAYORES;Residencia;Para asistidos;ASISTIDOS: 51;40.2047043;-4.9372976;MARINA PUA CABELLO;40.2047043, -4.9372976
RESIDENCIA EL MIRADOR;2025-11-14;CARRETERA DE  MARTIHERRERO KM. 5;05;05121;AVILA;MARTIHERRERO;05140;ÁVILA RURAL;920 269454;;050446;FUNDACIÓN LA CASA GRANDE DE MARTIHERRERO - CENTRO SANTA TERESA;;INSTITUCIONES, ÓRDENES, CONGREGACIONES RELIGIOSAS Y SIMILARES;direccion@lacasagrandedemartiherrero.com;;PERSONAS CON DISCAPACIDAD;Residencia;Personas con discapacidad por trastorno del desarrollo intelectual;OTROS: 60;40.67478800000001;-4.780162199999999;ANA TERESA JIMENEZ VAZQUEZ;40.67478800000001, -4.780162199999999
RESIDENCIA EL PINAR DE LA HIGUERILLA;2024-04-18;CALLE PRADO LARGO S/N;05;05132;AVILA;HIGUERA (LA);05491;TIÉTAR - ARENAS DE SAN PEDRO;920 372719;;050285;EL PINAR DE LA HIGUERILLA ISA, S.L.;;SOCIEDADES;direccion@grupoelpinar.com;;PERSONAS MAYORES;Residencia;Para asistidos;ASISTIDOS: 91;;;CONCEPCIÓN GONZÁLEZ MALVAR;
"RESIDENCIA  ""AIRES DE GREDOS""";2023-03-03;CAMINO PARRILLA (DE LA) 47;05;05163;AVILA;NAVALUENGA;05100;ALBERCHE - CEBREROS;920 298511;920 298613;050422;AIRES DE GREDOS, S.L.;;SOCIEDADES;airesdegredos@telefonica.net;;PERSONAS MAYORES;Residencia;Para asistidos;ASISTIDOS: 58;40.4163239;-4.7087127;JUAN ANTONIO GONZALEZ GONZALEZ;40.4163239, -4.7087127
"RESIDENCIA DE PERSONAS MAYORES ""PROYECTO ESPERANZA""";2026-03-19;AVENIDA VENTA (DE LA) 5;05;05176;AVILA;PADIERNOS;05520;ÁVILA RURAL;920 265300;;050101;PROYECTO ESPERANZA S.L;;SOCIEDADES;residenciaproyectoesperanza@hotmail.com;;PERSONAS MAYORES;Residencia;Mixta para válidos y asistidos;VÁLIDOS: 16, ASISTIDOS: 15;;;;
RESIDENCIA PARA MAYORES EL PINAR DE PEDRO BERNARDO;2022-09-27;PARAJE CAMINO DE LOS NARANJOS S/N;05;05182;AVILA;PEDRO BERNARDO;05470;TIÉTAR - LA ADRADA;920 389052;;050488;EL PINAR DE PEDRO BERNARDO SL;;SOCIEDADES;pb@grupoelpinar.com;;PERSONAS MAYORES;Residencia;Para asistidos;ASISTIDOS: 76;40.2428691;-4.9147649;BORJA HERNÁNDEZ GONZÁLEZ;40.2428691, -4.9147649
RESIDENCIA EL  BALCON DEL TIETAR;2022-07-14;CARRETERA BUENAVENTURA-SERRANILLOS S/N;05;05182;AVILA;PEDRO BERNARDO;05470;TIÉTAR - ARENAS DE SAN PEDRO;920 387519;;050578;CENTRO RESIDENCIAL BALCON TIETAR S.L.;;SOCIEDADES;balcondeltietar@gmail.com;;PERSONAS MAYORES;Residencia;Para asistidos;ASISTIDOS: 40;40.2426072;-4.9097818;VICTOR JIMENEZ GONZALEZ;40.2426072, -4.9097818
UNIDAD ESTANCIAS DIURNAS BALCON DEL TIETAR;2026-03-18;CARRETERA BUENAVENTURA-SERRANILLOS S/N;05;05182;AVILA;PEDRO BERNARDO;05470;TIÉTAR - ARENAS DE SAN PEDRO;608 617007;608 608617007;050579;CENTRO RESIDENCIAL BALCON TIETAR S.L.;;SOCIEDADES;;;PERSONAS MAYORES;Centro de día;Estancias diurnas;ASISTIDOS: 10;40.2183871;-4.8878628;AZUCENA JIMENEZ GONZALEZ;40.2183871, -4.8878628
ESTANCIAS DIURNAS ESTANQUE DORADO;2025-02-13;CALLE VIRGEN DE LA VEGA S/N;05;05186;AVILA;PIEDRAHITA;05500;VALLE DE CORNEJA - PIEDRAHÍTA;91 3882299;;050170;SERGESA PIEDRAHITA, S.A.;;SOCIEDADES;;;PERSONAS MAYORES;Centro de día;Estancias diurnas;ASISTIDOS: 20;40.4651843;-5.3247057;ROSA MARIA GONZALEZ JIMENEZ;40.4651843, -5.3247057
RESIDENCIA EL BOSQUE DE GREDOS;2025-07-09;AVENIDA CASTILLA Y LEON 86;05;05187;AVILA;PIEDRALAVES;05440;TIÉTAR - LA ADRADA;918 666041;;050463;EL BOSQUE DE GREDOS, S.L.;;SOCIEDADES;elbosquedegredos@hotmail.com;;PERSONAS MAYORES;Residencia;Para asistidos;ASISTIDOS: 66;40.317129563301854;-4.6961791211816095;LUIS JONAS VEGAS VELASCO;40.317129563301854, -4.6961791211816095
CENTRO DE DIA NUESTRA SEÑORA DEL AMOR HERMOSO;2020-10-14;CALLE ALEJANDRO RABADAN 1;05;05204;AVILA;SANCHIDRIAN;05290;MORAÑA - ARÉVALO;920 318117;;050393;AYUNTAMIENTO DE SANCHIDRIÁN;;ADMINISTRACIÓN LOCAL;;;PERSONAS MAYORES;Centro de día;Hogar (Unidad de atención social);;40.8918002;-4.5830737;FERNANDO ESTEBAN SEVILLANO;40.8918002, -4.5830737
CENTRO DE DIA UNIDAD DE ATENCIÓN SOCIAL;2023-03-03;CALLE DALI 18;05;05211;AVILA;SAN JUAN DE LA NAVA;05111;ALBERCHE - CEBREROS;662 313440;;050797;AYUNTAMIENTO DE SAN JUAN DE LA NAVA;;ADMINISTRACIÓN LOCAL;;;PERSONAS MAYORES;Centro de día;Hogar (Unidad de atención social);;40.4785121;-4.6818548;CARLOS DÍAZ HERNÁNDEZ;40.4785121, -4.6818548
"HOGAR ""EL AMOR""";2022-11-07;CALLE IGLESIA Nº 2;05;05218;AVILA;SAN MIGUEL DE SERREZUELA;05150;VALLE DE CORNEJA - PIEDRAHÍTA;920 365305;;050529;"FRATERNIDAD FRANCISCANA DE LA CRUZ ""FFC""";;ASOCIACIÓN;antonioluis34@hotmail.com;;PERSONAS MAYORES;Residencia;Para asistidos;ASISTIDOS: 11;40.670357;-5.2886901;ANTONIO LUIS NICOLAS MARIN;40.670357, -5.2886901
"CENTRO DE DIA DE MAYORES ""ALCALDE GREGORIO GARCIA ANTONIO""";2025-11-18;POLIGONO PRADO CERRO MADRIGAL Nº 9 PARCELA 405;05;05235;AVILA;SINLABAJOS;05215;MORAÑA - ARÉVALO;920 306195;;050591;FUNDACIÓN GERÓN;;FUNDACIÓN;csalinas@geron.es;;PERSONAS MAYORES;Centro de día;Estancias diurnas;ASISTIDOS: 10;;;ELOISA RUIZ PEREDA;
VIVIENDA SUPERVISADA SOTILLO;2025-10-10;CALLE SANCHO DAVILA 2 1ºB;05;05240;AVILA;SOTILLO DE LA ADRADA;05420;TIÉTAR - LA ADRADA;920 352732;920 608731173;051012;FAEMA SALUD MENTAL ÁVILA;;ASOCIACIÓN;direccionviviendas@asociacionfaema.org;;PERSONAS CON DISCAPACIDAD;Vivienda;Personas con discapacidad por enfermedad mental;DISCAPACIDAD ENFERMEDAD MENTAL: 3;40.29140840000001;-4.5865649;JESUS MARTIN MARTIN;40.29140840000001, -4.5865649
RESIDENCIA DE PERSONAS MAYORES REAL DE SOTILLO;2019-10-17;CARRETERA CASILLAS 17;05;05240;AVILA;SOTILLO DE LA ADRADA;05420;TIÉTAR - LA ADRADA;91 8661000;91 8661001;050136;REAL DE SOTILLO PARA MAYORES,S.A.;;SOCIEDADES;resireal@telefonica.net;;PERSONAS MAYORES;Residencia;Mixta para válidos y asistidos;VÁLIDOS: 1, ASISTIDOS: 49;40.2939323;-4.5803607;Mª ANGELES SUAREZ GARCIA;40.2939323, -4.5803607
CENTRO DE DIA DE PERSONAS MAYORES;2022-07-01;CALLE DOCTOR DIAZ PALACIOS S/N;05;05240;AVILA;SOTILLO DE LA ADRADA;05420;TIÉTAR - LA ADRADA;91 8660002;91 8660236;050287;AYUNTAMIENTO DE SOTILLO DE LA ADRADA;;ADMINISTRACIÓN LOCAL;;;PERSONAS MAYORES;Centro de día;Hogar (Unidad de atención social);;40.2925128;-4.5808121;AMALIA GARCIA GARCIA;40.2925128, -4.5808121
CLUB DE PERSONAS MAYORES EL TOROZO;2020-10-14;CALLE BARRERAS 4;05;05262;AVILA;VILLAREJO DEL VALLE;05413;TIÉTAR - ARENAS DE SAN PEDRO;920 386687;;050202;ASOCIACIÓN DE TERCERA EDAD EL TOROZO;;ASOCIACIÓN;;;PERSONAS MAYORES;Centro de día;Hogar (Unidad de atención social);;40.2875321;-4.9967803;;40.2875321, -4.9967803
CENTRO DE ESTANCIAS DIURNAS SAN JOSÉ;2025-03-05;CALLE SAN JUAN 41;05;05903;AVILA;DIEGO ALVARO;05151;VALLE DE CORNEJA - PIEDRAHÍTA;672 940594;;050971;"FRATERNIDAD FRANCISCANA DE LA CRUZ ""FFC""";;ASOCIACIÓN;estanciasdiurnassanjose@gmail.com;;PERSONAS MAYORES;Centro de día;Estancias diurnas;DEPENDIENTES: 16;;;JORGE LORENZO HENRIQUEZ;
UNIDAD DE ESTANCIAS DIURNAS DEL CENTRO DE DÍA DE ARANDA DE DUERO;2026-03-03;PLAZA ARCO PAJARITO S/N;09;09018;BURGOS;ARANDA DE DUERO;09400;ARANDA DE DUERO - CENTRO;947 501185;;090588;GERENCIA DE SERVICIOS SOCIALES DE CASTILLA Y LEÓN;VITALIA HOME S.L.U.;ADMINISTRACIÓN AUTONÓMICA;;;PERSONAS MAYORES;Centro de día;Estancias diurnas;DEPENDIENTES: 15;;;YOLANDA ROJO BAÑOS;
RESIDENCIA DE PERSONAS MAYORES DE ARANDA DE DUERO (VIRGEN DE LAS VIÑAS);2025-06-23;AVENIDA ORFEON ARANDINO 10;09;09018;BURGOS;ARANDA DE DUERO;09400;ARANDA DE DUERO - ALLENDEDUERO;947 546030;;090704;GERENCIA DE SERVICIOS SOCIALES DE CASTILLA Y LEÓN;VITALIA HOME S.L.U.;ADMINISTRACIÓN AUTONÓMICA;notificaciones@araliaservicios.es;;PERSONAS MAYORES;Residencia;Para asistidos;ASISTIDOS: 96;41.6692769226784;-3.6789777087738518;NOEMÍ MARTÍNEZ RODRÍGUEZ;41.6692769226784, -3.6789777087738518
UNIDAD DE ESTANCIAS DIURNAS DE LA RESIDENCIA DE ARANDA DE DUERO (VIRGEN DE LAS VIÑAS);2025-06-23;AVENIDA ORFEON ARANDINO 10;09;09018;BURGOS;ARANDA DE DUERO;09400;ARANDA DE DUERO - ALLENDEDUERO;902 370007;;090705;GERENCIA DE SERVICIOS SOCIALES DE CASTILLA Y LEÓN;VITALIA HOME S.L.U.;ADMINISTRACIÓN AUTONÓMICA;notificaciones@araliaservicios.es;;PERSONAS MAYORES;Centro de día;Estancias diurnas;ASISTIDOS: 48;41.6692769226784;-3.6789777087738518;NOEMÍ MARTÍNEZ RODRÍGUEZ;41.6692769226784, -3.6789777087738518
CLUB DE JUBILADOS STA. CATALINA;2020-10-14;AVENIDA BURGOS 22- 12º B;09;09018;BURGOS;ARANDA DE DUERO;09400;ARANDA DE DUERO - CENTRO;947 503152;;090017;ASOCIACIÓN DE JUBILADOS Y PENSIONISTAS SANTA CATALINA;;ASOCIACIÓN;;;PERSONAS MAYORES;Centro de día;Hogar (Unidad de atención social);;41.669165;-3.6791813;;41.669165, -3.6791813
RESIDENCIA VIRGEN DE LAS VIÑAS;2026-03-14;CALLE SAN FRANCISCO  Nº 69;09;09018;BURGOS;ARANDA DE DUERO;09400;ARANDA DE DUERO - CENTRO;947 505550;;090131;ASOCIACIÓN  PARA AYUDA DE PERSONAS CON DISCAPACIDAD INTELECTUAL (ASADEMA);;ASOCIACIÓN;;;PERSONAS CON DISCAPACIDAD;Residencia;Personas con discapacidad por trastorno del desarrollo intelectual;OTROS: 54;41.6788351;-3.6852689;ROSA MARÍA FIGUERO COB;41.6788351, -3.6852689
VIVIENDA TUTELADA SALVADOR DALI;2024-05-15;CALLE SALVADOR DALI 3 1º A;09;09018;BURGOS;ARANDA DE DUERO;09400;ARANDA DE DUERO - ALLENDEDUERO;947 509233;947 509233;090150;ASOCIACIÓN  PARA AYUDA DE PERSONAS CON DISCAPACIDAD INTELECTUAL (ASADEMA);;ASOCIACIÓN;;;PERSONAS CON DISCAPACIDAD;Vivienda;Personas con discapacidad por trastorno del desarrollo intelectual leve o moderado;OTROS: 6;;;ALEJANDRA LÓPEZ MARTÍN;
VIVIENDA MENCÍA GONZÁLEZ B;2024-04-15;CALLE MENCIA GONZALEZ 3 1º B;09;09018;BURGOS;ARANDA DE DUERO;09400;ARANDA DE DUERO - ALLENDEDUERO;947 509234;947 509233;091235;ASOCIACIÓN  PARA AYUDA DE PERSONAS CON DISCAPACIDAD INTELECTUAL (ASADEMA);;ASOCIACIÓN;info@asadema.org;;PERSONAS CON DISCAPACIDAD;Vivienda;Personas con discapacidad por trastorno del desarrollo intelectual leve o moderado;OTROS: 4;;;ROSA MARIA FIGUERO COB;
CENTRO DE DIA RÍO DUERO;2026-03-14;AVENIDA ORFEON ARANDINO S/N  ESQUINA C/ GOYA, S/N;09;09018;BURGOS;ARANDA DE DUERO;09400;ARANDA DE DUERO - ALLENDEDUERO;947 509234;947 509233;090726;ASOCIACIÓN  PARA AYUDA DE PERSONAS CON DISCAPACIDAD INTELECTUAL (ASADEMA);;ASOCIACIÓN;asadema@terra.es;;PERSONAS CON DISCAPACIDAD;Centro de día;Personas con discapacidad por trastorno del desarrollo intelectual;OTROS: 60;41.658846;-3.6871428;ALEJANDRA LOPEZ MARTIN;41.658846, -3.6871428
VIVIENDA EN ARANDA DE DUERO PARA PERSONAS CON AUTISMO;2023-05-22;CARRETERA ESTACION 11 1º B;09;09018;BURGOS;ARANDA DE DUERO;09400;ARANDA DE DUERO - ALLENDEDUERO;947 461243;;091340;ASOCIACIÓN DE PADRES DE PERSONAS CON AUTISMO;;ASOCIACIÓN;autismoburgos@autismoburgos.org;;PERSONAS CON DISCAPACIDAD;Vivienda;Personas con discapacidad por trastorno del espectro del autismo;OTROS: 2;41.6686618;-3.6903307;JAVIER HERRERO ARAUZO;41.6686618, -3.6903307
VIVIENDA SUPERVISADA MENTA;2024-05-15;AVENIDA CASTILLA 67 6º A;09;09018;BURGOS;ARANDA DE DUERO;09400;ARANDA DE DUERO - ALLENDEDUERO;947 546080;;091282;ASOCIACION SALUD MENTAL ARANDA;;ASOCIACIÓN;notificaciones@saludmentalaranda.org;;PERSONAS CON DISCAPACIDAD;Vivienda;Personas con discapacidad por enfermedad mental;OTROS: 4;41.6612943;-3.691094;EVA MARIA FERNANDEZ AYLAGAS;41.6612943, -3.691094
VIVIENDA SUPERVISADA LAVANDA;2025-12-14;CALLE SAN FRANCISCO;09;09018;BURGOS;ARANDA DE DUERO;09400;ARANDA DE DUERO - CENTRO;947 546080;;091570;ASOCIACION SALUD MENTAL ARANDA;;ASOCIACIÓN;notificaciones@saludmentalaranda.org;;PERSONAS CON DISCAPACIDAD;Vivienda;Personas con discapacidad por enfermedad mental;DISCAPACIDAD ENFERMEDAD MENTAL: 3;41.6784197;-3.6852063;EVA MARIA FERNANDEZ AYLAGAS;41.6784197, -3.6852063
VIVIENDA SUPERVISADA AMAPOLA;2025-12-14;CALLE SANTA ANA 7 BAJO A;09;09018;BURGOS;ARANDA DE DUERO;09400;ARANDA DE DUERO - CENTRO;947 546080;;090715;ASOCIACION SALUD MENTAL ARANDA;;ASOCIACIÓN;notificaciones@saludmentalaranda.org;;PERSONAS CON DISCAPACIDAD;Vivienda;Personas con discapacidad por enfermedad mental;OTROS: 4;41.67120000000001;-3.69014;EVA MARIA FERNANDEZ AYLAGAS;41.67120000000001, -3.69014
"RESIDENCIA DE PERSONAS MAYORES ""CIUDAD DE ARANDA""";2024-11-11;CARRETERA SINOVAS 0,600;09;09018;BURGOS;ARANDA DE DUERO;09400;ARANDA DE DUERO - CENTRO;947 514095;;090578;PROMOCIONES INMOBILIARIAS FUTURPALENCIA S.L.;;SOCIEDADES;;;PERSONAS MAYORES;Residencia;Para asistidos;ASISTIDOS: 69;41.6767486;-3.6845358;ESTHER PATRICIO AGUDO;41.6767486, -3.6845358
DRIADA MALVA;2017-06-02;CALLE  ABADIA DE FONCEA, 18;09;09026;BURGOS;ARLANZON;09199;BURGOS RURAL - NORTE;627 429104;;090784;DRIADA SALUD MENTAL, SL;;SOCIEDADES;;;PERSONAS CON DISCAPACIDAD;Vivienda;Personas con discapacidad por enfermedad mental;OTROS: 6;42.3227938;-3.4580391;ANA MARIA DE JUAN CAMARA;42.3227938, -3.4580391
RESIDENCIA DE PERSONAS MAYORES SAN LAZARO;2024-05-31;AVENIDA BURGOS , 38;09;09048;BURGOS;BELORADO;09250;BELORADO;947 580628;947 660727836;090095;FUNDACIÓN SAN LÁZARO;;FUNDACIÓN;belolazaro@hotmail.com;;PERSONAS MAYORES;Residencia;Mixta para válidos y asistidos;VÁLIDOS: 16, ASISTIDOS: 43;42.4178465;-3.1997112;MARÍA TERESA ALONSO BOLINAGA;42.4178465, -3.1997112
CENTRO OCUPACIONAL DE BRIVIESCA;2025-05-14;CALLE DUQUE DE FRIAS 9- BAJO;09;09056;BURGOS;BRIVIESCA;09240;BRIVIESCA - OÑA;947 592858;;090128;AYUNTAMIENTO DE BRIVIESCA;;ADMINISTRACIÓN LOCAL;besoju@gmail.com;;PERSONAS CON DISCAPACIDAD;Centro de día;Personas con discapacidad por trastorno del desarrollo intelectual;OTROS: 30;42.5499565;-3.3220945;BEATRIZ CONTRERAS MILLA;42.5499565, -3.3220945
RESIDENCIA DE PERSONAS MAYORES LA MILAGROSA;2025-12-12;AVENIDA PRINCIPE DE ASTURIAS 6;09;09056;BURGOS;BRIVIESCA;09240;BRIVIESCA - OÑA;947 590013;947 681389768;090291;FUNDACIÓN CASA ASILO DE POBRES O CASA DE BENEFICENCIA;;FUNDACIÓN;direccion@residencialamilagrosabriviesca.es;;PERSONAS MAYORES;Residencia;Para asistidos;ASISTIDOS: 92;42.5499218;-3.3211187;IRIS LOPEZ SANCHEZ;42.5499218, -3.3211187
CENTRO OCUPACIONAL PARA PERSONAS CON DISCAPACIDAD INTELECTUAL EL CID;2024-10-04;CARRETERA POZA 22, CENTRO OCUPACIONAL EL CID;09;09059;BURGOS;BURGOS;09007;BURGOS - GAMONAL I - LAS TORRES;947 484412;;090076;GERENCIA DE SERVICIOS SOCIALES DE CASTILLA Y LEÓN;;ADMINISTRACIÓN AUTONÓMICA;;;PERSONAS CON DISCAPACIDAD;Centro de día;Personas con discapacidad por trastorno del desarrollo intelectual;OTROS: 175;42.3562073;-3.6624847;JESUS HUERTOS DE LA FUENTE;42.3562073, -3.6624847
CENTRO DE DIA PARA PERSONAS MAYORES BURGOS I (ENRIQUE OCIO COSTALES);2024-10-04;CALLE CARMEN 4BAJO;09;09059;BURGOS;BURGOS;09001;BURGOS - SAN PEDRO Y SAN FELICES;947 205084;;090070;GERENCIA DE SERVICIOS SOCIALES DE CASTILLA Y LEÓN;;ADMINISTRACIÓN AUTONÓMICA;;;PERSONAS MAYORES;Centro de día;Hogar (Unidad de atención social);;;;FRANCISCO JAVIER MARTINEZ CUBILLO;
PISO TUTELADO PARA PERSONAS CON DISCAPACIDAD INTELECTUAL EL CID  2;2024-10-04;AVENIDA CASTILLA Y LEON 19- 2º C;09;09059;BURGOS;BURGOS;09006;BURGOS - RÍO VENA;947 217382;;090402;GERENCIA DE SERVICIOS SOCIALES DE CASTILLA Y LEÓN;;ADMINISTRACIÓN AUTONÓMICA;;;PERSONAS CON DISCAPACIDAD;Vivienda;Personas con discapacidad por trastorno del desarrollo intelectual leve o moderado;OTROS: 6;42.3520754;-3.6826941;JESÚS HUERTOS DE LA FUENTE;42.3520754, -3.6826941
CENTRO RESIDENCIAL DE ATENCIÓN PARA PERSONAS CON DISCAPACIDAD INTELECTUAL  EL CID;2024-10-04;CARRETERA POZA 22;09;09059;BURGOS;BURGOS;09007;BURGOS - GAMONAL I - LAS TORRES;947 484412;;090697;GERENCIA DE SERVICIOS SOCIALES DE CASTILLA Y LEÓN;;ADMINISTRACIÓN AUTONÓMICA;;;PERSONAS CON DISCAPACIDAD;Residencia;Personas con discapacidad por trastorno del desarrollo intelectual;OTROS: 59;42.3569478;-3.6624031;JESÚS HUERTOS DE LA FUENTE;42.3569478, -3.6624031
CENTRO DE DÍA PARA PERSONAS CON DISCAPACIDAD INTELECTUAL (FUENTES BLANCAS);2023-11-09;PARAJE FUENTES BLANCAS S/N;09;09059;BURGOS;BURGOS;09193;BURGOS - SAN JULIÁN;947 485900;;090589;GERENCIA DE SERVICIOS SOCIALES DE CASTILLA Y LEÓN;;ADMINISTRACIÓN AUTONÓMICA;;;PERSONAS CON DISCAPACIDAD;Centro de día;Personas con discapacidad por trastorno del desarrollo intelectual;OTROS: 138;;;ANTONIO SOLANA FERNANDEZ;
VIVIENDA CALLE SORBONA (VIVIENDA INTRAS III);2024-10-02;CALLE SORBONA 1;09;09059;BURGOS;BURGOS;09001;BURGOS - SAN PEDRO DE LA FUENTE;947 468157;947 608421306;091518;FUNDACION INTRAS;;FUNDACIÓN;resjd.burgos@intras.es;;PERSONAS CON DISCAPACIDAD;Vivienda;Personas con discapacidad por enfermedad mental;VÁLIDOS: 3;42.34267;-3.73035;CAROLINA ELENA ELENA;42.34267, -3.73035
DOCTORA FELISA FUNDACIÓN INTRAS I;2024-10-02;CALLE DOCTORA FELISA MARTINEZ RUIZ 6 2º D;09;09059;BURGOS;BURGOS;09001;BURGOS - SAN PEDRO Y SAN FELICES;;608421306;091515;FUNDACION INTRAS;;FUNDACIÓN;resjd.burgos@intras.es;;PERSONAS CON DISCAPACIDAD;Vivienda;Personas con discapacidad por enfermedad mental;OTROS: 3;;;CAROLINA ELENA ELENA;
VIVIENDA CENTRO RESIDENCIAL BURGOS;2024-10-02;CALLE ZAMORA 6 2º B;09;09059;BURGOS;BURGOS;09003;BURGOS - SAN PEDRO DE LA FUENTE;947 468157;947 608421306;091136;FUNDACION INTRAS;;FUNDACIÓN;resjd.burgos@intras.es;;PERSONAS CON DISCAPACIDAD;Vivienda;Personas con discapacidad por enfermedad mental;OTROS: 4;42.3423147;-3.7184021;CAROLINA ELENA ELENA;42.3423147, -3.7184021
VIVIENDA APOYADA PARA PERSONAS CON DISCAPACIDAD POR ENFERMEDAD MENTAL;2023-05-05;CALLE MODESTO CIRUELOS 4 2º C;09;09059;BURGOS;BURGOS;09001;BURGOS - SAN PEDRO DE LA FUENTE;947 223916;;090598;ASOCIACIÓN PROSALUD MENTAL DE BURGOS (PROSAME);;ASOCIACIÓN;;;PERSONAS CON DISCAPACIDAD;Vivienda;Personas con discapacidad por enfermedad mental;OTROS: 4;;;María Santamaría Pardo;
CENTRO OCUPACIONAL LAS TORRES;2022-03-09;CALLE SEVERO OCHOA, 51 BAJO;09;09059;BURGOS;BURGOS;09006;BURGOS - GAMONAL I - LAS TORRES;947 223916;;090739;ASOCIACIÓN PROSALUD MENTAL DE BURGOS (PROSAME);;ASOCIACIÓN;info@prosame.es;;PERSONAS CON DISCAPACIDAD;Centro de día;Personas con discapacidad por enfermedad mental;OTROS: 30;42.352948;-3.6768828;Mª Concepción Martín Antolín;42.352948, -3.6768828
VIVIENDA PARA PERSONAS CON DISCAPACIDAD POR ENFERMEDAD MENTAL EL CID;2023-05-12;AVENIDA DEL CID CAMPEADOR 114;09;09059;BURGOS;BURGOS;09006;BURGOS - CENTRO - VADILLOS;947 223916;;091513;ASOCIACIÓN PROSALUD MENTAL DE BURGOS (PROSAME);;ASOCIACIÓN;direccion@saludmentalburgos.org;;PERSONAS CON DISCAPACIDAD;Vivienda;Personas con discapacidad por enfermedad mental;OTROS: 4;42.3539191;-3.6920219;MARIA SANTAMARIA PARDO;42.3539191, -3.6920219
CENTRO DE DÍA PARA PERSONAS CON DISCAPACIDAD POR ENFERMEDAD MENTAL JUAN DE PADILLA;2023-10-19;CALLE JUAN DE PADILLA 14;09;09059;BURGOS;BURGOS;09006;BURGOS - RÍO VENA;947 223916;;091514;ASOCIACIÓN PROSALUD MENTAL DE BURGOS (PROSAME);;ASOCIACIÓN;direccion@saludmentalburgos.org;;PERSONAS CON DISCAPACIDAD;Centro de día;Personas con discapacidad por enfermedad mental;OTROS: 15;42.3523189;-3.6835312;MARIA CONCEPCION MARTIN ANTOLIN;42.3523189, -3.6835312
VIVIENDA SUPERVISADA ARLÉS II;2023-09-15;CALLE ARLES 2 5º A;09;09059;BURGOS;BURGOS;09001;BURGOS - SAN PEDRO Y SAN FELICES;947 223916;;091161;ASOCIACIÓN PROSALUD MENTAL DE BURGOS (PROSAME);;ASOCIACIÓN;;;PERSONAS CON DISCAPACIDAD;Vivienda;Personas con discapacidad por enfermedad mental;OTROS: 3;42.3396464;-3.7316576;María Santamaría Pardo;42.3396464, -3.7316576
VIVIENDA SUPERVISADA PARA PERSONAS CON DISCAPACIDAD POR ENFERMEDAD MENTAL;2023-01-25;CALLE ARLES 2 5º B;09;09059;BURGOS;BURGOS;09001;BURGOS - SAN PEDRO Y SAN FELICES;947 223916;;091114;ASOCIACIÓN PROSALUD MENTAL DE BURGOS (PROSAME);;ASOCIACIÓN;direccion@prosame.es;;PERSONAS CON DISCAPACIDAD;Vivienda;Personas con discapacidad por enfermedad mental;OTROS: 3;;;María Santamaría Pardo;
CENTRO OCUPACIONAL VELA ZANETTI;2022-03-09;CALLE VELA ZANETTI 3;09;09059;BURGOS;BURGOS;09007;BURGOS - GAMONAL I - LAS TORRES;947 401448;947 223916;090643;ASOCIACIÓN PROSALUD MENTAL DE BURGOS (PROSAME);;ASOCIACIÓN;info@prosame.es;;PERSONAS CON DISCAPACIDAD;Centro de día;Personas con discapacidad por enfermedad mental;OTROS: 30;42.364504;-3.6571655;Mª Concepción Martín Antolín;42.364504, -3.6571655
CENTRO OCUPACIONAL PRELABORAL ESTELA;2025-02-13;PASEO PISONES 49;09;09059;BURGOS;BURGOS;09001;BURGOS - CENTRO - VADILLOS;947 209402;;090747;ASOCIACIÓN PROVINCIAL SÍNDROME DE DOWN DE BURGOS;;ASOCIACIÓN;sdowburgos@hotmail.com;;PERSONAS CON DISCAPACIDAD;Centro de día;Personas con discapacidad por trastorno del desarrollo intelectual;DISCAPACIDAD INTELECTUAL: 50;42.3311065;-3.6982584;LORENA MARTIN DE LA FUENTE;42.3311065, -3.6982584
LA CASA DEL CEREZO;2023-06-15;AVENIDA COSTA RICA 56;09;09059;BURGOS;BURGOS;09001;BURGOS - SAN PEDRO DE LA FUENTE;947 200756;;090050;ASOCIACIÓN DE PADRES DE PERSONAS CON AUTISMO;;ASOCIACIÓN;;;PERSONAS CON DISCAPACIDAD;Residencia;Personas con discapacidad por trastorno del espectro del autismo;OTROS: 17;42.348929;-3.733214899999999;MARIA JESÚS RUBIO HORTA;42.348929, -3.733214899999999
"VIVIENDA PARA PERSONAS CON AUTISMO ""EL OLIVO II""";2023-11-15;CALLE NAJERA 1-3;09;09059;BURGOS;BURGOS;09001;BURGOS - SAN PEDRO Y SAN FELICES;947 461243;947 461245;090692;ASOCIACIÓN DE PADRES DE PERSONAS CON AUTISMO;;ASOCIACIÓN;;;PERSONAS CON DISCAPACIDAD;Vivienda;Personas con discapacidad por trastorno del espectro del autismo;OTROS: 6;42.34189;-3.73455;PATRICIA NAVAZO GOMEZ;42.34189, -3.73455
PISO TUTELADO SAN JUAN DE LAGOS;2023-06-15;CALLE SAN JUAN 10- 2º A Y B;09;09059;BURGOS;BURGOS;09006;BURGOS - RÍO VENA;947 239011;947 484303;090120;ASOCIACIÓN PADRES Y TUTORES DEL CENTRO OCUPACIONAL EL CID DE BURGOS (APACID);;ASOCIACIÓN;apacid@apacid.com;;PERSONAS CON DISCAPACIDAD;Vivienda;Personas con disc. física, sensorial, por trastorno del desarrollo intelectual y/o por enfer. mental;OTROS: 8;;;MARIA CARMEN CARO RODRIGO;
CENTRO DE DIA  AFABUR;2024-02-26;CALLE LOUDUM 10- BAJO;09;09059;BURGOS;BURGOS;09006;BURGOS - RÍO VENA;947 239809;947 608974885;090138;ASOCIACIÓN DE FAMILIARES DE ENFERMOS DE ALZHEIMER (AFABUR);;ASOCIACIÓN;alzheimerburgos@alzheimerburgos.com;;PERSONAS MAYORES;Centro de día;Estancias diurnas para enfermos de Alzheimer;ASISTIDOS: 50;42.3567788;-3.681062799999999;RAQUEL MORENO FUENTES;42.3567788, -3.681062799999999
RESIDENCIA CALZADAS;2025-03-14;PLAZA BILBAO Nº 5;09;09059;BURGOS;BURGOS;09006;BURGOS - RÍO VENA;947 227862;;091321;ASOCIACIÓN DE FAMILIARES DE PERSONAS CON DISCAPACIDAD INTELECTUAL - LAS CALZADAS;;ASOCIACIÓN;silvia.arlanzon@asociacionlascalzadas.org;;PERSONAS CON DISCAPACIDAD;Residencia;Personas con discapacidad por trastorno del desarrollo intelectual;OTROS: 11;42.34632080000001;-3.686638;SILVIA ARLANZON MERINO;42.34632080000001, -3.686638
RESIDENCIA LAZARILLO DE TORMES;2025-11-13;CALLE LAZARILLO DE TORMES S/Nº;09;09059;BURGOS;BURGOS;09006;BURGOS - GAMONAL I - LAS TORRES;947 414768;;090989;FUNDACIÓN PEPE IGLESIAS;DOMICILIA ALIADOS POR LA INTEGRACIÓN, S.L.;FUNDACIÓN;direccion@asebutra.es;;PERSONAS MAYORES;Residencia;Para asistidos;ASISTIDOS: 65;;;ANDREA GARCIA GUERRERO (por sustitución de SARA SAN JOSÉ);
CENTRO DE DIA DE PERSONAS MAYORES VIRGEN DE LA PEÑA;2023-10-26;PLAZA PLAZUELA S/N;42;42165;SORIA;SAN PEDRO MANRIQUE;42174;TIERRAS ALTAS DE SORIA;975 381172;;420071;ASOCIACION DE JUBILADOS Y PENSIONISTAS VIRGEN DE LA PEÑA;;ASOCIACIÓN;fjypsoria@gmail.com;;PERSONAS MAYORES;Centro de día;Hogar (Unidad de atención social);;;;ELENA SUBIRÁN MANRIQUE;
CLUB PERSONAS MAYORES DE STA. MARIA DE LAS HOYAS;2021-09-30;CALLE REAL;42;42168;SORIA;SANTA MARIA DE LAS HOYAS;42141;PINARES SUR;975 372301;;420044;ASOCIACION DE TERCERA EDAD DE SANTA MARIA DE LAS HOYAS;;ASOCIACIÓN;;;PERSONAS MAYORES;Centro de día;Hogar (Unidad de atención social);;41.7708714;-3.1430168;ROSALIA SEBASTIAN;41.7708714, -3.1430168
UNIDAD DE ESTANCIAS DIURNAS LOS SAUCES - LEONOR;2024-03-19;CAMINO ROYALES (LOS) 2;42;42173;SORIA;SORIA;42128;SORIA - ZONA 2 - OESTE;975 231033;;420145;GERENCIA DE SERVICIOS SOCIALES DE CASTILLA Y LEÓN;SANIVIDA, S.L;ADMINISTRACIÓN AUTONÓMICA;maria.pol@jcyl.es;;PERSONAS MAYORES;Centro de día;Estancias diurnas;ASISTIDOS: 67;;;MARIA JOSE POL RODRIGUEZ;
CENTRO DE DIA PARA PERSONAS MAYORES SORIA I;2022-03-10;PASEO ESPOLON (EL) 2;42;42173;SORIA;SORIA;42001;SORIA - ZONA 2 - OESTE;975 222861;;420061;GERENCIA DE SERVICIOS SOCIALES DE CASTILLA Y LEÓN;;ADMINISTRACIÓN AUTONÓMICA;mjosefa.onsurbe@jcyl.es;;PERSONAS MAYORES;Centro de día;Hogar (Unidad de atención social);;41.7642685;-2.469379;Mª JOSEFA ONSURBE RAMIREZ;41.7642685, -2.469379
HOGAR CALASANZ;2024-10-03;CALLE SAN MARTIN DE FINOJOSA 28;42;42173;SORIA;SORIA;42003;SORIA - ZONA 1 - ESTE;975 221162;975 608306917;420327;FUNDACIÓN ITAKA ESCOLAPIOS;;FUNDACIÓN;hogarcalasanzsoria@itakaescolapios.org;www.itakaescolapios.org;INFANCIA (Y JUVENTUD);Vivienda;Vivienda hogar;OTROS: 9;41.7581078;-2.4678055;JUAN FRANCISCO MORAGA DELGADO;41.7581078, -2.4678055
HOGAR SORIALIZACION;2023-09-27;CARRETERA MADRID 53;42;42173;SORIA;SORIA;42005;SORIA - ZONA 1 - ESTE;618 087272;;420437;FUNDACIÓN SALUD Y COMUNIDAD;;FUNDACIÓN;lmtorres@lagunduz.com;;INFANCIA (Y JUVENTUD);Vivienda;Hogar de socialización;OTROS: 8;41.7531721;-2.4792333;OCTAVIO ROSEL MELENDO;41.7531721, -2.4792333
"RESIDENCIA DE PERSONAS MAYORES ""FUENTE DEL REY""";2022-02-07;CAMINO FUENTE DEL REY (LA) S/N;42;42173;SORIA;SORIA;42004;SORIA - ZONA 2 - OESTE;975 223211;975 225895;420106;LATORRE MARTINEZ NAGIMENSE S.L.;;SOCIEDADES;fuentedelrey@residenciasparamayores.com;www.residenciasparamayores.com;PERSONAS MAYORES;Residencia;Para asistidos;ASISTIDOS: 130;41.7635982;-2.4649206;EUGENIO LATORRE MARTINEZ;41.7635982, -2.4649206
CLUB DE PERSONAS MAYORES;2020-10-14;CALLE SAN MIGUEL S/N;42;42178;SORIA;TALVEILA;42148;PINARES SUR;975 375429;;420040;ASOCIACION DE TERCERA EDAD DE TALVEILA;;ASOCIACIÓN;;;PERSONAS MAYORES;Centro de día;Hogar (Unidad de atención social);;41.7832624;-2.9671274;MARÍA CLEOFÉ BERZOSA CABREJAS;41.7832624, -2.9671274
RESIDENCIA DE PERSONAS MAYORES NUESTRA SEÑORA DEL ROSARIO;2025-02-10;CALLE IGLESIA (LA) 10;42;42181;SORIA;TARDELCUENDE;42294;SORIA RURAL;975 308331;975 639752758;420059;AYUNTAMIENTO DE TARDELCUENDE;MIMARA ASTURIAS RESIDENCIAL, S.L.U.;ADMINISTRACIÓN LOCAL;notificaciones@grupomimara.com;;PERSONAS MAYORES;Residencia;Para asistidos;ASISTIDOS: 32;;;ALEJANDRA BIBIAN MARTINEZ;
CLUB DE PERSONAS MAYORES REGAJO;2023-10-27;CALLE REINA SOFIA 38;42;42215;SORIA;VINUESA;42150;PINARES NORTE;659 431576;;420047;ASOCIACION DE LA TERCERA EDAD REGAJO;;ASOCIACIÓN;fjypsoria@gmail.com;;PERSONAS MAYORES;Centro de día;Hogar (Unidad de atención social);;41.9084519;-2.7637276;LAURA ANTOLIN GONZÁLEZ;41.9084519, -2.7637276
VIVIENDA INTRAS VALLADOLID XXXIV;2023-10-30;CALLE CLAVEL Nº 7 A 2º G;47;47010;VALLADOLID;ARROYO DE LA ENCOMIENDA;47195;VALLADOLID - PAJARILLOS ALTOS;983 399633;;471567;FUNDACION INTRAS;;FUNDACIÓN;gmv@intras.es;;PERSONAS CON DISCAPACIDAD;Vivienda;Personas con discapacidad por enfermedad mental;OTROS: 1;;;GUSTAVO MARTÍN VILLAREJO;
VIVIENDA HOGAR LOS PINOS;2023-07-17;CALLE ALMENDRO Nº 1;47;47023;VALLADOLID;BOECILLO;47151;CERCANÍAS 1;983 220463;;470990;ASOCIACIÓN MENSAJEROS DE LA PAZ CASTILLA Y LEÓN;;ASOCIACIÓN;;;INFANCIA (Y JUVENTUD);Vivienda;Vivienda hogar;OTROS: 7;41.5444631;-4.704715999999999;SUSANA RODRIGUEZ LOPEZ;41.5444631, -4.704715999999999
RESIDENCIA PERSONAS MAYORES PILAR;2022-01-18;CALLE BODEGAS 65-67-69;47;47023;VALLADOLID;BOECILLO;47151;CERCANÍAS 2;983 552310;;470440;RESIDENCIA TERCERA EDAD PILAR S.L.;;SOCIEDADES;residenciapilar@gmail.com;;PERSONAS MAYORES;Residencia;Para asistidos;ASISTIDOS: 37;41.5435083;-4.7039367;M. ROSA RODRIGUEZ GONZALEZ;41.5435083, -4.7039367
RESIDENCIA SAN ANTONIO;2021-12-13;CALLE HENAR 9;47;47054;VALLADOLID;COGECES DEL MONTE;47313;PINODUERO;983 485147;;471309;AYUNTAMIENTO DE COGECES DEL MONTE;DOMUS AUREA SERVICIOS PARA EL HOGAR, S. L.;ADMINISTRACIÓN LOCAL;direccion.cogeces@asfa21valladolid;www.asfa21valladolid.com;PERSONAS MAYORES;Residencia;Para asistidos;ASISTIDOS: 24;41.5089394;-4.3179437;EVA LASO SAEZ;41.5089394, -4.3179437
CENTRO OCUPACIONAL;2025-03-25;CALLE LA PILARICA 3;47;47075;VALLADOLID;ISCAR;47420;ÍSCAR;983 620650;;471187;AYUNTAMIENTO DE ISCAR;;ADMINISTRACIÓN LOCAL;;;PERSONAS CON DISCAPACIDAD;Centro de día;Personas con discapacidad por trastorno del desarrollo intelectual;OTROS: 18;;;ALEJANDRO GARCIA SANZ;
UNIDAD DE ESTANCIAS DIURNAS DEL CENTRO DE DÍA DE LAGUNA DE DUERO;2023-11-02;CALLE CAÑADA ARBOLEDA , 3;47;47076;VALLADOLID;LAGUNA DE DUERO;47140;LAGUNA DE DUERO;983 546271;;470579;GERENCIA DE SERVICIOS SOCIALES DE CASTILLA Y LEÓN;SANIVIDA, S.L;ADMINISTRACIÓN AUTONÓMICA;;;PERSONAS MAYORES;Centro de día;Estancias diurnas;ASISTIDOS: 15;41.5804041;-4.7187861;CARMEN FRAILE PEREZ;41.5804041, -4.7187861
CENTRO DE DIA PERSONAS MAYORES DE LAGUNA DE DUERO;2022-11-07;CAÑADA DE LA ARBOLADA S/N;47;47076;VALLADOLID;LAGUNA DE DUERO;47140;LAGUNA DE DUERO;983 540612;;470312;GERENCIA DE SERVICIOS SOCIALES DE CASTILLA Y LEÓN;;ADMINISTRACIÓN AUTONÓMICA;;;PERSONAS MAYORES;Centro de día;Hogar (Unidad de atención social);;41.5754097;-4.709783;;41.5754097, -4.709783
VIVIENDA SAN JUAN DE DIOS 1;2021-10-13;CALLE MIGUEL DE CERVANTES 20;47;47076;VALLADOLID;LAGUNA DE DUERO;47140;LAGUNA DE DUERO;983 544282;;470279;CENTRO SAN JUAN DE DIOS;;INSTITUCIONES, ÓRDENES, CONGREGACIONES RELIGIOSAS Y SIMILARES;;;PERSONAS CON DISCAPACIDAD;Vivienda;Personas con discapacidad por trastorno del desarrollo intelectual leve o moderado;OTROS: 7;41.5778176;-4.7250762;RAÚL RUIZ LÓPEZ;41.5778176, -4.7250762
VIVIENDA COMUNITARIA III;2023-05-05;CALLE PORMA 5;47;47076;VALLADOLID;LAGUNA DE DUERO;47140;LAGUNA DE DUERO;983 540660;983 475395;470814;FUNDACIÓN PERSONAS;;FUNDACIÓN;teresa.lopez@fundacionpersonas.es;;PERSONAS CON DISCAPACIDAD;Vivienda;Personas con disc. física, sensorial, por trastorno del desarrollo intelectual y/o por enfer. mental;OTROS: 7;41.5868467;-4.7308743;MARIA TERESA LOPEZ ENCINAS;41.5868467, -4.7308743
"RESIDENCIA DE PERSONAS MAYORES ""HOSPITAL DE SAN LAZARO""";2023-03-10;PLAZA SANTA MARINA 3;47;47084;VALLADOLID;MAYORGA;47680;TIERRA DE CAMPOS - NORTE;983 751040;;470459;PATRONATO-HOSPITAL DE SAN LAZARO;;FUNDACIÓN;hslazaro.direccion@gmail.com;;PERSONAS MAYORES;Residencia;Mixta para válidos y asistidos;ASISTIDOS: 74, VÁLIDOS: 6;42.1643402;-5.2636182;ROSA ISABEL DEL CAMPO GARCÍA;42.1643402, -5.2636182
RESIDENCIA SANTO TORIBIO;2023-11-03;CALLE ONCE DE MARZO;47;47084;VALLADOLID;MAYORGA;47680;TIERRA DE CAMPOS - NORTE;983 752005;;470560;RESIDENCIA SANTO TORIBIO S.L.;;SOCIEDADES;pedrocaballeroriol@gmail.com;;PERSONAS MAYORES;Residencia;Para asistidos;ASISTIDOS: 48;;;PEDRO CABALLERO RIOL;
CENTRO DE DIA CON UNIDAD DE ESTANCIAS DIURNAS NUESTRA SEÑORA DE FATIMA;2020-10-14;CALLE MODESTO LAFUENTE 3- E;47;47084;VALLADOLID;MAYORGA;47680;TIERRA DE CAMPOS - NORTE;679 875457;;470972;MARIA ODETTE FERREIRA MARQUES;;PERSONA FÍSICA-EMPRESA INDIVIDUAL;residenciafatimamavorga@hotmail.com;;PERSONAS MAYORES;Centro de día;Estancias diurnas;ASISTIDOS: 15;42.1632989;-5.2662916;MARIA ODETTE FERREIRA MÁRQUES;42.1632989, -5.2662916
RESIDENCIA ATENCION DISCAPACITADOS PSIQUICOS PRIMITIVO MIELGO RODRIGUEZ;2023-05-05;CALLE FEDERICO HERNANDEZ ROGADO 22;47;47085;VALLADOLID;MEDINA DEL CAMPO;47400;MEDINA DEL CAMPO;983 810635;983 804963;470561;AYUNTAMIENTO DE MEDINA DEL CAMPO;FUNDACIÓN PERSONAS;ADMINISTRACIÓN LOCAL;elena.bayon@fundacionpersonas.es;;PERSONAS CON DISCAPACIDAD;Residencia;Personas con discapacidad por trastorno del desarrollo intelectual;OTROS: 20;41.3141864;-4.914936099999999;ELENA BAYÓN FERNÁNDEZ;41.3141864, -4.914936099999999
CENTRO DE DIA PERSONAS MAYORES DE MEDINA DEL CAMPO;2022-12-09;CALLE SAN MARTIN 20;47;47085;VALLADOLID;MEDINA DEL CAMPO;47400;MEDINA DEL CAMPO;983 410900;;470314;GERENCIA DE SERVICIOS SOCIALES DE CASTILLA Y LEÓN;;ADMINISTRACIÓN AUTONÓMICA;;;PERSONAS MAYORES;Centro de día;Hogar (Unidad de atención social);;41.3095338;-4.917593500000001;;41.3095338, -4.917593500000001
RESIDENCIA DE MEDINA II;2021-03-18;CARRETERA OLMEDO S/N;47;47085;VALLADOLID;MEDINA DEL CAMPO;47400;MEDINA DEL CAMPO;983 812165;;470587;RESIDENCIA DE MEDINA S.L.;;SOCIEDADES;residenciamedina@hotmail.es;;PERSONAS MAYORES;Residencia;Para asistidos;ASISTIDOS: 89;41.3126268;-4.9050647;JOSE MIGUEL JORGE MARTIN;41.3126268, -4.9050647
VIVIENDA TUTELADA MEDINA;2023-05-05;PLAZA SEGOVIA Nº 2 2º B;47;47085;VALLADOLID;MEDINA DEL CAMPO;47400;MEDINA DEL CAMPO;983 103932;;471585;FUNDACIÓN PERSONAS;;FUNDACIÓN;elena.bayon@fundacionpersonas.es;;PERSONAS CON DISCAPACIDAD;Vivienda;Personas con disc. física, sensorial, por trastorno del desarrollo intelectual y/o por enfer. mental;OTROS: 7;41.3065836;-4.915358599999999;ELENA BAYÓN FERNÁNDEZ;41.3065836, -4.915358599999999
"CENTRO DE DIA DEL CENTRO RESIDENCIAL MUNICIPAL PARA P.M. ""SAN RAMON Y SAN LUIS"" DE MOJADOS";2023-06-08;CALLE CARRETAS. 6 BAJO;47;47090;VALLADOLID;MOJADOS;47250;PORTILLO;983 427100;;471143;AYUNTAMIENTO DE MOJADOS;CK SENIOR GESTIÓN, S.L;ADMINISTRACIÓN LOCAL;ayto.mojados@dip-valladolid.es;;PERSONAS MAYORES;Centro de día;Estancias diurnas;ASISTIDOS: 24;41.4332066;-4.662477;RAQUEL GARCÍA LÓPEZ;41.4332066, -4.662477
SANIDAD EL FONTAN;2026-02-17;PLAZA ORIENTE 22;47;47101;VALLADOLID;NAVA DEL REY;47500;NAVA DEL REY;983 850159;;470462;APRENDE A VIVIR NAVA DEL REY, S.L.;;SOCIEDADES;residencianavadelrey@aprendeavivir.es;;PERSONAS MAYORES;Residencia;Para asistidos;ASISTIDOS: 115;41.33210277827932;-5.076844835507799;LARA ORTEGA ROBLES;41.33210277827932, -5.076844835507799
RESIDENCIA EL CABALLERO;2026-02-11;CAMINO ESTACION S/N;47;47104;VALLADOLID;OLMEDO;47410;OLMEDO;983 600481;983 600136;470652;GRUPO SERGESA, S.A.;;SOCIEDADES;s.olmedo@sergesa.com;;PERSONAS MAYORES;Residencia;Para asistidos;ASISTIDOS: 69;41.2779288;-4.6786528;SERGIO ALHAMBRA HERRERO;41.2779288, -4.6786528
HOGAR DE PERSONAS MAYORES DE OLMEDO;2020-10-14;AVENIDA DIEZ DE OCTUBRE S/N.;47;47104;VALLADOLID;OLMEDO;47410;OLMEDO;983 600006;983 600981;470548;AYUNTAMIENTO DE OLMEDO;;ADMINISTRACIÓN LOCAL;;;PERSONAS MAYORES;Centro de día;Hogar (Unidad de atención social);;41.2871159;-4.6848471;;41.2871159, -4.6848471
RESIDENCIA PARA LA PERSONAS MAYORES BETANIA;2024-02-12;CALLE CONSTITUCION 2;47;47112;VALLADOLID;PEDRAJAS DE SAN ESTEBAN;47430;ÍSCAR;983 605301;;470182;AYUNTAMIENTO DE PEDRAJAS DE SAN ESTEBAN;DOMUS AUREA SERVICIOS PARA EL HOGAR, S. L.;ADMINISTRACIÓN LOCAL;ALCALDIA@PEDRAJAS.ES;;PERSONAS MAYORES;Residencia;Para asistidos;ASISTIDOS: 30;41.3402204;-4.5840868;CRISTINA GARCIA GARCIA;41.3402204, -4.5840868
RESIDENCIA SANTISIMA TRINIDAD;2024-05-08;AVENIDA RESIDENCIA S/N.;47;47114;VALLADOLID;PEÑAFIEL;47300;PEÑAFIEL;983 880051;;470471;FUNDACIÓN HOSPITAL ASILO DE LA SANTISIMA TRINIDAD;;FUNDACIÓN;direccion@residenciatrinidad.com;;PERSONAS MAYORES;Residencia;Para asistidos;ASISTIDOS: 117;41.5895108;-4.1248972;LAURA RUIZ MARTÍN;41.5895108, -4.1248972
RESIDENCIA DE PERSONAS MAYORES SAN MILLAN;2023-03-10;CALLE VILLALAR, Nº 6;47;47129;VALLADOLID;QUINTANILLA DE ONESIMO;47350;PINODUERO;983 680572;;470178;FUNDACION SOCIAL SAN MILLAN;;FUNDACIÓN;;;PERSONAS MAYORES;Residencia;Para asistidos;ASISTIDOS: 44;41.6282493;-4.358658399999999;PABLO DE VEGA DIAZ;41.6282493, -4.358658399999999
VIVIENDA INTRAS VALLADOLID MIRAVETE;2025-06-14;CALLE MIRAVETE 17;47;47161;VALLADOLID;SIMANCAS;47130;CERCANÍAS 1;983 399633;;471900;FUNDACION INTRAS;;FUNDACIÓN;gmv@intras.es;;PERSONAS CON DISCAPACIDAD;Vivienda;Personas con discapacidad por enfermedad mental;DISCAPACIDAD ENFERMEDAD MENTAL: 1;41.5921429;-4.829655199999999;GUSTAVO MARTÍN VILLAREJO;41.5921429, -4.829655199999999
RESIDENCIA VILLA DEL TRATADO;2022-09-19;CALLE VISTA ALEGRE 36;47;47165;VALLADOLID;TORDESILLAS;47100;TORDESILLAS;983 796008;;470134;VILLA DEL TRATADO, S.L.;;SOCIEDADES;direccion@residenciavilladeltratado.com;;PERSONAS MAYORES;Residencia;Para asistidos;ASISTIDOS: 96;41.5044501;-5.0060728;CARLOS MIGUEL MARTÍN GARCÍA;41.5044501, -5.0060728
HOGAR SAN FRANCISCO;2023-10-23;CALLE RAMON Y CAJAL 13;47;47175;VALLADOLID;TUDELA DE DUERO;47320;PINODUERO;983 520976;;470340;FUNDACION HOGAR SAN FRANCISCO PARA ANCIANOS;;FUNDACIÓN;residencia_sanfrancisco@yahoo.es;;PERSONAS MAYORES;Residencia;Para asistidos;ASISTIDOS: 30;41.5855367;-4.5803775;Beatriz Aguilar Caballero;41.5855367, -4.5803775
"UNIDAD DE ESTANCIAS DIURNAS ""EL MIRADOR DEL DUERO""";2024-12-11;CARRETERA ALDEAMAYOR 4;47;47175;VALLADOLID;TUDELA DE DUERO;47320;PINODUERO;983 521850;;470676;GESTIÓN DE SISTEMAS PARA LA DEPENDENCIA, S.L.;;SOCIEDADES;direccion@elmiradordelduero.es;;PERSONAS MAYORES;Centro de día;Estancias diurnas;ASISTIDOS: 15;41.5783161;-4.5791795;CRISTINA PALOMO GARCÍA;41.5783161, -4.5791795
CENTRO RESIDENCIAL VALLADOLID;2021-01-12;AVENIDA SANTANDER KM. 5;47;47186;VALLADOLID;VALLADOLID;47011;VALLADOLID - BARRIO ESPAÑA - SAN PEDRO REGALADO;983 320142;;470521;REMUPE VALLADOLID S.L.;;SOCIEDADES;info@residenciaterceraedadvalladolid.es;;PERSONAS MAYORES;Residencia;Para asistidos;ASISTIDOS: 56;41.6631853;-4.7148091;BASILIO PERTEAGUDO SANZ;41.6631853, -4.7148091
VIVIENDA INTRAS VALLADOLID XXI;2023-10-30;CALLE IMPERIAL Nº 6 1º D;47;47186;VALLADOLID;VALLADOLID;47003;VALLADOLID - CENTRO;983 399633;;471505;FUNDACION INTRAS;;FUNDACIÓN;gmv@intras.es;;PERSONAS CON DISCAPACIDAD;Vivienda;Personas con discapacidad por enfermedad mental;OTROS: 3;41.6581871;-4.728194;GUSTAVO MARTÍN VILLAREJO;41.6581871, -4.728194
VIVIENDA INTRAS VALLADOLID CISNE 6;2024-04-02;CALLE CISNE 6 2 J;47;47186;VALLADOLID;VALLADOLID;47012;VALLADOLID - PAJARILLOS BAJOS;983 399633;;471916;FUNDACION INTRAS;;FUNDACIÓN;vrm@intras.es;;PERSONAS CON DISCAPACIDAD;Vivienda;Personas con discapacidad por enfermedad mental;DISCAPACIDAD ENFERMEDAD MENTAL: 3;41.65066640000001;-4.7084569;PABLO GOMEZ CONEJO;41.65066640000001, -4.7084569
VIVIENDA INTRAS VALLADOLID XXXIII;2025-04-14;CALLE CONDE DE ARTECHE Nº 21;47;47186;VALLADOLID;VALLADOLID;47010;VALLADOLID - BARRIO ESPAÑA - SAN PEDRO REGALADO;983 399633;;471566;FUNDACION INTRAS;;FUNDACIÓN;gmv@intras.es;;PERSONAS CON DISCAPACIDAD;Vivienda;Personas con discapacidad por enfermedad mental;OTROS: 3;41.66539520000001;-4.7157722;GUSTAVO MARTÍN VILLAREJO;41.66539520000001, -4.7157722
VIVIENDA INTRAS VALLADOLID XX;2023-10-30;CALLE CISNE Nº 7 4º F;47;47186;VALLADOLID;VALLADOLID;47012;VALLADOLID - PAJARILLOS BAJOS;983 399633;;471504;FUNDACION INTRAS;;FUNDACIÓN;gmv@intras.es;;PERSONAS CON DISCAPACIDAD;Vivienda;Personas con discapacidad por enfermedad mental;OTROS: 3;41.6503068;-4.7091223;GUSTAVO MARTÍN VILLAREJO;41.6503068, -4.7091223
VIVIENDA INTRAS VALLADOLID XLII;2025-06-14;CALLE DARSENA  Nº 7 2º C;47;47186;VALLADOLID;VALLADOLID;47009;VALLADOLID - LA VICTORIA;983 399633;;471610;FUNDACION INTRAS;;FUNDACIÓN;gmv@intras.es;;PERSONAS CON DISCAPACIDAD;Vivienda;Personas con discapacidad por enfermedad mental;OTROS: 3;41.6630984;-4.7345842;GUSTAVO MARTÍN VILLAREJO;41.6630984, -4.7345842
VIVIENDA INTRAS VALLADOLID BAILARIN VICENTE ESCUDERO 30;;CALLE BAILARIN VICENTE ESCUDERO 30 1ºD;47;47186;VALLADOLID;VALLADOLID;47005;VALLADOLID - VADILLOS;983 399633;;471909;FUNDACION INTRAS;;FUNDACIÓN;vrm@intras.es;;PERSONAS CON DISCAPACIDAD;Vivienda;Personas con discapacidad por enfermedad mental;DISCAPACIDAD ENFERMEDAD MENTAL: 1;41.64753899999999;-4.714557999999999;PABLO GOMEZ CONEJO;41.64753899999999, -4.714557999999999
VIVIENDA INTRAS VALLADOLID I;2025-04-14;CALLE SALUD 5 1º A;47;47186;VALLADOLID;VALLADOLID;47012;VALLADOLID - PAJARILLOS BAJOS;983 399633;;471210;FUNDACION INTRAS;;FUNDACIÓN;;;PERSONAS CON DISCAPACIDAD;Vivienda;Personas con discapacidad por enfermedad mental;OTROS: 4;41.6462273;-4.7144166;GUSTAVO MARTÍN VILLAREJO;41.6462273, -4.7144166
VIVIENDA INTRAS PALACIO VALDÉS 8;2025-06-14;CALLE PALACIO VALDES 8 BAJO C;47;47186;VALLADOLID;VALLADOLID;47005;VALLADOLID - VADILLOS;983 399633;;471964;FUNDACION INTRAS;;FUNDACIÓN;vrm@intras.es;;PERSONAS CON DISCAPACIDAD;Vivienda;Personas con discapacidad por enfermedad mental;DISCAPACIDAD ENFERMEDAD MENTAL: 2;41.6516896;-4.712302999999999;PABLO GOMEZ CONEJO;41.6516896, -4.712302999999999
VIVIENDA INTRAS VALLADOLID LOPE DE RUEDA;2025-04-14;CALLE LOPE DE RUEDA 8 5ºB;47;47186;VALLADOLID;VALLADOLID;47010;VALLADOLID - RONDILLA- SANTA CLARA;983 399633;;471862;FUNDACION INTRAS;;FUNDACIÓN;vrm@intras.es;;PERSONAS CON DISCAPACIDAD;Vivienda;Personas con discapacidad por enfermedad mental;DISCAPACIDAD ENFERMEDAD MENTAL: 3;41.6604476;-4.7215728;GUSTAVO MARTÍN VILLAREJO;41.6604476, -4.7215728
CENTRO DE DIA PARA PERSONAS CON DISCAPACIDAD POR EMGYP;2024-10-15;CALLE VEINTE METROS 13-15;47;47186;VALLADOLID;VALLADOLID;47005;VALLADOLID - VADILLOS;983 399633;;471058;FUNDACION INTRAS;;FUNDACIÓN;;;PERSONAS CON DISCAPACIDAD;Centro de día;Personas con discapacidad por enfermedad mental;DISCAPACIDAD ENFERMEDAD MENTAL: 20;41.6482345;-4.7160728;EVA GALÁN IZQUIERDO;41.6482345, -4.7160728
VIVIENDA INTRAS VALLADOLID PADRE MANJON 81 (IV);2023-10-30;CALLE PADRE MANJON 81 2ºI;47;47186;VALLADOLID;VALLADOLID;47013;VALLADOLID - DELICIAS - CANTERAC;983 399633;;471857;FUNDACION INTRAS;;FUNDACIÓN;vrm@intras.es;;PERSONAS CON DISCAPACIDAD;Vivienda;Personas con discapacidad por enfermedad mental;DISCAPACIDAD ENFERMEDAD MENTAL: 1;41.6379508;-4.7198916;GUSTAVO MARTÍN VILLAREJO;41.6379508, -4.7198916
VIVIENDA INTRAS VALLADOLID LVIII;2025-04-14;CALLE DEL HOSPITAL MILITAR Nº 23 B, 7º LL;47;47186;VALLADOLID;VALLADOLID;47007;VALLADOLID - CAMPO GRANDE;983 399633;;471628;FUNDACION INTRAS;;FUNDACIÓN;gmv@intras.es;;PERSONAS CON DISCAPACIDAD;Vivienda;Personas con discapacidad por enfermedad mental;OTROS: 2;;;GUSTAVO MARTÍN VILLAREJO;
VIVIENDA INTRAS JUAN DE AUSTRIA 1;2025-02-18;PASEO JUAN DE AUSTRIA 1 BJ DCHA;47;47186;VALLADOLID;VALLADOLID;47006;VALLADOLID - SUR - JUAN DE AUSTRIA;983 399633;983 648563639;471926;FUNDACION INTRAS;;FUNDACIÓN;vrm@intras.es;;PERSONAS CON DISCAPACIDAD;Vivienda;Personas con discapacidad por enfermedad mental;DISCAPACIDAD ENFERMEDAD MENTAL: 3;;;PABLO GOMEZ CONEJO;
VIVIENDA INTRAS VALLADOLID XLVII;2025-06-14;CALLE MARIANO DE LOS COBOS 81;47;47186;VALLADOLID;VALLADOLID;47014;VALLADOLID - PARQUESOL;983 399633;;471589;FUNDACION INTRAS;;FUNDACIÓN;gmv@intras.es;;PERSONAS CON DISCAPACIDAD;Vivienda;Personas con discapacidad por enfermedad mental;OTROS: 4;41.6367195;-4.750304499999999;GUSTAVO MARTÍN VILLAREJO;41.6367195, -4.750304499999999
VIVIENDA INTRAS VALLADOLID XI;2025-06-14;CALLE PERAL Nº 4 6º D;47;47186;VALLADOLID;VALLADOLID;47007;VALLADOLID - SUR - JUAN DE AUSTRIA;983 399633;;471447;FUNDACION INTRAS;;FUNDACIÓN;gmv@intras.es;;PERSONAS CON DISCAPACIDAD;Vivienda;Personas con discapacidad por enfermedad mental;OTROS: 3;41.6399544;-4.735295199999999;GUSTAVO MARTÍN VILLAREJO;41.6399544, -4.735295199999999
"R.A.S.A.M. ""NTRA. SRA. DEL PERPETUO SOCORRO""";2025-10-03;CALLE REINA LEONOR S/N;09;09059;BURGOS;BURGOS;09001;BURGOS - SAN PEDRO Y SAN FELICES;947 205975;947 695024279;090288;CLINICA MADRID, SA;;SOCIEDADES;residenciaburgos@clinicamadrid.es;;PERSONAS MAYORES;Residencia;Para asistidos;ASISTIDOS: 87;42.3375655;-3.7169732;JESUS ALONSO CABEZAS;42.3375655, -3.7169732
"CENTRO DE DIA ""PARQUE EUROPA""";2024-02-20;CALLE EUROPA 7;09;09059;BURGOS;BURGOS;09001;BURGOS - SAN PEDRO Y SAN FELICES;947 206628;947 619770091;090275;CEDIPARK S.L.;;SOCIEDADES;mj.moneo@hotmail.com;;PERSONAS MAYORES;Centro de día;Estancias diurnas;ASISTIDOS: 22;42.3290954;-3.6994707;MARIA JOSE MARINA MONEO;42.3290954, -3.6994707
PISO DE ACOGIDA;2025-12-23;CALLE PADRE SILVERIO 3 2ºA;09;09059;BURGOS;BURGOS;09001;BURGOS - SAN PEDRO Y SAN FELICES;947 268620;;091654;ACCEM;;ASOCIACIÓN;burgos@accem.es;;INCLUSIÓN SOCIAL;Vivienda;Vivienda para personas en situación de vulnerabilidad;MIXTO: 6;42.3357904;-3.7051369;ENRIQUE BARBERO RODRIGUEZ;42.3357904, -3.7051369
RESIDENCIA PERSONAS MAYORES PARRALILLOS;2024-05-08;CALLE CONDES DE BERBERANA 6-8;09;09059;BURGOS;BURGOS;09001;BURGOS - SAN PEDRO Y SAN FELICES;947 461730;;090498;RESIDENCIA PARRALILLOS, S.L.;;SOCIEDADES;direccion@residenciaparralillos.com;;PERSONAS MAYORES;Residencia;Para asistidos;ASISTIDOS: 65;42.3379182;-3.725106;BEATRIZ DE HOYOS GARCIA;42.3379182, -3.725106
RESIDENCIA SAN AGUSTÍN;2025-06-02;PLAZA SAN AGUSTIN S/N;09;09059;BURGOS;BURGOS;09001;BURGOS - SAN PEDRO Y SAN FELICES;947 208176;947 947264320;090357;DIPUTACIÓN PROVINCIAL DE BURGOS;;ADMINISTRACIÓN LOCAL;;;PERSONAS MAYORES;Residencia;Para asistidos;ASISTIDOS: 99;42.3330366;-3.7019826;CARLOS CARAZO PEREZ;42.3330366, -3.7019826
"RESIDENCIA ASISTIDA DE PERSONAS MAYORES  ""FUENTES BLANCAS"" (DIPUTACIÓN PROVINCIAL DE BURGOS)";2022-11-09;PARAJE FUENTES BLANCAS S/N;09;09059;BURGOS;BURGOS;09193;BURGOS - CAPISCOL;947 483466;;090425;DIPUTACIÓN PROVINCIAL DE BURGOS;;ADMINISTRACIÓN LOCAL;;;PERSONAS MAYORES;Residencia;Para asistidos;ASISTIDOS: 150;42.33882371961874;-3.633042416801444;JOSE MARIA MOVILLA LOBO;42.33882371961874, -3.633042416801444
CENTRO DE DÍA ASISTENCIAL CONDESTABLE;2024-04-25;CALLE ARLES 26;09;09059;BURGOS;BURGOS;09001;BURGOS - SAN PEDRO Y SAN FELICES;947 463048;;090571;EULEN SERVICIOS SOCIOSANITARIOS S.A.;;SOCIEDADES;condestable@eulen.com;;PERSONAS MAYORES;Centro de día;Estancias diurnas;ASISTIDOS: 40;42.3414894;-3.7358527;Mª DEL PILAR PÁRAMO RICO;42.3414894, -3.7358527
CENTRO DE DIA PARA MAYORES ROCAMADOR;2023-03-03;CALLE HORNILLOS 5;09;09059;BURGOS;BURGOS;09001;BURGOS - SAN PEDRO Y SAN FELICES;947 462563;;090540;PLAZA DE ROCAMADOR S.L.L.;;SOCIEDADES;info@rocamador.org;;PERSONAS MAYORES;Centro de día;Estancias diurnas;ASISTIDOS: 40;42.3408747;-3.699731;María Rosa Angulo Briones;42.3408747, -3.699731
VIVIENDA-HOGAR ASPANIAS PUENTESAUCO VIVIENDA C;2025-08-14;CALLE CONDESA MENCIA 150;09;09059;BURGOS;BURGOS;09006;BURGOS - RÍO VENA;947 239751;;090431;FUNDACIÓN ASPANIAS BURGOS;;FUNDACIÓN;;;PERSONAS CON DISCAPACIDAD;Vivienda;Personas con discapacidad por trastorno del desarrollo intelectual leve o moderado;OTROS: 7;42.3608884;-3.6760361;OSCAR GARCIA MORENO;42.3608884, -3.6760361
MODULO RESIDENCIAL ASPANIAS PUENTESAUCO E;2025-12-14;CALLE CONDESA MENCIA 150;09;09059;BURGOS;BURGOS;09006;BURGOS - RÍO VENA;947 239751;;090347;FUNDACIÓN ASPANIAS BURGOS;;FUNDACIÓN;;;PERSONAS CON DISCAPACIDAD;Residencia;Personas con discapacidad por trastorno del desarrollo intelectual;OTROS: 21;42.3608884;-3.6760361;OSCAR GARCIA MORENO;42.3608884, -3.6760361
CENTRO OCUPACIONAL PUENTESAUCO;2026-03-14;CALLE CONDESA MENCIA 150;09;09059;BURGOS;BURGOS;09006;BURGOS - RÍO VENA;947 229958;;090432;FUNDACIÓN ASPANIAS BURGOS;;FUNDACIÓN;;;PERSONAS CON DISCAPACIDAD;Centro de día;Personas con discapacidad por trastorno del desarrollo intelectual;OTROS: 100;42.3608884;-3.6760361;OSCAR GARCIA MORENO;42.3608884, -3.6760361
VIVIENDA-HOGAR LA HERRADURA A;2025-08-14;AVENIDA CASTILLA Y LEON 23 1º A;09;09059;BURGOS;BURGOS;09006;BURGOS - RÍO VENA;947 225097;;090038;FUNDACIÓN ASPANIAS BURGOS;;FUNDACIÓN;;;PERSONAS CON DISCAPACIDAD;Vivienda;Personas con disc. física, sensorial, por trastorno del desarrollo intelectual y/o por enfer. mental;OTROS: 8;42.347797859074475;-3.6824399308120834;ANA GARCIA BARRIOS;42.347797859074475, -3.6824399308120834
VIVIENDA HOGAR ASPANIAS MARIA CRUZ EBRO B;2026-03-14;PLAZA DE MARIA CRUZ EBRO 6;09;09059;BURGOS;BURGOS;09006;BURGOS - CAPISCOL;947 238562;;090327;FUNDACIÓN ASPANIAS BURGOS;;FUNDACIÓN;;;PERSONAS CON DISCAPACIDAD;Vivienda;Personas con discapacidad por trastorno del desarrollo intelectual leve o moderado;OTROS: 4;42.35318497279253;-3.681903725300624;ANA GARCIA BARRIOS;42.35318497279253, -3.681903725300624
VIVIENDA HOGAR VALDEMORO II;2025-07-14;CALLE VALDEMORO 1 1º A;09;09059;BURGOS;BURGOS;09001;BURGOS - SAN PEDRO DE LA FUENTE;947 238562;;090701;FUNDACIÓN ASPANIAS BURGOS;;FUNDACIÓN;fundacion@aspaniasburgos.com;;PERSONAS CON DISCAPACIDAD;Vivienda;Personas con discapacidad por trastorno del desarrollo intelectual leve o moderado;OTROS: 6;42.3456893;-3.7218157;ANA GARCIA BARRIOS;42.3456893, -3.7218157
VIVIENDA HOGAR ASPANIAS MARIA CRUZ EBRO A;2025-07-10;PLAZA DE MARIA CRUZ EBRO 6 BAJO A;09;09059;BURGOS;BURGOS;09006;BURGOS - CAPISCOL;947 238562;;090326;FUNDACIÓN ASPANIAS BURGOS;;FUNDACIÓN;;;PERSONAS CON DISCAPACIDAD;Vivienda;Personas con discapacidad por trastorno del desarrollo intelectual leve o moderado;OTROS: 4;;;ANA GARCIA BARRIOS;
VIVIENDA HOGAR MODESTO CIRUELOS III;2026-03-14;CALLE MODESTO CIRUELOS 4 4-C;09;09059;BURGOS;BURGOS;09001;BURGOS - SAN PEDRO DE LA FUENTE;947 238562;;090645;FUNDACIÓN ASPANIAS BURGOS;;FUNDACIÓN;fundacion@aspaniasburgos.com;;PERSONAS CON DISCAPACIDAD;Vivienda;Personas con discapacidad por trastorno del desarrollo intelectual leve o moderado;OTROS: 4;42.34959544916165;-3.7348948006652027;ANA GARCIA BARRIOS;42.34959544916165, -3.7348948006652027
CENTRO DE ATENCION INTEGRAL PARA PERSONAS CON DISCAPACIDAD INTELECTUAL(RESIDENCIA FUENTECILLAS);2026-03-14;CALLE MARIANA PINEDA S/N.MARIANA PINEDA, S/N.;09;09059;BURGOS;BURGOS;09003;BURGOS - SAN PEDRO DE LA FUENTE;947 238562;;090620;FUNDACIÓN ASPANIAS BURGOS;;FUNDACIÓN;aspanias@ceapscyl.org;;PERSONAS CON DISCAPACIDAD;Residencia;Personas con discapacidad por trastorno del desarrollo intelectual;OTROS: 50;;;LAURA VILLA SANTAMARIA;
VIVIENDA HOGAR MODESTO CIRUELOS I;2026-02-14;CALLE MODESTO CIRUELOS 4 4-A;09;09059;BURGOS;BURGOS;09001;BURGOS - SAN PEDRO DE LA FUENTE;974 238562;;090644;FUNDACIÓN ASPANIAS BURGOS;;FUNDACIÓN;fundacion@aspaniasburgos.com;;PERSONAS CON DISCAPACIDAD;Vivienda;Personas con discapacidad por trastorno del desarrollo intelectual leve o moderado;OTROS: 4;42.34959544916165;-3.7348948006652027;ANA GARCIA BARRIOS;42.34959544916165, -3.7348948006652027
VIVIENDA SUPERVISADA CONDESA MENCIA;2025-08-14;CALLE CONDESA MENCIA 118 4ºC;09;09059;BURGOS;BURGOS;09006;BURGOS - RÍO VENA;947 229958;;090776;FUNDACIÓN ASPANIAS BURGOS;;FUNDACIÓN;fundacion@aspaniasburgos.com;;PERSONAS CON DISCAPACIDAD;Vivienda;Personas con discapacidad por trastorno del desarrollo intelectual leve o moderado;OTROS: 6;42.3589538319053;-3.681409165919374;ANA GARCIA BARRIOS;42.3589538319053, -3.681409165919374
VIVIENDA-HOGAR TERESA DE CARTAGENA II;2025-07-10;CALLE TERESA CARTAGENA SARAVIA 5-B 1-11;09;09059;BURGOS;BURGOS;09003;BURGOS - SAN PEDRO DE LA FUENTE;947 238562;;090713;FUNDACIÓN ASPANIAS BURGOS;;FUNDACIÓN;fundacion@aspaniasburgos.com;;PERSONAS CON DISCAPACIDAD;Vivienda;Personas con discapacidad por trastorno del desarrollo intelectual leve o moderado;OTROS: 3;42.34629316625141;-3.7210518052612684;ANA GARCIA BARRIOS;42.34629316625141, -3.7210518052612684
"CENTRO MULTIACTIVIDAD ""VICENTE ALEIXANDRE""";2026-03-14;CALLE VICENTE ALEIXANDRE 4 BAJO;09;09059;BURGOS;BURGOS;09006;BURGOS - GAMONAL I - LAS TORRES;947 238562;947 609045185;091606;FUNDACIÓN ASPANIAS BURGOS;;FUNDACIÓN;;www.aspaniasburgos.es;PERSONAS CON DISCAPACIDAD;Centro de día;Centro de día multiactividad/ personas con discapacidad por transtorno del desarrollo intelectual;DISCAPACIDAD INTELECTUAL: 65;42.3548917;-3.6765605;Oscar Garcia Moreno;42.3548917, -3.6765605
CORDIA RESIDENCIA DE PERSONAS MAYORES CAJA DE BURGOS;2026-01-20;AVENIDA CANTABRIA, Nº 35;09;09059;BURGOS;BURGOS;09006;BURGOS - CENTRO - VADILLOS;947 222200;;090279;CAJA DE BURGOS FUNDACION BANCARIA;;FUNDACIÓN;esaez@cajadeburgos.com;;PERSONAS MAYORES;Residencia;Para asistidos;DEPENDIENTES: 213;42.347586217212076;-3.6892901090576964;EDUARDO SAEZ GARCIA;42.347586217212076, -3.6892901090576964
CENTRO RESIDENCIAL PARA PERSONAS MAYORES SAN PEDRO POVEDA;2025-04-15;VALLADOLID, Nº 3;09;09059;BURGOS;BURGOS;09002;BURGOS - CENTRO - VADILLOS;947 979848;;091317;CLECE VITAM, S.A.;;SOCIEDADES;cperezc@clece.es;;PERSONAS MAYORES;Residencia;Para asistidos;DEPENDIENTES: 115;;;SILVIA BALLESTEROS REBOLLO;
PI-SJD BURGOS 07;2026-01-28;AVENIDA DOCTOR FLEMING 14 2D;09;09059;BURGOS;BURGOS;09002;BURGOS - SAN JULIÁN;947 257730;947 697370968;091660;HOSPITAL SAN JUAN DE DIOS BURGOS;;INSTITUCIONES, ÓRDENES, CONGREGACIONES RELIGIOSAS Y SIMILARES;mariacarmen.jimenezp@sjd.es;;INCLUSIÓN SOCIAL;Vivienda;Vivienda para personas en situación de vulnerabilidad;MIXTO: 6;42.3382722;-3.6964585;ELENA URDANETA ARTOLA;42.3382722, -3.6964585
CENTRO DE PERSONAS MAYORES SAN BENITO MENNI;2025-11-27;CALLE DE LAS DELICIAS 11;09;09059;BURGOS;BURGOS;09005;BURGOS - CENTRO - VADILLOS;947 276060;;091147;FUNDACIÓN HOSPITALARIAS;;FUNDACIÓN;ch.burgos@fundacionhospitalarias.org;;PERSONAS MAYORES;Residencia;Para asistidos;ASISTIDOS: 67;42.346462849598424;-3.699929934790392;CRISTINA MIGUEL ALVAREZ;42.346462849598424, -3.699929934790392
VITALIA BURGOS (CENTRO DE DÍA);2022-11-07;CALLE SIERVAS DE JESUS 19;09;09059;BURGOS;BURGOS;09001;BURGOS - SAN PEDRO Y SAN FELICES;682 214552;;091475;VITALIA HOME S.L.U.;;SOCIEDADES;notificaciones@vitaliaplus.es;;PERSONAS MAYORES;Centro de día;Estancias diurnas;ASISTIDOS: 16;42.3348455;-3.711593399999999;JOSÉ RAMÓN VALLE PÉREZ;42.3348455, -3.711593399999999
CENTRO DE DIA ASPAYM BURGOS;2025-03-17;CALLE LA CORONELA, 2;09;09059;BURGOS;VILLAGONZALO-ARENAS;09197;BURGOS - SAN PEDRO DE LA FUENTE;983 591044;;090948;FUNDACIÓN ASPAYM CASTILLA Y LEÓN;;FUNDACIÓN;;;PERSONAS CON DISCAPACIDAD;Centro de día;Personas con discapacidad física;OTROS: 40;;;RAFAEL ESCUDERO ROMERO;
HOGAR BURGOS;2023-02-08;CALLE DEL ENDRINAL (VILLATORO) 47;09;09059;BURGOS;VILLATORO;09006;BURGOS - RÍO VENA;932 440570;;091533;FUNDACIÓN SALUD Y COMUNIDAD;;FUNDACIÓN;esther.molinero@fsyc.org;;INFANCIA (Y JUVENTUD);Vivienda;Vivienda hogar;NNAMMAS: 9;42.3763099;-3.69669;;42.3763099, -3.69669
RESIDENCIA SIERRA DE LA DEMANDA;2024-11-11;CALLE SAN ROQUE S/N;09;09067;BURGOS;CANICOSA DE LA SIERRA;09692;QUINTANAR DE LA SIERRA;947 391517;947 638087409;090799;RESIDENCIA SIERRA DE LA DEMANDA S.L.;;SOCIEDADES;direccion.canicosa@gmail.com;;PERSONAS MAYORES;Residencia;Para asistidos;ASISTIDOS: 50;41.9368705;-3.0379615;MARIA DEL CARMEN RENUNCIO CUÑADO;41.9368705, -3.0379615
RESIDENCIA DE PERSONAS MAYORES DOMUSVI CELADA;2025-05-06;OBISPO FRUMENCIO ESCUDERO, 13;09;09095;BURGOS;CELADA DEL CAMINO;09226;BURGOS RURAL - SUR;947 411143;;090468;GERO VITALIA BURGOS S.L.;;SOCIEDADES;direccion.celada@domusvi.es;;PERSONAS MAYORES;Residencia;Para asistidos;ASISTIDOS: 43;;;RAQUEL MARTINEZ VARONA;
RESIDENCIA PARA PERSONAS MAYORES SAGRADA FAMILIA;2022-11-07;LUGAR CUCHO S/N;09;09109;BURGOS;TREVIÑO;09215;MIRANDA DE EBRO RURAL - CONDADO DE TREVIÑO;945 360039;;090097;HERMANAS FRANCISCANAS DE LA PURÍSIMA CONCEPCIÓN;;INSTITUCIONES, ÓRDENES, CONGREGACIONES RELIGIOSAS Y SIMILARES;;;PERSONAS MAYORES;Residencia;Para asistidos;ASISTIDOS: 50;42.7373701;-2.7720693;CONCEPCIÓN SERRANO BELLUGA;42.7373701, -2.7720693
RESIDENCIA DE PERSONAS MAYORES NTRA. SRA. DEL CARMEN;2026-03-23;CALLE PROGRESO 22;09;09124;BURGOS;ESPINOSA DE LOS MONTEROS;09560;ESPINOSA DE LOS MONTEROS - VALLE DE MENA;947 120086;947 690259922;090094;FUNDACIÓN RESIDENCIA DE ANCIANOS NUESTRA SEÑORA DEL CARMEN;;FUNDACIÓN;r.delcarmen@telefonica.net;;PERSONAS MAYORES;Residencia;Para asistidos;ASISTIDOS: 60;43.0753545;-3.5492871;ARANCHA FERNANDEZ ABASCAL;43.0753545, -3.5492871
RESIDENCIA GERIATRICA SAN MIGUEL;2024-05-09;CALLE SENDA VALDECAÑAS 38;09;09141;BURGOS;FUENTESPINA;09471;ARANDA DE DUERO RURAL;947 515914;;090508;RESIDENCIA VIRGEN DE LAS VIÑAS, S.L.;;SOCIEDADES;jesus@residenciasanmiguel.com.es;;PERSONAS MAYORES;Residencia;Para asistidos;ASISTIDOS: 142;41.6368227;-3.6855762;JESÚS JAVIER ESCANCIANO VILLARROEL;41.6368227, -3.6855762
CENTRO MULTISERVICIOS DE MAYORES RÍO LOBOS;2023-09-25;CALLE NORTE 24 D;09;09163;BURGOS;HONTORIA DEL PINAR;09660;SALAS DE LOS INFANTES;947 257755;;090915;AYUNTAMIENTO DE HONTORIA DEL PINAR;REYSAN CONSULTORES DE INGENIERIA Y ARQUITECTURA, SLU;ADMINISTRACIÓN LOCAL;info@reysancentrosasistenciales.com;;PERSONAS MAYORES;Centro de día;Estancias diurnas;ASISTIDOS: 25;41.8492042;-3.1609282;FRANCISCO REJAS LLORENTE;41.8492042, -3.1609282
RESIDENCIA PARA PERSONAS MAYORES LA FUENTE;2022-07-14;CALLE FUENTE (LA) 1;09;09177;BURGOS;MODUBAR DE SAN CEBRIAN;09193;BURGOS RURAL - NORTE;947 420069;;090426;PROMOTORA DE SERVICIOS MOTUA S.L.;;SOCIEDADES;residencialafuente@gmail.com;;PERSONAS MAYORES;Residencia;Para asistidos;ASISTIDOS: 36;42.3195626;-3.5424563;GUILLERMO VALVERDE LOPEZ;42.3195626, -3.5424563
CENTRO OCUPACIONAL DE LERMA;2025-03-14;CALLE INSTITUTO, Nº 1;09;09194;BURGOS;LERMA;09340;LERMA;947 171054;;090111;FUNDACIÓN CENTRO OCUPACIONAL DE LERMA;;FUNDACIÓN;centrocupacionalerma@hotmail.com;;PERSONAS CON DISCAPACIDAD;Centro de día;Personas con discapacidad por trastorno del desarrollo intelectual;OTROS: 16;42.0237119;-3.7576843;SILVIA GONZALEZ GARCIA;42.0237119, -3.7576843
RESIDENCIA ZORITA;2024-06-15;AVENIDA EL FERIAL , Nº 1;09;09211;BURGOS;MELGAR DE FERNAMENTAL;09100;MELGAR DE FERNAMENTAL;947 373755;;090127;FUNDACIÓN CONDE FERNÁN ARMENTALEZ;;FUNDACIÓN;fundacion@fundacioncfamelgar.es;;PERSONAS CON DISCAPACIDAD;Residencia;Personas con discapacidad por trastorno del desarrollo intelectual;OTROS: 25;42.4021835;-4.2447078;CAROLINA PEREZ DE PRADO;42.4021835, -4.2447078
VIVIENDA SUPERVISADA AMAYA;2023-09-13;CALLE CERVANTES 1 2º DCHA;09;09211;BURGOS;MELGAR DE FERNAMENTAL;09100;MELGAR DE FERNAMENTAL;947 373755;;091332;FUNDACIÓN CONDE FERNÁN ARMENTALEZ;;FUNDACIÓN;FUNDACION@FUNDACIONCFAMELGAR.ES;;PERSONAS CON DISCAPACIDAD;Vivienda;Personas con discapacidad por trastorno del desarrollo intelectual leve o moderado;OTROS: 6;;;CAROLINA PEREZ DE PRADO;
VIVIENDA SUPERVISADA AMAPOLA;2024-04-15;CALLE CERVANTES 1 2º IZQ;09;09211;BURGOS;MELGAR DE FERNAMENTAL;09100;MELGAR DE FERNAMENTAL;947 373755;;091333;FUNDACIÓN CONDE FERNÁN ARMENTALEZ;;FUNDACIÓN;FUNDACION@FUNDACIONCFAMELGAR.ES;;PERSONAS CON DISCAPACIDAD;Vivienda;Personas con discapacidad por trastorno del desarrollo intelectual leve o moderado;OTROS: 6;;;CAROLINA PEREZ DE PRADO;
PISO MIELGAS;2024-03-15;CALLE CERVANTES , 1;09;09211;BURGOS;MELGAR DE FERNAMENTAL;09100;MELGAR DE FERNAMENTAL;947 373755;947 373755;090756;FUNDACIÓN CONDE FERNÁN ARMENTALEZ;;FUNDACIÓN;fundacioncfa@gmail.com;;PERSONAS CON DISCAPACIDAD;Vivienda;Personas con discapacidad por trastorno del desarrollo intelectual leve o moderado;OTROS: 6;42.401742;-4.244530699999999;CAROLINA PEREZ DE PRADO;42.401742, -4.244530699999999
"RESIDENCIA DE PERSONAS MAYORES ""RODRIGUEZ DE CELIS""";2022-10-19;CALLE OBISPO REY 2;09;09211;BURGOS;MELGAR DE FERNAMENTAL;09100;MELGAR DE FERNAMENTAL;947 373786;;090146;FUNDACIÓN RODRÍGUEZ DE CELIS;SERVIGERON, S.L.;FUNDACIÓN;;;PERSONAS MAYORES;Residencia;Para asistidos;ASISTIDOS: 57;42.4049601;-4.2429074;CLARA CEBRERO  AGUILAR;42.4049601, -4.2429074
HOGAR RESIDENCIA MARIA DE MOLINA;2025-02-17;CAÑADA PRINCIPE FELIPE, Nº 1;09;09218;BURGOS;MILAGROS;09460;ARANDA DE DUERO RURAL;947 548219;;090137;ARJURUEL S.L.;;SOCIEDADES;mariademolina97@hotmail.com;;PERSONAS MAYORES;Residencia;Para asistidos;ASISTIDOS: 39;;;MARIA ISABEL PARDILLA ABAD;
UNIDAD DE ESTANCIAS DIURNAS DE LA RESIDENCIA DE MIRANDA DE EBRO (D. FRANCISCO HURTADO DE MENDOZA Y Dª MARIA MARDONES);2025-11-04;CALLE SAN FRANCISCO 19-20;09;09219;BURGOS;MIRANDA DE EBRO;09200;MIRANDA DE EBRO - OESTE;947 347830;;090439;GERENCIA DE SERVICIOS SOCIALES DE CASTILLA Y LEÓN;SANIVIDA, S.L;ADMINISTRACIÓN AUTONÓMICA;belen.delnido@jcyl.es;;PERSONAS MAYORES;Centro de día;Estancias diurnas;DEPENDIENTES: 32;42.6814644;-2.9523094;BELEN DEL NIDO ADONES;42.6814644, -2.9523094
CENTRO DE DIA PARA PERSONAS MAYORES MIRANDA DE EBRO;2024-10-04;CALLE SAN AGUSTIN 44;09;09219;BURGOS;MIRANDA DE EBRO;09200;MIRANDA DE EBRO - OESTE;947 325851;;090074;GERENCIA DE SERVICIOS SOCIALES DE CASTILLA Y LEÓN;;ADMINISTRACIÓN AUTONÓMICA;;;PERSONAS MAYORES;Centro de día;Hogar (Unidad de atención social);;42.6818276;-2.943154;MARIA MONTSERRAT GARCIA REDONDO;42.6818276, -2.943154
"CENTRO OCUPACIONAL"" FUENTECALIENTE""";2025-08-12;CARRETERA FUENTECALIENTE S/N.;09;09219;BURGOS;MIRANDA DE EBRO;09200;MIRANDA DE EBRO - OESTE;947 332355;;090366;AYUNTAMIENTO DE MIRANDA DE EBRO;ASPODEMI. ASOCIACION  DE PADRES Y FAMILIARES  DE PERSONAS CON DISCAPACIDAD INTELECTUAL DE  MIRANDA DE EBRO;ADMINISTRACIÓN LOCAL;secretaria@aspodemi.es;;PERSONAS CON DISCAPACIDAD;Centro de día;Personas con discapacidad por trastorno del desarrollo intelectual;OTROS: 45;42.6674358;-2.9321096;VIRGINIA IBAÑEZ VILLAR;42.6674358, -2.9321096
VIVIENDA TUTELADA ASPODEMI;2025-08-12;CALLE CONCEPCION ARENAL 22 2º DCHA;09;09219;BURGOS;MIRANDA DE EBRO;09200;MIRANDA DE EBRO - ESTE;947 332355;;090699;AYUNTAMIENTO DE MIRANDA DE EBRO;ASPODEMI. ASOCIACION  DE PADRES Y FAMILIARES  DE PERSONAS CON DISCAPACIDAD INTELECTUAL DE  MIRANDA DE EBRO;ADMINISTRACIÓN LOCAL;secretaria@aspodemi.es;;PERSONAS CON DISCAPACIDAD;Vivienda;Personas con disc. física, sensorial, por trastorno del desarrollo intelectual y/o por enfer. mental;OTROS: 6;;;VIRGINIA IBAÑEZ VILLAR;
CENTRO DE MAYORES CIUDAD DE VIERZON 52;2025-02-17;CALLE CIUDAD VIERZON 52;09;09219;BURGOS;MIRANDA DE EBRO;09200;MIRANDA DE EBRO - ESTE;947 333152;;090679;ASOCIACIÓN DE FAMILIARES DE  ENFERMOS ALZHEIMER Y OTRAS DEMENCIAS DE MIRANDA DE EBRO (AFAMI);;ASOCIACIÓN;afamiranda@hotmail.com;;PERSONAS MAYORES;Centro de día;Estancias diurnas para enfermos de Alzheimer;ASISTIDOS: 52;42.6861693;-2.9346622;MARIA ROSA GARCIA GARCIA;42.6861693, -2.9346622
RESIDENCIA DE PERSONAS MAYORES NUESTRA SRA. DE LA PIEDAD;2024-04-25;CALLE CAVA 46;09;09261;BURGOS;PEÑARANDA DE DUERO;09410;ARANDA DE DUERO RURAL;947 552108;;090583;FUNDACIÓN PROVINCIAL DE SERVICIOS SOCIALES;TRASEDAD, S.L.;FUNDACIÓN;residencia.n.s.piedad@gmail.com;;PERSONAS MAYORES;Residencia;Para asistidos;ASISTIDOS: 39;41.6884749;-3.4777898;JUAN LUIS ARRIBAS DELGADO;41.6884749, -3.4777898
RESIDENCIA DE PERSONAS MAYORES  NUESTRA SEÑORA DEL CARMEN;2024-05-16;CARRETERA VID S/N;09;09261;BURGOS;PEÑARANDA DE DUERO;09410;ARANDA DE DUERO RURAL;918 907551;;090761;FUNDACIÓN BENÉFICA VIRGEN DE LOS DOLORES;;FUNDACIÓN;info@virgendelosdolores.es;;PERSONAS MAYORES;Residencia;Para asistidos;ASISTIDOS: 46;;;PEDRO BESARI PELICO;
RESIDENCIA DE PERSONAS MAYORES NUESTRA SEÑORA DE LA GUIA;2024-12-02;CALLE FUENTE 14;09;09289;BURGOS;QUINTANAR DE LA SIERRA;09670;QUINTANAR DE LA SIERRA;947 396178;947 638102438;090328;FUNDACIÓN RESIDENCIA VIRGEN DE LA GUIA;;FUNDACIÓN;residenciaquintanar@yahoo.es;;PERSONAS MAYORES;Residencia;Para asistidos;ASISTIDOS: 32;41.9823275;-3.0384018;RAQUEL ABAD CHICOTE;41.9823275, -3.0384018
CENTRO DE DIA RIO ARLANZA;2024-05-09;CALLE JUAN YAGUE 32;09;09330;BURGOS;SALAS DE LOS INFANTES;09600;SALAS DE LOS INFANTES;947 380389;;091132;FUNDACIÓN ASPANIAS BURGOS;ASPANIASMERC 2016, SLU;FUNDACIÓN;secretaria@aspaniasburgos.com;;PERSONAS MAYORES;Centro de día;Estancias diurnas;ASISTIDOS: 40;42.0179341;-3.2893972;ANA GARCIA RUIZ;42.0179341, -3.2893972
UNIDAD ASISTENCIAL ASPANIAS SALAS DE LOS INFANTES (CENTRO DE DIA);2023-05-05;AVENIDA GENERAL YAGÜE, Nº 30;09;09330;BURGOS;SALAS DE LOS INFANTES;09600;SALAS DE LOS INFANTES;947 380240;947 380279;090296;FUNDACIÓN ASPANIAS BURGOS;;FUNDACIÓN;;;PERSONAS CON DISCAPACIDAD;Centro de día;Personas con discapacidad por trastorno del desarrollo intelectual;OTROS: 30;42.0185609;-3.2893087;LAURA RICA ROBLES;42.0185609, -3.2893087
RESIDENCIA PERSONAS MAYORES EL AMANECER;2024-06-27;NACIONAL 620 - KM.8;09;09338;BURGOS;SAN MAMES DE BURGOS;09196;BURGOS RURAL - SUR;947 570900;;090022;ATENCION COMUNITARIA ASISTENCIAL INTEGRAL, S.L.;;SOCIEDADES;acaisl_2009@hotmail.com;;PERSONAS MAYORES;Residencia;Para asistidos;ASISTIDOS: 41;;;SARA HERNÁNDEZ SAIZ;
RESIDENCIA VITALIA JARDIN;2026-03-03;CALLE OBISPO TOBAR, S/N;09;09377;BURGOS;TARDAJOS;09130;BURGOS RURAL - SUR;947 451428;;090590;VITALIA HOME S.L.U.;;SOCIEDADES;notificaciones@vitaliaplus.es;;PERSONAS MAYORES;Residencia;Para asistidos;ASISTIDOS: 160;42.3497349;-3.8178154;PATRICIA GÓMEZ FRAILE;42.3497349, -3.8178154
UNIDAD DE ESTANCIAS DIURNAS VITALIA JARDÍN;2026-03-02;CALLE OBISPO TOBAR S/N;09;09377;BURGOS;TARDAJOS;09130;BURGOS RURAL - SUR;947 451428;;090596;VITALIA HOME S.L.U.;;SOCIEDADES;;;PERSONAS MAYORES;Centro de día;Estancias diurnas;ASISTIDOS: 15;42.3497349;-3.8178154;PATRICIA GOMEZ FRAILE;42.3497349, -3.8178154
"RESIDENCIA ""SANTA MARIA LA REAL""";2022-07-13;CALLE CONVENTO S/N;09;09391;BURGOS;TORTOLES DE ESGUEVA;09312;ROA DE DUERO;947 551612;;090151;RESIDENCIA SANTA MARIA LA REAL S.L.;;SOCIEDADES;residenciasantamarialareal@hotmail.com;;PERSONAS MAYORES;Residencia;Mixta para válidos y asistidos;VÁLIDOS: 2, ASISTIDOS: 32;41.816521;-4.0209426;PILAR PICADO DELGADO;41.816521, -4.0209426
RESIDENCIA DE PERSONAS MAYORES LAS ERAS;2023-11-14;CALLE SAN ROQUE S/N;09;09400;BURGOS;VADOCONDES;09491;ARANDA DE DUERO RURAL;947 528108;;090430;DIONISIO MIGUEL LEAL Y ESPOSA, C.B.;;SOCIEDADES;residencialaseras@gmail.com;;PERSONAS MAYORES;Residencia;Para asistidos;ASISTIDOS: 40;41.638982;-3.5751746;ROSA MARIA ILLERA HONTORIA;41.638982, -3.5751746
RESIDENCIA DE PERSONAS MAYORES NTRA. SRA. DE CANTONAD;2025-05-21;CALLE ELADIO BUSTAMANTE 37;09;09410;BURGOS;VILLASANA DE MENA;09580;ESPINOSA DE LOS MONTEROS - VALLE DE MENA;947 126028;;090092;FUNDACIÓN RESIDENCIA NUESTRA SEÑORA DE CANTONAD;;FUNDACIÓN;nscantonad@cantonad.e.telefonica.net;;PERSONAS MAYORES;Residencia;Mixta para válidos y asistidos;VÁLIDOS: 5, ASISTIDOS: 58;43.1017926306255;-3.28038417419026;AMOR GARCIA ORTIZ;43.1017926306255, -3.28038417419026
RESIDENCIA DE PERSONAS MAYORES DEL VALLE DE TOBALINA;2026-01-30;CALLE CARRETERA MIRANDA S/N;09;09412;BURGOS;QUINTANA MARTIN GALINDEZ;09210;MEDINA DE POMAR - TRESPADERNE;947 358720;947 684289220;090036;AYUNTAMIENTO DE VALLE DE TOBALINA;SERVICIOS MUNICIPALES TOBALINA S.A. (SERMUTOSA);ADMINISTRACIÓN LOCAL;direccion@residenciavalletobalina.com;;PERSONAS MAYORES;Residencia;Para asistidos;ASISTIDOS: 75;42.790553;-3.2676222;GREGORIO SARDIÑAS RICA;42.790553, -3.2676222
VIVIENDA VILLADIEGO ASPANIAS;2023-05-17;CALLE BILBAO 34 PUERTA 4;09;09427;BURGOS;VILLADIEGO;09120;VILLADIEGO;947 238562;;091259;FUNDACIÓN ASPANIAS BURGOS;;FUNDACIÓN;fundacion@aspaniasburgos.com;;PERSONAS CON DISCAPACIDAD;Vivienda;Personas con discapacidad por trastorno del desarrollo intelectual leve o moderado;OTROS: 5;42.5188025;-4.0043935;JOAQUIN DOMINGUEZ GUERRERO;42.5188025, -4.0043935
RESIDENCIA DE PERSONAS MAYORES DE VILLARCAYO;2025-08-12;CALLE SAN ROQUE 67;09;09903;BURGOS;VILLARCAYO;09550;VILLARCAYO;947 132056;;090450;GERENCIA DE SERVICIOS SOCIALES DE CASTILLA Y LEÓN;SENIOR SERVICIOS INTEGRALES, S.A.;ADMINISTRACIÓN AUTONÓMICA;lsierraro@seniorsi.es;;PERSONAS MAYORES;Residencia;Para asistidos;ASISTIDOS: 48;42.94340920592725;-3.5656999440573136;AINHOA JUNCAL SAMPEDRO ARREGUI;42.94340920592725, -3.5656999440573136
UNIDAD DE ESTANCIAS DIURNAS DE LA RESIDENCIA DE VILLARCAYO;2025-10-01;CALLE SAN ROQUE 67;09;09903;BURGOS;VILLARCAYO;09550;VILLARCAYO;947 132348;;090451;GERENCIA DE SERVICIOS SOCIALES DE CASTILLA Y LEÓN;SENIOR SERVICIOS INTEGRALES, S.A.;ADMINISTRACIÓN AUTONÓMICA;lsierraro@seniorsi.es;;PERSONAS MAYORES;Centro de día;Estancias diurnas;ASISTIDOS: 15;42.94340920592725;-3.5656999440573136;AINHOA JUNCAL SAMPEDRO ARREGUI;42.94340920592725, -3.5656999440573136
VIVIENDA VILLARCAYO 2;2023-01-25;CALLE SAN ROQUE 19 3º E;09;09903;BURGOS;VILLARCAYO;09550;VILLARCAYO;947 223916;;091347;ASOCIACIÓN PROSALUD MENTAL DE BURGOS (PROSAME);;ASOCIACIÓN;direccion@saludmentalburgos.org;;PERSONAS CON DISCAPACIDAD;Vivienda;Personas con discapacidad por enfermedad mental;VÁLIDOS: 3;42.94061990000001;-3.5701954;Batirtze Rodriguez de la Vega;42.94061990000001, -3.5701954
VIVIENDA ASAMIMER II;2025-02-14;CALLE DOCTOR MENDIZÁBAL N.º 1 2ºC;09;09903;BURGOS;VILLARCAYO;09550;VILLARCAYO;947 131638;;091078;ASOCIACIÓN PARA AYUDA A PERSONAS CON DISCAPACIDAD DE LA ZONA NORTE DE BURGOS, COMARCA DE LAS MERINDADES (ASAMIMER);;ASOCIACIÓN;administracion@asamimer.org;;PERSONAS CON DISCAPACIDAD;Vivienda;Personas con discapacidad por trastorno del desarrollo intelectual leve o moderado;OTROS: 5;;;NURIA ORTIZ LÓPEZ;
UNIDAD DE ESTANCIAS DIURNAS AFAMER;2024-02-26;CALLE ALEJANDRO RODRIGUEZ DE VALCARCEL 12;09;09903;BURGOS;VILLARCAYO;09550;VILLARCAYO;947 131476;947 680638133;090720;ASOCIACIÓN DE FAMILIARES DE ENFERMOS DE ALZHEIMER Y PROBLEMAS NEURÓLOGICOS DERIVADOS DE LA EDAD - AFAMER;;ASOCIACIÓN;afamerindades@hotmail.com;;PERSONAS MAYORES;Centro de día;Estancias diurnas para enfermos de Alzheimer;ASISTIDOS: 15;42.9373438;-3.5751203;MARIA ISABEL LOPEZ PEREZ;42.9373438, -3.5751203
CENTRO RESIDENCIAL VILLA DE ALIJA;2025-09-24;CALLE BENAVENTE, S / N.;24;24003;LEON;ALIJA DEL INFANTADO;24761;LA BAÑEZA;987 667527;;240203;AYUNTAMIENTO DE ALIJA DEL INFANTADO;ASOCIACION EDAD DORADA MENSAJEROS DE LA PAZ;ADMINISTRACIÓN LOCAL;rvillaalija@hotmail.com;;PERSONAS MAYORES;Residencia;Para asistidos;ASISTIDOS: 48;;;GEMMA MARÍA RODRÍGUEZ FRAGA;
RESIDENCIA-HOSPITAL SAN JUAN BAUTISTA;2025-06-06;PLAZA CATEDRAL (LA) 1;24;24008;LEON;ASTORGA;24700;ASTORGA;987 616900;;240156;FUNDACIÓN HOSPITAL SAN JUAN BAUTISTA;EDAD DORADA MENSAJEROS DE LA PAZ CASTILLA Y LEÓN;FUNDACIÓN;director@hsanjuanbautista.org;;PERSONAS MAYORES;Residencia;Para asistidos;ASISTIDOS: 140;;;BLANCA MARIA VEGA LÓPEZ;
RESIDENCIA MENSAJEROS DE LA PAZ;2024-04-22;CALLE DOCTOR MERIDA PEREZ S/N;24;24010;LEON;BAÑEZA (LA);24750;LA BAÑEZA;987 656171;;240249;ASOCIACION EDAD DORADA MENSAJEROS DE LA PAZ;;ASOCIACIÓN;residencia.baneza@mensajerosdelapaz.com;;PERSONAS MAYORES;Residencia;Para asistidos;ASISTIDOS: 240;42.2968201;-5.9102404;TOMASA GORGOJO DEL GANSO;42.2968201, -5.9102404
RESIDENCIA DE PERSONAS MAYORES SANTIAGO APOSTOL;2020-09-14;CALLE TEJEDORES 16;24;24010;LEON;BAÑEZA (LA);24750;LA BAÑEZA;987 656088;987 656086;240300;RESIDENCIA DE PERSONAS MAYORES SANTIAGO APOSTOL C.B.;;SOCIEDADES;residenciasantiagoapostol@yahoo.es;;PERSONAS MAYORES;Residencia;Para asistidos;ASISTIDOS: 49;42.3001933;-5.8957509;RUBEN DEL POZO GONZALEZ;42.3001933, -5.8957509
CENTRO RESIDENCIAL CAMPOLAR BIERZO 2 - PERSONAS CON DISCAPACIDAD;2025-01-29;TRAVESÍA CAMPOMURIELES S/N;24;24014;LEON;BEMBIBRE;24300;BEMBIBRE;629 721196;;241040;CENTRO RESIDENCIAL ALTO BIERZO S.L.;;SOCIEDADES;;;PERSONAS CON DISCAPACIDAD;Residencia;Personas con discapacidad por enfermedad mental;OTROS: 29;42.6185645;-6.4267694;MARIA LUZ PEREIRA MARTINEZ;42.6185645, -6.4267694
"RESIDENCIA DE PERSONAS MAYORES ""SANTA BARBARA""";2022-11-07;CALLE REINO DE LEON 55;24;24014;LEON;SAN ROMAN DE BEMBIBRE;24318;BEMBIBRE;987 513712;;240091;GERIÁTRICO DE BEMBIBRE, S.L. (GERIBEM, S.L.);;SOCIEDADES;residenciasantabarbara@hotmail.es;;PERSONAS MAYORES;Residencia;Para asistidos;ASISTIDOS: 32;42.6206086;-6.428248399999999;JAVIER MATA CARNICERO;42.6206086, -6.428248399999999
RESIDENCIAL MIRADOR DEL CUA;2022-11-07;CAMINO REAL DE CARLOS III, Nº 5;24;24030;LEON;CACABELOS;24540;CACABELOS;987 548021;;240395;INVERSIONES AD. AV. AN., S.L.;;SOCIEDADES;miradorcua@telefonica.net;;PERSONAS MAYORES;Residencia;Para asistidos;ASISTIDOS: 98;42.5998843;-6.7161532;LORENA CANEDO ÁLVAREZ;42.5998843, -6.7161532
CENTRO DE DÍA DE CAMPONARAYA;2025-12-22;CALLE VIRGEN DE LA SOLEDAD 1;24;24034;LEON;CAMPONARAYA;24410;CACABELOS;987 450004;;241960;AYUNTAMIENTO DE CAMPONARAYA;ASOCIACION ALZHEIMER BIERZO;ADMINISTRACIÓN LOCAL;DOMI@CAMPONARAYA.ORG;;PERSONAS MAYORES;Centro de día;Estancias diurnas;DEPENDIENTES: 40;;;;
UNIDAD DE ESTANCIAS DIURNAS DE CARRACEDELO;2023-11-16;CALLE TRAS LAS AIRAS S/N;24;24038;LEON;CARRACEDELO;24549;CACABELOS;987 173385;987 173734;240648;AYUNTAMIENTO DE CARRACEDELO;LONGEVA, S.L.;ADMINISTRACIÓN LOCAL;info@residencianovavida.com;;PERSONAS MAYORES;Centro de día;Estancias diurnas;ASISTIDOS: 19;42.5553751;-6.7294734;REBECA CORRAL SÁNCHEZ;42.5553751, -6.7294734
RESIDENCIA SAN GUILLERMO I;2024-01-18;CALLE SAN GUILLERMO, Nº 65;24;24056;LEON;CISTIERNA;24800;CISTIERNA;987 700617;987 700009;240205;AYUNTAMIENTO DE CISTIERNA;;ADMINISTRACIÓN LOCAL;residencia@cistierna.es;;PERSONAS MAYORES;Residencia;Para asistidos;ASISTIDOS: 49;42.8057411;-5.1206919;MARIA ÁNGELES GONZÁLEZ REYERO;42.8057411, -5.1206919
RESIDENCIA SAN GUILLERMO II;2023-08-09;CALLE PARQUE INFANTIL S/N;24;24056;LEON;CISTIERNA;24800;CISTIERNA;987 701011;;240873;AYUNTAMIENTO DE CISTIERNA;;ADMINISTRACIÓN LOCAL;residencia@cistierna.es;;PERSONAS MAYORES;Residencia;Para asistidos;ASISTIDOS: 20;42.8046138;-5.1219643;MARIA ÁNGELES GONZÁLEZ REYERO;42.8046138, -5.1219643
UNIDAD DE ESTANCIAS DIURNAS DE CORULLÓN;2025-04-16;CALLE MIRADOR 1;24;24059;LEON;CORULLON;24514;VILLAFRANCA DEL BIERZO;987 540368;987 987540368;241985;LONGEVA, S.L.;;SOCIEDADES;gestionlongeva@gmail.com;;PERSONAS MAYORES;Centro de día;Centro de día con unidades de convivencia;DEPENDIENTES: 15;;;;
"CENTRO PARA PERSONAS CON DISCAPACIDAD  ""HOGAR SAN CARLOS""";2024-02-29;CALLE REAL 45;24;24061;LEON;CUADROS;24630;LA MAGDALENA;987 580112;;240576;HOGAR SAN CARLOS S.L.;;SOCIEDADES;;;PERSONAS CON DISCAPACIDAD;Residencia;Personas con discapacidad por enfermedad mental;OTROS: 53;42.706549;-5.6431228;OLGA ESTRADA MARTÍNEZ;42.706549, -5.6431228
CENTRO RESIDENCIAL CAMPOLAR;2023-03-07;CARRETERA LEON-LA BAÑEZA KM 8.3;24;24065;LEON;ARDONCINO;24251;LEÓN II - VALVERDE DE LA VIRGEN;987 680174;;240700;GESTIÓN RESIDENCIAL FIGAR S.L.;;SOCIEDADES;;;PERSONAS CON DISCAPACIDAD;Residencia;Personas con discapacidad por enfermedad mental;OTROS: 39;;;MARÍA ÁNGELES ÁLVAREZ PÉREZ;
VIVIENDA TUTELADA-GESTION RESIDENCIAL FIGAR;2022-11-07;CARRETERA LEON-LA BAÑEZA, 1 A 3;24;24065;LEON;ARDONCINO;24251;LEÓN II - VALVERDE DE LA VIRGEN;987 391229;;240905;GESTIÓN RESIDENCIAL FIGAR S.L.;;SOCIEDADES;;;PERSONAS CON DISCAPACIDAD;Vivienda;Personas con discapacidad por enfermedad mental;OTROS: 8;42.4423819;-5.685891;ISMAEL FIDALGO FIDALGO;42.4423819, -5.685891
VIVIENDA TUTELADA LA CASITA2;2022-11-07;CARRETERA LEON-LA BAÑEZA Nº 1;24;24065;LEON;ARDONCINO;24251;LEÓN II - VALVERDE DE LA VIRGEN;629 721196;;241414;GESTIÓN RESIDENCIAL FIGAR S.L.;;SOCIEDADES;ifidalgo@grupocampolar.com;;PERSONAS CON DISCAPACIDAD;Vivienda;Personas con discapacidad por trastorno del desarrollo intelectual leve o moderado;OTROS: 8;42.4423819;-5.685891;Mª ÁNGELES ÁLVAREZ PÉREZ;42.4423819, -5.685891
VIVIENDA TUTELADA LA CASITA 3;2023-11-07;CARRETERA LEON-LA BAÑEZA Nº 3;24;24065;LEON;ARDONCINO;24251;LEÓN II - VALVERDE DE LA VIRGEN;987 391229;;241458;GESTIÓN RESIDENCIAL FIGAR S.L.;;SOCIEDADES;info@grupocampolar.com;;PERSONAS CON DISCAPACIDAD;Vivienda;Personas con disc. física, sensorial, por trastorno del desarrollo intelectual y/o por enfer. mental;OTROS: 8;42.4422642;-5.686017;MARÍA ÁNGELES ÁLVAREZ PÉREZ;42.4422642, -5.686017
CENTRO RESIDENCIAL SAN NICOLAS;2023-06-15;CALLE CAMINO DEL RIO S/N;24;24070;LEON;FABERO;24420;FABERO;987 551375;;240843;CARITAS DIOCESANA DE ASTORGA;FUNDACIÓN AYALDE;INSTITUCIONES, ÓRDENES, CONGREGACIONES RELIGIOSAS Y SIMILARES;info@fundacionayalde.com;;PERSONAS MAYORES;Residencia;Para asistidos;ASISTIDOS: 77;;;JOSÉ MANUEL RODRÍGUEZ ALONSO;
RESIDENCIA PARA PERSONAS MAYORES ARROYO DE VALDEARCOS;2023-06-15;CALLE CAMINO DE CABAÑAS, Nº 18;24;24073;LEON;FRESNO DE LA VEGA;24223;VALENCIA DE DON JUAN;987 770312;987 770313;240836;GERIACYL, S.L.;;SOCIEDADES;;;PERSONAS MAYORES;Residencia;Para asistidos;ASISTIDOS: 75;42.3418937;-5.5371626;JUAN MATEO FERNÁNDEZ ACHIRICA;42.3418937, -5.5371626
CENTRO DE DÍA PARA PERSONAS CON DISCAPACIDAD PSÍQUICA GRAVE ORDOÑO II;2025-12-14;CARRETERA RIOSEQUINO S/N, BAJO;24;24076;LEON;SAN FELIZ DE TORIO;24890;LEÓN I - VILLAQUILAMBRE;987 578909;987 578749;240748;ASOCIACIÓN LEONESA DE ATENCIÓN A PERSONAS AFECTADAS DE PARÁLISIS CEREBRAL (ASPACE-LEÓN);;ASOCIACIÓN;sanfeliz@aspaceleon.org;;PERSONAS CON DISCAPACIDAD;Centro de día;Personas con discapacidad por trastorno del desarrollo intelectual;OTROS: 30;;;Aránzazu García Malagón;
CENTRO DE MAYORES VIRGEN DEL ARRABAL;2023-12-18;CALLE HONDA;24;24088;LEON;LAGUNA DE NEGRILLOS;24234;SANTA MARÍA DEL PÁRAMO;987 755008;;241918;AYUNTAMIENTO DE LAGUNA DE NEGRILLOS;RESIDENCIAS EXTREMEÑAS DE MAYORES, S.L.;ADMINISTRACIÓN LOCAL;secretario@aytolagunadenegrillos.es;;PERSONAS MAYORES;Residencia;Para asistidos;DEPENDIENTES: 20;42.2365378;-5.6643283;;42.2365378, -5.6643283
RESIDENCIA DE PERSONAS MAYORES SANTO MARTINO;2026-01-26;AVENIDA ALVARO LOPEZ NUÑEZ 28;24;24089;LEON;LEON;24008;LEÓN - MARIANO ANDRÉS;987 080350;;240442;GERENCIA DE SERVICIOS SOCIALES DE CASTILLA Y LEÓN;ARALIA SERVICIOS SOCIOSANITARIOS S.A.;ADMINISTRACIÓN AUTONÓMICA;santomartino@hogar.es;;PERSONAS MAYORES;Residencia;Para asistidos;ASISTIDOS: 90;42.604338;-5.5750848;GEMMA HERRERA HERNÁNDEZ;42.604338, -5.5750848
UNIDAD DE ESTANCIAS DIURNAS DE LA RESIDENCIA DE PERSONAS MAYORES SANTO MARTINO;2026-01-26;AVENIDA ALVARO LOPEZ NUÑEZ 28;24;24089;LEON;LEON;24008;LEÓN - MARIANO ANDRÉS;000 000000;000 000000000;240443;GERENCIA DE SERVICIOS SOCIALES DE CASTILLA Y LEÓN;ARALIA SERVICIOS SOCIOSANITARIOS S.A.;ADMINISTRACIÓN AUTONÓMICA;;;PERSONAS MAYORES;Centro de día;Estancias diurnas;ASISTIDOS: 20;42.604338;-5.5750848;GEMA HERRERA HERNÁNDEZ;42.604338, -5.5750848
UNIDAD DE ESTANCIAS DIURNAS LEÓN II;2022-11-07;CALLE FERNANDO G. REGUERAL Nº 7;24;24089;LEON;LEON;24400;LEÓN - CENTRO;987 220356;987 270472;240389;GERENCIA DE SERVICIOS SOCIALES DE CASTILLA Y LEÓN;EULEN SERVICIOS SOCIOSANITARIOS S.A.;ADMINISTRACIÓN AUTONÓMICA;;;PERSONAS MAYORES;Centro de día;Estancias diurnas;ASISTIDOS: 12;42.5827878;-5.5835203;YOLANDA FUENTE;42.5827878, -5.5835203
UNIDAD DE ESTANCIAS DIURNAS  LEÓN I;2023-11-09;PLAZA COLON 19;24;24089;LEON;LEON;24001;LEÓN - CENTRO;987 248656;;240567;GERENCIA DE SERVICIOS SOCIALES DE CASTILLA Y LEÓN;EULEN SERVICIOS SOCIOSANITARIOS S.A.;ADMINISTRACIÓN AUTONÓMICA;;;PERSONAS MAYORES;Centro de día;Estancias diurnas;ASISTIDOS: 20;42.5996384;-5.5782199;ARANTZAZU UNANUE CUESTA;42.5996384, -5.5782199
CENTRO DE DÍA PARA PERSONAS MAYORES LEÓN II;2022-11-07;CALLE FERNANDO G. REGUERAL Nº 7;24;24089;LEON;LEON;24003;LEÓN - SAN MAMÉS;987 220356;;240065;GERENCIA DE SERVICIOS SOCIALES DE CASTILLA Y LEÓN;;ADMINISTRACIÓN AUTONÓMICA;;;PERSONAS MAYORES;Centro de día;Hogar (Unidad de atención social);;42.6001479;-5.569876799999999;YOLANDA FUENTE GONZALEZ;42.6001479, -5.569876799999999
RESIDENCIA DE PROTECCIÓN DE MENORES EL ALBA-SANTA MARIA;2025-07-25;CALLE SERNA (LA) 54;24;24089;LEON;LEON;24007;LEÓN - SAN MAMÉS;987 229544;;240058;GERENCIA DE SERVICIOS SOCIALES DE CASTILLA Y LEÓN;;ADMINISTRACIÓN AUTONÓMICA;;;INFANCIA (Y JUVENTUD);Residencia;RESIDENCIA DE ACOGIDA;OTROS: 12;42.604609151539414;-5.558642402356893;SOR ROSARIO CASTRO MONTENEGRO;42.604609151539414, -5.558642402356893
RESIDENCIA DE PROTECCIÓN DE MENORES SUERO DE QUIÑONES;2025-05-12;AVENIDA ANTIBIOTICOS 130;24;24089;LEON;LEON;24190;LEÓN - ARMUNIA;987 202943;;240110;GERENCIA DE SERVICIOS SOCIALES DE CASTILLA Y LEÓN;;ADMINISTRACIÓN AUTONÓMICA;;;INFANCIA (Y JUVENTUD);Residencia;De protección;OTROS: 36;42.5757163392169;-5.58342566236412;;42.5757163392169, -5.58342566236412
RESIDENCIA NUESTRA SEÑORA DEL SAGRADO CORAZÓN;2025-02-18;PASEO PARQUE (EL) S/N;24;24089;LEON;LEON;24005;LEÓN - PUENTE CASTRO;987 202212;;240899;DIPUTACIÓN PROVINCIAL DE LEÓN;;ADMINISTRACIÓN LOCAL;;;PERSONAS CON DISCAPACIDAD;Residencia;Personas con discapacidad por trastorno del desarrollo intelectual;OTROS: 74;42.5814526;-5.5664974;MAR CHAMORRO GONZÁLEZ;42.5814526, -5.5664974
PISO ASPRONA LEÓN 1;2026-02-14;CALLE CIPRIANO DE LA HUERGA  Nº8 1;24;24089;LEON;LEON;24004;LEÓN - PUENTE CASTRO;987 246644;;240322;ASOCIACIÓN PROTECTORA DE PERSONAS CON DISCAPACIDAD INTELECTUAL (ASPRONA-LEÓN);;ASOCIACIÓN;;;PERSONAS CON DISCAPACIDAD;Vivienda;Personas con disc. física, sensorial, por trastorno del desarrollo intelectual y/o por enfer. mental;OTROS: 8;;;JORGE GARCÍA MARTÍNEZ;
PISO ASPRONA LEÓN 2;2026-02-14;AVENIDA PADRE ISLA 112-2º;24;24089;LEON;LEON;24002;LEÓN - MARIANO ANDRÉS;987 246644;;240329;ASOCIACIÓN PROTECTORA DE PERSONAS CON DISCAPACIDAD INTELECTUAL (ASPRONA-LEÓN);;ASOCIACIÓN;;;PERSONAS CON DISCAPACIDAD;Vivienda;Personas con disc. física, sensorial, por trastorno del desarrollo intelectual y/o por enfer. mental;OTROS: 8;42.6069104;-5.5792845;JORGE GARCÍA MARTÍNEZ;42.6069104, -5.5792845
"RESIDENCIA ""NUESTRA SEÑORA  DEL CAMINO""";2026-02-14;CALLE VEGA (LA) 28;24;24089;LEON;LEON;24009;LEÓN - ARMUNIA;987 219483;;240601;ASOCIACIÓN PROTECTORA DE PERSONAS CON DISCAPACIDAD INTELECTUAL (ASPRONA-LEÓN);;ASOCIACIÓN;;;PERSONAS CON DISCAPACIDAD;Residencia;Personas con discapacidad por trastorno del desarrollo intelectual;OTROS: 24;;;NICOLAS MERINO GARC IA;
VIVIENDA PADRE ISLA 1;2025-03-14;AVENIDA PADRE ISLA 112 7ºC;24;24089;LEON;LEON;24002;LEÓN - CENTRO;987 246644;987 246607;241635;ASOCIACIÓN PROTECTORA DE PERSONAS CON DISCAPACIDAD INTELECTUAL (ASPRONA-LEÓN);;ASOCIACIÓN;correo@asprona-leon.es;;PERSONAS CON DISCAPACIDAD;Vivienda;Personas con disc. física, sensorial, por trastorno del desarrollo intelectual y/o por enfer. mental;OTROS: 8;42.606875;-5.5792457;JORGE GARCÍA MARTÍNEZ;42.606875, -5.5792457
PISO 1 TORRES LA LASTRA;2024-02-15;CALLE DEFENSORES DE LA PAZ  Nº 11 3º A;24;24089;LEON;LEON;24005;LEÓN - PUENTE CASTRO;987 246644;987 246607;240831;ASOCIACIÓN PROTECTORA DE PERSONAS CON DISCAPACIDAD INTELECTUAL (ASPRONA-LEÓN);;ASOCIACIÓN;;;PERSONAS CON DISCAPACIDAD;Vivienda;Personas con discapacidad por trastorno del desarrollo intelectual leve o moderado;OTROS: 6;42.582536;-5.5587336;JORGE GARCÍA MARTÍNEZ;42.582536, -5.5587336
PISO 2 TORRES LA LASTRA;2023-11-15;CALLE DEFENSORES DE LA PAZ Nº 11 3ºB;24;24089;LEON;LEON;24005;LEÓN - PUENTE CASTRO;987 246644;987 246607;240832;ASOCIACIÓN PROTECTORA DE PERSONAS CON DISCAPACIDAD INTELECTUAL (ASPRONA-LEÓN);;ASOCIACIÓN;;;PERSONAS CON DISCAPACIDAD;Vivienda;Personas con discapacidad por trastorno del desarrollo intelectual leve o moderado;OTROS: 7;42.582536;-5.5587336;JORGE GARCÍA MARTÍNEZ;42.582536, -5.5587336
PISO 1 PUERTA LA LASTRA;2026-02-14;AVENIDA JOSE AGUADO 25 - 1º A;24;24089;LEON;LEON;24005;LEÓN - PUENTE CASTRO;987 246644;;240833;ASOCIACIÓN PROTECTORA DE PERSONAS CON DISCAPACIDAD INTELECTUAL (ASPRONA-LEÓN);;ASOCIACIÓN;;;PERSONAS CON DISCAPACIDAD;Vivienda;Personas con discapacidad por trastorno del desarrollo intelectual leve o moderado;OTROS: 7;42.59046569195541;-5.5652642860907084;JORGE GARCÍA MARTÍNEZ;42.59046569195541, -5.5652642860907084
"CENTRO DE TERAPIA OCUPACIONAL ""JULIO DEL CAMPO""";2026-02-14;CALLE JULIO DEL CAMPO 9;24;24089;LEON;LEON;24002;LEÓN - CENTRO;987 238650;;240618;ASOCIACIÓN PROTECTORA DE PERSONAS CON DISCAPACIDAD INTELECTUAL (ASPRONA-LEÓN);;ASOCIACIÓN;centrojcampo@asprona-leon.es;;PERSONAS CON DISCAPACIDAD;Centro de día;Personas con discapacidad por trastorno del desarrollo intelectual;OTROS: 60;42.59982303519609;-5.574646409914276;ANGEL MAYO GARCIA;42.59982303519609, -5.574646409914276
CENTRO MUNICIPAL GLORIA FUERTES II;2022-11-07;AVENIDA PAIS LEONES Nº 22 BAJO;24;24089;LEON;LEON;24010;LEÓN - EL CRUCERO-LA VEGA;987 275056;;241144;AYUNTAMIENTO DE LEÓN;;ADMINISTRACIÓN LOCAL;;;INFANCIA (Y JUVENTUD);Centro de día;Centro de día;OTROS: 15;42.61663859999999;-5.5996007;JESUS NUÑEZ PALACIO;42.61663859999999, -5.5996007
CENTRO OCUPACIONAL Y LABORAL LA SENDA;2025-10-14;CARRETERA CARBAJAL 15  SAN CAYETANO EDIF. SAN JOSÉ;24;24089;LEON;LEON;24008;LEÓN - MARIANO ANDRÉS;987 248033;;240458;ASOCIACIÓN LEONESA DE FAMILIARES Y AMIGOS DE ENFERMOS MENTALES - ALFAEM;;ASOCIACIÓN;;;PERSONAS CON DISCAPACIDAD;Centro de día;Personas con discapacidad por enfermedad mental;DISCAPACIDAD ENFERMEDAD MENTAL: 130;;;CARLOS MOUTA FERNÁNDEZ;
VIVIENDA SUPERVISADA REINO DE LEÓN;2023-11-15;AVENIDA REINO DE LEON Nº 11;24;24089;LEON;LEON;24006;LEÓN - EL EJIDO;987 210126;;241107;ASOCIACIÓN LEONESA DE FAMILIARES Y AMIGOS DE ENFERMOS MENTALES - ALFAEM;;ASOCIACIÓN;;;PERSONAS CON DISCAPACIDAD;Vivienda;Personas con discapacidad por enfermedad mental;OTROS: 4;42.5928016;-5.5645584;CARLOS MOUTA FERNANDEZ;42.5928016, -5.5645584
VIVIENDA SUPERVISADA - PADRE ISLA;2023-11-15;AVENIDA PADRE ISLA  Nº 113 6º C;24;24089;LEON;LEON;24008;LEÓN - CENTRO;987 210126;987 006061;240875;ASOCIACIÓN LEONESA DE FAMILIARES Y AMIGOS DE ENFERMOS MENTALES - ALFAEM;;ASOCIACIÓN;gerencia@alfaem.org;;PERSONAS CON DISCAPACIDAD;Vivienda;Personas con discapacidad por enfermedad mental;OTROS: 4;42.6072013;-5.5800351;CARLOS MOUTA FERNANDEZ;42.6072013, -5.5800351
VIVIENDA SUPERVISADA VALERA;2023-11-15;CALLE SANTA ANA 36 4º DCHA;24;24089;LEON;LEON;24005;LEÓN - EL EJIDO;987 210126;;241636;ASOCIACIÓN LEONESA DE FAMILIARES Y AMIGOS DE ENFERMOS MENTALES - ALFAEM;;ASOCIACIÓN;gerencia@alfaem.org;;PERSONAS CON DISCAPACIDAD;Vivienda;Personas con disc. física, sensorial, por trastorno del desarrollo intelectual y/o por enfer. mental;OTROS: 4;;;CARLOS MOUTA FERNANDEZ;
CASA DE ACOGIDA NUESTRA SEÑORA DE FATIMA;2023-09-27;S/C;24;24089;LEON;LEON;24000;ZDESCONOCIDO;;;241532;CONGREGACIÓN DE LAS HERMANAS DE MARÍA Y JOSÉ DE LA MISERICORDIA;;INSTITUCIONES, ÓRDENES, CONGREGACIONES RELIGIOSAS Y SIMILARES;;;MUJER;Vivienda;Casa de acogida mujeres maltratadas;OTROS: 18;;;;
CASA DE ACOGIDA SIMONE DE BEAUVOIR;2023-09-27;S/C;24;24089;LEON;LEON;24000;ZDESCONOCIDO;000 000000;;240063;ASOCIACIÓN LEONESA DE MUJERES SIMONE BEAUVOIR;;ASOCIACIÓN;;;MUJER;Vivienda;Casa de acogida mujeres maltratadas;OTROS: 17;;;;
PISO DE ACOGIDA MOISES DE LEÓN;2026-01-20;CALLE MOISES DE LEON 31;24;24089;LEON;LEON;24006;LEÓN - EL EJIDO;638 794430;638 638794430;242017;ACCEM;;ASOCIACIÓN;leon@accem.es;;INCLUSIÓN SOCIAL;Vivienda;Vivienda para personas en situación de vulnerabilidad;MIXTO: 6;42.59087967675298;-5.5587723377044;;42.59087967675298, -5.5587723377044
CENTRO DE ACOGIDA;2025-12-02;CALLE REINA Y SANTA 22;24;24089;LEON;LEON;24008;LEÓN - MARIANO ANDRÉS;687 584633;687 687584633;242008;ACCEM;;ASOCIACIÓN;leon@accem.es;;INFANCIA (Y JUVENTUD);Vivienda;UNIDAD DE ACOGIDA;OTROS: 8;42.60860958044814;-5.571929496927078;;42.60860958044814, -5.571929496927078
"HOGAR PARA LA SOCIALIZACIÓN ""EL TRAGALUZ""";2009-05-26;CALLE JULIO DEL CAMPO 4- 3 IZQ.;24;24089;LEON;LEON;24002;LEÓN - CENTRO;987 245889;;240278;FUNDACIÓN JUAN SOÑADOR;;FUNDACIÓN;;;INFANCIA (Y JUVENTUD);Vivienda;Hogar de socialización;OTROS: 8;42.6002002;-5.5737117;SANTIAGO GONZALEZ MAYOR;42.6002002, -5.5737117
CENTRO DE DÍA FONTANA;2023-03-07;PASEO PARQUE (EL) Nº 2;24;24089;LEON;LEON;24005;LEÓN - ARMUNIA;987 203112;;240345;FUNDACIÓN JUAN SOÑADOR;;FUNDACIÓN;;;INFANCIA (Y JUVENTUD);Centro de día;Centro de día;OTROS: 15;;;Alfredo Gonzalez Sanchez;
VIVIENDA TUTELADA PILAR VALLEZ;2025-04-14;PASEO PARQUE (EL)  Nº 17 CENTRO DE RECURSOS PILAR VALLEZ;24;24089;LEON;LEON;24005;LEÓN - PUENTE CASTRO;987 234341;;241511;ASOCIACIÓN DE PADRES Y FAMILIARES DE PERSONAS CON AUTISMO DE LEÓN Y  PROVINCIA;;ASOCIACIÓN;asociacion@autismoleon.org;;PERSONAS CON DISCAPACIDAD;Vivienda;Personas con discapacidad por trastorno del espectro del autismo;OTROS: 6;;;DARIO ALBARES CACHAZO;
VIVIENDA TUTELADA PADRE ARINTERO;2026-03-10;CALLE PADRE ARINTERO 11;24;24089;LEON;LEON;24001;LEÓN - CENTRO;646 837671;646 646837671;242023;GESTIÓN RESIDENCIAL FIGAR S.L.;;SOCIEDADES;jfidalgo@grupocampolar.com;;PERSONAS CON DISCAPACIDAD;Vivienda;Personas con discapacidad por enfermedad mental;DISCAPACIDAD ENFERMEDAD MENTAL: 2;42.5989025;-5.577312099999999;;42.5989025, -5.577312099999999
CENTRO RESIDENCIAL DE PERSONAS MAYORES BOUCO LEÓN;2026-01-22;AVENIDA PEREGRINOS (LOS) 40-42;24;24089;LEON;LEON;24008;LEÓN - MARIANO ANDRÉS;987 840264;;240485;SANYRES SUR, S.L.;;SOCIEDADES;direccion.leon@orpea.net;;PERSONAS MAYORES;Residencia;Para asistidos;ASISTIDOS: 271;42.61188882425172;-5.591215091112671;GEMMA SANCHEZ GARCIA;42.61188882425172, -5.591215091112671
UNIDAD DE ESTANCIAS DIURNAS DE PERSONAS MAYORES BOUCO LEÓN;2026-01-22;AVENIDA PEREGRINOS (LOS) 40-42;24;24089;LEON;LEON;24008;LEÓN - MARIANO ANDRÉS;902 200065;;240486;SANYRES SUR, S.L.;;SOCIEDADES;social01.leon@orpea.net;;PERSONAS MAYORES;Centro de día;Estancias diurnas;ASISTIDOS: 50;42.61188882425172;-5.591215091112671;VÍCTOR MANUEL CASADO DÍAZ;42.61188882425172, -5.591215091112671
RESIDENCIA CLECE VITAM OTAZU;2024-10-03;AVENIDA LANCIA 4;24;24089;LEON;LEON;24004;LEÓN - CENTRO;987 880001;;241448;CLECE VITAM, S.A.;;SOCIEDADES;jmprellezo@clecevitam.com;;PERSONAS MAYORES;Residencia;Para asistidos;ASISTIDOS: 80;42.5940317;-5.5730398;LARA FERNÁNDEZ BAJO;42.5940317, -5.5730398
HOGAR MARILLAC;2022-11-07;AVENIDA DE ASTURIAS Nº 19 4º DYE;24;24089;LEON;LEON;24080;LEÓN - MARIANO ANDRÉS;987 307251;;241493;COMUNIDAD CENTRO DE ACOGIDA EL ALBA;;INSTITUCIONES, ÓRDENES, CONGREGACIONES RELIGIOSAS Y SIMILARES;visitadora.en@hijasdela caridad.org;;INFANCIA (Y JUVENTUD);Vivienda;Hogar tutelado;OTROS: 6;42.6055909;-5.5754385;MªConcepción González Izquierdo;42.6055909, -5.5754385
VITALIA LEON;2024-08-30;CALLE OBISPO ALMARCHA 22 B;24;24089;LEON;LEON;24006;LEÓN - EL EJIDO;976 229522;976 682214552;241950;VITALIA HOME S.L.U.;VITALIA HOME S.L.U.;SOCIEDADES;notificaciones@vitaliaplus.es;;PERSONAS MAYORES;Residencia;Mixta para válidos y asistidos;DEPENDIENTES: 140;42.5976348;-5.562156;Raquel Delgado Moya;42.5976348, -5.562156
RESIDENCIA DE ASISTIDOS JUAN PABLO II;2025-04-22;CALLE VICTOR DE LOS RIOS , 23;24;24089;LEON;LEON;24001;LEÓN - EL EJIDO;987 218325;;240806;VITALIA HOME S.L.U.;;SOCIEDADES;lgutierrez@vitaliaplus.es;;PERSONAS MAYORES;Residencia;Para asistidos;DEPENDIENTES: 50;;;LOURDES GUTIÉRREZ DÍEZ;
"UNIDAD DE ESTANCIAS DIURNAS ""EL PINAR""";2020-10-14;CALLE PINAR (EL) S/N;24;24091;LEON;TABUYO DEL MONTE;24721;ASTORGA;658 880067;;240606;JUNTA VECINAL DE TABUYO DEL MONTE;LA ABEDOLINA, S.L.;ADMINISTRACIÓN LOCAL;laabedolina@gmail.com;;PERSONAS MAYORES;Centro de día;Estancias diurnas;ASISTIDOS: 15;42.3122097;-6.2009917;JOSE LUIS ABAJO DIOS;42.3122097, -6.2009917
HOGAR COMARCAL DEL PENSIONISTA VIRGEN DE GRACIA;2022-11-07;CALLE GREGORIO MARTINEZ SACRISTAN Nº 4;24;24094;LEON;MANSILLA DE LAS MULAS;24210;MANSILLAS DE LAS MULAS;987 310163;;240155;"ASOCIACION HOGAR CULTURAL DEL PENSIONISTA ""VIRGEN DE GRACIA""";;ASOCIACIÓN;;;PERSONAS MAYORES;Centro de día;Hogar (Unidad de atención social);;42.4990606;-5.4195342;;42.4990606, -5.4195342
RESIDENCIA PERSONAS MAYORES VIRGEN DE LA ERA;2022-11-07;AVENIDA REVERENDA MADRE AURORA RUEDA GOMEZ S/N;24;24097;LEON;FONTANIL DE LOS OTEROS;24291;VALENCIA DE DON JUAN;987 696083;987 696083;240174;CAPUCHINAS MISIONERAS DEL TRABAJO;;INSTITUCIONES, ÓRDENES, CONGREGACIONES RELIGIOSAS Y SIMILARES;fontanil_virgendelaera@hotmail.com;;PERSONAS MAYORES;Residencia;Mixta para válidos y asistidos;VÁLIDOS: 27, ASISTIDOS: 15;42.3377716;-5.369746800000001;MARIA DEL CONSUELO AGUAYO GARCIA;42.3377716, -5.369746800000001
CENTRO RESIDENCIAL LAS NIEVES;2021-09-30;CALLE VEGA (LA) 64;24;24110;LEON;PARAMO DEL SIL;24470;TORENO;987 526577;;240982;VALLE DEL OZA, S.L.;;SOCIEDADES;administracion@centroresidenciallasnieves.com;www.centroresidenciallasnieves.com;PERSONAS MAYORES;Residencia;Para asistidos;ASISTIDOS: 49;42.8191412;-6.497581599999999;ANA E. PRIETO ORALLO;42.8191412, -6.497581599999999
CLUB DE JUBILADOS Y PENSIONISTAS EL CASTRO;2022-11-07;CALLE MAESTRO JOSE DE PAZ S/N;24;24114;LEON;SANTA LUCIA;24600;CUENCA DE MATALLANA;987 586074;;240132;"ASOCIACION DE JUBILADOS Y PENSIONISTAS ""EL CASTRO""";;ASOCIACIÓN;;;PERSONAS MAYORES;Centro de día;Hogar (Unidad de atención social);;42.873547;-5.6402469;;42.873547, -5.6402469
VIVIENDA SUPERVISADA VAZQUEZ;2023-11-15;CALLE BADAJOZ  Nº 18 3º A;24;24115;LEON;FLORES DEL SIL;24400;PONFERRADA - ZONA BAJA - FLORES SIL;987 210126;;241221;ASOCIACIÓN LEONESA DE FAMILIARES Y AMIGOS DE ENFERMOS MENTALES - ALFAEM;;ASOCIACIÓN;gerencia@alfaem.org;;PERSONAS CON DISCAPACIDAD;Vivienda;Personas con disc. física, sensorial, por trastorno del desarrollo intelectual y/o por enfer. mental;OTROS: 4;;;CARLOS MOUTA FERNANDEZ;
RESIDENCIA DE MAYORES HOGAR 70;2025-02-24;CALLE DEPORTES 25;24;24115;LEON;FUENTES NUEVAS;24411;PONFERRADA - ZONA CENTRO - LA PUEBLA;987 455366;;240157;CARITAS DIOCESANA DE ASTORGA;;INSTITUCIONES, ÓRDENES, CONGREGACIONES RELIGIOSAS Y SIMILARES;caritasastorga@hotmail.com;;PERSONAS MAYORES;Residencia;Para asistidos;ASISTIDOS: 70;42.5700634;-6.6403199;EVA RODRÍGUEZ RUBIO;42.5700634, -6.6403199
RESIDENCIA DE PERSONAS MAYORES DE PONFERRADA;2023-09-18;CALLE RAMON GONZALEZ ALEGRE 10;24;24115;LEON;PONFERRADA;24400;PONFERRADA - ZONA BAJA - FLORES SIL;987 429673;987 429552;240107;GERENCIA DE SERVICIOS SOCIALES DE CASTILLA Y LEÓN;;ADMINISTRACIÓN AUTONÓMICA;;;PERSONAS MAYORES;Residencia;Para asistidos;ASISTIDOS: 140;42.54856040000001;-6.612635699999999;Roberto Martínez Iglesias;42.54856040000001, -6.612635699999999
CENTRO DE DÍA PARA PERSONAS MAYORES DE PONFERRADA;2022-05-25;CALLE GENERAL GOMEZ NUÑEZ 17;24;24115;LEON;PONFERRADA;24403;PONFERRADA - ZONA CENTRO - LA PUEBLA;987 410918;;240068;GERENCIA DE SERVICIOS SOCIALES DE CASTILLA Y LEÓN;;ADMINISTRACIÓN AUTONÓMICA;;;PERSONAS MAYORES;Centro de día;Hogar (Unidad de atención social);;42.5496084;-6.598811;IGNACIO BERJON GARMON;42.5496084, -6.598811
PISO TUTELADO FLORES DEL SIL A;2025-03-14;CALLE ORO (EL) 11-1º A;24;24115;LEON;PONFERRADA;24400;PONFERRADA - ZONA BAJA - FLORES SIL;987 412985;;240475;ASPRONA BIERZO;;ASOCIACIÓN;;;PERSONAS CON DISCAPACIDAD;Vivienda;Personas con disc. física, sensorial, por trastorno del desarrollo intelectual y/o por enfer. mental;OTROS: 4;;;ARANZAZÚ DUO DELGADO;
PISO TUTELADO FLORES DEL SIL B;2025-03-14;CALLE ORO (EL) 11-1º B;24;24115;LEON;PONFERRADA;24400;PONFERRADA - ZONA BAJA - FLORES SIL;987 412965;;240476;ASPRONA BIERZO;;ASOCIACIÓN;tsfamilias@aspronabierzo.org;;PERSONAS CON DISCAPACIDAD;Vivienda;Personas con disc. física, sensorial, por trastorno del desarrollo intelectual y/o por enfer. mental;OTROS: 4;;;ARANZAZÚ DUO DELGADO;
CENTRO DE DIA CENTRO DE BARRIO FLORES DEL SIL;2026-01-14;CALLE MALAGA 8;24;24115;LEON;PONFERRADA;24403;PONFERRADA - ZONA BAJA - FLORES SIL;987 455228;;241773;ASPRONA BIERZO;;ASOCIACIÓN;aspronabierzo@aspronabierzo.org;;PERSONAS CON DISCAPACIDAD;Centro de día;Personas con discapacidad por trastorno del desarrollo intelectual;OTROS: 30;42.54683;-6.613279899999999;EVA BLANCO LAGO;42.54683, -6.613279899999999
CUATROVIENTOS 3ºA;2025-12-14;AVENIDA GALICIA Nº 43 3º A;24;24115;LEON;PONFERRADA;24404;PONFERRADA - ZONA BAJA - FLORES SIL;987 412985;;241572;ASPRONA BIERZO;;ASOCIACIÓN;aspronabierzo@aspronabierzo.org;;PERSONAS CON DISCAPACIDAD;Vivienda;Personas con disc. física, sensorial, por trastorno del desarrollo intelectual y/o por enfer. mental;OTROS: 7;42.5583315;-6.6210569;ARANZAZÚ DUO DELGADO;42.5583315, -6.6210569
CUATROVIENTOS 1ºB;2025-12-14;AVENIDA GALICIA Nº 43 1º B;24;24115;LEON;PONFERRADA;24404;PONFERRADA - ZONA BAJA - FLORES SIL;987 412985;;241569;ASPRONA BIERZO;;ASOCIACIÓN;aspronabierzo@aspronabierzo.org;;PERSONAS CON DISCAPACIDAD;Vivienda;Personas con disc. física, sensorial, por trastorno del desarrollo intelectual y/o por enfer. mental;OTROS: 5;42.5583315;-6.6210569;ARANZAZÚ DUO DELGADO;42.5583315, -6.6210569
CENTRO DE DÍA PARA ENFERMOS DE ALZHEIMER DE FLORES DEL SIL;2024-02-12;CALLE RAMON GARCIA ALEGRE S/N;24;24115;LEON;PONFERRADA;24400;PONFERRADA - ZONA BAJA - FLORES SIL;987 412838;987 415570;240839;AYUNTAMIENTO DE PONFERRADA;ASOCIACION ALZHEIMER BIERZO;ADMINISTRACIÓN LOCAL;alzheimer@afabierzo.org;;PERSONAS MAYORES;Centro de día;Estancias diurnas para enfermos de Alzheimer;DEPENDIENTES: 60;;;ANA PILAR RODRÍGUEZ GUZMAN;
CENTRO DE DÍA PARA MENORES;2022-11-07;"CALLE JOSE LUIS SUAREZ, LOCALES DE LOS BAJOS DEL CAMO DE FUTBOL ""EL TORALÍN""";24;24115;LEON;PONFERRADA;24400;PONFERRADA - ZONA CENTRO - LA PUEBLA;987 446600;987 446630;240721;AYUNTAMIENTO DE PONFERRADA;;ADMINISTRACIÓN LOCAL;;;INFANCIA (Y JUVENTUD);Centro de día;Centro de día;OTROS: 20;42.557376;-6.5998646;CARLOS LOPEZ RIESCO;42.557376, -6.5998646
CENTRO DE DÍA MULTIACTIVIDAD EL CAMINO;2026-03-23;CALLE CADIZ S/N;24;24115;LEON;PONFERRADA;24003;PONFERRADA - ZONA BAJA - FLORES SIL;987 210126;987 987210126;242034;ASOCIACIÓN LEONESA DE FAMILIARES Y AMIGOS DE ENFERMOS MENTALES - ALFAEM;;ASOCIACIÓN;administracion@alfaem.org;;PERSONAS CON DISCAPACIDAD;Centro de día;Centro de día multiactividad/ personas con discapacidad por enfermedad mental;DISCAPACIDAD ENFERMEDAD MENTAL: 30;;;;
"CENTRO OCUPACIONAL  ""EL VALLE""";2023-10-31;CALLE BRINDIS MORAN 2;24;24115;LEON;PONFERRADA;24400;PONFERRADA - ZONA BAJA - FLORES SIL;987 427720;;240602;ASOCIACIÓN LEONESA DE FAMILIARES Y AMIGOS DE ENFERMOS MENTALES - ALFAEM;;ASOCIACIÓN;ponferrada@alfaem.org;;PERSONAS CON DISCAPACIDAD;Centro de día;Personas con discapacidad por enfermedad mental;OTROS: 43;42.551284;-6.6119184;ANA ISABEL URONES SUÁÑEZ;42.551284, -6.6119184
RESIDENCIA DE MAYORES VIRGEN DEL CASTRO;2024-04-03;CALLE CALZADA (LA) S/N;24;24131;LEON;CASTROTIERRA DE LA VALDUERNA;24765;LA BAÑEZA;987 606022;;240614;MULTIZONA MULTIPRODUCTO, S.L.;;SOCIEDADES;multizonamultiservicios@hotmail.es;;PERSONAS MAYORES;Residencia;Para asistidos;DEPENDIENTES: 41;42.328589;-5.9938545;BLANCA MARÍA VEGA LÓPEZ;42.328589, -5.9938545
CENTRO RESIDENCIAL RIELLO;2025-05-30;CARRETERA DE LA URZ S/N;24;24132;LEON;RIELLO;24127;LA MAGDALENA;987 580730;;240131;AYUNTAMIENTO DE RIELLO;CK SENIOR GESTIÓN, S.L;ADMINISTRACIÓN LOCAL;direccionriello@cksenior.es;;PERSONAS MAYORES;Residencia;Para asistidos;ASISTIDOS: 26;;;YAIZA SACO MELÓN;
"UNIDAD DE ESTANCIAS DIURNAS ""VIRGEN DE LA PEREGRINA""";2023-03-03;AVENIDA FERNANDO DE CASTRO 53;24;24139;LEON;SAHAGUN;24320;SAHAGÚN DE CAMPOS;987 780001;987 781000;240629;AYUNTAMIENTO DE SAHAGUN;EXCELLENCE INNOVA CYF, S.L.;ADMINISTRACIÓN LOCAL;;;PERSONAS MAYORES;Centro de día;Estancias diurnas;ASISTIDOS: 15;42.3694354;-5.0284576;HERMILA FERNANEZ ALAEZ;42.3694354, -5.0284576
CASA DE FAMILIA NUESTRA SEÑORA DE LOURDES;2021-01-30;CALLE OBRERAS DE JESUS S/N;24;24142;LEON;SAN ANDRES DEL RABANEDO;24010;ZONA I - SAN ANDRÉS DEL RABANEDO;987 264636;;240120;PIA UNION DE OBRERAS DE JESUS;;INSTITUCIONES, ÓRDENES, CONGREGACIONES RELIGIOSAS Y SIMILARES;;;INFANCIA (Y JUVENTUD);Vivienda;Hogar de acogida;OTROS: 8;42.6032329;-5.5918334;MARIA SALETA SANCHEZ VAZQUEZ;42.6032329, -5.5918334
PISO DE CHICAS - ASPRONA;2025-02-14;CALLE IGLESIA (LA) 60BAJO IZD.;24;24142;LEON;TROBAJO DEL CAMINO;24010;ZONA I - SAN ANDRÉS DEL RABANEDO;987 804400;;240049;ASOCIACIÓN PROTECTORA DE PERSONAS CON DISCAPACIDAD INTELECTUAL (ASPRONA-LEÓN);;ASOCIACIÓN;;;PERSONAS CON DISCAPACIDAD;Vivienda;Personas con disc. física, sensorial, por trastorno del desarrollo intelectual y/o por enfer. mental;OTROS: 6;;;JORGE GARCÍA MARTÍNEZ;
CENTRO RESIDENCIAL SANTA COLOMBA DE SOMOZA;2023-08-23;CALLE ANTONIO PEREZ CRESPO  23;24;24152;LEON;SANTA COLOMBA DE SOMOZA;24722;ASTORGA;987 631704;987 425954;241046;AYUNTAMIENTO DE SANTA COLOMBA DE SOMOZA;RESIDENCIA TERCERA EDAD LAS ENCINAS, S.L.;ADMINISTRACIÓN LOCAL;admon@lasencinassg.com;;PERSONAS MAYORES;Residencia;Para asistidos;ASISTIDOS: 49;42.445093;-6.244669999999999;MÓNICA MARTÍNEZ FERNÁNDEZ;42.445093, -6.244669999999999
"UNIDAD DE ESTACIAS DIURNAS ""SANTA COLOMBA DE SOMOZA""";2020-11-13;CALLE ANTONIO PEREZ CRESPO S/N.;24;24152;LEON;SANTA COLOMBA DE SOMOZA;24722;ASTORGA;987 631056;;240359;AYUNTAMIENTO DE SANTA COLOMBA DE SOMOZA;;ADMINISTRACIÓN LOCAL;aytostacolomba@live.com;;PERSONAS MAYORES;Centro de día;Estancias diurnas;ASISTIDOS: 24;42.4444899;-6.2441721;JOSÉ MIGUEL NIETO GARCÍA;42.4444899, -6.2441721
RESIDENCIA DE PERSONAS MAYORES NUESTRA SEÑORA DEL OLMO;2023-11-08;AVENIDA LEON 3;24;24153;LEON;MATALLANA DE VALMADRIGAL;24290;VALENCIA DE DON JUAN;685 489520;;240626;CASADO HUERTA S.L.;;SOCIEDADES;virgendelolmo22@gmail.com;;PERSONAS MAYORES;Residencia;Para asistidos;ASISTIDOS: 24;42.35807;-5.328819999999999;MARIA JOSE MATIAS DEL RIO;42.35807, -5.328819999999999
CENTRO DE DÍA CON UNIDAD DE ESTANCIAS DIURNAS PÁRAMO;2021-09-30;AVENIDA ASTURIAS 45;24;24157;LEON;SANTA MARIA DEL PARAMO;24240;SANTA MARÍA DEL PÁRAMO;629 721196;;241628;CENTRO RESIDENCIAL PARAMO S.L.;;SOCIEDADES;ifidalgo@grupocampolar.com;;PERSONAS MAYORES;Centro de día;Estancias diurnas;ASISTIDOS: 30;42.3580419;-5.745414299999999;ISMAEL FIDALGO (REPRESENTANTE);42.3580419, -5.745414299999999
RESIDENCIA GERIATRICA ORDAS;2022-06-23;GARANDILLA, S/N;24;24158;LEON;CALLEJO DE ORDAS;24477;LA MAGDALENA;987 590001;987 590060;240792;RESIDENCIA GERIATRICA ORDAS S.L;;SOCIEDADES;residenciaordas@gmail.com;;PERSONAS MAYORES;Residencia;Para asistidos;ASISTIDOS: 44;42.7272408;-5.8225083;JAVIER DIEZ ARIAS;42.7272408, -5.8225083
CENTRO RESIDENCIAL LOS ROSALES;2022-11-07;AVENIDA LEON Nº 236;24;24163;LEON;CARBAJAL DE LA LEGUA;24196;LA MAGDALENA;987 288590;;241076;LOS ROSALES DE CARBAJAL S.L.U;;SOCIEDADES;rosalesresidencia@gmail.com;;PERSONAS MAYORES;Residencia;Para asistidos;ASISTIDOS: 50;42.6459889;-5.6044443;MARIA LOURDES MACHIO JOVEN;42.6459889, -5.6044443
"CENTRO DE ATENCIÓN SOCIAL ""ORLANDO LÓPEZ VIEIROS""";2022-11-07;AVENIDA ASTURIAS Nº 50;24;24169;LEON;TORENO;24450;TORENO;987 533363;;240934;AYUNTAMIENTO DE TORENO;;ADMINISTRACIÓN LOCAL;aytotoreno@terra.es;;PERSONAS MAYORES;Centro de día;Hogar (Unidad de atención social);;42.6993195;-6.512413599999999;PEDRO MUÑOZ FERNÁNDEZ;42.6993195, -6.512413599999999
DIACONIA ARCAHUEJA III;2026-02-24;PLAZA PEREGRINO (EL) 1;24;24175;LEON;ARCAHUEJA;24227;LEÓN - PUENTE CASTRO;677 615788;677 987539035;242026;DIACONÍA;;INSTITUCIONES, ÓRDENES, CONGREGACIONES RELIGIOSAS Y SIMILARES;juridico@diaconia.es;;INCLUSIÓN SOCIAL;Vivienda;Vivienda para personas en situación de vulnerabilidad;MIXTO: 8;;;;
RESIDENCIA PERSONAS MAYORES  LA PAZ;2025-12-10;CARRETERA LEON-VALLADOLID KM. 7;24;24175;LEON;SANFELISMO;24227;LEÓN I - VILLAQUILAMBRE;987 269844;;240565;RESIDENCIA DE TERCERA EDAD LA PAZ S.L.;;SOCIEDADES;info@lapaz.es;;PERSONAS MAYORES;Residencia;Para asistidos;ASISTIDOS: 92;;;NHORA GABRIELA BILBAO RODRÍGUEZ;
HOGAR DEL PENSIONISTA SAN LORENZO;2020-10-14;PLAZA AYUNTAMIENTO S/N;24;24187;LEON;VALDEVIMBRE;24230;SANTA MARÍA DEL PÁRAMO;987 304149;;240125;ASOCIACION CLUB HOGAR DEL PENSIONISTA DE VALDEVIMBRE;;ASOCIACIÓN;;;PERSONAS MAYORES;Centro de día;Hogar (Unidad de atención social);;42.4192828;-5.6175301;;42.4192828, -5.6175301
CENTRO DE DÍA VALENCIA DE DON JUAN;2026-02-14;CALLE SAN COSME Nº 1, PRIMERA PLANTA;24;24188;LEON;VALENCIA DE DON JUAN;24200;VALENCIA DE DON JUAN;987 246644;;240527;ASOCIACIÓN PROTECTORA DE PERSONAS CON DISCAPACIDAD INTELECTUAL (ASPRONA-LEÓN);;ASOCIACIÓN;aspronavdj@hotmail.es;;PERSONAS CON DISCAPACIDAD;Centro de día;Personas con discapacidad por trastorno del desarrollo intelectual;OTROS: 24;;;CRISTINA MARTINEZ HUERGA;
"CENTRO DE TERAPIA OCUPACIONAL ""VIRGEN DEL CAMINO""";2025-12-14;CARRETERA ASTORGA 87;24;24189;LEON;VIRGEN DEL CAMINO (LA);24198;LEÓN II - VALVERDE DE LA VIRGEN;987 302353;;240484;ASOCIACIÓN PROTECTORA DE PERSONAS CON DISCAPACIDAD INTELECTUAL (ASPRONA-LEÓN);;ASOCIACIÓN;aulasvcamino@asprona-leon.es;;PERSONAS CON DISCAPACIDAD;Centro de día;Personas con discapacidad por trastorno del desarrollo intelectual;OTROS: 35;42.5794528;-5.6414161;MARIA JOSÉ PÉREZ DE PRADO;42.5794528, -5.6414161
"CENTRO DE DÍA PARA PERSONAS CON DISCAPACIDAD PSÍQUICA GRAVE  ""VIRGEN DEL CAMINO""";2025-04-14;AVENIDA ASTORGA 87;24;24189;LEON;VIRGEN DEL CAMINO (LA);24198;LEÓN II - VALVERDE DE LA VIRGEN;987 246644;;240745;ASOCIACIÓN PROTECTORA DE PERSONAS CON DISCAPACIDAD INTELECTUAL (ASPRONA-LEÓN);;ASOCIACIÓN;;;PERSONAS CON DISCAPACIDAD;Centro de día;Personas con discapacidad por trastorno del desarrollo intelectual;OTROS: 10;42.5794528;-5.6414161;MARIA JOSÉ PÉREZ DE PRADO;42.5794528, -5.6414161
RESIDENCIA DOÑA CINIA;2023-08-15;AVENIDA ASTORGA Nº 87;24;24189;LEON;VIRGEN DEL CAMINO (LA);24198;LEÓN II - VALVERDE DE LA VIRGEN;987 300731;;240859;FUNDACIÓN SOLIDARIDAD Y TRABAJO VIRGEN DEL CAMINO (FUNDACIÓN SOLTRA);;FUNDACIÓN;ca.martinez@soltra.org;;PERSONAS CON DISCAPACIDAD;Residencia;Personas con discapacidad por trastorno del desarrollo intelectual;OTROS: 40;42.5794528;-5.6414161;JOSE ANTONIO IDOETA MADARIAGA;42.5794528, -5.6414161
RESIDENCIA DE PERSONAS MAYORES DOMUSVI NUESTRA SEÑORA DEL CAMINO I;2024-10-30;CALLE MONSEÑOR RAMON ZUBIETA Y LES 10;24;24189;LEON;VIRGEN DEL CAMINO (LA);24198;LEÓN II - VALVERDE DE LA VIRGEN;987 302347;;240245;LICASA I S.A.;GESTIÓN DE RESIDENCIAS VIRGEN DEL CAMINO, S.L.;SOCIEDADES;direccion.camino@domusvi.es;;PERSONAS MAYORES;Residencia;Para asistidos;ASISTIDOS: 341;;;MIRIAN ARRANZ BERMEJO;
UNIDAD DE ESTANCIAS DIURNAS LA PIÑERA;2022-11-07;CALLE BARRAGAÑA Nº 19;24;24196;LEON;VEGA DE ESPINAREDA;24430;VEGA DE ESPINAREDA;987 134847;;240947;ARISOLIS AMBIENTAL S.L.;RESIDENCIA TERCERA EDAD LAS ENCINAS, S.L.;SOCIEDADES;direccionpinera@lasencinassg.com;;PERSONAS MAYORES;Centro de día;Estancias diurnas;ASISTIDOS: 15;42.7254887;-6.654457799999999;MONSERRAT GONZALEZ FERNANDEZ;42.7254887, -6.654457799999999
RESIDENCIA PARA MAYORES VALCARCE;2023-11-02;CALLE TESO DE LA FORCA S/N;24;24198;LEON;VEGA DE VALCARCE;24520;VILLAFRANCA DEL BIERZO;987 543094;;241132;AYUNTAMIENTO DE VEGA DE VALCARCE;LONGEVA, S.L.;ADMINISTRACIÓN LOCAL;info@residencianovavida.com;;PERSONAS MAYORES;Residencia;Para asistidos;ASISTIDOS: 24;;;ANGEL RUIZ MARTINEZ;
RESIDENCIA PERSONAS MAYORES NTRA. SRA. DE LA ASUNCION;2021-04-22;CALLE REAL S/N;24;24199;LEON;VEGAQUEMADA;24152;BOÑAR;987 742141;;240095;FUNDACIÓN BENÉFICA RESIDENCIA VEGAQUEMADA;;FUNDACIÓN;;;PERSONAS MAYORES;Residencia;Para asistidos;ASISTIDOS: 94;42.844388;-5.3416879;ANA REYES POLLEDO JUAREZ;42.844388, -5.3416879
UNIDAD DE ESTANCIAS DIURNAS EL ROBLE;2020-10-14;CARRETERA PONFERRADA ESPINA S/Nra Ponferrada - La Espina s/n;24;24202;LEON;CABOALLES DE ABAJO;24110;VILLABLINO;987 492018;;240456;FUNDACIÓN EL ROBLE;ASOCIACION DE FAMILIARES DE ALZHEIMER Y DEMENCIAS LACIANA;FUNDACIÓN;;;PERSONAS MAYORES;Centro de día;Estancias diurnas;ASISTIDOS: 14;42.953698;-6.3707198;Mª Teresa Bardon Gimeno;42.953698, -6.3707198
"RESIDENCIA GERIATRICA ""EL ROBLE""";2020-09-14;CARRETERA PONFERRADA ESPINA S/N;24;24202;LEON;CABOALLES DE ABAJO;24110;VILLABLINO;987 492018;;240383;FUNDACIÓN EL ROBLE;;FUNDACIÓN;mariajoselagoalvarez@yahoo.com;;PERSONAS MAYORES;Residencia;Para asistidos;ASISTIDOS: 25;42.953698;-6.3707198;Mª JOSÉ LAGO ALVAREZ;42.953698, -6.3707198
RESIDENCIA GERIATRICA EL VALLE;2026-01-28;AVENIDA CONSTANTINO GANCEDO S/N;24;24202;LEON;VILLABLINO;24100;VILLABLINO;987 480559;;240310;FIDALGO Y PANERA S.L.;;SOCIEDADES;nuriapanera@hotmail.com;;PERSONAS MAYORES;Residencia;Para asistidos;ASISTIDOS: 38;42.9368063;-6.3200003;NURIA PANERA GARCIA;42.9368063, -6.3200003
RESIDENCIA DE PERSONAS MAYORES SAN LAZARO;2020-09-21;CALLE RIBADEO 1;24;24209;LEON;VILLAFRANCA DEL BIERZO;24500;VILLAFRANCA DEL BIERZO;987 540111;;240079;PARROQUIA DE NUESTRA SEÑORA DE LA ASUNCION;;INSTITUCIONES, ÓRDENES, CONGREGACIONES RELIGIOSAS Y SIMILARES;residenciasanlazaro@gmail.com;;PERSONAS MAYORES;Residencia;Para asistidos;ASISTIDOS: 50;42.6085421;-6.8108184;SOR CLARA CAMELIA ORDOÑEZ GARCIA;42.6085421, -6.8108184
CENTRO DE DÍA DE NAVATEJERA;2020-12-04;CALLE SAN MIGUEL S/N;24;24222;LEON;NAVATEJERA;24008;LEÓN I - VILLAQUILAMBRE;987 285797;;240292;JUNTA VECINAL DE NAVATEJERA;;ADMINISTRACIÓN LOCAL;;;PERSONAS MAYORES;Centro de día;Hogar (Unidad de atención social);;42.6266849;-5.5655039;;42.6266849, -5.5655039
"RESIDENCIA DE PERSONAS MAYORES ""ATARDECER""";2023-06-15;CALLE REAL 20;24;24222;LEON;VILLAOBISPO DE LAS REGUERAS;24195;LEÓN I - VILLAQUILAMBRE;987 307416;;240135;HIJAS DE LA CARIDAD DE SAN VICENTE DE PAUL PROVINCIA ESPAÑA NORTE;COMUNIDAD EN RESIDENCIA DE ANCIANOS ATARDECER;INSTITUCIONES, ÓRDENES, CONGREGACIONES RELIGIOSAS Y SIMILARES;residencia@atardecer.org;;PERSONAS MAYORES;Residencia;Para asistidos;ASISTIDOS: 78;42.6601521;-5.5521733;Jose David Gil Vallejo;42.6601521, -5.5521733
CENTRO DE DÍA DE VILLAOBISPO;2022-07-25;CALLE PARQUE S/N;24;24222;LEON;VILLAOBISPO DE LAS REGUERAS;24012;LEÓN I - VILLAQUILAMBRE;987 307031;;240291;AYUNTAMIENTO DE VILLAQUILAMBRE;;ADMINISTRACIÓN LOCAL;;;PERSONAS MAYORES;Centro de día;Hogar (Unidad de atención social);;;;LAZARO GARCIA BAYON;
HOGAR DE ACOGIDA MILANI MIL CAMINOS;2023-03-03;CALLE EJIDO (EL) 5;24;24222;LEON;VILLAQUILAMBRE;24197;LEÓN I - VILLAQUILAMBRE;665 639964;;241684;CASA ESCUELAS PIAS SANTIAGO UNO (PP ESCOLAPIOS) DE SALAMANCA;;INSTITUCIONES, ÓRDENES, CONGREGACIONES RELIGIOSAS Y SIMILARES;santiagocuatro@casaescuelasantiagouno.es;;INFANCIA (Y JUVENTUD);Vivienda;Hogar de acogida;OTROS: 10;42.6412912;-5.557725;ROXANA SAINZ DIEZ;42.6412912, -5.557725
EDIFICIO USO RESIDENCIAL COLECTIVO SANITARIO BUENDIA-ALTOLLANO;2025-09-03;CALLE FUENTINA (LA) 11;24;24222;LEON;VILLAQUILAMBRE;24193;LEÓN I - VILLAQUILAMBRE;629 254341;;241807;CENTROS BUENDIA LEÓN S.L.;;SOCIEDADES;nacho@temon.com;;PERSONAS MAYORES;Residencia;Para asistidos;ASISTIDOS: 97;42.62362757677417;-5.571908491799586;IRENE LORENZO MARTÍNEZ;42.62362757677417, -5.571908491799586
CENTRO DE DÍA VILLAZULEMA- UNIDAD DE ESTANCIAS DIURNAS;2023-03-03;CALLE BARRERAS (LAS) 50;24;24222;LEON;VILLARRODRIGO DE LAS REGUERAS;24195;LEÓN I - VILLAQUILAMBRE;987 287201;;241629;AYUNTAMIENTO DE VILLAQUILAMBRE;;ADMINISTRACIÓN LOCAL;;;PERSONAS MAYORES;Centro de día;Estancias diurnas;ASISTIDOS: 30;42.6376481;-5.5347201;EVA ALEGRE GONZALEZ;42.6376481, -5.5347201
"RESIDENCIA GERIATRICA ""SAN MIGUEL""";2023-06-16;CALLE CANTARA (LA) S/N;24;24223;LEON;VILLORIA DE ORBIGO;24358;RIBERA DEL ÓRBIGO;987 376033;;240089;RESIDENCIA GERIATRICA SAN MIGUEL, S.L.;;SOCIEDADES;mariajesusmartinezblanco@hotmail.es;;PERSONAS MAYORES;Residencia;Mixta para válidos y asistidos;VÁLIDOS: 2, ASISTIDOS: 29;42.4113763;-5.8837865;MARIA JESUS MARTINEZ BLANCO;42.4113763, -5.8837865
RESIDENCIA DE PERSONAS MAYORES PUENTE VILLARENTE;2026-02-19;DE SANTIAGO, Nº 15;24;24225;LEON;VILLARENTE;24226;MANSILLAS DE LAS MULAS;987 312922;;240637;CASTELLANOS Y VIDALES,  S.L.;;SOCIEDADES;social@residenciapuentevillarente.es;;PERSONAS MAYORES;Residencia;Para asistidos;ASISTIDOS: 87;;;SERGIO GONZÁLEZ RODRIGUEZ;
CENTRO DE DÍA MUNICIPAL DE CASTRILLO DE LA RIBERA - UNIDAD DE ESTANCIAS DIURNAS;2025-10-30;CALLE REAL S/N;24;24227;LEON;CASTRILLO DE LA RIBERA;24199;LEÓN I - VILLAQUILAMBRE;987 246644;;241187;ASOCIACIÓN PROTECTORA DE PERSONAS CON DISCAPACIDAD INTELECTUAL (ASPRONA-LEÓN);;ASOCIACIÓN;centrocastrillo@asprona-leon.es;;PERSONAS MAYORES;Centro de día;Estancias diurnas;ASISTIDOS: 45;42.5490158;-5.5474;ANA ISABEL MORÁN CASADO;42.5490158, -5.5474
RESIDENCIA BUENOS AIRES;2023-06-15;CALLE REAL, Nº 28;24;24228;LEON;CASTRILLO DE SAN PELAYO;24356;LA BAÑEZA;987 374661;;241092;NEUROCARE HOME LEÓN, S.L;;SOCIEDADES;ORBIGALIA2002@GMAIL.COM;;PERSONAS MAYORES;Residencia;Para asistidos;ASISTIDOS: 214;42.4332398;-5.8710606;Sandra Zapatero Suañez;42.4332398, -5.8710606
RESIDENCIA DE LA TERCERA EDAD DE NUESTRA SEÑORA DE LA MAGDALENA DE  VILLAORNATE;2024-02-13;CALLE MAYOR Nº 51;24;24902;LEON;VILLAORNATE;24222;VALENCIA DE DON JUAN;987 769204;987 769017;241054;AYUNTAMIENTO DE VILLAORNATE Y CASTRO;MIMARA RESIDENCIAL S.L.;ADMINISTRACIÓN LOCAL;notificaciones@grupomimara.com;;PERSONAS MAYORES;Residencia;Para asistidos;ASISTIDOS: 49;42.18286000000001;-5.55061;MARÍA JOSÉ LUIS RAMOS;42.18286000000001, -5.55061
RESIDENCIA-HOGAR SANTÍSIMA TRINIDAD;2026-02-26;CALLE MARQUES DE AGUILAR 10;34;34004;PALENCIA;AGUILAR DE CAMPOO;34800;AGUILAR DE CAMPOO;979 122130;979 000000000;340239;HERMANITAS DE LOS ANCIANOS DESAMPARADOS - HOGAR SANTISIMA TRINIDAD EN AGUILAR DE CAMPOO;ACTIVA SOCIAL SOLUTIONS,  S.L.;INSTITUCIONES, ÓRDENES, CONGREGACIONES RELIGIOSAS Y SIMILARES;info@miraresidencias.com;;PERSONAS MAYORES;Residencia;Mixta para válidos y asistidos;ASISTIDOS: 70, VÁLIDOS: 39;42.79062306702115;-4.2565934795832785;MARIA DEL MAR ESPARTERO GONZÁLEZ;42.79062306702115, -4.2565934795832785
RESIDENCIA VIRGEN DE LLANO;2024-01-15;CALLE PRIOR (DEL) 8;34;34004;PALENCIA;AGUILAR DE CAMPOO;34800;AGUILAR DE CAMPOO;983 225125;;340701;FUNDACIÓN PERSONAS;;FUNDACIÓN;;;PERSONAS CON DISCAPACIDAD;Residencia;Personas con discapacidad por trastorno del desarrollo intelectual;OTROS: 31;;;JOSE MARÍA IGLESIAS AMOR;
"CENTRO DE PERSONAS MAYORES ""CANAL DE CASTILLA""";2020-10-14;CALLE GENERAL FRANCO 10;34;34005;PALENCIA;ALAR DEL REY;34401;HERRERA DE PISUERGA - ALAR DEL REY;662 386401;;340512;AYUNTAMIENTO DE ALAR DEL REY;;ADMINISTRACIÓN LOCAL;;;PERSONAS MAYORES;Centro de día;Hogar (Unidad de atención social);;42.6601218;-4.3106669;ALBERTO FELIX MAESTRO GARCIA;42.6601218, -4.3106669
"CENTRO MULTISERVICIOS ""RESIDENCIA DOMINGO GOMEZ LESMES""";2024-02-14;CALLE DON HUESO 4;34;34010;PALENCIA;AMPUDIA;34191;VILLARRAMIEL;979 768170;;340667;RESIDENCIA VIRGEN DE ALCONADA, S.L.;;SOCIEDADES;residencia.virgenalconada@gmail.com;;PERSONAS MAYORES;Residencia;Para asistidos;ASISTIDOS: 55;;;JAVIER ÁNGEL MATA GONZÁLEZ;
"CENTRO DE DIA ""DOMINGO GOMEZ LESMES""";2023-10-27;CALLE DON HUESO 4;34;34010;PALENCIA;AMPUDIA;34191;VILLARRAMIEL;979 120026;979 120008;340668;RESIDENCIA VIRGEN DE ALCONADA, S.L.;;SOCIEDADES;residencia.virgenalconada@gmail.com;;PERSONAS MAYORES;Centro de día;Estancias diurnas;ASISTIDOS: 20;;;JAVIER ANGEL MATA GONZALEZ;
CENTRO DE DIA DE AMUSCO;2025-08-28;CALLE LA NORIA Nº 1;34;34011;PALENCIA;AMUSCO;34420;ASTUDILLO - FRÓMISTA;979 802033;;340706;AYUNTAMIENTO DE AMUSCO;;ADMINISTRACIÓN LOCAL;secretario@amusco.es;;PERSONAS MAYORES;Centro de día;Estancias diurnas;ASISTIDOS: 25;;;;
RESIDENCIA DE PERSONAS MAYORES SAN JOSE;2023-03-10;CALLE HIJAS DE LA CARIDAD 20;34;34017;PALENCIA;ASTUDILLO;34450;ASTUDILLO - FRÓMISTA;979 822127;;340168;FUNDACIÓN RESIDENCIA DE ANCIANOS SAN JOSÉ;;FUNDACIÓN;rsjose@pcapunto.com;;PERSONAS MAYORES;Residencia;Para asistidos;ASISTIDOS: 49;42.1920478;-4.2968231;MARIA TERESA RODRÍGUEZ CASTRILLO;42.1920478, -4.2968231
"RESIDENCIA DE MAYORES  ""AUTILLA DEL PINO""";2019-09-27;CALLE EXTRAMUROS S/N;34;34018;PALENCIA;AUTILLA DEL PINO;34170;VILLARRAMIEL;979 110452;;340513;AYUNTAMIENTO DE AUTILLA DEL PINO;CENTRO DE MAYORES AUTILLA S.L.;ADMINISTRACIÓN LOCAL;antoniovazquez@residenciaautilla.es;;PERSONAS MAYORES;Residencia;Para asistidos;ASISTIDOS: 24;41.9930162;-4.6331671;ANTONIO VAZQUEZ FERNANDEZ;41.9930162, -4.6331671
CENTRO SOCIAL MUNICIPAL DE PERSONAS MAYORES STA.ROSA DE LIMA;2020-10-14;AVENIDA PRIMERO DE JUNIO 125;34;34023;PALENCIA;VENTA DE BAÑOS;34200;VENTA DE BAÑOS - DUEÑAS;979 770482;;340230;AYUNTAMIENTO DE VENTA DE BAÑOS;;ADMINISTRACIÓN LOCAL;;;PERSONAS MAYORES;Centro de día;Hogar (Unidad de atención social);;41.9189311;-4.4973153;;41.9189311, -4.4973153
CENTRO DE DIA PARA PERSONAS MAYORES DE BARRUELO DE SANTULLÁN;2022-11-18;CALLE HERMANO BERNARDO S/N;34;34027;PALENCIA;BARRUELO DE SANTULLAN;34820;AGUILAR DE CAMPOO;979 106282;979 106342;340161;GERENCIA DE SERVICIOS SOCIALES DE CASTILLA Y LEÓN;;ADMINISTRACIÓN AUTONÓMICA;;;PERSONAS MAYORES;Centro de día;Hogar (Unidad de atención social);;42.9080421;-4.2886661;CARLOS REYERO PEREDA;42.9080421, -4.2886661
"CENTRO SOCIAL ""ESTEBAN VEGA""";2020-10-14;CALLE PUENTE (DEL) S/N;34;34037;PALENCIA;ARENILLAS DE SAN PELAYO;34473;SALDAÑA;689 975395;;340556;ASOCIACION ESCUELAS CAMPESINAS DE PALENCIA, UNIVERSIDAD RURAL - EECCP;;ASOCIACIÓN;;;PERSONAS MAYORES;Centro de día;Hogar (Unidad de atención social);;42.5809126;-4.595084;ESTEBAN VEGA DONCEL;42.5809126, -4.595084
VIVIENDA Nº 4;2025-12-14;CALLE RAMON CARANDE 3;34;34047;PALENCIA;CARRION DE LOS CONDES;34120;CARRIÓN DE LOS CONDES - OSORNO;979 154050;;340283;FUNDACIÓN BRIAN;;FUNDACIÓN;;;PERSONAS CON DISCAPACIDAD;Vivienda;Personas con disc. física, sensorial, por trastorno del desarrollo intelectual y/o por enfer. mental;OTROS: 5;42.3416445;-4.599609399999999;NAOMÍ CAMOLEZ FANTAZIA;42.3416445, -4.599609399999999
RESIDENCIA SANTA  MARIA DEL CAMINO;2023-05-04;PLAZA PIÑA MERINO , 4;34;34047;PALENCIA;CARRION DE LOS CONDES;34120;CARRIÓN DE LOS CONDES - OSORNO;979 881091;;340136;SERVICIOS GERIÁTRICOS CARRIÓN, S.L.;;SOCIEDADES;rsmdelcamino@yahoo.es;;PERSONAS MAYORES;Residencia;Mixta para válidos y asistidos;ASISTIDOS: 42, VÁLIDOS: 6;42.338954;-4.6017652;REBECA PARIS VILLASUR;42.338954, -4.6017652
CENTRO MUNICIPAL DE ATENCION SOCIAL A PERSONAS MAYORES;2020-10-14;CALLE ESCUELAS (LAS) S/N;34;34050;PALENCIA;CASTRILLO DE DON JUAN;34246;BALTANÁS - TORQUEMADA;979 794045;;340385;AYUNTAMIENTO DE CASTRILLO DE DON JUAN;;ADMINISTRACIÓN LOCAL;;;PERSONAS MAYORES;Centro de día;Hogar (Unidad de atención social);;41.7919958;-4.0695729;SANTIAGO BENITO BOMBÍN;41.7919958, -4.0695729
RESIDENCIA DE PERSONAS MAYORES NTRA. SRA. DE LOS DOLORES;2024-03-01;CALLE CIRCUNVALACION , S/N;34;34059;PALENCIA;CISNEROS;34320;PAREDES DE NAVA - VILLADA;979 848403;;340001;FUNDACIÓN NUESTRA SEÑORA DE LOS DOLORES;;FUNDACIÓN;residenciacisneros@gmail.com;;PERSONAS MAYORES;Residencia;Mixta para válidos y asistidos;VÁLIDOS: 3, ASISTIDOS: 46;;;ELENA MARIA ALONSO GALLEGO;
PISO COMARCAL;2025-12-14;CALLE CAÑOS (LOS) 26- 1º B;34;34074;PALENCIA;FROMISTA;34440;ASTUDILLO - FRÓMISTA;979 154050;979 999999999;340036;FUNDACIÓN BRIAN;;FUNDACIÓN;;;PERSONAS CON DISCAPACIDAD;Vivienda;Personas con disc. física, sensorial, por trastorno del desarrollo intelectual y/o por enfer. mental;OTROS: 5;;;NAOMÍ CAMOLEZ FANTAZIA;
VIVIENDA INGENIERO RIVERA Nº3 D;2025-12-14;AVENIDA INGENIERO RIVERA 3;34;34074;PALENCIA;FROMISTA;34440;ASTUDILLO - FRÓMISTA;979 810707;;341012;FUNDACIÓN BRIAN;;FUNDACIÓN;;;PERSONAS CON DISCAPACIDAD;Vivienda;Personas con disc. física, sensorial, por trastorno del desarrollo intelectual y/o por enfer. mental;OTROS: 4;42.2631569;-4.407888799999999;NATALÍ CAMOLEZ FANTAZIA;42.2631569, -4.407888799999999
RESIDENCIA DE PERSONAS MAYORES VILLA DEL MILAGRO;2026-02-24;INGENIERO RIBERA, S/N;34;34074;PALENCIA;FROMISTA;34440;ASTUDILLO - FRÓMISTA;979 810788;;340145;AYUNTAMIENTO DE FROMISTA;ASOCIACIÓN CORAZÓN SOCIAL;ADMINISTRACIÓN LOCAL;;;PERSONAS MAYORES;Residencia;Para asistidos;ASISTIDOS: 31;;;MARIA BELÉN GARCÍA MANCHÓN;
"UNIDAD DE ESTANCIAS DIURNAS ""MAR DE CASTILLA""";2020-10-14;CALLE NAVA (LA) 9;34;34079;PALENCIA;GRIJOTA;34192;PAREDES DE NAVA - VILLADA;979 767210;979 767224;340321;VALLESALUD HERMIDA, S.L.;;SOCIEDADES;;;PERSONAS MAYORES;Centro de día;Estancias diurnas;ASISTIDOS: 7;42.0527704;-4.5831364;BASILIO VARAS VERANO;42.0527704, -4.5831364
RESIDENCIA DE PERSONAS MAYORES CENTRO ASISTENCIAL SOCIOSANITARIO;2024-06-03;CALLE JORGE MANRIQUE S/N;34;34080;PALENCIA;GUARDO;34880;GUARDO;979 850274;979 999999999;340265;AYUNTAMIENTO DE GUARDO;GUARDO PROYECTO 2000, S.L.;ADMINISTRACIÓN LOCAL;guardo@bioger.es;;PERSONAS MAYORES;Residencia;Para asistidos;ASISTIDOS: 176;42.7905728;-4.8458123;IRMA BLANCO DEL PRADO;42.7905728, -4.8458123
UNIDAD DE ESTANCIAS DIURNAS CENTRO SOCIO SANITARIO DE GUARDO;2024-06-03;CALLE JORGE MANRIQUE S/N;34;34080;PALENCIA;GUARDO;34880;GUARDO;979 850274;;340280;AYUNTAMIENTO DE GUARDO;GUARDO PROYECTO 2000, S.L.;ADMINISTRACIÓN LOCAL;guardo@bioger.es;;PERSONAS MAYORES;Centro de día;Estancias diurnas;ASISTIDOS: 50;42.7905728;-4.8458123;IRMA BLANCO DEL PRADO;42.7905728, -4.8458123
"RESIDENCIA DE PERSONAS MAYORES ""EL JARDIN""";2019-09-27;PLAZA CALVO SOTELO 2;34;34083;PALENCIA;HERRERA DE PISUERGA;34400;HERRERA DE PISUERGA - ALAR DEL REY;979 130184;979 130184;340221;SARA BEADE FERNÁNDEZ;;PERSONA FÍSICA-EMPRESA INDIVIDUAL;r.eljardin@hotmail.com;;PERSONAS MAYORES;Residencia;Para asistidos;ASISTIDOS: 15;42.5959796;-4.3317867;SARA BEADE FERNANDEZ;42.5959796, -4.3317867
CENTRO DE DIA SAN MIGUEL;2020-10-14;CALLE RIO 18;34;34086;PALENCIA;HONTORIA DE CERRATO;34209;VENTA DE BAÑOS - DUEÑAS;639 104508;;340705;AYUNTAMIENTO DE HONTORIA DE CERRATO;;ADMINISTRACIÓN LOCAL;;;PERSONAS MAYORES;Centro de día;Hogar (Unidad de atención social);;41.9200939;-4.4759557;JUAN ANTONIO ABARQUERO ABARQUERO;41.9200939, -4.4759557
HOGAR DEL MAYOR DE HUSILLOS;2020-10-14;CALLE MOLINO (EL) 2;34;34088;PALENCIA;HUSILLOS;34419;ASTUDILLO - FRÓMISTA;979 808244;;340671;AYUNTAMIENTO DE HUSILLOS;;ADMINISTRACIÓN LOCAL;;;PERSONAS MAYORES;Centro de día;Hogar (Unidad de atención social);;42.011121;-4.532032;FELIEP BENITO BOTO ARAGON;42.011121, -4.532032
CENTRO RESIDENCIAL DE ATENCIÓN PERSONAS CON DISCAPACIDAD INTELECTUAL (NUESTRA SEÑORA DE LA CALLE);2023-06-20;MONTE EL VIEJO S/N;34;34120;PALENCIA;PALENCIA;34005;PALENCIA - ZONA II - NORTE;979 741622;979 749328;340163;GERENCIA DE SERVICIOS SOCIALES DE CASTILLA Y LEÓN;;ADMINISTRACIÓN AUTONÓMICA;;;PERSONAS CON DISCAPACIDAD;Residencia;Personas con discapacidad por trastorno del desarrollo intelectual;OTROS: 88;;;ANA ISABEL ESCUADRA BUENO;
CENTRO DE DIA DE MENORES SAN JUAN BOSCO;2023-03-10;CALLE FEDERICO MAYO 39;34;34120;PALENCIA;PALENCIA;34005;PALENCIA - ZONA II - NORTE;979 744187;;340147;GERENCIA DE SERVICIOS SOCIALES DE CASTILLA Y LEÓN;;ADMINISTRACIÓN AUTONÓMICA;;;INFANCIA (Y JUVENTUD);Centro de día;Centro de día;OTROS: 24;42.01917539999999;-4.5434177;MIGUEL SANCHEZ BLANCO;42.01917539999999, -4.5434177
RESIDENCIA SAN JOSE;2025-10-07;AVENIDA SIMON NIETO 23;34;34120;PALENCIA;PALENCIA;34005;PALENCIA - ZONA II - NORTE;979 745656;979 000000000;340456;CARMELITAS MISIONERAS TERESIANAS;FUNDACIÓN CAMILO DE LELLIS;INSTITUCIONES, ÓRDENES, CONGREGACIONES RELIGIOSAS Y SIMILARES;cmtresipalencia@cmtresipalenia.e.telefonica.net;;PERSONAS MAYORES;Residencia;Para asistidos;ASISTIDOS: 39;42.01609175338476;-4.538484115218345;BORJA HORNERO RIVERA;42.01609175338476, -4.538484115218345
VIVIENDA INTRAS PALENCIA MARCIANO ZURITA 4;2026-02-23;CALLE MARCIANO ZURITA 4 5ºC;34;34120;PALENCIA;PALENCIA;34004;PALENCIA - ZONA III - SUR;983 399633;983 000000000;341133;FUNDACION INTRAS;FUNDACION INTRAS;FUNDACIÓN;mdm@intras.es;;PERSONAS CON DISCAPACIDAD;Vivienda;Personas con discapacidad por enfermedad mental;DISCAPACIDAD ENFERMEDAD MENTAL: 3;41.9990378;-4.523361299999999;;41.9990378, -4.523361299999999
HOGAR TUTELADO MENSAJEROS DE LA PAZ;2024-10-31;CALLE MARQUES DE SANTILLANA 2;34;34120;PALENCIA;PALENCIA;34005;PALENCIA - ZONA II - NORTE;979 730908;;340193;ASOCIACIÓN MENSAJEROS DE LA PAZ CASTILLA Y LEÓN;;ASOCIACIÓN;;;INFANCIA (Y JUVENTUD);Vivienda;Hogar tutelado;OTROS: 8;42.0154516;-4.5380397;;42.0154516, -4.5380397
VIVIENDA FHOA (MIGUEL DE UNAMUNO);2025-10-10;CALLE MIGUEL DE UNAMUNO 1 5ºD;34;34120;PALENCIA;PALENCIA;34004;PALENCIA - ZONA III - SUR;979 744171;979 625235590;341121;FUNDACIÓN HERMANOS ORTEGA ARCONADA (F.H.O.A.);;FUNDACIÓN;fhoa@fhoa.es;;PERSONAS CON DISCAPACIDAD;Vivienda;Personas con discapacidad por enfermedad mental;DISCAPACIDAD ENFERMEDAD MENTAL: 4;42.0046831;-4.5237248;;42.0046831, -4.5237248
VIVIENDA ANTONIO MACHADO;2022-11-07;CALLE ANTONIO MACHADO 1;34;34120;PALENCIA;PALENCIA;34004;PALENCIA - ZONA III - SUR;625 235590;;341015;FUNDACIÓN HERMANOS ORTEGA ARCONADA (F.H.O.A.);;FUNDACIÓN;;;PERSONAS CON DISCAPACIDAD;Vivienda;Personas con discapacidad por enfermedad mental;OTROS: 4;42.0035004;-4.5219788;FERNANDO FRANCO VAZQUEZ;42.0035004, -4.5219788
VIVIENDA FHOA (LA SANTA);2021-09-30;CALLE SANTA MARIA DE LA CABEZA 22 1ºA;34;34120;PALENCIA;PALENCIA;34002;PALENCIA - ZONA III - SUR;979 744171;;340868;FUNDACIÓN HERMANOS ORTEGA ARCONADA (F.H.O.A.);;FUNDACIÓN;fhoa@fhoa.es;;PERSONAS CON DISCAPACIDAD;Vivienda;Personas con discapacidad por enfermedad mental;OTROS: 4;42.0051897;-4.5276366;FERNANDO RANCO VAZQUEZ;42.0051897, -4.5276366
CLUB DE JUBILADOS DE PALENCIA;2020-10-14;AVENIDA CUBA 2;34;34120;PALENCIA;PALENCIA;34003;PALENCIA - ZONA IV - NORESTE;979 721682;;340223;CAJA DUERO (ANTES CAJA AHORROS SALAMANCA Y SORIA);;CAJAS DE AHORRO;;;PERSONAS MAYORES;Centro de día;Hogar (Unidad de atención social);;42.0123243;-4.523614;;42.0123243, -4.523614
CENTRO DE DIA SAN BERNABE Y SAN ANTOLIN;2022-03-07;CALLE MANFLORIDO 5;34;34120;PALENCIA;PALENCIA;34005;PALENCIA - ZONA II - NORTE;979 749500;;340469;FUNDACIÓN BENÉFICA SAN BERNABE Y SAN ANTOLÍN;;FUNDACIÓN;;;PERSONAS MAYORES;Centro de día;Estancias diurnas;ASISTIDOS: 25;42.0125667;-4.5376932;VANESA GUZÓN TRIGUEROS;42.0125667, -4.5376932
UNIDAD SAN RAFAEL 2;2022-04-27;PASEO PADRE FAUSTINO CALVO S/N;34;34120;PALENCIA;PALENCIA;34005;PALENCIA - ZONA II - NORTE;979 742300;979 742890;340761;ORDEN HOSPITALARIA HERMANOS SAN JUAN DE DIOS;;INSTITUCIONES, ÓRDENES, CONGREGACIONES RELIGIOSAS Y SIMILARES;;;PERSONAS MAYORES;Residencia;Para asistidos;ASISTIDOS: 126;42.0010427;-4.550245299999999;JUAN ANTONIO GARCIA RAMOS;42.0010427, -4.550245299999999
CASA DE ACOGIDA DE PALENCIA;2024-02-21;S/C;34;34120;PALENCIA;PALENCIA;34000;ZDESCONOCIDO;000 000000;;340205;AYUNTAMIENTO DE PALENCIA;ASOCIACION NUEVOS HORIZONTES;ADMINISTRACIÓN LOCAL;;;MUJER;Vivienda;Casa de acogida mujeres maltratadas;OTROS: 8;;;;
VIVIENDA ALTERNATIVA APOYADA (AVDA. REYES CATOLICOS);2025-07-14;AVENIDA REYES CATOLICOS 1-3º A IZQ;34;34120;PALENCIA;PALENCIA;34003;PALENCIA - ZONA IV - NORESTE;979 746342;979 693024705;340606;ASOCIACION SALUD MENTAL PALENCIA - FEAFES PALENCIA;;ASOCIACIÓN;direccion@saludmentalpalencia.org;;PERSONAS CON DISCAPACIDAD;Vivienda;Personas con discapacidad por enfermedad mental;OTROS: 4;;;ROMÁN GÓMEZ GUTIÉRREZ;
CENTRO DE DÍA ASOCIACIÓN SALUD MENTAL PALENCIA (FEAFES PALENCIA);2025-07-08;CALLE DOÑA URRACA S/N (ESQUINA CALLE RAMIREZ Nº 4);34;34120;PALENCIA;PALENCIA;34005;PALENCIA - ZONA I - CENTRO;979 746342;979 693024705;341019;ASOCIACION SALUD MENTAL PALENCIA - FEAFES PALENCIA;;ASOCIACIÓN;direccion@saludmentalpalencia.org;;PERSONAS CON DISCAPACIDAD;Centro de día;Personas con discapacidad por enfermedad mental;OTROS: 39;42.0118195;-4.5360245;ROMÁN GÓMEZ GUTIÉRREZ;42.0118195, -4.5360245
VIVIENDA EN LA COMUNIDAD (SANTIAGO);2026-03-14;CALLE SANTIAGO 22;34;34120;PALENCIA;PALENCIA;34004;PALENCIA - ZONA III - SUR;979 160601;;340914;FUNDACIÓN BRIAN;;FUNDACIÓN;a.rosales@fundacionsancebrian.com;;PERSONAS CON DISCAPACIDAD;Vivienda;Personas con discapacidad por trastorno del desarrollo intelectual leve o moderado;DISCAPACIDAD INTELECTUAL: 5;41.9994289;-4.5216381;ALVARO ROSALES VILLASUR;41.9994289, -4.5216381
VIVIENDA Nº 23, BAJO PUERTAS 3 Y 4;2024-12-14;CALLE FRANCISCO VIGHI  Nº 23 BAJO, PUERTAS 3 Y 4;34;34120;PALENCIA;PALENCIA;34004;PALENCIA - ZONA III - SUR;;;340353;FUNDACIÓN BRIAN;;FUNDACIÓN;;;PERSONAS CON DISCAPACIDAD;Vivienda;Personas con disc. física, sensorial, por trastorno del desarrollo intelectual y/o por enfer. mental;OTROS: 8;41.9906618;-4.514541299999999;ALVARO ROSALES VILLASUR;41.9906618, -4.514541299999999
VIVIENDA BLAS DE OTERO;2024-12-14;CALLE BLAS DE OTERO 3 5ºB;34;34120;PALENCIA;PALENCIA;34004;PALENCIA - ZONA I - CENTRO;646 708148;;340792;FUNDACIÓN BRIAN;;FUNDACIÓN;;;PERSONAS CON DISCAPACIDAD;Vivienda;Personas con discapacidad por trastorno del desarrollo intelectual leve o moderado;OTROS: 4;41.9996176;-4.5240355;ALVARO ROSALES VILLASUR;41.9996176, -4.5240355
VIVIENDA MEDINA DEL CAMPO;2024-08-15;CALLE MEDINA DEL CAMPO (DE) 8;34;34120;PALENCIA;PALENCIA;34003;PALENCIA - ZONA IV - NORESTE;979 706954;;341059;FUNDACIÓN BRIAN;;FUNDACIÓN;e.delrio@fundacionsancebrian.com;;PERSONAS CON DISCAPACIDAD;Vivienda;Personas con discapacidad por trastorno del desarrollo intelectual leve o moderado;DISCAPACIDAD INTELECTUAL: 3;;;ALVARO ROSALES VILLASUR;
CENTRO DE MAYORES LAS CANDELAS;2025-10-02;CALLE JUAN DE ARCE 5;34;34120;PALENCIA;PALENCIA;34004;PALENCIA - ZONA III - SUR;979 872515;979 616540594;340276;RESIDENCIA JABENI TERCERA EDAD S.L.;SG LAS CANDELAS  S.L.;SOCIEDADES;;;PERSONAS MAYORES;Residencia;Mixta para válidos y asistidos;VÁLIDOS: 6, ASISTIDOS: 24;41.99497990738461;-4.5200084138712775;RAÚL VILLAHOZ BURGOS;41.99497990738461, -4.5200084138712775
HOGAR SAN JOSE;2021-12-17;AVENIDA MADRID 53;34;34120;PALENCIA;PALENCIA;34004;PALENCIA - ZONA III - SUR;979 729749;979 711206;340241;HERMANITAS DE LOS ANCIANOS DESAMPARADOS - HOGAR SAN JOSÉ EN PALENCIA;;INSTITUCIONES, ÓRDENES, CONGREGACIONES RELIGIOSAS Y SIMILARES;;;PERSONAS MAYORES;Residencia;Para asistidos;ASISTIDOS: 193;41.9898746;-4.5177374;FELISA BRAVO SERRANO;41.9898746, -4.5177374
"UNIDAD DE ESTANCIAS DIURNAS ""SAN ANTONIO""";2020-10-14;CAMINO TRES PASOS (DE LOS) S/N;34;34120;PALENCIA;PALENCIA;34005;PALENCIA - ZONA II - NORTE;979 707304;979 767224;340384;CAMPOS DE CASTILLA 2020 S.L.;;SOCIEDADES;dittmannconchi@gmail.com;;PERSONAS MAYORES;Centro de día;Estancias diurnas;ASISTIDOS: 7;42.0197107;-4.5407873;ADOLFINA SANTOS DELGADO;42.0197107, -4.5407873
RESIDENCIA SAN ANTONIO;2024-02-29;CAMINO TRES PASOS (DE LOS) S/N;34;34120;PALENCIA;PALENCIA;34005;PALENCIA - ZONA II - NORTE;979 707304;979 639103922;340352;CAMPOS DE CASTILLA 2020 S.L.;;SOCIEDADES;dittmannconchi@gmail.com;;PERSONAS MAYORES;Residencia;Para asistidos;ASISTIDOS: 61;42.0195654;-4.541007;ADOLFINA SANTOS DELGADO;42.0195654, -4.541007
RESIDENCIA DE MAYORES REINA ISABEL;2024-11-13;AVENIDA MODESTO LAFUENTE BAJO;34;34120;PALENCIA;PALENCIA;34002;PALENCIA - ZONA I - CENTRO;639 103922;639 639103922;340742;CAMPOS DE CASTILLA 2020 S.L.;;SOCIEDADES;anve2303@hotmail.com;;PERSONAS MAYORES;Residencia;Para asistidos;ASISTIDOS: 49;;;MARTA FLORENCIA ABRIL HERRERO;
APARTAMENTO FRANCISCO VIGHI;2025-08-14;CALLE FRANCISCO VIGHI 29 4º 1;34;34120;PALENCIA;PALENCIA;34004;PALENCIA - ZONA I - CENTRO;979 727950;;340808;FUNDACIÓN PERSONAS;;FUNDACIÓN;;;PERSONAS CON DISCAPACIDAD;Vivienda;Personas con discapacidad por trastorno del desarrollo intelectual leve o moderado;OTROS: 3;41.991042;-4.5140596;ANTONIO JAVIER MOTA CUENDE;41.991042, -4.5140596
RESIDENCIA RIBERA DEL CARRIÓN;2024-04-15;AVENIDA MADRID 50;34;34120;PALENCIA;PALENCIA;34004;PALENCIA - ZONA III - SUR;979 727950;;340894;FUNDACIÓN PERSONAS;;FUNDACIÓN;palencia@fundacionpersonas.es;;PERSONAS CON DISCAPACIDAD;Residencia;Personas con discapacidad por trastorno del desarrollo intelectual;OTROS: 20;41.9852207;-4.5160366;ANTONIO JAVIER MOTA CUENDE;41.9852207, -4.5160366
CENTRO DE DÍA PARA PERSONAS MAYORES SON ÁNGELES;2021-09-30;CALLE SANTO SAN PEDRO 1;34;34120;PALENCIA;PALENCIA;34001;PALENCIA - ZONA I - CENTRO;697 436552;;340928;BLANCA ESCUDERO SALAS;;PERSONA FÍSICA-EMPRESA INDIVIDUAL;blancaescuderosalas@gmail.com;;PERSONAS MAYORES;Centro de día;Estancias diurnas;ASISTIDOS: 15;42.01014;-4.53643;BLANCA ESCUDERO SALAS;42.01014, -4.53643
"RESIDENCIA DE PERSONAS MAYORES ""CIUDAD DE PALENCIA""";2025-09-23;CALLE MARIA DE PADILLA, Nº1 - BAJO;34;34120;PALENCIA;PALENCIA;34003;PALENCIA - ZONA IV - NORESTE;979 744847;;340303;PERAL SALVADOR S.L.;;SOCIEDADES;empresaperalsalvador@gmail.com;;PERSONAS MAYORES;Residencia;Para asistidos;ASISTIDOS: 34;;;JESÚS FULGENCIO PERAL SALVADOR;
RESIDENCIA CLECE VITAM SAN FRANCISCO;2025-05-06;CALLE IGNACIO MARTINEZ DE AZCOITIA 17;34;34120;PALENCIA;PALENCIA;34001;PALENCIA - ZONA I - CENTRO;979 300786;979 639938062;341049;CLECE VITAM, S.A.;;SOCIEDADES;cperezc@clece.es;;PERSONAS MAYORES;Residencia;Para asistidos;DEPENDIENTES: 54;;;PATRICIA NIETO PARDO;
CENTRO DE DÍA SAN FRANCISCO;2025-06-09;CALLE IGNACIO MARTINEZ DE AZCOITIA 17;34;34120;PALENCIA;PALENCIA;34001;PALENCIA - ZONA I - CENTRO;983 427900;983 999999999;341107;CLECE VITAM, S.A.;;SOCIEDADES;cperezc@clece.es;;PERSONAS MAYORES;Centro de día;Estancias diurnas;DEPENDIENTES: 15;42.0119229129122;-4.53146387795556;PATRICIA NIETO PRIETO;42.0119229129122, -4.53146387795556
"CENTRO ASISTENCIAL MINUSVALIDOS ""SAN LUIS""";2025-09-14;CARRETERA BURGOS S/N;34;34120;PALENCIA;PALENCIA;34004;PALENCIA - ZONA III - SUR;979 720900;979 713832;340102;FUNDACIÓN HOSPITALARIAS;;FUNDACIÓN;;;PERSONAS CON DISCAPACIDAD;Residencia;Personas con discapacidad por trastorno del desarrollo intelectual;OTROS: 131;41.990985;-4.5108484;MANUEL GARCÍA MANSO;41.990985, -4.5108484
RESIDENCIA PARA PERSONAS CON DISCAPACIDAD POR ENFERMEDAD MENTAL SAN LAZARO;2025-06-23;CARRETERA BURGOS;34;34120;PALENCIA;PALENCIA;34004;PALENCIA - ZONA IV - NORESTE;979 165324;;341034;FUNDACIÓN HOSPITALARIAS;;FUNDACIÓN;ch.palencia@hospitalarias.es;;PERSONAS CON DISCAPACIDAD;Residencia;Personas con discapacidad por enfermedad mental;DISCAPACIDAD ENFERMEDAD MENTAL: 16;41.9932497;-4.5133633;Mª GLORIA GONZÁLEZ PRIETO;41.9932497, -4.5133633
"RESIDENCIA PARA DISCAPACITADOS PSÍQUICOS ""EL PILAR""";2025-07-18;CARRETERA BURGOS S/N;34;34120;PALENCIA;PALENCIA;34004;PALENCIA - ZONA III - SUR;979 165324;;340514;FUNDACIÓN HOSPITALARIAS;;FUNDACIÓN;;;PERSONAS CON DISCAPACIDAD;Residencia;Personas con discapacidad por enfermedad mental;OTROS: 19;;;CELIA ACEBES ORTEGA;
VIVIENDA 1;2026-03-23;AVENIDA CASADO DEL ALISAL 49 3C;34;34120;PALENCIA;PALENCIA;34001;PALENCIA - ZONA I - CENTRO;979 165324;;341068;FUNDACIÓN HOSPITALARIAS;;FUNDACIÓN;ch.palencia@hospitalarias.es;;PERSONAS CON DISCAPACIDAD;Vivienda;Personas con disc. física, sensorial, por trastorno del desarrollo intelectual y/o por enfer. mental;DISCAPACIDAD ENFERMEDAD MENTAL: 4;42.0100798;-4.5287108;JAVIER ARELLANO LÓPEZ;42.0100798, -4.5287108
RESIDENCIA DE PERSONAS MAYORES HOSPITAL SAN MARCOS;2023-11-29;CALLE HERMANOS MARTINEZ PEREZ , 8;34;34123;PALENCIA;PAREDES DE NAVA;34300;PAREDES DE NAVA - VILLADA;979 830880;;340169;FUNDACIÓN BENÉFICA HOSPITAL SAN MARCOS;EDAD DORADA MENSAJEROS DE LA PAZ CASTILLA Y LEÓN;FUNDACIÓN;residenciaparedes@mensajerosdelapazcyl.org;;PERSONAS MAYORES;Residencia;Para asistidos;ASISTIDOS: 49;42.1530738;-4.6926055;MELANI GARCÍA LÓPEZ;42.1530738, -4.6926055
"RESIDENCIA DE PERSONAS MAYORES"" VILLA DE PERALES""";2025-11-19;PARAJE LA TEJA S/N;34;34127;PALENCIA;PERALES;34130;CARRIÓN DE LOS CONDES - OSORNO;979 126991;979 672822694;340583;FERCAROLID S.L.;LA NAO SERVICIOS GERIÁTRICOS S.L.;SOCIEDADES;perales@asalia.es;;PERSONAS MAYORES;Residencia;Mixta para válidos y asistidos;ASISTIDOS: 85, VÁLIDOS: 24;;;LUIS SALAZAR GONZÁLEZ;
"RESIDENCIA DE PERSONAS MAYORES ""EL CASTILLO""";2026-01-07;CALLE SAN PEDRO S/N;34;34157;PALENCIA;SALDAÑA;34100;SALDAÑA;620 553208;620 666581234;340297;INVERSIONES BELUBECAR S.L.;;SOCIEDADES;residenciaelcastillo@hotmail.com;;PERSONAS MAYORES;Residencia;Mixta para válidos y asistidos;ASISTIDOS: 65, VÁLIDOS: 6;42.5243451;-4.7360607;CLEMENTINA HERRERO DELGADO;42.5243451, -4.7360607
CENTRO GERIATRICO MARIA DE LAS MERCEDES;2021-12-16;CALLE SAN JUAN , S/N;34;34157;PALENCIA;SALDAÑA;34100;SALDAÑA;979 891305;979 892009;340227;GEROMER S.L.;;SOCIEDADES;;;PERSONAS MAYORES;Residencia;Para asistidos;ASISTIDOS: 48;42.5222377;-4.7361946;JAIME MARIO RODRIGUEZ MACHO;42.5222377, -4.7361946
PISO 16, 2º IZQUIERDA;2025-12-14;AVENIDA NUESTRA SEÑORA DEL PRADO 16- 2º IZQ.;34;34159;PALENCIA;SAN CEBRIAN DE CAMPOS;34429;ASTUDILLO - FRÓMISTA;979 154050;979 979740699;340033;FUNDACIÓN BRIAN;;FUNDACIÓN;;;PERSONAS CON DISCAPACIDAD;Vivienda;Personas con discapacidad por trastorno del desarrollo intelectual leve o moderado;OTROS: 4;;;SUSANA ANTÓN MARÍN;
VIVIENDA NÚMERO 6 BAJO;2026-03-14;AVENIDA NUESTRA SEÑORA DEL PRADO 6, BAJO;34;34159;PALENCIA;SAN CEBRIAN DE CAMPOS;34429;ASTUDILLO - FRÓMISTA;979 154050;979 979740699;340255;FUNDACIÓN BRIAN;;FUNDACIÓN;;;PERSONAS CON DISCAPACIDAD;Vivienda;Personas con disc. física, sensorial, por trastorno del desarrollo intelectual y/o por enfer. mental;OTROS: 8;42.19865;-4.53163;SUSANA ANTÓN MARÍN;42.19865, -4.53163
CENTRO DE DIA SAN CEBRIAN;2026-03-14;AVENIDA NUESTRA SEÑORA DEL PRADO 7;34;34159;PALENCIA;SAN CEBRIAN DE CAMPOS;34429;ASTUDILLO - FRÓMISTA;979 154050;979 979740699;340029;FUNDACIÓN BRIAN;;FUNDACIÓN;;;PERSONAS CON DISCAPACIDAD;Centro de día;Personas con discapacidad por trastorno del desarrollo intelectual;OTROS: 50;42.1989328;-4.5324066;SUSANA ANTÓN MARÍN;42.1989328, -4.5324066
PISO 14, 2º DERECHA;2025-12-14;AVENIDA NUESTRA SEÑORA DEL PRADO 14- 2º DCHA.;34;34159;PALENCIA;SAN CEBRIAN DE CAMPOS;34429;ASTUDILLO - FRÓMISTA;979 154050;979 979740699;340034;FUNDACIÓN BRIAN;;FUNDACIÓN;;;PERSONAS CON DISCAPACIDAD;Vivienda;Personas con discapacidad por trastorno del desarrollo intelectual leve o moderado;OTROS: 4;;;SUSANA ANTÓN MARÍN;
HOGAR III ( PISO 14, 1º DCHA);2026-02-14;AVENIDA NUESTRA SEÑORA DEL PRADO 14, 1º DCHA;34;34159;PALENCIA;SAN CEBRIAN DE CAMPOS;34429;ASTUDILLO - FRÓMISTA;979 154050;979 979740699;340311;FUNDACIÓN BRIAN;;FUNDACIÓN;;;PERSONAS CON DISCAPACIDAD;Vivienda;Personas con discapacidad por trastorno del desarrollo intelectual leve o moderado;OTROS: 6;;;SUSANA ANTÓN MARÍN;
CENTRO DE DIA MUNICIPAL EL PITARRO;2020-10-14;CALLE ROSARIO S/N;34;34160;PALENCIA;SAN CEBRIAN DE MUDA;34839;CERVERA DE PISUERGA - LA PERNÍA;979 605885;979 605823;340629;AYUNTAMIENTO DE SAN  CEBRIAN DE MUDA;;ADMINISTRACIÓN LOCAL;;;PERSONAS MAYORES;Centro de día;Hogar (Unidad de atención social);;42.011121;-4.532032;JESUS GONZALEZ RUIZ;42.011121, -4.532032
"RESIDENCIA DE MAYORES ""ALBERTO ACITORES""";2018-02-15;CALLE VICTORIO MACHO 3, 5 y 7;34;34182;PALENCIA;TORQUEMADA;34230;BALTANÁS - TORQUEMADA;979 800023;;340291;"FUNDACIÓN ""ALBERTO ACITORES""";;FUNDACIÓN;fundacionacitores@torquemada.es;;PERSONAS MAYORES;Residencia;Para asistidos;ASISTIDOS: 24;42.0363212;-4.3156591;BELINDA MOYANO BUZÓN;42.0363212, -4.3156591
