NOMBRE GERENCIA;CÓDIGO ZONA;NOMBRE ZONA;NOMBRE CENTRO SALUD;MUNICIPIO;PAC
G.A.S. SEGOVIA;170711;SEGOVIA RURAL;C.S. SEGOVIA RURAL;ABADES;P.A.C. Segovia Rural
G.A.P. BURGOS;170205;BRIVIESCA;C.S. BRIVIESCA;ABAJAS;P.A.C. Briviesca
G.A.S. PALENCIA;170518;VILLARRAMIEL;C.S. VILLARRAMIEL;ABARCA DE CAMPOS;P.A.C. Villarramiel
G.A.S. SORIA;170811;SORIA RURAL;C.S. SORIA RURAL;ABEJAR;P.A.C. Soria Rural Norte Y Sur
G.A.S. ZAMORA;171117;TORO;C.S. TORO;ABEZAMES;P.A.C. Toro
G.A.S. PALENCIA;170510;OSORNO;C.S. OSORNO;ABIA DE LAS TORRES;P.A.C. Osorno
G.A.P. SALAMANCA;170630;TAMAMES;C.S. TAMAMES;ABUSEJO;P.A.C. Tamames
G.A.P. LEON;170320;RIAÑO;C.S. RIAÑO;ACEBEDO;P.A.C. Riaño
G.A.P. VALLADOLID OESTE;170914;MOTA DEL MARQUES;C.S. MOTA DEL MARQUES;ADALIA;P.A.C. Mota Del Marqués
G.A.S. AVILA;170102;AREVALO;C.S. AREVALO;ADANERO;P.A.C. Arévalo
G.A.S. AVILA;170119;SOTILLO DE LA ADRADA;C.S. SOTILLO DE ADRADA;ADRADA (LA);P.A.C. Sotillo De Adrada
G.A.P. BURGOS;170202;ARANDA DE DUERO RURAL;C.S. ARANDA RURAL;ADRADA DE HAZA;P.A.C. Aranda
G.A.S. SEGOVIA;170711;SEGOVIA RURAL;C.S. SEGOVIA RURAL;ADRADA DE PIRON;P.A.C. Segovia Rural
G.A.S. SORIA;170802;ALMAZAN;C.S. ALMAZAN;ADRADAS;P.A.C. Almazán
G.A.S. SEGOVIA;170704;FUENTESAUCO DE FUENTIDUEÑA;C.S. FUENTESAUCO;ADRADOS;P.A.C. Fuentesauco
G.A.P. SALAMANCA;170626;ROBLEDA;C.S. ROBLEDA;AGALLAS;P.A.C. Robleda
G.A.S. SORIA;170801;AGREDA;C.S. AGREDA;AGREDA;P.A.C. Ágreda
G.A.P. BURGOS;170205;BRIVIESCA;C.S. BRIVIESCA;AGUAS CANDIDAS;P.A.C. Briviesca
G.A.S. SEGOVIA;170702;CARBONERO EL MAYOR;C.S. CARBONERO EL MAYOR;AGUILAFUENTE;P.A.C. Carbonero El Mayor
G.A.P. BURGOS;170205;BRIVIESCA;C.S. BRIVIESCA;AGUILAR DE BUREBA;P.A.C. Briviesca
G.A.S. PALENCIA;170507;HERRERA DE PISUERGA;C.S. HERRERA DE PISUERGA;AGUILAR DE CAMPOO;P.A.C. Herrera De Pisuerga
G.A.S. PALENCIA;170501;AGUILAR DE CAMPOO;C.S. AGUILAR DE CAMPOO;AGUILAR DE CAMPOO;P.A.C. Aguilar De Campoo (5)
G.A.P. VALLADOLID OESTE;170924;VILLAFRECHOS;C.S. VILLAFRECHOS;AGUILAR DE CAMPOS;P.A.C. Villafrechós
G.A.P. SALAMANCA;170618;LUMBRALES;C.S. LUMBRALES;AHIGAL DE LOS ACEITEROS;P.A.C. Lumbrales
G.A.P. SALAMANCA;170634;VITIGUDINO;C.S. VITIGUDINO;AHIGAL DE VILLARINO;P.A.C. Vitigudino
G.A.P. VALLADOLID ESTE;171019;ALAEJOS;C.S. ALAEJOS;ALAEJOS;P.A.C.  Alaejos
G.A.P. SALAMANCA;170610;FUENTES DE OÑORO;C.S. FUENTES DE OÑORO;ALAMEDA DE GARDON (LA);P.A.C. Fuentes De Oñoro
G.A.P. SALAMANCA;170609;FUENTEGUINALDO;C.S. FUENTEGUINALDO;ALAMEDILLA (LA);P.A.C. Fuenteguinaldo
G.A.S. PALENCIA;170507;HERRERA DE PISUERGA;C.S. HERRERA DE PISUERGA;ALAR DEL REY;P.A.C. Herrera De Pisuerga
G.A.P. SALAMANCA;170624;PEÑARANDA DE BRACAMONTE;C.S. PEÑARANDA;ALARAZ;P.A.C. Peñaranda
G.A.S. PALENCIA;170517;VENTA DE BAÑOS;C.S. VENTA DE BAÑOS;ALBA DE CERRATO;P.A.C. Venta De Baños
G.A.P. SALAMANCA;170601;ALBA DE TORMES;C.S. ALBA DE TORMES;ALBA DE TORMES;P.A.C. Alba De Tormes
G.A.P. SALAMANCA;170630;TAMAMES;C.S. TAMAMES;ALBA DE YELTES;P.A.C. Tamames
G.A.P. SALAMANCA;170615;ALBERCA LA;C.S. LA ALBERCA;ALBERCA (LA);P.A.C. La Alberca
G.A.P. SALAMANCA;170609;FUENTEGUINALDO;C.S. FUENTEGUINALDO;ALBERGUERIA DE ARGAÑAN (LA);P.A.C. Fuenteguinaldo
G.A.P. BURGOS;170209;BURGOS RURAL SUR;C.S. BURGOS RURAL SUR;ALBILLOS;P.A.C. Burgos Rural Norte Sur
G.A.S. AVILA;170118;SAN PEDRO DEL ARROYO;C.S. SAN PEDRO ARROYO;ALBORNOS;P.A.C. San Pedro Arroyo
G.A.S. ZAMORA;171102;ALISTE;C.S. ALCAÑICES;ALCAÑICES;P.A.C. Alcañices
G.A.P. VALLADOLID ESTE;171020;OLMEDO;C.S. OLMEDO;ALCAZAREN;P.A.C. Olmedo
G.A.P. BURGOS;170205;BRIVIESCA;C.S. BRIVIESCA;ALCOCERO DE MOLA;P.A.C. Briviesca
G.A.S. SORIA;170811;SORIA RURAL;C.S. SORIA RURAL;ALCONABA;P.A.C. Soria Rural Norte Y Sur
G.A.P. SALAMANCA;170624;PEÑARANDA DE BRACAMONTE;C.S. PEÑARANDA;ALCONADA;P.A.C. Peñaranda
G.A.S. SEGOVIA;170707;RIAZA;C.S. RIAZA;ALCONADA DE MADERUELO;P.A.C. Riaza
G.A.S. SORIA;170806;SAN ESTEBAN DE GORMAZ;C.S. SAN ESTEBAN GORMAZ;ALCUBILLA DE AVELLANEDA;P.A.C. San Esteban Gormaz
G.A.S. SORIA;170802;ALMAZAN;C.S. ALMAZAN;ALCUBILLA DE LAS PEÑAS;P.A.C. Almazán
G.A.S. ZAMORA;171118;VIDRIALES;C.S. SANTIBAÑEZ VIDRIAL;ALCUBILLA DE NOGALES;P.A.C. Santibañez Vidriales
G.A.P. VALLADOLID ESTE;171016;PORTILLO;C.S. PORTILLO;ALDEA DE SAN MIGUEL;P.A.C. Portillo
G.A.P. SALAMANCA;170610;FUENTES DE OÑORO;C.S. FUENTES DE OÑORO;ALDEA DEL OBISPO;P.A.C. Fuentes De Oñoro
G.A.S. SEGOVIA;170702;CARBONERO EL MAYOR;C.S. CARBONERO EL MAYOR;ALDEA REAL;P.A.C. Carbonero El Mayor
G.A.P. SALAMANCA;170603;BEJAR;C.S. BEJAR;ALDEACIPRESTE;P.A.C. Bejar
G.A.P. SALAMANCA;170602;ALDEADAVILA DE LA RIBERA;C.S. ALDEADAVILA RIBERA;ALDEADAVILA DE LA RIBERA;P.A.C. Aldeadavila Ribera
G.A.S. SORIA;170811;SORIA RURAL;C.S. SORIA RURAL;ALDEALAFUENTE;P.A.C. Soria Rural Norte Y Sur
G.A.S. SEGOVIA;170701;CANTALEJO;C.S. CANTALEJO;ALDEALCORVO;P.A.C. Cantalejo
G.A.P. SALAMANCA;170622;PERIURBANA NORTE;C.S. PERIURBANA NORTE;ALDEALENGUA;P.A.C. Periurbana Norte
G.A.S. SEGOVIA;170705;SIERRA LA;C.S. NAVAFRIA;ALDEALENGUA DE PEDRAZA;P.A.C. Navafría
G.A.S. SEGOVIA;170707;RIAZA;C.S. RIAZA;ALDEALENGUA DE SANTA MARIA;P.A.C. Riaza
G.A.S. SORIA;170811;SORIA RURAL;C.S. SORIA RURAL;ALDEALICES;P.A.C. Soria Rural Norte Y Sur
G.A.S. SORIA;170811;SORIA RURAL;C.S. SORIA RURAL;ALDEALPOZO;P.A.C. Soria Rural Norte Y Sur
G.A.S. SORIA;170811;SORIA RURAL;C.S. SORIA RURAL;ALDEALSEÑOR;P.A.C. Soria Rural Norte Y Sur
G.A.P. VALLADOLID ESTE;171016;PORTILLO;C.S. PORTILLO;ALDEAMAYOR DE SAN MARTIN;P.A.C. Portillo
G.A.P. SALAMANCA;170621;PEDROSILLO EL RALO;C.S. PEDROSILLO EL RALO;ALDEANUEVA DE FIGUEROA;P.A.C. Pedrosillo El Ralo
G.A.S. SEGOVIA;170712;SEPULVEDA;C.S. SEPULVEDA;ALDEANUEVA DE LA SERREZUELA;P.A.C. Sepúlveda
G.A.P. SALAMANCA;170630;TAMAMES;C.S. TAMAMES;ALDEANUEVA DE LA SIERRA;P.A.C. Tamames
G.A.S. AVILA;170108;BARCO DE AVILA EL;C.S. BARCO DE AVILA;ALDEANUEVA DE SANTA CRUZ;P.A.C. Barco de Ávila
G.A.S. SEGOVIA;170706;NAVA DE LA ASUNCION;C.S. NAVA DE LA ASUNCION;ALDEANUEVA DEL CODONAL;P.A.C. Nava De La Asunción
G.A.P. SALAMANCA;170604;CALZADA DE VALDUNCIEL;C.S. CALZADA VALDUNCIEL;ALDEARRODRIGO;P.A.C. Calzada Valdunciel
G.A.P. SALAMANCA;170622;PERIURBANA NORTE;C.S. PERIURBANA NORTE;ALDEARRUBIA;P.A.C. Periurbana Norte
G.A.S. AVILA;170102;AREVALO;C.S. AREVALO;ALDEASECA;P.A.C. Arévalo
G.A.P. SALAMANCA;170601;ALBA DE TORMES;C.S. ALBA DE TORMES;ALDEASECA DE ALBA;P.A.C. Alba De Tormes
G.A.P. SALAMANCA;170624;PEÑARANDA DE BRACAMONTE;C.S. PEÑARANDA;ALDEASECA DE LA FRONTERA;P.A.C. Peñaranda
G.A.S. SEGOVIA;170704;FUENTESAUCO DE FUENTIDUEÑA;C.S. FUENTESAUCO;ALDEASOÑA;P.A.C. Fuentesauco
G.A.P. SALAMANCA;170623;PERIURBANA SUR;C.S. PERIURBANO SUR;ALDEATEJADA;P.A.C. Periurbano Sur
G.A.P. SALAMANCA;170623;PERIURBANA SUR;C.S. PERIURBANO SUR;ALDEAVIEJA DE TORMES;P.A.C. Periurbano Sur
G.A.P. SALAMANCA;170613;GUIJUELO;C.S. GUIJUELO;ALDEAVIEJA DE TORMES;P.A.C. Guijuelo
G.A.P. BURGOS;170202;ARANDA DE DUERO RURAL;C.S. ARANDA RURAL;ALDEHORNO;P.A.C. Aranda
G.A.S. AVILA;170108;BARCO DE AVILA EL;C.S. BARCO DE AVILA;ALDEHUELA (LA);P.A.C. Barco de Ávila
G.A.P. SALAMANCA;170619;MATILLA DE LOS CAÑOS;C.S. MATILLA CAÑOS;ALDEHUELA DE LA BOVEDA;P.A.C. Matilla Caños
G.A.P. SALAMANCA;170630;TAMAMES;C.S. TAMAMES;ALDEHUELA DE YELTES;P.A.C. Tamames
G.A.S. SEGOVIA;170706;NAVA DE LA ASUNCION;C.S. NAVA DE LA ASUNCION;ALDEHUELA DEL CODONAL;P.A.C. Nava De La Asunción
G.A.S. SORIA;170812;SAN PEDRO MANRIQUE;C.S. S.PEDRO MANRIQUE;ALDEHUELAS (LAS);P.A.C. S.Pedro Manrique
G.A.S. SEGOVIA;170712;SEPULVEDA;C.S. SEPULVEDA;ALDEONTE;P.A.C. Sepúlveda
G.A.S. SORIA;170802;ALMAZAN;C.S. ALMAZAN;ALENTISQUE;P.A.C. Almazán
G.A.S. ZAMORA;171115;SAYAGO;C.S. BERMILLO DE SAYAGO;ALFARAZ DE SAYAGO;P.A.C. Bermillo De Sayago
G.A.P. BURGOS;170232;VALLE DE VALDEBEZANA;C.S. VALLE VALDEBEZANA;ALFOZ DE BRICIA;P.A.C. Valle Valdebezana
G.A.P. BURGOS;170208;BURGOS RURAL NORTE;C.S. BURGOS RURAL NORTE;ALFOZ DE QUINTANADUEÑAS;P.A.C. Burgos Rural Norte Sur
G.A.P. BURGOS;170232;VALLE DE VALDEBEZANA;C.S. VALLE VALDEBEZANA;ALFOZ DE SANTA GADEA;P.A.C. Valle Valdebezana
G.A.P. LEON;170327;VALENCIA DE DON JUAN;C.S. VALENCIA DE D. JUAN;ALGADEFE;P.A.C. Valencia De D. Juan
G.A.S. ZAMORA;171121;ZAMORA NORTE;C.S. ZAMORA NORTE;ALGODRE;P.A.C. Zamora Integrado
G.A.P. LEON;170309;BAÑEZA II LA;C.S. BAÑEZA II;ALIJA DEL INFANTADO;P.A.C. La Bañeza
G.A.S. SORIA;170811;SORIA RURAL;C.S. SORIA RURAL;ALMAJANO;P.A.C. Soria Rural Norte Y Sur
G.A.S. SORIA;170803;ARCOS DE JALON;C.S. ARCOS DE JALON;ALMALUEZ;P.A.C. Arcos De Jalón
G.A.P. LEON;170306;CISTIERNA;C.S. CISTIERNA;ALMANZA;P.A.C. Cistierna
G.A.S. ZAMORA;171121;ZAMORA NORTE;C.S. ZAMORA NORTE;ALMARAZ DE DUERO;P.A.C. Zamora Integrado
G.A.S. SORIA;170811;SORIA RURAL;C.S. SORIA RURAL;ALMARZA;P.A.C. Soria Rural Norte Y Sur
G.A.S. SORIA;170802;ALMAZAN;C.S. ALMAZAN;ALMAZAN;P.A.C. Almazán
G.A.S. SORIA;170807;GOMARA;C.S. GOMARA;ALMAZUL;P.A.C. Gómara
G.A.S. ZAMORA;171115;SAYAGO;C.S. BERMILLO DE SAYAGO;ALMEIDA DE SAYAGO;P.A.C. Bermillo De Sayago
G.A.S. SORIA;170807;GOMARA;C.S. GOMARA;ALMENAR DE SORIA;P.A.C. Gómara
G.A.P. VALLADOLID ESTE;171020;OLMEDO;C.S. OLMEDO;ALMENARA DE ADAJA;P.A.C. Olmedo
G.A.P. SALAMANCA;170622;PERIURBANA NORTE;C.S. PERIURBANA NORTE;ALMENARA DE TORMES;P.A.C. Periurbana Norte
G.A.P. SALAMANCA;170634;VITIGUDINO;C.S. VITIGUDINO;ALMENDRA;P.A.C. Vitigudino
G.A.S. SORIA;170802;ALMAZAN;C.S. ALMAZAN;ALPANSEQUE;P.A.C. Almazán
G.A.P. BURGOS;170221;MIRANDA ESTE;C.S. MIRANDA ESTE;ALTABLE;P.A.C. Miranda
G.A.P. BURGOS;170229;SEDANO;C.S. SEDANO;ALTOS (LOS);P.A.C. Sedano
G.A.S. AVILA;170120;MUÑANA;C.S. MUÑANA;AMAVIDA;P.A.C. Muñana
G.A.S. PALENCIA;170505;FROMISTA;C.S. FROMISTA;AMAYUELAS DE ARRIBA;P.A.C. Frómista
G.A.P. BURGOS;170221;MIRANDA ESTE;C.S. MIRANDA ESTE;AMEYUGO;P.A.C. Miranda
G.A.S. PALENCIA;170518;VILLARRAMIEL;C.S. VILLARRAMIEL;AMPUDIA;P.A.C. Villarramiel
G.A.S. PALENCIA;170505;FROMISTA;C.S. FROMISTA;AMUSCO;P.A.C. Frómista
G.A.P. VALLADOLID ESTE;171002;ESGUEVILLAS ESGUEVA;C.S. ESGUEVILLAS;AMUSQUILLO;P.A.C. Esguevillas
G.A.S. SEGOVIA;170711;SEGOVIA RURAL;C.S. SEGOVIA RURAL;ANAYA;P.A.C. Segovia Rural
G.A.P. SALAMANCA;170601;ALBA DE TORMES;C.S. ALBA DE TORMES;ANAYA DE ALBA;P.A.C. Alba De Tormes
G.A.S. ZAMORA;171121;ZAMORA NORTE;C.S. ZAMORA NORTE;ANDAVIAS;P.A.C. Zamora Integrado
G.A.S. SEGOVIA;170711;SEGOVIA RURAL;C.S. SEGOVIA RURAL;AÑE;P.A.C. Segovia Rural
G.A.P. BURGOS;170225;ROA DE DUERO;C.S. ROA DE DUERO;ANGUIX;P.A.C. Roa De Duero
G.A.P. SALAMANCA;170604;CALZADA DE VALDUNCIEL;C.S. CALZADA VALDUNCIEL;AÑOVER DE TORMES;P.A.C. Calzada Valdunciel
G.A.P. LEON;170309;BAÑEZA II LA;C.S. BAÑEZA II;ANTIGUA (LA);P.A.C. La Bañeza
G.A.S. PALENCIA;170502;BALTANAS;C.S. BALTANAS;ANTIGÜEDAD;P.A.C. Baltanás
G.A.P. SALAMANCA;170633;VILLORIA;C.S. VILLORIA;ARABAYONA DE MOGICA;P.A.C. Villoria
G.A.S. SEGOVIA;170705;SIERRA LA;C.S. NAVAFRIA;ARAHUETES;P.A.C. Navafría
G.A.S. SORIA;170811;SORIA RURAL;C.S. SORIA RURAL;ARANCON;P.A.C. Soria Rural Norte Y Sur
G.A.P. BURGOS;170202;ARANDA DE DUERO RURAL;C.S. ARANDA RURAL;ARANDA DE DUERO;P.A.C. Aranda
G.A.P. BURGOS;170203;ARANDA SUR;C.S. ARANDA SUR;ARANDA DE DUERO;P.A.C. Aranda
G.A.P. BURGOS;170201;ARANDA NORTE;C.S. ARANDA NORTE;ARANDA DE DUERO;P.A.C. Aranda
G.A.P. SALAMANCA;170623;PERIURBANA SUR;C.S. PERIURBANO SUR;ARAPILES;P.A.C. Periurbano Sur
G.A.P. BURGOS;170215;HUERTA DEL REY;C.S. HUERTA DE REY;ARAUZO DE MIEL;P.A.C. Huerta De Rey
G.A.P. BURGOS;170215;HUERTA DEL REY;C.S. HUERTA DE REY;ARAUZO DE SALCE;P.A.C. Huerta De Rey
G.A.P. BURGOS;170215;HUERTA DEL REY;C.S. HUERTA DE REY;ARAUZO DE TORRE;P.A.C. Huerta De Rey
G.A.P. SALAMANCA;170621;PEDROSILLO EL RALO;C.S. PEDROSILLO EL RALO;ARCEDIANO;P.A.C. Pedrosillo El Ralo
G.A.S. ZAMORA;171122;ZAMORA SUR;C.S. ZAMORA SUR;ARCENILLAS;P.A.C. Zamora Integrado
G.A.P. SALAMANCA;170604;CALZADA DE VALDUNCIEL;C.S. CALZADA VALDUNCIEL;ARCO (EL);P.A.C. Calzada Valdunciel
G.A.S. PALENCIA;170503;CARRION DE LOS CONDES;C.S. CARRION DE LOS CONDES;ARCONADA;P.A.C. Carrión De Los Condes
G.A.S. SEGOVIA;170705;SIERRA LA;C.S. NAVAFRIA;ARCONES;P.A.C. Navafría
G.A.P. BURGOS;170209;BURGOS RURAL SUR;C.S. BURGOS RURAL SUR;ARCOS;P.A.C. Burgos Rural Norte Sur
G.A.S. SORIA;170803;ARCOS DE JALON;C.S. ARCOS DE JALON;ARCOS DE JALON;P.A.C. Arcos De Jalón
G.A.S. ZAMORA;171105;BENAVENTE SUR;C.S. BENAVENTE SUR;ARCOS DE LA POLVOROSA;P.A.C. Benavente
G.A.P. LEON;170301;ARMUNIA;C.S. ARMUNIA;ARDON;P.A.C. Armunia
G.A.S. AVILA;170101;ARENAS DE SAN PEDRO;C.S. ARENAS SAN PEDRO;ARENAL (EL);P.A.C. Arenas San Pedro
G.A.S. AVILA;170101;ARENAS DE SAN PEDRO;C.S. ARENAS SAN PEDRO;ARENAS DE SAN PEDRO;P.A.C. Arenas San Pedro
G.A.S. SORIA;170804;BERLANGA DE DUERO;C.S. BERLANGA DE DUERO;ARENILLAS;P.A.C. Berlanga De Duero
G.A.P. BURGOS;170220;MELGAR DE FERNAMENTAL;C.S. MELGAR FERNAMENTAL;ARENILLAS DE RIOPISUERGA;P.A.C. Melgar Fernamental
G.A.S. AVILA;170117;PIEDRAHITA;C.S. PIEDRAHITA;AREVALILLO;P.A.C. Piedrahita
G.A.S. SEGOVIA;170701;CANTALEJO;C.S. CANTALEJO;AREVALILLO DE CEGA;P.A.C. Cantalejo
G.A.S. AVILA;170102;AREVALO;C.S. AREVALO;AREVALO;P.A.C. Arévalo
G.A.S. SORIA;170811;SORIA RURAL;C.S. SORIA RURAL;AREVALO DE LA SIERRA;P.A.C. Soria Rural Norte Y Sur
G.A.S. ZAMORA;171115;SAYAGO;C.S. BERMILLO DE SAYAGO;ARGAÑIN;P.A.C. Bermillo De Sayago
G.A.S. EL BIERZO;170402;CACABELOS;C.S. CACABELOS;ARGANZA;P.A.C. Cacabelos
G.A.S. ZAMORA;171113;GUAREÑA;C.S. LA GUAREÑA;ARGUJILLO;P.A.C. La Guareña
G.A.P. BURGOS;170232;VALLE DE VALDEBEZANA;C.S. VALLE VALDEBEZANA;ARIJA;P.A.C. Valle Valdebezana
G.A.P. BURGOS;170208;BURGOS RURAL NORTE;C.S. BURGOS RURAL NORTE;ARLANZON;P.A.C. Burgos Rural Norte Sur
G.A.P. SALAMANCA;170601;ALBA DE TORMES;C.S. ALBA DE TORMES;ARMENTEROS;P.A.C. Alba De Tormes
G.A.S. SEGOVIA;170711;SEGOVIA RURAL;C.S. SEGOVIA RURAL;ARMUÑA;P.A.C. Segovia Rural
G.A.S. ZAMORA;171107;CAMPOS LAMPREANA;C.S. VILLARRIN;ARQUILLINOS;P.A.C. Villarrín
G.A.S. ZAMORA;171118;VIDRIALES;C.S. SANTIBAÑEZ VIDRIAL;ARRABALDE;P.A.C. Santibañez Vidriales
G.A.P. BURGOS;170208;BURGOS RURAL NORTE;C.S. BURGOS RURAL NORTE;ARRAYA DE OCA;P.A.C. Burgos Rural Norte Sur
G.A.P. VALLADOLID OESTE;170916;PISUERGA;C.S. PISUERGA;ARROYO DE LA ENCOMIENDA;P.A.C. Pisuerga
G.A.S. ZAMORA;171121;ZAMORA NORTE;C.S. ZAMORA NORTE;ASPARIEGOS;P.A.C. Zamora Integrado
G.A.P. LEON;170303;ASTORGA II;C.S. ASTORGA II;ASTORGA;P.A.C. Astorga
G.A.P. LEON;170302;ASTORGA I;C.S. ASTORGA I;ASTORGA;P.A.C. Astorga
G.A.S. PALENCIA;170505;FROMISTA;C.S. FROMISTA;ASTUDILLO;P.A.C. Frómista
G.A.S. ZAMORA;171109;CARBALLEDA;C.S. MOMBUEY;ASTURIANOS;P.A.C. Mombuey
G.A.P. SALAMANCA;170606;CIUDAD RODRIGO;C.S. CIUDAD RODRIGO;ATALAYA (LA);P.A.C. Ciudad Rodrigo
G.A.P. BURGOS;170208;BURGOS RURAL NORTE;C.S. BURGOS RURAL NORTE;ATAPUERCA;P.A.C. Burgos Rural Norte Sur
G.A.P. VALLADOLID ESTE;171021;MEDINA DEL CAMPO RURAL;C.S. MEDINA CAMPO RURAL;ATAQUINES;P.A.C. Medina
G.A.S. SORIA;170811;SORIA RURAL;C.S. SORIA RURAL;AUSEJO DE LA SIERRA;P.A.C. Soria Rural Norte Y Sur
G.A.P. BURGOS;170209;BURGOS RURAL SUR;C.S. BURGOS RURAL SUR;AUSINES (LOS);P.A.C. Burgos Rural Norte Sur
G.A.S. PALENCIA;170511;PALENCIA RURAL;C.S. PALENCIA RURAL;AUTILLA DEL PINO;P.A.C. Palencia
G.A.S. PALENCIA;170518;VILLARRAMIEL;C.S. VILLARRAMIEL;AUTILLO DE CAMPOS;P.A.C. Villarramiel
G.A.S. AVILA;170118;SAN PEDRO DEL ARROYO;C.S. SAN PEDRO ARROYO;AVEINTE;P.A.C. San Pedro Arroyo
G.A.S. AVILA;170108;BARCO DE AVILA EL;C.S. BARCO DE AVILA;AVELLANEDA;P.A.C. Barco de Ávila
G.A.P. BURGOS;170216;LERMA;C.S. LERMA;AVELLANOSA DE MUÑO;P.A.C. Lerma
G.A.S. AVILA;170122;AVILA SUR ESTE;C.S. AVILA SUR ESTE;AVILA;P.A.C. Ávila Urbano
G.A.S. AVILA;170104;AVILA NORTE;C.S. AVILA NORTE;AVILA;P.A.C. Ávila Urbano
G.A.S. AVILA;170105;AVILA RURAL;C.S. AVILA RURAL;AVILA;P.A.C. Ávila Rural
G.A.S. AVILA;170107;AVILA SUR OESTE;C.S. AVILA SUR OESTE;AVILA;P.A.C. Ávila Urbano
G.A.S. AVILA;170103;AVILA ESTACION;C.S. AVILA ESTACION;AVILA;P.A.C. Ávila Urbano
G.A.S. SEGOVIA;170707;RIAZA;C.S. RIAZA;AYLLON;P.A.C. Riaza
G.A.S. ZAMORA;171118;VIDRIALES;C.S. SANTIBAÑEZ VIDRIAL;AYOO DE VIDRIALES;P.A.C. Santibañez Vidriales
G.A.S. PALENCIA;170514;SALDAÑA;C.S. SALDAÑA;AYUELA;P.A.C. Saldaña
G.A.P. SALAMANCA;170633;VILLORIA;C.S. VILLORIA;BABILAFUENTE;P.A.C. Villoria
G.A.P. VALLADOLID ESTE;171015;PEÑAFIEL;C.S. PEÑAFIEL;BAHABON;P.A.C. Peñafiel
G.A.P. BURGOS;170216;LERMA;C.S. LERMA;BAHABON DE ESGUEVA;P.A.C. Lerma
G.A.P. BURGOS;170223;PAMPLIEGA;C.S. PAMPLIEGA;BALBASES (LOS);P.A.C. Pampliega
G.A.S. EL BIERZO;170410;VILLAFRANCA DEL BIERZO;C.S. VILLAFRANCA BIERZO;BALBOA;P.A.C. Villafranca Bierzo
G.A.S. PALENCIA;170502;BALTANAS;C.S. BALTANAS;BALTANAS;P.A.C. Baltanás
G.A.P. LEON;170308;BAÑEZA I LA;C.S. LA BAÑEZA I;BAÑEZA (LA);P.A.C. La Bañeza
G.A.P. LEON;170309;BAÑEZA II LA;C.S. BAÑEZA II;BAÑEZA (LA);P.A.C. La Bañeza
G.A.P. SALAMANCA;170618;LUMBRALES;C.S. LUMBRALES;BAÑOBAREZ;P.A.C. Lumbrales
G.A.P. BURGOS;170202;ARANDA DE DUERO RURAL;C.S. ARANDA RURAL;BAÑOS DE VALDEARADOS;P.A.C. Aranda
G.A.P. BURGOS;170205;BRIVIESCA;C.S. BRIVIESCA;BAÑUELOS DE BUREBA;P.A.C. Briviesca
G.A.S. PALENCIA;170518;VILLARRAMIEL;C.S. VILLARRAMIEL;BAQUERIN DE CAMPOS;P.A.C. Villarramiel
G.A.S. SORIA;170802;ALMAZAN;C.S. ALMAZAN;BARAONA;P.A.C. Almazán
G.A.P. SALAMANCA;170623;PERIURBANA SUR;C.S. PERIURBANO SUR;BARBADILLO;P.A.C. Periurbano Sur
G.A.P. BURGOS;170226;SALAS DE LOS INFANTES;C.S. SALAS LOS INFANTES;BARBADILLO DE HERREROS;P.A.C. Salas Los Infantes
G.A.P. BURGOS;170226;SALAS DE LOS INFANTES;C.S. SALAS LOS INFANTES;BARBADILLO DEL MERCADO;P.A.C. Salas Los Infantes
G.A.P. BURGOS;170226;SALAS DE LOS INFANTES;C.S. SALAS LOS INFANTES;BARBADILLO DEL PEZ;P.A.C. Salas Los Infantes
G.A.P. SALAMANCA;170617;LINARES DE RIOFRIO;C.S. LINARES DE RIOFRIO;BARBALOS;P.A.C. Linares De Riofrío
G.A.P. SALAMANCA;170630;TAMAMES;C.S. TAMAMES;BARBALOS;P.A.C. Tamames
G.A.S. SEGOVIA;170712;SEPULVEDA;C.S. SEPULVEDA;BARBOLLA;P.A.C. Sepúlveda
G.A.S. SORIA;170802;ALMAZAN;C.S. ALMAZAN;BARCA;P.A.C. Almazán
G.A.S. PALENCIA;170510;OSORNO;C.S. OSORNO;BARCENA DE CAMPOS;P.A.C. Osorno
G.A.P. SALAMANCA;170634;VITIGUDINO;C.S. VITIGUDINO;BARCEO;P.A.C. Vitigudino
G.A.P. VALLADOLID OESTE;170924;VILLAFRECHOS;C.S. VILLAFRECHOS;BARCIAL DE LA LOMA;P.A.C. Villafrechós
G.A.S. ZAMORA;171105;BENAVENTE SUR;C.S. BENAVENTE SUR;BARCIAL DEL BARCO;P.A.C. Benavente
G.A.S. AVILA;170108;BARCO DE AVILA EL;C.S. BARCO DE AVILA;BARCO DE AVILA (EL);P.A.C. Barco de Ávila
G.A.S. SORIA;170804;BERLANGA DE DUERO;C.S. BERLANGA DE DUERO;BARCONES;P.A.C. Berlanga De Duero
G.A.S. EL BIERZO;170410;VILLAFRANCA DEL BIERZO;C.S. VILLAFRANCA BIERZO;BARJAS;P.A.C. Villafranca Bierzo
G.A.S. AVILA;170105;AVILA RURAL;C.S. AVILA RURAL;BARRACO (EL);P.A.C. Ávila Rural
G.A.P. BURGOS;170205;BRIVIESCA;C.S. BRIVIESCA;BARRIOS DE BUREBA (LOS);P.A.C. Briviesca
G.A.P. BURGOS;170208;BURGOS RURAL NORTE;C.S. BURGOS RURAL NORTE;BARRIOS DE COLINA;P.A.C. Burgos Rural Norte Sur
G.A.P. LEON;170311;MAGDALENA LA;C.S. LA MAGDALENA;BARRIOS DE LUNA (LOS);P.A.C. La Magdalena
G.A.S. AVILA;170115;MADRIGAL DE LAS ALTAS TORRES;C.S. MADRIGAL DE LAS ALTAS TORRES;BARROMAN;P.A.C. Madrigal De Las Altas Torres
G.A.P. SALAMANCA;170602;ALDEADAVILA DE LA RIBERA;C.S. ALDEADAVILA RIBERA;BARRUECOPARDO;P.A.C. Aldeadavila Ribera
G.A.S. PALENCIA;170501;AGUILAR DE CAMPOO;C.S. AGUILAR DE CAMPOO;BARRUELO DE SANTULLAN;P.A.C. Aguilar De Campoo (5)
G.A.P. VALLADOLID OESTE;170920;TORDESILLAS;C.S. TORDESILLAS;BARRUELO DEL VALLE;P.A.C. Tordesillas
G.A.S. PALENCIA;170501;AGUILAR DE CAMPOO;C.S. AGUILAR DE CAMPOO;BASCONCILLOS DEL TOZO;P.A.C. Aguilar De Campoo (5)
G.A.P. BURGOS;170233;VILLADIEGO;C.S. VILLADIEGO;BASCONCILLOS DEL TOZO;P.A.C. Villadiego
G.A.S. PALENCIA;170507;HERRERA DE PISUERGA;C.S. HERRERA DE PISUERGA;BASCONES DE OJEDA;P.A.C. Herrera De Pisuerga
G.A.P. BURGOS;170204;BELORADO;C.S. BELORADO;BASCUÑANA;P.A.C. Belorado
G.A.P. SALAMANCA;170630;TAMAMES;C.S. TAMAMES;BASTIDA (LA);P.A.C. Tamames
G.A.S. SORIA;170804;BERLANGA DE DUERO;C.S. BERLANGA DE DUERO;BAYUBAS DE ABAJO;P.A.C. Berlanga De Duero
G.A.S. SORIA;170804;BERLANGA DE DUERO;C.S. BERLANGA DE DUERO;BAYUBAS DE ARRIBA;P.A.C. Berlanga De Duero
G.A.S. AVILA;170108;BARCO DE AVILA EL;C.S. BARCO DE AVILA;BECEDAS;P.A.C. Barco de Ávila
G.A.S. AVILA;170117;PIEDRAHITA;C.S. PIEDRAHITA;BECEDILLAS;P.A.C. Piedrahita
G.A.S. PALENCIA;170512;PAREDES DE NAVA;C.S. PAREDES DE NAVA;BECERRIL DE CAMPOS;P.A.C. Paredes De Nava
G.A.P. VALLADOLID OESTE;170910;MAYORGA;C.S. MAYORGA DE CAMPOS;BECILLA DE VALDERADUEY;P.A.C. Mayorga De Campos
G.A.P. SALAMANCA;170603;BEJAR;C.S. BEJAR;BEJAR;P.A.C. Bejar
G.A.P. BURGOS;170223;PAMPLIEGA;C.S. PAMPLIEGA;BELBIMBRE;P.A.C. Pampliega
G.A.P. SALAMANCA;170601;ALBA DE TORMES;C.S. ALBA DE TORMES;BELEÑA;P.A.C. Alba De Tormes
G.A.S. PALENCIA;170518;VILLARRAMIEL;C.S. VILLARRAMIEL;BELMONTE DE CAMPOS;P.A.C. Villarramiel
G.A.P. BURGOS;170204;BELORADO;C.S. BELORADO;BELORADO;P.A.C. Belorado
G.A.S. ZAMORA;171107;CAMPOS LAMPREANA;C.S. VILLARRIN;BELVER DE LOS MONTES;P.A.C. Villarrín
G.A.S. EL BIERZO;170401;BEMBIBRE;C.S. BEMBIBRE;BEMBIBRE;P.A.C. Bembibre (4)
G.A.P. VALLADOLID OESTE;170914;MOTA DEL MARQUES;C.S. MOTA DEL MARQUES;BENAFARCES;P.A.C. Mota Del Marqués
G.A.S. ZAMORA;171104;BENAVENTE NORTE;C.S. BENAVENTE NORTE;BENAVENTE;P.A.C. Benavente
G.A.S. ZAMORA;171105;BENAVENTE SUR;C.S. BENAVENTE SUR;BENAVENTE;P.A.C. Benavente
G.A.P. LEON;170322;RIBERA DEL ORBIGO;C.S. RIBERA DEL ORBIGO;BENAVIDES;P.A.C. Ribera Del Órbigo
G.A.S. ZAMORA;171121;ZAMORA NORTE;C.S. ZAMORA NORTE;BENEGILES;P.A.C. Zamora Integrado
G.A.S. EL BIERZO;170407;PUENTE DE DOMINGO FLOREZ;C.S. PUENTE DOMINGO FLOREZ;BENUZA;P.A.C. Puente Domingo Florez
G.A.S. SORIA;170808;OLVEGA;C.S. OLVEGA;BERATON;P.A.C. Olvega
G.A.P. BURGOS;170230;VALLE DE LOSA;C.S. VALLE DE LOSA;BERBERANA;P.A.C. Valle De Losa
G.A.P. VALLADOLID OESTE;170920;TORDESILLAS;C.S. TORDESILLAS;BERCERO;P.A.C. Tordesillas
G.A.P. VALLADOLID OESTE;170920;TORDESILLAS;C.S. TORDESILLAS;BERCERUELO;P.A.C. Tordesillas
G.A.S. SEGOVIA;170711;SEGOVIA RURAL;C.S. SEGOVIA RURAL;BERCIAL;P.A.C. Segovia Rural
G.A.S. AVILA;170115;MADRIGAL DE LAS ALTAS TORRES;C.S. MADRIGAL DE LAS ALTAS TORRES;BERCIAL DE ZAPARDIEL;P.A.C. Madrigal De Las Altas Torres
G.A.P. LEON;170325;SANTA MARIA DEL PARAMO;C.S. STA. MARIA PARAMO;BERCIANOS DEL PARAMO;P.A.C. Sta. María Páramo
G.A.P. LEON;170323;SAHAGUN DE CAMPOS;C.S. SAHAGUN CAMPOS;BERCIANOS DEL REAL CAMINO;P.A.C. Sahagún Campos
G.A.S. SEGOVIA;170712;SEPULVEDA;C.S. SEPULVEDA;BERCIMUEL;P.A.C. Sepúlveda
G.A.S. AVILA;170105;AVILA RURAL;C.S. AVILA RURAL;BERLANAS (LAS);P.A.C. Ávila Rural
G.A.S. SORIA;170804;BERLANGA DE DUERO;C.S. BERLANGA DE DUERO;BERLANGA DE DUERO;P.A.C. Berlanga De Duero
G.A.S. EL BIERZO;170408;TORENO;C.S. TORENO;BERLANGA DEL BIERZO;P.A.C. Toreno
G.A.P. BURGOS;170225;ROA DE DUERO;C.S. ROA DE DUERO;BERLANGAS DE ROA;P.A.C. Roa De Duero
G.A.P. SALAMANCA;170618;LUMBRALES;C.S. LUMBRALES;BERMELLAR;P.A.C. Lumbrales
G.A.S. ZAMORA;171115;SAYAGO;C.S. BERMILLO DE SAYAGO;BERMILLO DE SAYAGO;P.A.C. Bermillo De Sayago
G.A.S. SEGOVIA;170706;NAVA DE LA ASUNCION;C.S. NAVA DE LA ASUNCION;BERNARDOS;P.A.C. Nava De La Asunción
G.A.S. SEGOVIA;170711;SEGOVIA RURAL;C.S. SEGOVIA RURAL;BERNUY DE PORREROS;P.A.C. Segovia Rural
G.A.S. AVILA;170112;FONTIVEROS;C.S. FONTIVEROS;BERNUY-ZAPARDIEL;P.A.C. Fontiveros
G.A.P. SALAMANCA;170630;TAMAMES;C.S. TAMAMES;BERROCAL DE HUEBRA;P.A.C. Tamames
G.A.P. SALAMANCA;170613;GUIJUELO;C.S. GUIJUELO;BERROCAL DE SALVATIERRA;P.A.C. Guijuelo
G.A.S. AVILA;170105;AVILA RURAL;C.S. AVILA RURAL;BERROCALEJO DE ARAGONA;P.A.C. Ávila Rural
G.A.P. VALLADOLID OESTE;170913;MEDINA DE RIOSECO;C.S. MEDINA DE RIOSECO;BERRUECES;P.A.C. Medina De Rioseco
G.A.P. BURGOS;170205;BRIVIESCA;C.S. BRIVIESCA;BERZOSA DE BUREBA;P.A.C. Briviesca
G.A.S. PALENCIA;170501;AGUILAR DE CAMPOO;C.S. AGUILAR DE CAMPOO;BERZOSILLA;P.A.C. Aguilar De Campoo (5)
G.A.S. SORIA;170805;BURGO DE OSMA;C.S. EL BURGO DE OSMA;BLACOS;P.A.C. El Burgo De Osma
G.A.S. AVILA;170118;SAN PEDRO DEL ARROYO;C.S. SAN PEDRO ARROYO;BLASCOMILLAN;P.A.C. San Pedro Arroyo
G.A.S. AVILA;170115;MADRIGAL DE LAS ALTAS TORRES;C.S. MADRIGAL DE LAS ALTAS TORRES;BLASCONUÑO DE MATACABRAS;P.A.C. Madrigal De Las Altas Torres
G.A.S. AVILA;170105;AVILA RURAL;C.S. AVILA RURAL;BLASCOSANCHO;P.A.C. Ávila Rural
G.A.S. SORIA;170807;GOMARA;C.S. GOMARA;BLIECOS;P.A.C. Gómara
G.A.P. SALAMANCA;170608;FUENTE DE SAN ESTEBAN LA;C.S. FUENTE DE SAN ESTEBAN;BOADA;P.A.C. Fuente De San Esteban
G.A.S. PALENCIA;170519;VILLADA;C.S. VILLADA;BOADILLA DE RIOSECO;P.A.C. Villada
G.A.S. PALENCIA;170505;FROMISTA;C.S. FROMISTA;BOADILLA DEL CAMINO;P.A.C. Frómista
G.A.P. VALLADOLID ESTE;171021;MEDINA DEL CAMPO RURAL;C.S. MEDINA CAMPO RURAL;BOBADILLA DEL CAMPO;P.A.C. Medina
G.A.P. LEON;170320;RIAÑO;C.S. RIAÑO;BOCA DE HUERGANO;P.A.C. Riaño
G.A.S. SEGOVIA;170712;SEPULVEDA;C.S. SEPULVEDA;BOCEGUILLAS;P.A.C. Sepúlveda
G.A.P. VALLADOLID ESTE;171020;OLMEDO;C.S. OLMEDO;BOCIGAS;P.A.C. Olmedo
G.A.P. VALLADOLID ESTE;171015;PEÑAFIEL;C.S. PEÑAFIEL;BOCOS DE DUERO;P.A.C. Peñafiel
G.A.P. SALAMANCA;170606;CIUDAD RODRIGO;C.S. CIUDAD RODRIGO;BODON (EL);P.A.C. Ciudad Rodrigo
G.A.P. VALLADOLID OESTE;170909;LAGUNA DE DUERO;C.S. LAGUNA DE DUERO;BOECILLO;P.A.C. Laguna De Duero
G.A.P. SALAMANCA;170634;VITIGUDINO;C.S. VITIGUDINO;BOGAJO;P.A.C. Vitigudino
G.A.S. AVILA;170102;AREVALO;C.S. AREVALO;BOHODON (EL);P.A.C. Arévalo
G.A.S. AVILA;170108;BARCO DE AVILA EL;C.S. BARCO DE AVILA;BOHOYO;P.A.C. Barco de Ávila
G.A.P. VALLADOLID OESTE;170924;VILLAFRECHOS;C.S. VILLAFRECHOS;BOLAÑOS DE CAMPOS;P.A.C. Villafrechós
G.A.P. LEON;170305;BOÑAR;C.S. BOÑAR;BOÑAR;P.A.C. La Bañeza
G.A.S. AVILA;170117;PIEDRAHITA;C.S. PIEDRAHITA;BONILLA DE LA SIERRA;P.A.C. Piedrahita
G.A.S. SORIA;170802;ALMAZAN;C.S. ALMAZAN;BORJABAD;P.A.C. Almazán
G.A.S. SORIA;170808;OLVEGA;C.S. OLVEGA;BOROBIA;P.A.C. Olvega
G.A.S. EL BIERZO;170407;PUENTE DE DOMINGO FLOREZ;C.S. PUENTE DOMINGO FLOREZ;BORRENES;P.A.C. Puente Domingo Florez
G.A.P. SALAMANCA;170610;FUENTES DE OÑORO;C.S. FUENTES DE OÑORO;BOUZA (LA);P.A.C. Fuentes De Oñoro
G.A.S. ZAMORA;171113;GUAREÑA;C.S. LA GUAREÑA;BOVEDA DE TORO (LA);P.A.C. La Guareña
G.A.P. SALAMANCA;170624;PEÑARANDA DE BRACAMONTE;C.S. PEÑARANDA;BOVEDA DEL RIO ALMAR;P.A.C. Peñaranda
G.A.P. BURGOS;170221;MIRANDA ESTE;C.S. MIRANDA ESTE;BOZOO;P.A.C. Miranda
G.A.S. AVILA;170118;SAN PEDRO DEL ARROYO;C.S. SAN PEDRO ARROYO;BRABOS;P.A.C. San Pedro Arroyo
G.A.P. VALLADOLID ESTE;171021;MEDINA DEL CAMPO RURAL;C.S. MEDINA CAMPO RURAL;BRAHOJOS DE MEDINA;P.A.C. Medina
G.A.S. PALENCIA;170501;AGUILAR DE CAMPOO;C.S. AGUILAR DE CAMPOO;BRAÑOSERA;P.A.C. Aguilar De Campoo (5)
G.A.P. BURGOS;170215;HUERTA DEL REY;C.S. HUERTA DE REY;BRAZACORTA;P.A.C. Huerta De Rey
G.A.P. LEON;170303;ASTORGA II;C.S. ASTORGA II;BRAZUELO;P.A.C. Astorga
G.A.S. ZAMORA;171105;BENAVENTE SUR;C.S. BENAVENTE SUR;BRETO;P.A.C. Benavente
G.A.S. ZAMORA;171105;BENAVENTE SUR;C.S. BENAVENTE SUR;BRETOCINO;P.A.C. Benavente
G.A.S. SEGOVIA;170711;SEGOVIA RURAL;C.S. SEGOVIA RURAL;BRIEVA;P.A.C. Segovia Rural
G.A.S. ZAMORA;171118;VIDRIALES;C.S. SANTIBAÑEZ VIDRIAL;BRIME DE SOG;P.A.C. Santibañez Vidriales
G.A.S. ZAMORA;171104;BENAVENTE NORTE;C.S. BENAVENTE NORTE;BRIME DE URZ;P.A.C. Benavente
G.A.P. SALAMANCA;170634;VITIGUDINO;C.S. VITIGUDINO;BRINCONES;P.A.C. Vitigudino
G.A.P. BURGOS;170205;BRIVIESCA;C.S. BRIVIESCA;BRIVIESCA;P.A.C. Briviesca
G.A.P. SALAMANCA;170608;FUENTE DE SAN ESTEBAN LA;C.S. FUENTE DE SAN ESTEBAN;BUENAMADRE;P.A.C. Fuente De San Esteban
G.A.P. SALAMANCA;170601;ALBA DE TORMES;C.S. ALBA DE TORMES;BUENAVISTA;P.A.C. Alba De Tormes
G.A.S. PALENCIA;170514;SALDAÑA;C.S. SALDAÑA;BUENAVISTA DE VALDAVIA;P.A.C. Saldaña
G.A.P. BURGOS;170221;MIRANDA ESTE;C.S. MIRANDA ESTE;BUGEDO;P.A.C. Miranda
G.A.S. AVILA;170118;SAN PEDRO DEL ARROYO;C.S. SAN PEDRO ARROYO;BULARROS;P.A.C. San Pedro Arroyo
G.A.P. BURGOS;170209;BURGOS RURAL SUR;C.S. BURGOS RURAL SUR;BUNIEL;P.A.C. Burgos Rural Norte Sur
G.A.S. ZAMORA;171105;BENAVENTE SUR;C.S. BENAVENTE SUR;BURGANES DE VALVERDE;P.A.C. Benavente
G.A.S. SORIA;170805;BURGO DE OSMA;C.S. EL BURGO DE OSMA;BURGO DE OSMA-CIUDAD DE OSMA;P.A.C. El Burgo De Osma
G.A.P. LEON;170318;MANSILLA DE LAS MULAS;C.S. MANSILLA MULAS;BURGO RANERO (EL);P.A.C. Mansilla Mulas
G.A.S. AVILA;170109;BURGOHONDO;C.S. BURGOHONDO;BURGOHONDO;P.A.C. Burgohondo
G.A.P. BURGOS;170214;GAMONAL II - GARCIA LORCA;C.S. GARCIA LORCA;BURGOS;P.A.C Divino Vallés  (3)
G.A.P. BURGOS;170236;CASA LA VEGA;C.S. JOSE LUIS SANTAMARIA;BURGOS;P.A.C Divino Vallés  (3)
G.A.P. BURGOS;170206;BURGOS CENTRO A - CRISTOBAL ACOSTA;C.S. CRISTOBAL ACOSTA;BURGOS;P.A.C Divino Vallés  (3)
G.A.P. BURGOS;170209;BURGOS RURAL SUR;C.S. BURGOS RURAL SUR;BURGOS;P.A.C. Burgos Rural Norte Sur
G.A.P. BURGOS;170212;GAMONAL I LA ANTIGUA;C.S. GAMONAL ANTIGUA;BURGOS;P.A.C Divino Vallés  (3)
G.A.P. BURGOS;170217;COMUNEROS LOS;C.S. LOS COMUNEROS;BURGOS;P.A.C Divino Vallés  (3)
G.A.P. BURGOS;170213;GAMONAL LAS TORRES;C.S. GAMONAL LAS TORRES;BURGOS;P.A.C Divino Vallés  (3)
G.A.P. BURGOS;170228;SANTA CLARA;C.S. SANTA CLARA;BURGOS;P.A.C Divino Vallés  (3)
G.A.P. BURGOS;170227;SAN AGUSTIN;C.S. SAN AGUSTIN;BURGOS;P.A.C Divino Vallés  (3)
G.A.P. BURGOS;170208;BURGOS RURAL NORTE;C.S. BURGOS RURAL NORTE;BURGOS;P.A.C. Burgos Rural Norte Sur
G.A.P. BURGOS;170207;BURGOS CENTRO B - I. LOPEZ SAIZ;C.S. I. LOPEZ SAIZ;BURGOS;P.A.C Divino Vallés  (3)
G.A.P. BURGOS;170237;LAS HUELGAS;C.S. LAS HUELGAS;BURGOS;P.A.C Divino Vallés  (3)
G.A.P. BURGOS;170218;CUBOS LOS;C.S. LOS CUBOS;BURGOS;P.A.C Divino Vallés  (3)
G.A.P. LEON;170320;RIAÑO;C.S. RIAÑO;BURON;P.A.C. Riaño
G.A.P. VALLADOLID OESTE;170925;VILLALON DE CAMPOS;C.S. VILLALON DE CAMPOS;BUSTILLO DE CHAVES;P.A.C. Villalón De Campos
G.A.S. PALENCIA;170514;SALDAÑA;C.S. SALDAÑA;BUSTILLO DE LA VEGA;P.A.C. Saldaña
G.A.S. ZAMORA;171117;TORO;C.S. TORO;BUSTILLO DEL ORO;P.A.C. Toro
G.A.P. LEON;170322;RIBERA DEL ORBIGO;C.S. RIBERA DEL ORBIGO;BUSTILLO DEL PARAMO;P.A.C. Ribera Del Órbigo
G.A.P. LEON;170325;SANTA MARIA DEL PARAMO;C.S. STA. MARIA PARAMO;BUSTILLO DEL PARAMO;P.A.C. Sta. María Páramo
G.A.S. PALENCIA;170503;CARRION DE LOS CONDES;C.S. CARRION DE LOS CONDES;BUSTILLO DEL PARAMO DE CARRION;P.A.C. Carrión De Los Condes
G.A.P. BURGOS;170205;BRIVIESCA;C.S. BRIVIESCA;BUSTO DE BUREBA;P.A.C. Briviesca
G.A.P. SALAMANCA;170615;ALBERCA LA;C.S. LA ALBERCA;CABACO (EL);P.A.C. La Alberca
G.A.S. SEGOVIA;170701;CANTALEJO;C.S. CANTALEJO;CABALLAR;P.A.C. Cantalejo
G.A.S. SEGOVIA;170711;SEGOVIA RURAL;C.S. SEGOVIA RURAL;CABAÑAS DE POLENDOS;P.A.C. Segovia Rural
G.A.S. ZAMORA;171110;CORRALES DEL VINO;C.S. CORRALES DEL VINO;CABAÑAS DE SAYAGO;P.A.C. Corrales Del Vino
G.A.S. EL BIERZO;170411;PONFERRADA IV;C.S. PONFERRADA IV;CABAÑAS RARAS;P.A.C. Ponferrada
G.A.P. BURGOS;170216;LERMA;C.S. LERMA;CABAÑES DE ESGUEVA;P.A.C. Lerma
G.A.P. SALAMANCA;170613;GUIJUELO;C.S. GUIJUELO;CABEZA DE BEJAR (LA);P.A.C. Guijuelo
G.A.P. SALAMANCA;170634;VITIGUDINO;C.S. VITIGUDINO;CABEZA DEL CABALLO;P.A.C. Vitigudino
G.A.P. SALAMANCA;170621;PEDROSILLO EL RALO;C.S. PEDROSILLO EL RALO;CABEZABELLOSA DE LA CALZADA;P.A.C. Pedrosillo El Ralo
G.A.S. AVILA;170102;AREVALO;C.S. AREVALO;CABEZAS DE ALAMBRE;P.A.C. Arévalo
G.A.S. AVILA;170112;FONTIVEROS;C.S. FONTIVEROS;CABEZAS DEL POZO;P.A.C. Fontiveros
G.A.S. AVILA;170121;MUÑICO;C.S. MUÑICO;CABEZAS DEL VILLAR;P.A.C. Muñico
G.A.P. BURGOS;170226;SALAS DE LOS INFANTES;C.S. SALAS LOS INFANTES;CABEZON DE LA SIERRA;P.A.C. Salas Los Infantes
G.A.P. VALLADOLID ESTE;171025;VALLADOLID RURAL I;C.S. VALLADOLID RURAL I;CABEZON DE PISUERGA;P.A.C. Valladolid Rural I
G.A.P. VALLADOLID OESTE;170925;VILLALON DE CAMPOS;C.S. VILLALON DE CAMPOS;CABEZON DE VALDERADUEY;P.A.C. Villalón De Campos
G.A.S. SEGOVIA;170701;CANTALEJO;C.S. CANTALEJO;CABEZUELA;P.A.C. Cantalejo
G.A.S. AVILA;170118;SAN PEDRO DEL ARROYO;C.S. SAN PEDRO ARROYO;CABIZUELA;P.A.C. San Pedro Arroyo
G.A.S. SORIA;170811;SORIA RURAL;C.S. SORIA RURAL;CABREJAS DEL CAMPO;P.A.C. Soria Rural Norte Y Sur
G.A.S. SORIA;170811;SORIA RURAL;C.S. SORIA RURAL;CABREJAS DEL PINAR;P.A.C. Soria Rural Norte Y Sur
G.A.P. SALAMANCA;170622;PERIURBANA NORTE;C.S. PERIURBANA NORTE;CABRERIZOS;P.A.C. Periurbana Norte
G.A.P. VALLADOLID OESTE;170924;VILLAFRECHOS;C.S. VILLAFRECHOS;CABREROS DEL MONTE;P.A.C. Villafrechós
G.A.P. LEON;170327;VALENCIA DE DON JUAN;C.S. VALENCIA DE D. JUAN;CABREROS DEL RIO;P.A.C. Valencia De D. Juan
G.A.P. LEON;170304;BABIA;C.S. SAN EMILIANO;CABRILLANES;P.A.C. San Emiliano De Babia
G.A.P. SALAMANCA;170608;FUENTE DE SAN ESTEBAN LA;C.S. FUENTE DE SAN ESTEBAN;CABRILLAS;P.A.C. Fuente De San Esteban
G.A.S. EL BIERZO;170402;CACABELOS;C.S. CACABELOS;CACABELOS;P.A.C. Cacabelos
G.A.S. SEGOVIA;170704;FUENTESAUCO DE FUENTIDUEÑA;C.S. FUENTESAUCO;CALABAZAS DE FUENTIDUEÑA;P.A.C. Fuentesauco
G.A.S. PALENCIA;170507;HERRERA DE PISUERGA;C.S. HERRERA DE PISUERGA;CALAHORRA DE BOEDO;P.A.C. Herrera De Pisuerga
G.A.S. SORIA;170811;SORIA RURAL;C.S. SORIA RURAL;CALATAÑAZOR;P.A.C. Soria Rural Norte Y Sur
G.A.P. BURGOS;170202;ARANDA DE DUERO RURAL;C.S. ARANDA RURAL;CALERUEGA;P.A.C. Aranda
G.A.S. SORIA;170804;BERLANGA DE DUERO;C.S. BERLANGA DE DUERO;CALTOJAR;P.A.C. Berlanga De Duero
G.A.P. SALAMANCA;170628;SANTA MARTA DE TORMES;C.S. SANTA MARTA DE TORMES;CALVARRASA DE ABAJO;P.A.C. Santa Marta De Tormes
G.A.P. SALAMANCA;170628;SANTA MARTA DE TORMES;C.S. SANTA MARTA DE TORMES;CALVARRASA DE ARRIBA;P.A.C. Santa Marta De Tormes
G.A.P. SALAMANCA;170603;BEJAR;C.S. BEJAR;CALZADA DE BEJAR (LA);P.A.C. Bejar
G.A.P. SALAMANCA;170619;MATILLA DE LOS CAÑOS;C.S. MATILLA CAÑOS;CALZADA DE DON DIEGO;P.A.C. Matilla Caños
G.A.P. SALAMANCA;170613;GUIJUELO;C.S. GUIJUELO;CALZADA DE DON DIEGO;P.A.C. Guijuelo
G.A.S. PALENCIA;170503;CARRION DE LOS CONDES;C.S. CARRION DE LOS CONDES;CALZADA DE LOS MOLINOS;P.A.C. Carrión De Los Condes
G.A.P. SALAMANCA;170604;CALZADA DE VALDUNCIEL;C.S. CALZADA VALDUNCIEL;CALZADA DE VALDUNCIEL;P.A.C. Calzada Valdunciel
G.A.P. LEON;170323;SAHAGUN DE CAMPOS;C.S. SAHAGUN CAMPOS;CALZADA DEL COTO;P.A.C. Sahagún Campos
G.A.S. ZAMORA;171106;TERA;C.S. CAMARZANA DE TERA;CALZADILLA DE TERA;P.A.C. Camarzana De Tera
G.A.S. ZAMORA;171106;TERA;C.S. CAMARZANA DE TERA;CAMARZANA DE TERA;P.A.C. Camarzana De Tera
G.A.P. VALLADOLID ESTE;171015;PEÑAFIEL;C.S. PEÑAFIEL;CAMPASPERO;P.A.C. Peñafiel
G.A.P. LEON;170326;VALDERAS;C.S. VALDERAS;CAMPAZAS;P.A.C. Valderas
G.A.P. VALLADOLID ESTE;171021;MEDINA DEL CAMPO RURAL;C.S. MEDINA CAMPO RURAL;CAMPILLO (EL);P.A.C. Medina
G.A.P. BURGOS;170202;ARANDA DE DUERO RURAL;C.S. ARANDA RURAL;CAMPILLO DE ARANDA;P.A.C. Aranda
G.A.P. SALAMANCA;170609;FUENTEGUINALDO;C.S. FUENTEGUINALDO;CAMPILLO DE AZABA;P.A.C. Fuenteguinaldo
G.A.P. SALAMANCA;170624;PEÑARANDA DE BRACAMONTE;C.S. PEÑARANDA;CAMPO DE PEÑARANDA (EL);P.A.C. Peñaranda
G.A.S. SEGOVIA;170707;RIAZA;C.S. RIAZA;CAMPO DE SAN PEDRO;P.A.C. Riaza
G.A.P. LEON;170318;MANSILLA DE LAS MULAS;C.S. MANSILLA MULAS;CAMPO DE VILLAVIDEL;P.A.C. Mansilla Mulas
G.A.P. BURGOS;170226;SALAS DE LOS INFANTES;C.S. SALAS LOS INFANTES;CAMPOLARA;P.A.C. Salas Los Infantes
G.A.S. EL BIERZO;170402;CACABELOS;C.S. CACABELOS;CAMPONARAYA;P.A.C. Cacabelos
G.A.P. VALLADOLID ESTE;171016;PORTILLO;C.S. PORTILLO;CAMPORREDONDO;P.A.C. Portillo
G.A.P. VALLADOLID ESTE;171015;PEÑAFIEL;C.S. PEÑAFIEL;CANALEJAS DE PEÑAFIEL;P.A.C. Peñafiel
G.A.S. AVILA;170102;AREVALO;C.S. AREVALO;CANALES;P.A.C. Arévalo
G.A.S. SORIA;170807;GOMARA;C.S. GOMARA;CAÑAMAQUE;P.A.C. Gómara
G.A.P. SALAMANCA;170603;BEJAR;C.S. BEJAR;CANDELARIO;P.A.C. Bejar
G.A.S. AVILA;170110;CANDELEDA;C.S. CANDELEDA;CANDELEDA;P.A.C. Candeleda
G.A.S. SORIA;170811;SORIA RURAL;C.S. SORIA RURAL;CANDILICHERA;P.A.C. Soria Rural Norte Y Sur
G.A.S. EL BIERZO;170403;FABERO;C.S. FABERO;CANDIN;P.A.C. Fabero
G.A.P. BURGOS;170224;QUINTANAR DE LA SIERRA;C.S. QUINTANAR SIERRA;CANICOSA DE LA SIERRA;P.A.C. Quintanar Sierra
G.A.P. SALAMANCA;170619;MATILLA DE LOS CAÑOS;C.S. MATILLA CAÑOS;CANILLAS DE ABAJO;P.A.C. Matilla Caños
G.A.P. VALLADOLID ESTE;171002;ESGUEVILLAS ESGUEVA;C.S. ESGUEVILLAS;CANILLAS DE ESGUEVA;P.A.C. Esguevillas
G.A.P. SALAMANCA;170621;PEDROSILLO EL RALO;C.S. PEDROSILLO EL RALO;CAÑIZAL;P.A.C. Pedrosillo El Ralo
G.A.S. ZAMORA;171119;VILLALPANDO;C.S. VILLALPANDO;CAÑIZO;P.A.C. Villalpando
G.A.P. BURGOS;170205;BRIVIESCA;C.S. BRIVIESCA;CANTABRANA;P.A.C. Briviesca
G.A.P. SALAMANCA;170603;BEJAR;C.S. BEJAR;CANTAGALLO;P.A.C. Bejar
G.A.P. SALAMANCA;170605;CANTALAPIEDRA;C.S. CANTALAPIEDRA;CANTALAPIEDRA;P.A.C. Cantalapiedra
G.A.S. SEGOVIA;170701;CANTALEJO;C.S. CANTALEJO;CANTALEJO;P.A.C. Cantalejo
G.A.P. SALAMANCA;170633;VILLORIA;C.S. VILLORIA;CANTALPINO;P.A.C. Villoria
G.A.P. SALAMANCA;170624;PEÑARANDA DE BRACAMONTE;C.S. PEÑARANDA;CANTARACILLO;P.A.C. Peñaranda
G.A.S. SEGOVIA;170702;CARBONERO EL MAYOR;C.S. CARBONERO EL MAYOR;CANTIMPALOS;P.A.C. Carbonero El Mayor
G.A.S. AVILA;170112;FONTIVEROS;C.S. FONTIVEROS;CANTIVEROS;P.A.C. Fontiveros
G.A.S. PALENCIA;170518;VILLARRAMIEL;C.S. VILLARRAMIEL;CAPILLAS;P.A.C. Villarramiel
G.A.S. SORIA;170807;GOMARA;C.S. GOMARA;CARABANTES;P.A.C. Gómara
G.A.P. BURGOS;170226;SALAS DE LOS INFANTES;C.S. SALAS LOS INFANTES;CARAZO;P.A.C. Salas Los Infantes
G.A.S. ZAMORA;171108;CARBAJALES;C.S. CARBAJALES DE ALBA;CARBAJALES DE ALBA;P.A.C. Carbajales De Alba
G.A.P. SALAMANCA;170623;PERIURBANA SUR;C.S. PERIURBANO SUR;CARBAJOSA DE LA SAGRADA;P.A.C. Periurbano Sur
G.A.S. ZAMORA;171115;SAYAGO;C.S. BERMILLO DE SAYAGO;CARBELLINO;P.A.C. Bermillo De Sayago
G.A.S. SEGOVIA;170702;CARBONERO EL MAYOR;C.S. CARBONERO EL MAYOR;CARBONERO EL MAYOR;P.A.C. Carbonero El Mayor
G.A.P. BURGOS;170205;BRIVIESCA;C.S. BRIVIESCA;CARCEDO DE BUREBA;P.A.C. Briviesca
G.A.P. BURGOS;170209;BURGOS RURAL SUR;C.S. BURGOS RURAL SUR;CARCEDO DE BURGOS;P.A.C. Burgos Rural Norte Sur
G.A.P. BURGOS;170209;BURGOS RURAL SUR;C.S. BURGOS RURAL SUR;CARDEÑADIJO;P.A.C. Burgos Rural Norte Sur
G.A.P. BURGOS;170209;BURGOS RURAL SUR;C.S. BURGOS RURAL SUR;CARDEÑAJIMENO;P.A.C. Burgos Rural Norte Sur
G.A.S. AVILA;170105;AVILA RURAL;C.S. AVILA RURAL;CARDEÑOSA;P.A.C. Ávila Rural
G.A.S. PALENCIA;170512;PAREDES DE NAVA;C.S. PAREDES DE NAVA;CARDEÑOSA DE VOLPEJERA;P.A.C. Paredes De Nava
G.A.P. BURGOS;170208;BURGOS RURAL NORTE;C.S. BURGOS RURAL NORTE;CARDEÑUELA RIOPICO;P.A.C. Burgos Rural Norte Sur
G.A.P. LEON;170319;MATALLANA DE TORIO;C.S. MATALLANA DE TORIO;CARMENES;P.A.C. Matallana De Torío
G.A.P. VALLADOLID ESTE;171021;MEDINA DEL CAMPO RURAL;C.S. MEDINA CAMPO RURAL;CARPIO;P.A.C. Medina
G.A.P. SALAMANCA;170606;CIUDAD RODRIGO;C.S. CIUDAD RODRIGO;CARPIO DE AZABA;P.A.C. Ciudad Rodrigo
G.A.S. EL BIERZO;170402;CACABELOS;C.S. CACABELOS;CARRACEDELO;P.A.C. Cacabelos
G.A.P. SALAMANCA;170623;PERIURBANA SUR;C.S. PERIURBANO SUR;CARRASCAL DE BARREGAS;P.A.C. Periurbano Sur
G.A.P. SALAMANCA;170619;MATILLA DE LOS CAÑOS;C.S. MATILLA CAÑOS;CARRASCAL DEL OBISPO;P.A.C. Matilla Caños
G.A.S. SEGOVIA;170701;CANTALEJO;C.S. CANTALEJO;CARRASCAL DEL RIO;P.A.C. Cantalejo
G.A.S. SORIA;170805;BURGO DE OSMA;C.S. EL BURGO DE OSMA;CARRASCOSA DE ABAJO;P.A.C. El Burgo De Osma
G.A.S. SORIA;170811;SORIA RURAL;C.S. SORIA RURAL;CARRASCOSA DE LA SIERRA;P.A.C. Soria Rural Norte Y Sur
G.A.S. AVILA;170108;BARCO DE AVILA EL;C.S. BARCO DE AVILA;CARRERA (LA);P.A.C. Barco de Ávila
G.A.P. BURGOS;170205;BRIVIESCA;C.S. BRIVIESCA;CARRIAS;P.A.C. Briviesca
G.A.S. PALENCIA;170503;CARRION DE LOS CONDES;C.S. CARRION DE LOS CONDES;CARRION DE LOS CONDES;P.A.C. Carrión De Los Condes
G.A.P. LEON;170322;RIBERA DEL ORBIGO;C.S. RIBERA DEL ORBIGO;CARRIZO;P.A.C. Ribera Del Órbigo
G.A.P. LEON;170311;MAGDALENA LA;C.S. LA MAGDALENA;CARROCERA;P.A.C. La Magdalena
G.A.S. EL BIERZO;170407;PUENTE DE DOMINGO FLOREZ;C.S. PUENTE DOMINGO FLOREZ;CARUCEDO;P.A.C. Puente Domingo Florez
G.A.S. EL BIERZO;170410;VILLAFRANCA DEL BIERZO;C.S. VILLAFRANCA BIERZO;CARUCEDO;P.A.C. Villafranca Bierzo
G.A.P. SALAMANCA;170613;GUIJUELO;C.S. GUIJUELO;CASAFRANCA;P.A.C. Guijuelo
G.A.S. SORIA;170810;SAN LEONARDO DE YAGUE;C.S. SAN LEONARDO YAGÜE;CASAREJOS;P.A.C. San Leonardo Yagüe
G.A.P. SALAMANCA;170615;ALBERCA LA;C.S. LA ALBERCA;CASAS DEL CONDE (LAS);P.A.C. La Alberca
G.A.S. AVILA;170117;PIEDRAHITA;C.S. PIEDRAHITA;CASAS DEL PUERTO;P.A.C. Piedrahita
G.A.S. ZAMORA;171110;CORRALES DEL VINO;C.S. CORRALES DEL VINO;CASASECA DE CAMPEAN;P.A.C. Corrales Del Vino
G.A.S. ZAMORA;171122;ZAMORA SUR;C.S. ZAMORA SUR;CASASECA DE LAS CHANAS;P.A.C. Zamora Integrado
G.A.S. AVILA;170105;AVILA RURAL;C.S. AVILA RURAL;CASASOLA;P.A.C. Ávila Rural
G.A.P. VALLADOLID OESTE;170914;MOTA DEL MARQUES;C.S. MOTA DEL MARQUES;CASASOLA DE ARION;P.A.C. Mota Del Marqués
G.A.S. AVILA;170119;SOTILLO DE LA ADRADA;C.S. SOTILLO DE ADRADA;CASAVIEJA;P.A.C. Sotillo De Adrada
G.A.P. BURGOS;170205;BRIVIESCA;C.S. BRIVIESCA;CASCAJARES DE BUREBA;P.A.C. Briviesca
G.A.S. AVILA;170119;SOTILLO DE LA ADRADA;C.S. SOTILLO DE ADRADA;CASILLAS;P.A.C. Sotillo De Adrada
G.A.P. SALAMANCA;170609;FUENTEGUINALDO;C.S. FUENTEGUINALDO;CASILLAS DE FLORES;P.A.C. Fuenteguinaldo
G.A.S. SEGOVIA;170705;SIERRA LA;C.S. NAVAFRIA;CASLA;P.A.C. Navafría
G.A.P. BURGOS;170220;MELGAR DE FERNAMENTAL;C.S. MELGAR FERNAMENTAL;CASTELLANOS DE CASTRO;P.A.C. Melgar Fernamental
G.A.P. SALAMANCA;170622;PERIURBANA NORTE;C.S. PERIURBANA NORTE;CASTELLANOS DE MORISCOS;P.A.C. Periurbana Norte
G.A.P. SALAMANCA;170622;PERIURBANA NORTE;C.S. PERIURBANA NORTE;CASTELLANOS DE VILLIQUERA;P.A.C. Periurbana Norte
G.A.S. AVILA;170115;MADRIGAL DE LAS ALTAS TORRES;C.S. MADRIGAL DE LAS ALTAS TORRES;CASTELLANOS DE ZAPARDIEL;P.A.C. Madrigal De Las Altas Torres
G.A.P. BURGOS;170205;BRIVIESCA;C.S. BRIVIESCA;CASTIL DE PEONES;P.A.C. Briviesca
G.A.S. PALENCIA;170518;VILLARRAMIEL;C.S. VILLARRAMIEL;CASTIL DE VELA;P.A.C. Villarramiel
G.A.P. BURGOS;170204;BELORADO;C.S. BELORADO;CASTILDELGADO;P.A.C. Belorado
G.A.P. LEON;170327;VALENCIA DE DON JUAN;C.S. VALENCIA DE D. JUAN;CASTILFALE;P.A.C. Valencia De D. Juan
G.A.S. SORIA;170811;SORIA RURAL;C.S. SORIA RURAL;CASTILFRIO DE LA SIERRA;P.A.C. Soria Rural Norte Y Sur
G.A.P. SALAMANCA;170606;CIUDAD RODRIGO;C.S. CIUDAD RODRIGO;CASTILLEJO DE MARTIN VIEJO;P.A.C. Ciudad Rodrigo
G.A.S. SEGOVIA;170707;RIAZA;C.S. RIAZA;CASTILLEJO DE MESLEON;P.A.C. Riaza
G.A.S. SORIA;170806;SAN ESTEBAN DE GORMAZ;C.S. SAN ESTEBAN GORMAZ;CASTILLEJO DE ROBLEDO;P.A.C. San Esteban Gormaz
G.A.S. SORIA;170801;AGREDA;C.S. AGREDA;CASTILRUIZ;P.A.C. Ágreda
G.A.P. SALAMANCA;170608;FUENTE DE SAN ESTEBAN LA;C.S. FUENTE DE SAN ESTEBAN;CASTRAZ;P.A.C. Fuente De San Esteban
G.A.S. PALENCIA;170504;CERVERA PISUERGA;C.S. CERVERA PISUERGA;CASTREJON DE LA PEÑA;P.A.C. Cervera Pisuerga
G.A.P. VALLADOLID ESTE;171019;ALAEJOS;C.S. ALAEJOS;CASTREJON DE TRABANCOS;P.A.C.  Alaejos
G.A.P. LEON;170310;CABRERA LA;C.S. TRUCHAS;CASTRILLO DE CABRERA;P.A.C Truchas
G.A.S. PALENCIA;170502;BALTANAS;C.S. BALTANAS;CASTRILLO DE DON JUAN;P.A.C. Baltanás
G.A.P. VALLADOLID ESTE;171015;PEÑAFIEL;C.S. PEÑAFIEL;CASTRILLO DE DUERO;P.A.C. Peñafiel
G.A.S. ZAMORA;171113;GUAREÑA;C.S. LA GUAREÑA;CASTRILLO DE LA GUAREÑA;P.A.C. La Guareña
G.A.P. BURGOS;170226;SALAS DE LOS INFANTES;C.S. SALAS LOS INFANTES;CASTRILLO DE LA REINA;P.A.C. Salas Los Infantes
G.A.P. LEON;170309;BAÑEZA II LA;C.S. BAÑEZA II;CASTRILLO DE LA VALDUERNA;P.A.C. La Bañeza
G.A.P. BURGOS;170202;ARANDA DE DUERO RURAL;C.S. ARANDA RURAL;CASTRILLO DE LA VEGA;P.A.C. Aranda
G.A.S. PALENCIA;170517;VENTA DE BAÑOS;C.S. VENTA DE BAÑOS;CASTRILLO DE ONIELO;P.A.C. Venta De Baños
G.A.P. BURGOS;170220;MELGAR DE FERNAMENTAL;C.S. MELGAR FERNAMENTAL;CASTRILLO DE RIOPISUERGA;P.A.C. Melgar Fernamental
G.A.S. PALENCIA;170510;OSORNO;C.S. OSORNO;CASTRILLO DE VILLAVEGA;P.A.C. Osorno
G.A.P. BURGOS;170209;BURGOS RURAL SUR;C.S. BURGOS RURAL SUR;CASTRILLO DEL VAL;P.A.C. Burgos Rural Norte Sur
G.A.P. BURGOS;170220;MELGAR DE FERNAMENTAL;C.S. MELGAR FERNAMENTAL;CASTRILLO MATAJUDIOS;P.A.C. Melgar Fernamental
G.A.P. VALLADOLID ESTE;171002;ESGUEVILLAS ESGUEVA;C.S. ESGUEVILLAS;CASTRILLO-TEJERIEGO;P.A.C. Esguevillas
G.A.S. SEGOVIA;170716;SACRAMENIA;C.S. SACRAMENIA;CASTRO DE FUENTIDUEÑA;P.A.C. Sacramenia
G.A.P. VALLADOLID OESTE;170910;MAYORGA;C.S. MAYORGA DE CAMPOS;CASTROBOL;P.A.C. Mayorga De Campos
G.A.P. LEON;170309;BAÑEZA II LA;C.S. BAÑEZA II;CASTROCALBON;P.A.C. La Bañeza
G.A.P. LEON;170309;BAÑEZA II LA;C.S. BAÑEZA II;CASTROCONTRIGO;P.A.C. La Bañeza
G.A.P. VALLADOLID OESTE;170926;VALLADOLID RURAL II;C.S. VALLADOLID RURAL II;CASTRODEZA;P.A.C. Valladolid Rural II
G.A.S. ZAMORA;171105;BENAVENTE SUR;C.S. BENAVENTE SUR;CASTROGONZALO;P.A.C. Benavente
G.A.P. BURGOS;170220;MELGAR DE FERNAMENTAL;C.S. MELGAR FERNAMENTAL;CASTROJERIZ;P.A.C. Melgar Fernamental
G.A.S. SEGOVIA;170716;SACRAMENIA;C.S. SACRAMENIA;CASTROJIMENO;P.A.C. Sacramenia
G.A.P. VALLADOLID OESTE;170914;MOTA DEL MARQUES;C.S. MOTA DEL MARQUES;CASTROMEMBIBRE;P.A.C. Mota Del Marqués
G.A.S. PALENCIA;170518;VILLARRAMIEL;C.S. VILLARRAMIEL;CASTROMOCHO;P.A.C. Villarramiel
G.A.P. VALLADOLID OESTE;170913;MEDINA DE RIOSECO;C.S. MEDINA DE RIOSECO;CASTROMONTE;P.A.C. Medina De Rioseco
G.A.S. ZAMORA;171107;CAMPOS LAMPREANA;C.S. VILLARRIN;CASTRONUEVO;P.A.C. Villarrín
G.A.P. VALLADOLID ESTE;171025;VALLADOLID RURAL I;C.S. VALLADOLID RURAL I;CASTRONUEVO DE ESGUEVA;P.A.C. Valladolid Rural I
G.A.P. VALLADOLID ESTE;171019;ALAEJOS;C.S. ALAEJOS;CASTRONUÑO;P.A.C.  Alaejos
G.A.S. EL BIERZO;170401;BEMBIBRE;C.S. BEMBIBRE;CASTROPODAME;P.A.C. Bembibre (4)
G.A.P. VALLADOLID OESTE;170910;MAYORGA;C.S. MAYORGA DE CAMPOS;CASTROPONCE;P.A.C. Mayorga De Campos
G.A.S. SEGOVIA;170712;SEPULVEDA;C.S. SEPULVEDA;CASTROSERNA DE ABAJO;P.A.C. Sepúlveda
G.A.S. SEGOVIA;170712;SEPULVEDA;C.S. SEPULVEDA;CASTROSERRACIN;P.A.C. Sepúlveda
G.A.P. LEON;170323;SAHAGUN DE CAMPOS;C.S. SAHAGUN CAMPOS;CASTROTIERRA DE VALMADRIGAL;P.A.C. Sahagún Campos
G.A.S. ZAMORA;171119;VILLALPANDO;C.S. VILLALPANDO;CASTROVERDE DE CAMPOS;P.A.C. Villalpando
G.A.P. VALLADOLID ESTE;171002;ESGUEVILLAS ESGUEVA;C.S. ESGUEVILLAS;CASTROVERDE DE CERRATO;P.A.C. Esguevillas
G.A.P. BURGOS;170209;BURGOS RURAL SUR;C.S. BURGOS RURAL SUR;CAVIA;P.A.C. Burgos Rural Norte Sur
G.A.P. BURGOS;170209;BURGOS RURAL SUR;C.S. BURGOS RURAL SUR;CAYUELA;P.A.C. Burgos Rural Norte Sur
G.A.S. ZAMORA;171122;ZAMORA SUR;C.S. ZAMORA SUR;CAZURRA;P.A.C. Zamora Integrado
G.A.P. LEON;170323;SAHAGUN DE CAMPOS;C.S. SAHAGUN CAMPOS;CEA;P.A.C. Sahagún Campos
G.A.P. LEON;170306;CISTIERNA;C.S. CISTIERNA;CEBANICO;P.A.C. Cistierna
G.A.P. BURGOS;170216;LERMA;C.S. LERMA;CEBRECOS;P.A.C. Lerma
G.A.S. AVILA;170111;CEBREROS;C.S. CEBREROS;CEBREROS;P.A.C. Cebreros
G.A.P. LEON;170309;BAÑEZA II LA;C.S. BAÑEZA II;CEBRONES DEL RIO;P.A.C. La Bañeza
G.A.S. SEGOVIA;170712;SEPULVEDA;C.S. SEPULVEDA;CEDILLO DE LA TORRE;P.A.C. Sepúlveda
G.A.P. VALLADOLID OESTE;170925;VILLALON DE CAMPOS;C.S. VILLALON DE CAMPOS;CEINOS DE CAMPOS;P.A.C. Villalón De Campos
G.A.P. BURGOS;170209;BURGOS RURAL SUR;C.S. BURGOS RURAL SUR;CELADA DEL CAMINO;P.A.C. Burgos Rural Norte Sur
G.A.S. SORIA;170802;ALMAZAN;C.S. ALMAZAN;CENTENERA DE ANDALUZ;P.A.C. Almazán
G.A.P. SALAMANCA;170620;MIRANDA DEL CASTAÑAR;C.S. MIRANDA DEL CASTAÑAR;CEPEDA;P.A.C. Miranda Del Castañar
G.A.S. AVILA;170113;GREDOS;C.S. NAVARREDONDA GREDOS;CEPEDA LA MORA;P.A.C. Navarredonda Gredos
G.A.S. SORIA;170812;SAN PEDRO MANRIQUE;C.S. S.PEDRO MANRIQUE;CERBON;P.A.C. S.Pedro Manrique
G.A.P. SALAMANCA;170630;TAMAMES;C.S. TAMAMES;CERECEDA DE LA SIERRA;P.A.C. Tamames
G.A.S. ZAMORA;171119;VILLALPANDO;C.S. VILLALPANDO;CERECINOS DE CAMPOS;P.A.C. Villalpando
G.A.S. ZAMORA;171107;CAMPOS LAMPREANA;C.S. VILLARRIN;CERECINOS DEL CARRIZAL;P.A.C. Villarrín
G.A.P. SALAMANCA;170602;ALDEADAVILA DE LA RIBERA;C.S. ALDEADAVILA RIBERA;CEREZAL DE PEÑAHORCADA;P.A.C. Aldeadavila Ribera
G.A.S. SEGOVIA;170707;RIAZA;C.S. RIAZA;CEREZO DE ABAJO;P.A.C. Riaza
G.A.S. SEGOVIA;170707;RIAZA;C.S. RIAZA;CEREZO DE ARRIBA;P.A.C. Riaza
G.A.P. BURGOS;170204;BELORADO;C.S. BELORADO;CEREZO DE RIO TIRON;P.A.C. Belorado
G.A.S. ZAMORA;171109;CARBALLEDA;C.S. MOMBUEY;CERNADILLA;P.A.C. Mombuey
G.A.P. SALAMANCA;170618;LUMBRALES;C.S. LUMBRALES;CERRALBO;P.A.C. Lumbrales
G.A.P. BURGOS;170204;BELORADO;C.S. BELORADO;CERRATON DE JUARROS;P.A.C. Belorado
G.A.P. SALAMANCA;170603;BEJAR;C.S. BEJAR;CERRO (EL);P.A.C. Bejar
G.A.S. PALENCIA;170503;CARRION DE LOS CONDES;C.S. CARRION DE LOS CONDES;CERVATOS DE LA CUEZA;P.A.C. Carrión De Los Condes
G.A.S. PALENCIA;170504;CERVERA PISUERGA;C.S. CERVERA PISUERGA;CERVERA DE PISUERGA;P.A.C. Cervera Pisuerga
G.A.P. VALLADOLID ESTE;171021;MEDINA DEL CAMPO RURAL;C.S. MEDINA CAMPO RURAL;CERVILLEGO DE LA CRUZ;P.A.C. Medina
G.A.P. SALAMANCA;170613;GUIJUELO;C.S. GUIJUELO;CESPEDOSA DE TORMES;P.A.C. Guijuelo
G.A.S. PALENCIA;170517;VENTA DE BAÑOS;C.S. VENTA DE BAÑOS;CEVICO DE LA TORRE;P.A.C. Venta De Baños
G.A.S. PALENCIA;170502;BALTANAS;C.S. BALTANAS;CEVICO NAVERO;P.A.C. Baltanás
G.A.P. SALAMANCA;170601;ALBA DE TORMES;C.S. ALBA DE TORMES;CHAGARCIA MEDIANERO;P.A.C. Alba De Tormes
G.A.S. AVILA;170121;MUÑICO;C.S. MUÑICO;CHAMARTIN;P.A.C. Muñico
G.A.S. SEGOVIA;170703;CUELLAR;C.S. CUELLAR;CHAÑE;P.A.C. Cuellar
G.A.P. LEON;170301;ARMUNIA;C.S. ARMUNIA;CHOZAS DE ABAJO;P.A.C. Armunia
G.A.P. BURGOS;170223;PAMPLIEGA;C.S. PAMPLIEGA;CIADONCHA;P.A.C. Pampliega
G.A.S. SORIA;170811;SORIA RURAL;C.S. SORIA RURAL;CIDONES;P.A.C. Soria Rural Norte Y Sur
G.A.P. VALLADOLID ESTE;171026;CIGALES;C.S. CIGALES;CIGALES;P.A.C. Cigales
G.A.S. SORIA;170801;AGREDA;C.S. AGREDA;CIGUDOSA;P.A.C. Ágreda
G.A.P. VALLADOLID OESTE;170916;PISUERGA;C.S. PISUERGA;CIGUÑUELA;P.A.C. Pisuerga
G.A.S. SORIA;170807;GOMARA;C.S. GOMARA;CIHUELA;P.A.C. Gómara
G.A.S. AVILA;170121;MUÑICO;C.S. MUÑICO;CILLAN;P.A.C. Muñico
G.A.P. SALAMANCA;170630;TAMAMES;C.S. TAMAMES;CILLEROS DE LA BASTIDA;P.A.C. Tamames
G.A.P. BURGOS;170216;LERMA;C.S. LERMA;CILLERUELO DE ABAJO;P.A.C. Lerma
G.A.P. BURGOS;170216;LERMA;C.S. LERMA;CILLERUELO DE ARRIBA;P.A.C. Lerma
G.A.S. SEGOVIA;170707;RIAZA;C.S. RIAZA;CILLERUELO DE SAN MAMES;P.A.C. Riaza
G.A.P. LEON;170326;VALDERAS;C.S. VALDERAS;CIMANES DE LA VEGA;P.A.C. Valderas
G.A.P. LEON;170322;RIBERA DEL ORBIGO;C.S. RIBERA DEL ORBIGO;CIMANES DEL TEJAR;P.A.C. Ribera Del Órbigo
G.A.P. SALAMANCA;170634;VITIGUDINO;C.S. VITIGUDINO;CIPEREZ;P.A.C. Vitigudino
G.A.S. SORIA;170808;OLVEGA;C.S. OLVEGA;CIRIA;P.A.C. Olvega
G.A.P. BURGOS;170216;LERMA;C.S. LERMA;CIRUELOS DE CERVERA;P.A.C. Lerma
G.A.S. SORIA;170811;SORIA RURAL;C.S. SORIA RURAL;CIRUJALES DEL RIO;P.A.C. Soria Rural Norte Y Sur
G.A.S. AVILA;170112;FONTIVEROS;C.S. FONTIVEROS;CISLA;P.A.C. Fontiveros
G.A.S. PALENCIA;170519;VILLADA;C.S. VILLADA;CISNEROS;P.A.C. Villada
G.A.P. VALLADOLID OESTE;170927;DELICIAS I;C.S. DELICIAS I;CISTERNIGA;P.A.C. Delicias
G.A.P. LEON;170306;CISTIERNA;C.S. CISTIERNA;CISTIERNA;P.A.C. Cistierna
G.A.P. SALAMANCA;170606;CIUDAD RODRIGO;C.S. CIUDAD RODRIGO;CIUDAD RODRIGO;P.A.C. Ciudad Rodrigo
G.A.S. PALENCIA;170516;TORQUEMADA;C.S. TORQUEMADA;COBOS DE CERRATO;P.A.C. Torquemada
G.A.S. SEGOVIA;170701;CANTALEJO;C.S. CANTALEJO;COBOS DE FUENTIDUEÑA;P.A.C. Cantalejo
G.A.S. ZAMORA;171114;SANABRIA;C.S. PUEBLA DE SANABRIA;COBREROS;P.A.C. Puebla De Sanabria
G.A.S. SEGOVIA;170706;NAVA DE LA ASUNCION;C.S. NAVA DE LA ASUNCION;COCA;P.A.C. Nava De La Asunción
G.A.P. SALAMANCA;170601;ALBA DE TORMES;C.S. ALBA DE TORMES;COCA DE ALBA;P.A.C. Alba De Tormes
G.A.S. AVILA;170102;AREVALO;C.S. AREVALO;CODORNIZ;P.A.C. Arévalo
G.A.P. VALLADOLID ESTE;171006;ISCAR;C.S. ISCAR;COGECES DE ISCAR;P.A.C. Íscar
G.A.P. VALLADOLID ESTE;171015;PEÑAFIEL;C.S. PEÑAFIEL;COGECES DEL MONTE;P.A.C. Peñafiel
G.A.P. BURGOS;170209;BURGOS RURAL SUR;C.S. BURGOS RURAL SUR;COGOLLOS;P.A.C. Burgos Rural Norte Sur
G.A.S. AVILA;170105;AVILA RURAL;C.S. AVILA RURAL;COLILLA (LA);P.A.C. Ávila Rural
G.A.S. AVILA;170112;FONTIVEROS;C.S. FONTIVEROS;COLLADO DE CONTRERAS;P.A.C. Fontiveros
G.A.S. AVILA;170117;PIEDRAHITA;C.S. PIEDRAHITA;COLLADO DEL MIRON;P.A.C. Piedrahita
G.A.S. SEGOVIA;170705;SIERRA LA;C.S. NAVAFRIA;COLLADO HERMOSO;P.A.C. Navafría
G.A.S. PALENCIA;170507;HERRERA DE PISUERGA;C.S. HERRERA DE PISUERGA;COLLAZOS DE BOEDO;P.A.C. Herrera De Pisuerga
G.A.P. SALAMANCA;170603;BEJAR;C.S. BEJAR;COLMENAR DE MONTEMAYOR;P.A.C. Bejar
G.A.S. SEGOVIA;170712;SEPULVEDA;C.S. SEPULVEDA;CONDADO DE CASTILNOVO;P.A.C. Sepúlveda
G.A.P. BURGOS;170210;CONDADO DE TREVIÑO;C.S. CONDADO DE TREVIÑO;CONDADO DE TREVIÑO;P.A.C. Condado De Treviño
G.A.S. EL BIERZO;170404;PONFERRADA I;C.S. PONFERRADA I;CONGOSTO;P.A.C. Ponferrada
G.A.S. PALENCIA;170514;SALDAÑA;C.S. SALDAÑA;CONGOSTO DE VALDAVIA;P.A.C. Saldaña
G.A.S. PALENCIA;170506;GUARDO;C.S. GUARDO;CONGOSTO DE VALDAVIA;P.A.C. Guardo
G.A.S. AVILA;170102;AREVALO;C.S. AREVALO;CONSTANZANA;P.A.C. Arévalo
G.A.S. AVILA;170112;FONTIVEROS;C.S. FONTIVEROS;CONSTANZANA;P.A.C. Fontiveros
G.A.P. BURGOS;170226;SALAS DE LOS INFANTES;C.S. SALAS LOS INFANTES;CONTRERAS;P.A.C. Salas Los Infantes
G.A.S. ZAMORA;171104;BENAVENTE NORTE;C.S. BENAVENTE NORTE;COOMONTE;P.A.C. Benavente
G.A.P. LEON;170318;MANSILLA DE LAS MULAS;C.S. MANSILLA MULAS;CORBILLOS DE LOS OTEROS;P.A.C. Mansilla Mulas
G.A.P. VALLADOLID ESTE;171026;CIGALES;C.S. CIGALES;CORCOS;P.A.C. Cigales
G.A.P. SALAMANCA;170633;VILLORIA;C.S. VILLORIA;CORDOVILLA;P.A.C. Villoria
G.A.S. PALENCIA;170516;TORQUEMADA;C.S. TORQUEMADA;CORDOVILLA LA REAL;P.A.C. Torquemada
G.A.S. ZAMORA;171121;ZAMORA NORTE;C.S. ZAMORA NORTE;CORESES;P.A.C. Zamora Integrado
G.A.S. SEGOVIA;170707;RIAZA;C.S. RIAZA;CORRAL DE AYLLON;P.A.C. Riaza
G.A.S. ZAMORA;171110;CORRALES DEL VINO;C.S. CORRALES DEL VINO;CORRALES;P.A.C. Corrales Del Vino
G.A.P. VALLADOLID ESTE;171015;PEÑAFIEL;C.S. PEÑAFIEL;CORRALES DE DUERO;P.A.C. Peñafiel
G.A.S. ZAMORA;171110;CORRALES DEL VINO;C.S. CORRALES DEL VINO;CORRALES DEL VINO;P.A.C. Corrales Del Vino
G.A.S. EL BIERZO;170410;VILLAFRANCA DEL BIERZO;C.S. VILLAFRANCA BIERZO;CORULLON;P.A.C. Villafranca Bierzo
G.A.P. BURGOS;170215;HUERTA DEL REY;C.S. HUERTA DE REY;CORUÑA DEL CONDE;P.A.C. Huerta De Rey
G.A.S. SORIA;170802;ALMAZAN;C.S. ALMAZAN;COSCURITA;P.A.C. Almazán
G.A.S. ZAMORA;171119;VILLALPANDO;C.S. VILLALPANDO;COTANES DEL MONTE;P.A.C. Villalpando
G.A.S. SORIA;170809;PINARES-COVALEDA;C.S. PINARES-COVALEDA;COVALEDA;P.A.C. Pinares-Covaleda
G.A.P. BURGOS;170216;LERMA;C.S. LERMA;COVARRUBIAS;P.A.C. Lerma
G.A.S. SEGOVIA;170704;FUENTESAUCO DE FUENTIDUEÑA;C.S. FUENTESAUCO;COZUELOS DE FUENTIDUEÑA;P.A.C. Fuentesauco
G.A.P. LEON;170306;CISTIERNA;C.S. CISTIERNA;CREMENES;P.A.C. Cistierna
G.A.S. AVILA;170112;FONTIVEROS;C.S. FONTIVEROS;CRESPOS;P.A.C. Fontiveros
G.A.P. SALAMANCA;170603;BEJAR;C.S. BEJAR;CRISTOBAL;P.A.C. Bejar
G.A.P. LEON;170324;SAN ANDRES RABANEDO;C.S. SAN ANDRES RABANEDO;CUADROS;P.A.C. Trobajo
G.A.S. SORIA;170810;SAN LEONARDO DE YAGUE;C.S. SAN LEONARDO YAGÜE;CUBILLA;P.A.C. San Leonardo Yagüe
G.A.S. PALENCIA;170517;VENTA DE BAÑOS;C.S. VENTA DE BAÑOS;CUBILLAS DE CERRATO;P.A.C. Venta De Baños
G.A.P. LEON;170327;VALENCIA DE DON JUAN;C.S. VALENCIA DE D. JUAN;CUBILLAS DE LOS OTEROS;P.A.C. Valencia De D. Juan
G.A.P. LEON;170321;RIBERA DEL ESLA;C.S. RIBERA DEL ESLA;CUBILLAS DE RUEDA;P.A.C. Ribera Del Esla
G.A.P. VALLADOLID ESTE;171026;CIGALES;C.S. CIGALES;CUBILLAS DE SANTA MARTA;P.A.C. Cigales
G.A.S. SEGOVIA;170701;CANTALEJO;C.S. CANTALEJO;CUBILLO;P.A.C. Cantalejo
G.A.P. BURGOS;170209;BURGOS RURAL SUR;C.S. BURGOS RURAL SUR;CUBILLO DEL CAMPO;P.A.C. Burgos Rural Norte Sur
G.A.S. ZAMORA;171121;ZAMORA NORTE;C.S. ZAMORA NORTE;CUBILLOS;P.A.C. Zamora Integrado
G.A.S. EL BIERZO;170405;PONFERRADA II;C.S. PONFERRADA II;CUBILLOS DEL SIL;P.A.C. Ponferrada
G.A.S. ZAMORA;171118;VIDRIALES;C.S. SANTIBAÑEZ VIDRIAL;CUBO DE BENAVENTE;P.A.C. Santibañez Vidriales
G.A.P. BURGOS;170205;BRIVIESCA;C.S. BRIVIESCA;CUBO DE BUREBA;P.A.C. Briviesca
G.A.P. SALAMANCA;170608;FUENTE DE SAN ESTEBAN LA;C.S. FUENTE DE SAN ESTEBAN;CUBO DE DON SANCHO (EL);P.A.C. Fuente De San Esteban
G.A.S. SORIA;170811;SORIA RURAL;C.S. SORIA RURAL;CUBO DE LA SOLANA;P.A.C. Soria Rural Norte Y Sur
G.A.S. ZAMORA;171110;CORRALES DEL VINO;C.S. CORRALES DEL VINO;CUBO DE TIERRA DEL VINO (EL);P.A.C. Corrales Del Vino
G.A.S. ZAMORA;171110;CORRALES DEL VINO;C.S. CORRALES DEL VINO;CUELGAMURES;P.A.C. Corrales Del Vino
G.A.S. SEGOVIA;170703;CUELLAR;C.S. CUELLAR;CUELLAR;P.A.C. Cuellar
G.A.P. VALLADOLID OESTE;170925;VILLALON DE CAMPOS;C.S. VILLALON DE CAMPOS;CUENCA DE CAMPOS;P.A.C. Villalón De Campos
G.A.S. SORIA;170808;OLVEGA;C.S. OLVEGA;CUEVA DE AGREDA;P.A.C. Olvega
G.A.P. BURGOS;170225;ROA DE DUERO;C.S. ROA DE DUERO;CUEVA DE ROA (LA);P.A.C. Roa De Duero
G.A.S. SEGOVIA;170716;SACRAMENIA;C.S. SACRAMENIA;CUEVAS DE PROVANCO;P.A.C. Sacramenia
G.A.P. BURGOS;170216;LERMA;C.S. LERMA;CUEVAS DE SAN CLEMENTE;P.A.C. Lerma
G.A.S. AVILA;170116;MOMBELTRAN;C.S. MOMBELTRAN;CUEVAS DEL VALLE;P.A.C. Mombeltrán
G.A.P. VALLADOLID ESTE;171015;PEÑAFIEL;C.S. PEÑAFIEL;CURIEL DE DUERO;P.A.C. Peñafiel
G.A.S. PALENCIA;170504;CERVERA PISUERGA;C.S. CERVERA PISUERGA;DEHESA DE MONTEJO;P.A.C. Cervera Pisuerga
G.A.S. PALENCIA;170507;HERRERA DE PISUERGA;C.S. HERRERA DE PISUERGA;DEHESA DE ROMANOS;P.A.C. Herrera De Pisuerga
G.A.P. LEON;170309;BAÑEZA II LA;C.S. BAÑEZA II;DESTRIANA;P.A.C. La Bañeza
G.A.S. SORIA;170801;AGREDA;C.S. AGREDA;DEVANOS;P.A.C. Ágreda
G.A.S. SORIA;170807;GOMARA;C.S. GOMARA;DEZA;P.A.C. Gómara
G.A.S. AVILA;170117;PIEDRAHITA;C.S. PIEDRAHITA;DIEGO DEL CARPIO;P.A.C. Piedrahita
G.A.P. SALAMANCA;170630;TAMAMES;C.S. TAMAMES;DIOS LE GUARDE;P.A.C. Tamames
G.A.S. SEGOVIA;170706;NAVA DE LA ASUNCION;C.S. NAVA DE LA ASUNCION;DOMINGO GARCIA;P.A.C. Nava De La Asunción
G.A.S. AVILA;170102;AREVALO;C.S. AREVALO;DONHIERRO;P.A.C. Arévalo
G.A.P. SALAMANCA;170616;LEDESMA;C.S. LEDESMA;DOÑINOS DE LEDESMA;P.A.C. Ledesma
G.A.P. SALAMANCA;170623;PERIURBANA SUR;C.S. PERIURBANO SUR;DOÑINOS DE SALAMANCA;P.A.C. Periurbano Sur
G.A.S. AVILA;170102;AREVALO;C.S. AREVALO;DONJIMENO;P.A.C. Arévalo
G.A.S. AVILA;170102;AREVALO;C.S. AREVALO;DONVIDAS;P.A.C. Arévalo
G.A.S. PALENCIA;170517;VENTA DE BAÑOS;C.S. VENTA DE BAÑOS;DUEÑAS;P.A.C. Venta De Baños
G.A.S. SEGOVIA;170712;SEPULVEDA;C.S. SEPULVEDA;DURUELO;P.A.C. Sepúlveda
G.A.S. SORIA;170809;PINARES-COVALEDA;C.S. PINARES-COVALEDA;DURUELO DE LA SIERRA;P.A.C. Pinares-Covaleda
G.A.P. SALAMANCA;170601;ALBA DE TORMES;C.S. ALBA DE TORMES;EJEME;P.A.C. Alba De Tormes
G.A.P. SALAMANCA;170606;CIUDAD RODRIGO;C.S. CIUDAD RODRIGO;ENCINA (LA);P.A.C. Ciudad Rodrigo
G.A.P. SALAMANCA;170616;LEDESMA;C.S. LEDESMA;ENCINA DE SAN SILVESTRE;P.A.C. Ledesma
G.A.S. SEGOVIA;170712;SEPULVEDA;C.S. SEPULVEDA;ENCINAS;P.A.C. Sepúlveda
G.A.P. SALAMANCA;170628;SANTA MARTA DE TORMES;C.S. SANTA MARTA DE TORMES;ENCINAS DE ABAJO;P.A.C. Santa Marta De Tormes
G.A.P. SALAMANCA;170601;ALBA DE TORMES;C.S. ALBA DE TORMES;ENCINAS DE ARRIBA;P.A.C. Alba De Tormes
G.A.P. VALLADOLID ESTE;171002;ESGUEVILLAS ESGUEVA;C.S. ESGUEVILLAS;ENCINAS DE ESGUEVA;P.A.C. Esguevillas
G.A.P. SALAMANCA;170634;VITIGUDINO;C.S. VITIGUDINO;ENCINASOLA DE LOS COMENDADORES;P.A.C. Vitigudino
G.A.P. LEON;170310;CABRERA LA;C.S. TRUCHAS;ENCINEDO;P.A.C Truchas
G.A.S. SEGOVIA;170711;SEGOVIA RURAL;C.S. SEGOVIA RURAL;ENCINILLAS;P.A.C. Segovia Rural
G.A.P. SALAMANCA;170617;LINARES DE RIOFRIO;C.S. LINARES DE RIOFRIO;ENDRINAL;P.A.C. Linares De Riofrío
G.A.S. ZAMORA;171122;ZAMORA SUR;C.S. ZAMORA SUR;ENTRALA;P.A.C. Zamora Integrado
G.A.P. LEON;170306;CISTIERNA;C.S. CISTIERNA;ERCINA (LA);P.A.C. Cistierna
G.A.S. SEGOVIA;170702;CARBONERO EL MAYOR;C.S. CARBONERO EL MAYOR;ESCALONA DEL PRADO;P.A.C. Carbonero El Mayor
G.A.S. SEGOVIA;170702;CARBONERO EL MAYOR;C.S. CARBONERO EL MAYOR;ESCARABAJOSA DE CABEZAS;P.A.C. Carbonero El Mayor
G.A.P. LEON;170323;SAHAGUN DE CAMPOS;C.S. SAHAGUN CAMPOS;ESCOBAR DE CAMPOS;P.A.C. Sahagún Campos
G.A.S. SEGOVIA;170702;CARBONERO EL MAYOR;C.S. CARBONERO EL MAYOR;ESCOBAR DE POLENDOS;P.A.C. Carbonero El Mayor
G.A.S. SORIA;170802;ALMAZAN;C.S. ALMAZAN;ESCOBOSA DE ALMAZAN;P.A.C. Almazán
G.A.P. SALAMANCA;170617;LINARES DE RIOFRIO;C.S. LINARES DE RIOFRIO;ESCURIAL DE LA SIERRA;P.A.C. Linares De Riofrío
G.A.P. VALLADOLID ESTE;171002;ESGUEVILLAS ESGUEVA;C.S. ESGUEVILLAS;ESGUEVILLAS DE ESGUEVA;P.A.C. Esguevillas
G.A.P. SALAMANCA;170634;VITIGUDINO;C.S. VITIGUDINO;ESPADAÑA;P.A.C. Vitigudino
G.A.S. ZAMORA;171109;CARBALLEDA;C.S. MOMBUEY;ESPADAÑEDO;P.A.C. Mombuey
G.A.P. SALAMANCA;170610;FUENTES DE OÑORO;C.S. FUENTES DE OÑORO;ESPEJA;P.A.C. Fuentes De Oñoro
G.A.S. SORIA;170810;SAN LEONARDO DE YAGUE;C.S. SAN LEONARDO YAGÜE;ESPEJA DE SAN MARCELINO;P.A.C. San Leonardo Yagüe
G.A.S. SORIA;170810;SAN LEONARDO DE YAGUE;C.S. SAN LEONARDO YAGÜE;ESPEJON;P.A.C. San Leonardo Yagüe
G.A.S. SEGOVIA;170714;ESPINAR EL;C.S. EL ESPINAR;ESPINAR (EL);P.A.C. El Espinar
G.A.P. SALAMANCA;170621;PEDROSILLO EL RALO;C.S. PEDROSILLO EL RALO;ESPINO DE LA ORBADA;P.A.C. Pedrosillo El Ralo
G.A.S. PALENCIA;170502;BALTANAS;C.S. BALTANAS;ESPINOSA DE CERRATO;P.A.C. Baltanás
G.A.P. BURGOS;170202;ARANDA DE DUERO RURAL;C.S. ARANDA RURAL;ESPINOSA DE CERVERA;P.A.C. Aranda
G.A.S. AVILA;170102;AREVALO;C.S. AREVALO;ESPINOSA DE LOS CABALLEROS;P.A.C. Arévalo
G.A.P. BURGOS;170211;ESPINOSA DE LOS MONTEROS;C.S. ESPINOSA MONTEROS;ESPINOSA DE LOS MONTEROS;P.A.C. Espinosa Monteros
G.A.S. PALENCIA;170510;OSORNO;C.S. OSORNO;ESPINOSA DE VILLAGONZALO;P.A.C. Osorno
G.A.P. BURGOS;170204;BELORADO;C.S. BELORADO;ESPINOSA DEL CAMINO;P.A.C. Belorado
G.A.S. SEGOVIA;170711;SEGOVIA RURAL;C.S. SEGOVIA RURAL;ESPIRDO;P.A.C. Segovia Rural
G.A.P. BURGOS;170209;BURGOS RURAL SUR;C.S. BURGOS RURAL SUR;ESTEPAR;P.A.C. Burgos Rural Norte Sur
G.A.S. EL BIERZO;170403;FABERO;C.S. FABERO;FABERO;P.A.C. Fabero
G.A.S. ZAMORA;171116;TABARA;C.S. TABARA;FARAMONTANOS DE TABARA;P.A.C. Tábara
G.A.S. ZAMORA;171115;SAYAGO;C.S. BERMILLO DE SAYAGO;FARIZA;P.A.C. Bermillo De Sayago
G.A.S. ZAMORA;171115;SAYAGO;C.S. BERMILLO DE SAYAGO;FERMOSELLE;P.A.C. Bermillo De Sayago
G.A.S. ZAMORA;171116;TABARA;C.S. TABARA;FERRERAS DE ABAJO;P.A.C. Tábara
G.A.S. ZAMORA;171116;TABARA;C.S. TABARA;FERRERAS DE ARRIBA;P.A.C. Tábara
G.A.S. ZAMORA;171109;CARBALLEDA;C.S. MOMBUEY;FERRERAS DE ARRIBA;P.A.C. Mombuey
G.A.S. ZAMORA;171116;TABARA;C.S. TABARA;FERRERUELA;P.A.C. Tábara
G.A.S. ZAMORA;171102;ALISTE;C.S. ALCAÑICES;FIGUERUELA DE ARRIBA;P.A.C. Alcañices
G.A.S. AVILA;170112;FONTIVEROS;C.S. FONTIVEROS;FLORES DE AVILA;P.A.C. Fontiveros
G.A.S. EL BIERZO;170401;BEMBIBRE;C.S. BEMBIBRE;FOLGOSO DE LA RIBERA;P.A.C. Bembibre (4)
G.A.P. VALLADOLID ESTE;171002;ESGUEVILLAS ESGUEVA;C.S. ESGUEVILLAS;FOMBELLIDA;P.A.C. Esguevillas
G.A.P. VALLADOLID ESTE;171015;PEÑAFIEL;C.S. PEÑAFIEL;FOMPEDRAZA;P.A.C. Peñafiel
G.A.S. ZAMORA;171102;ALISTE;C.S. ALCAÑICES;FONFRIA;P.A.C. Alcañices
G.A.P. VALLADOLID OESTE;170925;VILLALON DE CAMPOS;C.S. VILLALON DE CAMPOS;FONTIHOYUELO;P.A.C. Villalón De Campos
G.A.P. BURGOS;170216;LERMA;C.S. LERMA;FONTIOSO;P.A.C. Lerma
G.A.S. AVILA;170112;FONTIVEROS;C.S. FONTIVEROS;FONTIVEROS;P.A.C. Fontiveros
G.A.P. SALAMANCA;170604;CALZADA DE VALDUNCIEL;C.S. CALZADA VALDUNCIEL;FORFOLEDA;P.A.C. Calzada Valdunciel
G.A.P. SALAMANCA;170617;LINARES DE RIOFRIO;C.S. LINARES DE RIOFRIO;FRADES DE LA SIERRA;P.A.C. Linares De Riofrío
G.A.P. BURGOS;170209;BURGOS RURAL SUR;C.S. BURGOS RURAL SUR;FRANDOVINEZ;P.A.C. Burgos Rural Norte Sur
G.A.S. PALENCIA;170518;VILLARRAMIEL;C.S. VILLARRAMIEL;FRECHILLA;P.A.C. Villarramiel
G.A.P. SALAMANCA;170618;LUMBRALES;C.S. LUMBRALES;FREGENEDA (LA);P.A.C. Lumbrales
G.A.S. SEGOVIA;170703;CUELLAR;C.S. CUELLAR;FRESNEDA DE CUELLAR;P.A.C. Cuellar
G.A.P. BURGOS;170204;BELORADO;C.S. BELORADO;FRESNEDA DE LA SIERRA TIRON;P.A.C. Belorado
G.A.S. AVILA;170119;SOTILLO DE LA ADRADA;C.S. SOTILLO DE ADRADA;FRESNEDILLA;P.A.C. Sotillo De Adrada
G.A.P. SALAMANCA;170613;GUIJUELO;C.S. GUIJUELO;FRESNEDOSO;P.A.C. Guijuelo
G.A.P. BURGOS;170204;BELORADO;C.S. BELORADO;FRESNEÑA;P.A.C. Belorado
G.A.P. BURGOS;170202;ARANDA DE DUERO RURAL;C.S. ARANDA RURAL;FRESNILLO DE LAS DUEÑAS;P.A.C. Aranda
G.A.S. AVILA;170105;AVILA RURAL;C.S. AVILA RURAL;FRESNO (EL);P.A.C. Ávila Rural
G.A.P. SALAMANCA;170601;ALBA DE TORMES;C.S. ALBA DE TORMES;FRESNO ALHANDIGA;P.A.C. Alba De Tormes
G.A.S. SEGOVIA;170707;RIAZA;C.S. RIAZA;FRESNO DE CANTESPINO;P.A.C. Riaza
G.A.S. SORIA;170805;BURGO DE OSMA;C.S. EL BURGO DE OSMA;FRESNO DE CARACENA;P.A.C. El Burgo De Osma
G.A.S. SEGOVIA;170712;SEPULVEDA;C.S. SEPULVEDA;FRESNO DE LA FUENTE;P.A.C. Sepúlveda
G.A.S. ZAMORA;171104;BENAVENTE NORTE;C.S. BENAVENTE NORTE;FRESNO DE LA POLVOROSA;P.A.C. Benavente
G.A.S. ZAMORA;171121;ZAMORA NORTE;C.S. ZAMORA NORTE;FRESNO DE LA RIBERA;P.A.C. Zamora Integrado
G.A.P. LEON;170327;VALENCIA DE DON JUAN;C.S. VALENCIA DE D. JUAN;FRESNO DE LA VEGA;P.A.C. Valencia De D. Juan
G.A.P. BURGOS;170204;BELORADO;C.S. BELORADO;FRESNO DE RIO TIRON;P.A.C. Belorado
G.A.P. BURGOS;170208;BURGOS RURAL NORTE;C.S. BURGOS RURAL NORTE;FRESNO DE RODILLA;P.A.C. Burgos Rural Norte Sur
G.A.S. ZAMORA;171115;SAYAGO;C.S. BERMILLO DE SAYAGO;FRESNO DE SAYAGO;P.A.C. Bermillo De Sayago
G.A.S. PALENCIA;170506;GUARDO;C.S. GUARDO;FRESNO DEL RIO;P.A.C. Guardo
G.A.P. VALLADOLID ESTE;171021;MEDINA DEL CAMPO RURAL;C.S. MEDINA CAMPO RURAL;FRESNO EL VIEJO;P.A.C. Medina
G.A.P. BURGOS;170231;VALLE DE TOBALINA;C.S. VALLE TOBALINA;FRIAS;P.A.C. Valle Tobalina
G.A.S. ZAMORA;171105;BENAVENTE SUR;C.S. BENAVENTE SUR;FRIERA DE VALVERDE;P.A.C. Benavente
G.A.S. PALENCIA;170505;FROMISTA;C.S. FROMISTA;FROMISTA;P.A.C. Frómista
G.A.S. SEGOVIA;170703;CUELLAR;C.S. CUELLAR;FRUMALES;P.A.C. Cuellar
G.A.P. VALLADOLID ESTE;171026;CIGALES;C.S. CIGALES;FUENSALDAÑA;P.A.C. Cigales
G.A.P. SALAMANCA;170608;FUENTE DE SAN ESTEBAN LA;C.S. FUENTE DE SAN ESTEBAN;FUENTE DE SAN ESTEBAN (LA);P.A.C. Fuente De San Esteban
G.A.S. SEGOVIA;170706;NAVA DE LA ASUNCION;C.S. NAVA DE LA ASUNCION;FUENTE DE SANTA CRUZ;P.A.C. Nava De La Asunción
G.A.S. SEGOVIA;170701;CANTALEJO;C.S. CANTALEJO;FUENTE EL OLMO DE FUENTIDUEÑA;P.A.C. Cantalejo
G.A.P. VALLADOLID ESTE;171006;ISCAR;C.S. ISCAR;FUENTE EL OLMO DE ISCAR;P.A.C. Íscar
G.A.S. AVILA;170112;FONTIVEROS;C.S. FONTIVEROS;FUENTE EL SAUZ;P.A.C. Fontiveros
G.A.P. VALLADOLID ESTE;171021;MEDINA DEL CAMPO RURAL;C.S. MEDINA CAMPO RURAL;FUENTE EL SOL;P.A.C. Medina
G.A.S. ZAMORA;171118;VIDRIALES;C.S. SANTIBAÑEZ VIDRIAL;FUENTE ENCALADA;P.A.C. Santibañez Vidriales
G.A.P. VALLADOLID ESTE;171020;OLMEDO;C.S. OLMEDO;FUENTE-OLMEDO;P.A.C. Olmedo
G.A.S. SORIA;170806;SAN ESTEBAN DE GORMAZ;C.S. SAN ESTEBAN GORMAZ;FUENTEARMEGIL;P.A.C. San Esteban Gormaz
G.A.P. BURGOS;170205;BRIVIESCA;C.S. BRIVIESCA;FUENTEBUREBA;P.A.C. Briviesca
G.A.S. SORIA;170806;SAN ESTEBAN DE GORMAZ;C.S. SAN ESTEBAN GORMAZ;FUENTECAMBRON;P.A.C. San Esteban Gormaz
G.A.S. SORIA;170811;SORIA RURAL;C.S. SORIA RURAL;FUENTECANTOS;P.A.C. Soria Rural Norte Y Sur
G.A.P. BURGOS;170225;ROA DE DUERO;C.S. ROA DE DUERO;FUENTECEN;P.A.C. Roa De Duero
G.A.P. SALAMANCA;170609;FUENTEGUINALDO;C.S. FUENTEGUINALDO;FUENTEGUINALDO;P.A.C. Fuenteguinaldo
G.A.S. ZAMORA;171113;GUAREÑA;C.S. LA GUAREÑA;FUENTELAPEÑA;P.A.C. La Guareña
G.A.P. BURGOS;170202;ARANDA DE DUERO RURAL;C.S. ARANDA RURAL;FUENTELCESPED;P.A.C. Aranda
G.A.P. SALAMANCA;170618;LUMBRALES;C.S. LUMBRALES;FUENTELIANTE;P.A.C. Lumbrales
G.A.P. BURGOS;170225;ROA DE DUERO;C.S. ROA DE DUERO;FUENTELISENDO;P.A.C. Roa De Duero
G.A.S. SORIA;170807;GOMARA;C.S. GOMARA;FUENTELMONGE;P.A.C. Gómara
G.A.P. BURGOS;170225;ROA DE DUERO;C.S. ROA DE DUERO;FUENTEMOLINOS;P.A.C. Roa De Duero
G.A.P. BURGOS;170202;ARANDA DE DUERO RURAL;C.S. ARANDA RURAL;FUENTENEBRO;P.A.C. Aranda
G.A.S. SEGOVIA;170702;CARBONERO EL MAYOR;C.S. CARBONERO EL MAYOR;FUENTEPELAYO;P.A.C. Carbonero El Mayor
G.A.S. SEGOVIA;170704;FUENTESAUCO DE FUENTIDUEÑA;C.S. FUENTESAUCO;FUENTEPIÑEL;P.A.C. Fuentesauco
G.A.S. SORIA;170804;BERLANGA DE DUERO;C.S. BERLANGA DE DUERO;FUENTEPINILLA;P.A.C. Berlanga De Duero
G.A.S. SEGOVIA;170701;CANTALEJO;C.S. CANTALEJO;FUENTERREBOLLO;P.A.C. Cantalejo
G.A.P. SALAMANCA;170613;GUIJUELO;C.S. GUIJUELO;FUENTERROBLE DE SALVATIERRA;P.A.C. Guijuelo
G.A.S. AVILA;170102;AREVALO;C.S. AREVALO;FUENTES DE AÑO;P.A.C. Arévalo
G.A.P. SALAMANCA;170613;GUIJUELO;C.S. GUIJUELO;FUENTES DE BEJAR;P.A.C. Guijuelo
G.A.P. LEON;170327;VALENCIA DE DON JUAN;C.S. VALENCIA DE D. JUAN;FUENTES DE CARBAJAL;P.A.C. Valencia De D. Juan
G.A.S. SORIA;170812;SAN PEDRO MANRIQUE;C.S. S.PEDRO MANRIQUE;FUENTES DE MAGAÑA;P.A.C. S.Pedro Manrique
G.A.S. PALENCIA;170512;PAREDES DE NAVA;C.S. PAREDES DE NAVA;FUENTES DE NAVA;P.A.C. Paredes De Nava
G.A.P. SALAMANCA;170610;FUENTES DE OÑORO;C.S. FUENTES DE OÑORO;FUENTES DE OÑORO;P.A.C. Fuentes De Oñoro
G.A.S. ZAMORA;171105;BENAVENTE SUR;C.S. BENAVENTE SUR;FUENTES DE ROPEL;P.A.C. Benavente
G.A.S. PALENCIA;170511;PALENCIA RURAL;C.S. PALENCIA RURAL;FUENTES DE VALDEPERO;P.A.C. Palencia
G.A.S. ZAMORA;171113;GUAREÑA;C.S. LA GUAREÑA;FUENTESAUCO;P.A.C. La Guareña
G.A.S. SEGOVIA;170704;FUENTESAUCO DE FUENTIDUEÑA;C.S. FUENTESAUCO;FUENTESAUCO DE FUENTIDUEÑA;P.A.C. Fuentesauco
G.A.S. ZAMORA;171117;TORO;C.S. TORO;FUENTESECAS;P.A.C. Toro
G.A.S. SEGOVIA;170716;SACRAMENIA;C.S. SACRAMENIA;FUENTESOTO;P.A.C. Sacramenia
G.A.P. BURGOS;170202;ARANDA DE DUERO RURAL;C.S. ARANDA RURAL;FUENTESPINA;P.A.C. Aranda
G.A.S. ZAMORA;171110;CORRALES DEL VINO;C.S. CORRALES DEL VINO;FUENTESPREADAS;P.A.C. Corrales Del Vino
G.A.S. SORIA;170801;AGREDA;C.S. AGREDA;FUENTESTRUN;P.A.C. Ágreda
G.A.S. SEGOVIA;170716;SACRAMENIA;C.S. SACRAMENIA;FUENTIDUEÑA;P.A.C. Sacramenia
G.A.P. SALAMANCA;170601;ALBA DE TORMES;C.S. ALBA DE TORMES;GAJATES;P.A.C. Alba De Tormes
G.A.S. ZAMORA;171114;SANABRIA;C.S. PUEBLA DE SANABRIA;GALENDE;P.A.C. Puebla De Sanabria
G.A.P. SALAMANCA;170623;PERIURBANA SUR;C.S. PERIURBANO SUR;GALINDO Y PERAHUY;P.A.C. Periurbano Sur
G.A.P. SALAMANCA;170601;ALBA DE TORMES;C.S. ALBA DE TORMES;GALINDUSTE;P.A.C. Alba De Tormes
G.A.P. SALAMANCA;170601;ALBA DE TORMES;C.S. ALBA DE TORMES;GALISANCHO;P.A.C. Alba De Tormes
G.A.P. BURGOS;170226;SALAS DE LOS INFANTES;C.S. SALAS LOS INFANTES;GALLEGA (LA);P.A.C. Salas Los Infantes
G.A.S. SEGOVIA;170705;SIERRA LA;C.S. NAVAFRIA;GALLEGOS;P.A.C. Navafría
G.A.S. AVILA;170105;AVILA RURAL;C.S. AVILA RURAL;GALLEGOS DE ALTAMIROS;P.A.C. Ávila Rural
G.A.P. SALAMANCA;170610;FUENTES DE OÑORO;C.S. FUENTES DE OÑORO;GALLEGOS DE ARGAÑAN;P.A.C. Fuentes De Oñoro
G.A.P. VALLADOLID OESTE;170914;MOTA DEL MARQUES;C.S. MOTA DEL MARQUES;GALLEGOS DE HORNIJA;P.A.C. Mota Del Marqués
G.A.S. AVILA;170121;MUÑICO;C.S. MUÑICO;GALLEGOS DE SOBRINOS;P.A.C. Muñico
G.A.P. SALAMANCA;170613;GUIJUELO;C.S. GUIJUELO;GALLEGOS DE SOLMIRON;P.A.C. Guijuelo
G.A.S. ZAMORA;171121;ZAMORA NORTE;C.S. ZAMORA NORTE;GALLEGOS DEL PAN;P.A.C. Zamora Integrado
G.A.S. ZAMORA;171102;ALISTE;C.S. ALCAÑICES;GALLEGOS DEL RIO;P.A.C. Alcañices
G.A.S. ZAMORA;171115;SAYAGO;C.S. BERMILLO DE SAYAGO;GAMONES;P.A.C. Bermillo De Sayago
G.A.P. SALAMANCA;170620;MIRANDA DEL CASTAÑAR;C.S. MIRANDA DEL CASTAÑAR;GARCIBUEY;P.A.C. Miranda Del Castañar
G.A.P. SALAMANCA;170601;ALBA DE TORMES;C.S. ALBA DE TORMES;GARCIHERNANDEZ;P.A.C. Alba De Tormes
G.A.S. SEGOVIA;170711;SEGOVIA RURAL;C.S. SEGOVIA RURAL;GARCILLAN;P.A.C. Segovia Rural
G.A.S. AVILA;170113;GREDOS;C.S. NAVARREDONDA GREDOS;GARGANTA DEL VILLAR;P.A.C. Navarredonda Gredos
G.A.P. LEON;170312;LEON I - ERAS DE RENUEVA;C.S. ERAS DE RENUEVA;GARRAFE DE TORIO;P.A.C. Eras De Renueva
G.A.S. SORIA;170811;SORIA RURAL;C.S. SORIA RURAL;GARRAY;P.A.C. Soria Rural Norte Y Sur
G.A.P. VALLADOLID OESTE;170925;VILLALON DE CAMPOS;C.S. VILLALON DE CAMPOS;GATON DE CAMPOS;P.A.C. Villalón De Campos
G.A.S. AVILA;170106;LANZAHITA;C.S. LANZAHITA;GAVILANES;P.A.C. Lanzahíta
G.A.P. SALAMANCA;170616;LEDESMA;C.S. LEDESMA;GEJUELO DEL BARRO;P.A.C. Ledesma
G.A.S. ZAMORA;171122;ZAMORA SUR;C.S. ZAMORA SUR;GEMA;P.A.C. Zamora Integrado
G.A.S. AVILA;170105;AVILA RURAL;C.S. AVILA RURAL;GEMUÑO;P.A.C. Ávila Rural
G.A.P. VALLADOLID OESTE;170916;PISUERGA;C.S. PISUERGA;GERIA;P.A.C. Pisuerga
G.A.S. AVILA;170108;BARCO DE AVILA EL;C.S. BARCO DE AVILA;GIL GARCIA;P.A.C. Barco de Ávila
G.A.S. AVILA;170108;BARCO DE AVILA EL;C.S. BARCO DE AVILA;GILBUENA;P.A.C. Barco de Ávila
G.A.S. AVILA;170112;FONTIVEROS;C.S. FONTIVEROS;GIMIALCON;P.A.C. Fontiveros
G.A.S. SORIA;170811;SORIA RURAL;C.S. SORIA RURAL;GOLMAYO;P.A.C. Soria Rural Norte Y Sur
G.A.P. SALAMANCA;170623;PERIURBANA SUR;C.S. PERIURBANO SUR;GOLPEJAS;P.A.C. Periurbano Sur
G.A.S. SORIA;170807;GOMARA;C.S. GOMARA;GOMARA;P.A.C. Gómara
G.A.P. SALAMANCA;170621;PEDROSILLO EL RALO;C.S. PEDROSILLO EL RALO;GOMECELLO;P.A.C. Pedrosillo El Ralo
G.A.S. SEGOVIA;170703;CUELLAR;C.S. CUELLAR;GOMEZSERRACIN;P.A.C. Cuellar
G.A.P. LEON;170323;SAHAGUN DE CAMPOS;C.S. SAHAGUN CAMPOS;GORDALIZA DEL PINO;P.A.C. Sahagún Campos
G.A.P. LEON;170326;VALDERAS;C.S. VALDERAS;GORDONCILLO;P.A.C. Valderas
G.A.S. SORIA;170805;BURGO DE OSMA;C.S. EL BURGO DE OSMA;GORMAZ;P.A.C. El Burgo De Osma
G.A.S. AVILA;170105;AVILA RURAL;C.S. AVILA RURAL;GOTARRENDURA;P.A.C. Ávila Rural
G.A.P. LEON;170321;RIBERA DEL ESLA;C.S. RIBERA DEL ESLA;GRADEFES;P.A.C. Ribera Del Esla
G.A.P. LEON;170323;SAHAGUN DE CAMPOS;C.S. SAHAGUN CAMPOS;GRAJAL DE CAMPOS;P.A.C. Sahagún Campos
G.A.S. SEGOVIA;170712;SEPULVEDA;C.S. SEPULVEDA;GRAJERA;P.A.C. Sepúlveda
G.A.S. AVILA;170118;SAN PEDRO DEL ARROYO;C.S. SAN PEDRO ARROYO;GRANDES Y SAN MARTIN;P.A.C. San Pedro Arroyo
G.A.S. ZAMORA;171107;CAMPOS LAMPREANA;C.S. VILLARRIN;GRANJA DE MORERUELA;P.A.C. Villarrín
G.A.S. ZAMORA;171118;VIDRIALES;C.S. SANTIBAÑEZ VIDRIAL;GRANUCILLO;P.A.C. Santibañez Vidriales
G.A.P. BURGOS;170233;VILLADIEGO;C.S. VILLADIEGO;GRIJALBA;P.A.C. Villadiego
G.A.S. PALENCIA;170511;PALENCIA RURAL;C.S. PALENCIA RURAL;GRIJOTA;P.A.C. Palencia
G.A.P. BURGOS;170205;BRIVIESCA;C.S. BRIVIESCA;GRISALEÑA;P.A.C. Briviesca
G.A.P. SALAMANCA;170634;VITIGUDINO;C.S. VITIGUDINO;GUADRAMIRO;P.A.C. Vitigudino
G.A.S. PALENCIA;170506;GUARDO;C.S. GUARDO;GUARDO;P.A.C. Guardo
G.A.S. ZAMORA;171113;GUAREÑA;C.S. LA GUAREÑA;GUARRATE;P.A.C. La Guareña
G.A.S. PALENCIA;170518;VILLARRAMIEL;C.S. VILLARRAMIEL;GUAZA DE CAMPOS;P.A.C. Villarramiel
G.A.P. SALAMANCA;170613;GUIJUELO;C.S. GUIJUELO;GUIJO DE AVILA;P.A.C. Guijuelo
G.A.P. SALAMANCA;170613;GUIJUELO;C.S. GUIJUELO;GUIJUELO;P.A.C. Guijuelo
G.A.S. AVILA;170101;ARENAS DE SAN PEDRO;C.S. ARENAS SAN PEDRO;GUISANDO;P.A.C. Arenas San Pedro
G.A.P. BURGOS;170202;ARANDA DE DUERO RURAL;C.S. ARANDA RURAL;GUMIEL DE IZAN;P.A.C. Aranda
G.A.P. BURGOS;170202;ARANDA DE DUERO RURAL;C.S. ARANDA RURAL;GUMIEL DE MERCADO;P.A.C. Aranda
G.A.P. LEON;170318;MANSILLA DE LAS MULAS;C.S. MANSILLA MULAS;GUSENDOS DE LOS OTEROS;P.A.C. Mansilla Mulas
G.A.S. AVILA;170102;AREVALO;C.S. AREVALO;GUTIERRE-MUÑOZ;P.A.C. Arévalo
G.A.P. BURGOS;170226;SALAS DE LOS INFANTES;C.S. SALAS LOS INFANTES;HACINAS;P.A.C. Salas Los Infantes
G.A.P. BURGOS;170225;ROA DE DUERO;C.S. ROA DE DUERO;HAZA;P.A.C. Roa De Duero
G.A.P. SALAMANCA;170626;ROBLEDA;C.S. ROBLEDA;HERGUIJUELA DE CIUDAD RODRIGO;P.A.C. Robleda
G.A.P. SALAMANCA;170620;MIRANDA DEL CASTAÑAR;C.S. MIRANDA DEL CASTAÑAR;HERGUIJUELA DE LA SIERRA;P.A.C. Miranda Del Castañar
G.A.P. SALAMANCA;170617;LINARES DE RIOFRIO;C.S. LINARES DE RIOFRIO;HERGUIJUELA DEL CAMPO;P.A.C. Linares De Riofrío
G.A.S. PALENCIA;170502;BALTANAS;C.S. BALTANAS;HERMEDES DE CERRATO;P.A.C. Baltanás
G.A.S. ZAMORA;171103;ALTA SANABRIA;C.S. ALTA SANABRIA;HERMISENDE;P.A.C. Alta Sanabria
G.A.S. AVILA;170105;AVILA RURAL;C.S. AVILA RURAL;HERNANSANCHO;P.A.C. Ávila Rural
G.A.S. AVILA;170105;AVILA RURAL;C.S. AVILA RURAL;HERRADON DE PINARES;P.A.C. Ávila Rural
G.A.S. PALENCIA;170507;HERRERA DE PISUERGA;C.S. HERRERA DE PISUERGA;HERRERA DE PISUERGA;P.A.C. Herrera De Pisuerga
G.A.S. SORIA;170810;SAN LEONARDO DE YAGUE;C.S. SAN LEONARDO YAGÜE;HERRERA DE SORIA;P.A.C. San Leonardo Yagüe
G.A.S. PALENCIA;170516;TORQUEMADA;C.S. TORQUEMADA;HERRERA DE VALDECAÑAS;P.A.C. Torquemada
G.A.S. AVILA;170118;SAN PEDRO DEL ARROYO;C.S. SAN PEDRO ARROYO;HERREROS DE SUSO;P.A.C. San Pedro Arroyo
G.A.P. VALLADOLID OESTE;170925;VILLALON DE CAMPOS;C.S. VILLALON DE CAMPOS;HERRIN DE CAMPOS;P.A.C. Villalón De Campos
G.A.S. AVILA;170119;SOTILLO DE LA ADRADA;C.S. SOTILLO DE ADRADA;HIGUERA DE LAS DUEÑAS;P.A.C. Sotillo De Adrada
G.A.S. AVILA;170120;MUÑANA;C.S. MUÑANA;HIJA DE DIOS (LA);P.A.C. Muñana
G.A.S. ZAMORA;171121;ZAMORA NORTE;C.S. ZAMORA NORTE;HINIESTA (LA);P.A.C. Zamora Integrado
G.A.P. SALAMANCA;170618;LUMBRALES;C.S. LUMBRALES;HINOJOSA DE DUERO;P.A.C. Lumbrales
G.A.S. SORIA;170808;OLVEGA;C.S. OLVEGA;HINOJOSA DEL CAMPO;P.A.C. Olvega
G.A.P. BURGOS;170202;ARANDA DE DUERO RURAL;C.S. ARANDA RURAL;HONRUBIA DE LA CUESTA;P.A.C. Aranda
G.A.S. SEGOVIA;170704;FUENTESAUCO DE FUENTIDUEÑA;C.S. FUENTESAUCO;HONTALBILLA;P.A.C. Fuentesauco
G.A.S. SEGOVIA;170711;SEGOVIA RURAL;C.S. SEGOVIA RURAL;HONTANARES DE ERESMA;P.A.C. Segovia Rural
G.A.P. BURGOS;170220;MELGAR DE FERNAMENTAL;C.S. MELGAR FERNAMENTAL;HONTANAS;P.A.C. Melgar Fernamental
G.A.P. BURGOS;170202;ARANDA DE DUERO RURAL;C.S. ARANDA RURAL;HONTANGAS;P.A.C. Aranda
G.A.S. PALENCIA;170517;VENTA DE BAÑOS;C.S. VENTA DE BAÑOS;HONTORIA DE CERRATO;P.A.C. Venta De Baños
G.A.P. BURGOS;170202;ARANDA DE DUERO RURAL;C.S. ARANDA RURAL;HONTORIA DE VALDEARADOS;P.A.C. Aranda
G.A.S. SORIA;170810;SAN LEONARDO DE YAGUE;C.S. SAN LEONARDO YAGÜE;HONTORIA DEL PINAR;P.A.C. San Leonardo Yagüe
G.A.S. AVILA;170108;BARCO DE AVILA EL;C.S. BARCO DE AVILA;HORCAJADA (LA);P.A.C. Barco de Ávila
G.A.S. AVILA;170115;MADRIGAL DE LAS ALTAS TORRES;C.S. MADRIGAL DE LAS ALTAS TORRES;HORCAJO DE LAS TORRES;P.A.C. Madrigal De Las Altas Torres
G.A.P. SALAMANCA;170603;BEJAR;C.S. BEJAR;HORCAJO DE MONTEMAYOR;P.A.C. Bejar
G.A.P. SALAMANCA;170601;ALBA DE TORMES;C.S. ALBA DE TORMES;HORCAJO MEDIANERO;P.A.C. Alba De Tormes
G.A.P. BURGOS;170205;BRIVIESCA;C.S. BRIVIESCA;HORMAZAS (LAS);P.A.C. Briviesca
G.A.P. BURGOS;170233;VILLADIEGO;C.S. VILLADIEGO;HORMAZAS (LAS);P.A.C. Villadiego
G.A.S. AVILA;170101;ARENAS DE SAN PEDRO;C.S. ARENAS SAN PEDRO;HORNILLO (EL);P.A.C. Arenas San Pedro
G.A.S. PALENCIA;170516;TORQUEMADA;C.S. TORQUEMADA;HORNILLOS DE CERRATO;P.A.C. Torquemada
G.A.P. VALLADOLID ESTE;171020;OLMEDO;C.S. OLMEDO;HORNILLOS DE ERESMA;P.A.C. Olmedo
G.A.P. BURGOS;170209;BURGOS RURAL SUR;C.S. BURGOS RURAL SUR;HORNILLOS DEL CAMINO;P.A.C. Burgos Rural Norte Sur
G.A.P. BURGOS;170225;ROA DE DUERO;C.S. ROA DE DUERO;HORRA (LA);P.A.C. Roa De Duero
G.A.P. BURGOS;170226;SALAS DE LOS INFANTES;C.S. SALAS LOS INFANTES;HORTIGÜELA;P.A.C. Salas Los Infantes
G.A.P. LEON;170322;RIBERA DEL ORBIGO;C.S. RIBERA DEL ORBIGO;HOSPITAL DE ORBIGO;P.A.C. Ribera Del Órbigo
G.A.P. SALAMANCA;170603;BEJAR;C.S. BEJAR;HOYA (LA);P.A.C. Bejar
G.A.P. BURGOS;170225;ROA DE DUERO;C.S. ROA DE DUERO;HOYALES DE ROA;P.A.C. Roa De Duero
G.A.S. AVILA;170111;CEBREROS;C.S. CEBREROS;HOYO DE PINARES (EL);P.A.C. Cebreros
G.A.S. AVILA;170109;BURGOHONDO;C.S. BURGOHONDO;HOYOCASERO;P.A.C. Burgohondo
G.A.S. AVILA;170117;PIEDRAHITA;C.S. PIEDRAHITA;HOYORREDONDO;P.A.C. Piedrahita
G.A.S. AVILA;170113;GREDOS;C.S. NAVARREDONDA GREDOS;HOYOS DE MIGUEL MUÑOZ;P.A.C. Navarredonda Gredos
G.A.S. AVILA;170113;GREDOS;C.S. NAVARREDONDA GREDOS;HOYOS DEL COLLADO;P.A.C. Navarredonda Gredos
G.A.S. AVILA;170113;GREDOS;C.S. NAVARREDONDA GREDOS;HOYOS DEL ESPINO;P.A.C. Navarredonda Gredos
G.A.P. BURGOS;170208;BURGOS RURAL NORTE;C.S. BURGOS RURAL NORTE;HUERMECES;P.A.C. Burgos Rural Norte Sur
G.A.P. BURGOS;170226;SALAS DE LOS INFANTES;C.S. SALAS LOS INFANTES;HUERTA DE ARRIBA;P.A.C. Salas Los Infantes
G.A.P. BURGOS;170215;HUERTA DEL REY;C.S. HUERTA DE REY;HUERTA DE REY;P.A.C. Huerta De Rey
G.A.S. SEGOVIA;170711;SEGOVIA RURAL;C.S. SEGOVIA RURAL;HUERTOS (LOS);P.A.C. Segovia Rural
G.A.P. BURGOS;170233;VILLADIEGO;C.S. VILLADIEGO;HUMADA;P.A.C. Villadiego
G.A.P. BURGOS;170208;BURGOS RURAL NORTE;C.S. BURGOS RURAL NORTE;HURONES;P.A.C. Burgos Rural Norte Sur
G.A.S. AVILA;170121;MUÑICO;C.S. MUÑICO;HURTUMPASCUAL;P.A.C. Muñico
G.A.S. PALENCIA;170511;PALENCIA RURAL;C.S. PALENCIA RURAL;HUSILLOS;P.A.C. Palencia
G.A.P. BURGOS;170209;BURGOS RURAL SUR;C.S. BURGOS RURAL SUR;IBEAS DE JUARROS;P.A.C. Burgos Rural Norte Sur
G.A.P. BURGOS;170204;BELORADO;C.S. BELORADO;IBRILLOS;P.A.C. Belorado
G.A.P. BURGOS;170216;LERMA;C.S. LERMA;IGLESIARRUBIA;P.A.C. Lerma
G.A.P. BURGOS;170223;PAMPLIEGA;C.S. PAMPLIEGA;IGLESIAS;P.A.C. Pampliega
G.A.S. EL BIERZO;170401;BEMBIBRE;C.S. BEMBIBRE;IGÜEÑA;P.A.C. Bembibre (4)
G.A.P. SALAMANCA;170634;VITIGUDINO;C.S. VITIGUDINO;IRUELOS;P.A.C. Vitigudino
G.A.P. BURGOS;170209;BURGOS RURAL SUR;C.S. BURGOS RURAL SUR;ISAR;P.A.C. Burgos Rural Norte Sur
G.A.P. VALLADOLID ESTE;171006;ISCAR;C.S. ISCAR;ISCAR;P.A.C. Íscar
G.A.S. PALENCIA;170505;FROMISTA;C.S. FROMISTA;ITERO DE LA VEGA;P.A.C. Frómista
G.A.S. PALENCIA;170505;FROMISTA;C.S. FROMISTA;ITERO DEL CASTILLO;P.A.C. Frómista
G.A.P. SALAMANCA;170609;FUENTEGUINALDO;C.S. FUENTEGUINALDO;ITUERO DE AZABA;P.A.C. Fuenteguinaldo
G.A.S. SEGOVIA;170713;VILLACASTIN;C.S. VILLACASTIN;ITUERO Y LAMA;P.A.C. Villacastín
G.A.P. VALLADOLID OESTE;170910;MAYORGA;C.S. MAYORGA DE CAMPOS;IZAGRE;P.A.C. Mayorga De Campos
G.A.S. ZAMORA;171110;CORRALES DEL VINO;C.S. CORRALES DEL VINO;JAMBRINA;P.A.C. Corrales Del Vino
G.A.P. BURGOS;170226;SALAS DE LOS INFANTES;C.S. SALAS LOS INFANTES;JARAMILLO DE LA FUENTE;P.A.C. Salas Los Infantes
G.A.P. LEON;170323;SAHAGUN DE CAMPOS;C.S. SAHAGUN CAMPOS;JOARILLA DE LAS MATAS;P.A.C. Sahagún Campos
G.A.S. SEGOVIA;170711;SEGOVIA RURAL;C.S. SEGOVIA RURAL;JUARROS DE RIOMOROS;P.A.C. Segovia Rural
G.A.S. SEGOVIA;170706;NAVA DE LA ASUNCION;C.S. NAVA DE LA ASUNCION;JUARROS DE VOLTOYA;P.A.C. Nava De La Asunción
G.A.S. AVILA;170108;BARCO DE AVILA EL;C.S. BARCO DE AVILA;JUNCIANA;P.A.C. Barco de Ávila
G.A.P. BURGOS;170211;ESPINOSA DE LOS MONTEROS;C.S. ESPINOSA MONTEROS;JUNTA DE TRASLALOMA;P.A.C. Espinosa Monteros
G.A.P. BURGOS;170230;VALLE DE LOSA;C.S. VALLE DE LOSA;JUNTA DE VILLALBA DE LOSA;P.A.C. Valle De Losa
G.A.S. ZAMORA;171109;CARBALLEDA;C.S. MOMBUEY;JUSTEL;P.A.C. Mombuey
G.A.P. SALAMANCA;170622;PERIURBANA NORTE;C.S. PERIURBANA NORTE;JUZBADO;P.A.C. Periurbana Norte
G.A.S. SEGOVIA;170713;VILLACASTIN;C.S. VILLACASTIN;LABAJOS;P.A.C. Villacastín
G.A.S. PALENCIA;170519;VILLADA;C.S. VILLADA;LAGARTOS;P.A.C. Villada
G.A.P. LEON;170325;SANTA MARIA DEL PARAMO;C.S. STA. MARIA PARAMO;LAGUNA DALGA;P.A.C. Sta. María Páramo
G.A.S. SEGOVIA;170716;SACRAMENIA;C.S. SACRAMENIA;LAGUNA DE CONTRERAS;P.A.C. Sacramenia
G.A.P. VALLADOLID OESTE;170909;LAGUNA DE DUERO;C.S. LAGUNA DE DUERO;LAGUNA DE DUERO;P.A.C. Laguna De Duero
G.A.P. LEON;170325;SANTA MARIA DEL PARAMO;C.S. STA. MARIA PARAMO;LAGUNA DE NEGRILLOS;P.A.C. Sta. María Páramo
G.A.P. SALAMANCA;170603;BEJAR;C.S. BEJAR;LAGUNILLA;P.A.C. Bejar
G.A.S. AVILA;170102;AREVALO;C.S. AREVALO;LANGA;P.A.C. Arévalo
G.A.S. SORIA;170806;SAN ESTEBAN DE GORMAZ;C.S. SAN ESTEBAN GORMAZ;LANGA DE DUERO;P.A.C. San Esteban Gormaz
G.A.P. VALLADOLID ESTE;171015;PEÑAFIEL;C.S. PEÑAFIEL;LANGAYO;P.A.C. Peñafiel
G.A.S. SEGOVIA;170707;RIAZA;C.S. RIAZA;LANGUILLA;P.A.C. Riaza
G.A.S. PALENCIA;170510;OSORNO;C.S. OSORNO;LANTADILLA;P.A.C. Osorno
G.A.S. AVILA;170106;LANZAHITA;C.S. LANZAHITA;LANZAHITA;P.A.C. Lanzahíta
G.A.P. SALAMANCA;170601;ALBA DE TORMES;C.S. ALBA DE TORMES;LARRODRIGO;P.A.C. Alba De Tormes
G.A.S. SEGOVIA;170702;CARBONERO EL MAYOR;C.S. CARBONERO EL MAYOR;LASTRAS DE CUELLAR;P.A.C. Carbonero El Mayor
G.A.S. SEGOVIA;170711;SEGOVIA RURAL;C.S. SEGOVIA RURAL;LASTRAS DEL POZO;P.A.C. Segovia Rural
G.A.S. SEGOVIA;170711;SEGOVIA RURAL;C.S. SEGOVIA RURAL;LASTRILLA (LA);P.A.C. Segovia Rural
G.A.P. SALAMANCA;170616;LEDESMA;C.S. LEDESMA;LEDESMA;P.A.C. Ledesma
G.A.S. PALENCIA;170519;VILLADA;C.S. VILLADA;LEDIGOS;P.A.C. Villada
G.A.P. SALAMANCA;170613;GUIJUELO;C.S. GUIJUELO;LEDRADA;P.A.C. Guijuelo
G.A.P. LEON;170317;LEON VI - JOSE AGUADO II;C.S. JOSE AGUADO II;LEON;P.A.C. José Aguado
G.A.P. LEON;170315;LEON IV EL CRUCERO;C.S. CRUCERO;LEON;P.A.C. Eras De Renueva
G.A.P. LEON;170312;LEON I - ERAS DE RENUEVA;C.S. ERAS DE RENUEVA;LEON;P.A.C. Eras De Renueva
G.A.P. LEON;170313;LEON II - PALOMERA;C.S. LA PALOMERA;LEON;P.A.C. José Aguado
G.A.P. LEON;170316;LEON V;C.S. JOSE AGUADO I;LEON;P.A.C. José Aguado
G.A.P. LEON;170301;ARMUNIA;C.S. ARMUNIA;LEON;P.A.C. Armunia
G.A.P. LEON;170314;LEON III LA CONDESA;C.S. CONDESA;LEON;P.A.C. Eras De Renueva
G.A.P. BURGOS;170216;LERMA;C.S. LERMA;LERMA;P.A.C. Lerma
G.A.S. SORIA;170806;SAN ESTEBAN DE GORMAZ;C.S. SAN ESTEBAN GORMAZ;LICERAS;P.A.C. San Esteban Gormaz
G.A.P. SALAMANCA;170617;LINARES DE RIOFRIO;C.S. LINARES DE RIOFRIO;LINARES DE RIOFRIO;P.A.C. Linares De Riofrío
G.A.P. LEON;170322;RIBERA DEL ORBIGO;C.S. RIBERA DEL ORBIGO;LLAMAS DE LA RIBERA;P.A.C. Ribera Del Órbigo
G.A.P. BURGOS;170205;BRIVIESCA;C.S. BRIVIESCA;LLANO DE BUREBA;P.A.C. Briviesca
G.A.P. VALLADOLID ESTE;171020;OLMEDO;C.S. OLMEDO;LLANO DE OLMEDO;P.A.C. Olmedo
G.A.S. AVILA;170108;BARCO DE AVILA EL;C.S. BARCO DE AVILA;LLANOS DE TORMES (LOS);P.A.C. Barco de Ávila
G.A.S. PALENCIA;170503;CARRION DE LOS CONDES;C.S. CARRION DE LOS CONDES;LOMA DE UCIEZA;P.A.C. Carrión De Los Condes
G.A.S. PALENCIA;170503;CARRION DE LOS CONDES;C.S. CARRION DE LOS CONDES;LOMAS;P.A.C. Carrión De Los Condes
G.A.P. VALLADOLID ESTE;171021;MEDINA DEL CAMPO RURAL;C.S. MEDINA CAMPO RURAL;LOMOVIEJO;P.A.C. Medina
G.A.S. SEGOVIA;170711;SEGOVIA RURAL;C.S. SEGOVIA RURAL;LOSA (LA);P.A.C. Segovia Rural
G.A.S. ZAMORA;171108;CARBAJALES;C.S. CARBAJALES DE ALBA;LOSACINO;P.A.C. Carbajales De Alba
G.A.S. ZAMORA;171108;CARBAJALES;C.S. CARBAJALES DE ALBA;LOSACIO;P.A.C. Carbajales De Alba
G.A.S. AVILA;170108;BARCO DE AVILA EL;C.S. BARCO DE AVILA;LOSAR DEL BARCO (EL);P.A.C. Barco de Ávila
G.A.S. SORIA;170811;SORIA RURAL;C.S. SORIA RURAL;LOSILLA (LA);P.A.C. Soria Rural Norte Y Sur
G.A.S. ZAMORA;171103;ALTA SANABRIA;C.S. ALTA SANABRIA;LUBIAN;P.A.C. Alta Sanabria
G.A.P. LEON;170303;ASTORGA II;C.S. ASTORGA II;LUCILLO;P.A.C. Astorga
G.A.S. ZAMORA;171115;SAYAGO;C.S. BERMILLO DE SAYAGO;LUELMO;P.A.C. Bermillo De Sayago
G.A.P. SALAMANCA;170618;LUMBRALES;C.S. LUMBRALES;LUMBRALES;P.A.C. Lumbrales
G.A.P. LEON;170303;ASTORGA II;C.S. ASTORGA II;LUYEGO;P.A.C. Astorga
G.A.P. SALAMANCA;170628;SANTA MARTA DE TORMES;C.S. SANTA MARTA DE TORMES;MACHACON;P.A.C. Santa Marta De Tormes
G.A.P. SALAMANCA;170624;PEÑARANDA DE BRACAMONTE;C.S. PEÑARANDA;MACOTERA;P.A.C. Peñaranda
G.A.S. ZAMORA;171113;GUAREÑA;C.S. LA GUAREÑA;MADERAL (EL);P.A.C. La Guareña
G.A.S. SEGOVIA;170707;RIAZA;C.S. RIAZA;MADERUELO;P.A.C. Riaza
G.A.S. ZAMORA;171122;ZAMORA SUR;C.S. ZAMORA SUR;MADRIDANOS;P.A.C. Zamora Integrado
G.A.S. AVILA;170115;MADRIGAL DE LAS ALTAS TORRES;C.S. MADRIGAL DE LAS ALTAS TORRES;MADRIGAL DE LAS ALTAS TORRES;P.A.C. Madrigal De Las Altas Torres
G.A.P. BURGOS;170209;BURGOS RURAL SUR;C.S. BURGOS RURAL SUR;MADRIGAL DEL MONTE;P.A.C. Burgos Rural Norte Sur
G.A.P. BURGOS;170216;LERMA;C.S. LERMA;MADRIGALEJO DEL MONTE;P.A.C. Lerma
G.A.P. SALAMANCA;170620;MIRANDA DEL CASTAÑAR;C.S. MIRANDA DEL CASTAÑAR;MADROÑAL;P.A.C. Miranda Del Castañar
G.A.S. SEGOVIA;170713;VILLACASTIN;C.S. VILLACASTIN;MAELLO;P.A.C. Villacastín
G.A.S. SORIA;170801;AGREDA;C.S. AGREDA;MAGAÑA;P.A.C. Ágreda
G.A.P. LEON;170303;ASTORGA II;C.S. ASTORGA II;MAGAZ DE CEPEDA;P.A.C. Astorga
G.A.S. PALENCIA;170511;PALENCIA RURAL;C.S. PALENCIA RURAL;MAGAZ DE PISUERGA;P.A.C. Palencia
G.A.S. ZAMORA;171102;ALISTE;C.S. ALCAÑICES;MAHIDE;P.A.C. Alcañices
G.A.P. SALAMANCA;170615;ALBERCA LA;C.S. LA ALBERCA;MAILLO (EL);P.A.C. La Alberca
G.A.S. ZAMORA;171104;BENAVENTE NORTE;C.S. BENAVENTE NORTE;MAIRE DE CASTROPONCE;P.A.C. Benavente
G.A.S. SORIA;170807;GOMARA;C.S. GOMARA;MAJAN;P.A.C. Gómara
G.A.P. SALAMANCA;170624;PEÑARANDA DE BRACAMONTE;C.S. PEÑARANDA;MALPARTIDA;P.A.C. Peñaranda
G.A.S. AVILA;170117;PIEDRAHITA;C.S. PIEDRAHITA;MALPARTIDA DE CORNEJA;P.A.C. Piedrahita
G.A.S. ZAMORA;171117;TORO;C.S. TORO;MALVA;P.A.C. Toro
G.A.S. AVILA;170115;MADRIGAL DE LAS ALTAS TORRES;C.S. MADRIGAL DE LAS ALTAS TORRES;MAMBLAS;P.A.C. Madrigal De Las Altas Torres
G.A.P. BURGOS;170226;SALAS DE LOS INFANTES;C.S. SALAS LOS INFANTES;MAMBRILLAS DE LARA;P.A.C. Salas Los Infantes
G.A.P. BURGOS;170226;SALAS DE LOS INFANTES;C.S. SALAS LOS INFANTES;MAMOLAR;P.A.C. Salas Los Infantes
G.A.P. SALAMANCA;170624;PEÑARANDA DE BRACAMONTE;C.S. PEÑARANDA;MANCERA DE ABAJO;P.A.C. Peñaranda
G.A.S. AVILA;170121;MUÑICO;C.S. MUÑICO;MANCERA DE ARRIBA;P.A.C. Muñico
G.A.P. BURGOS;170233;VILLADIEGO;C.S. VILLADIEGO;MANCILES;P.A.C. Villadiego
G.A.S. ZAMORA;171107;CAMPOS LAMPREANA;C.S. VILLARRIN;MANGANESES DE LA LAMPREANA;P.A.C. Villarrín
G.A.S. ZAMORA;171104;BENAVENTE NORTE;C.S. BENAVENTE NORTE;MANGANESES DE LA POLVOROSA;P.A.C. Benavente
G.A.S. AVILA;170121;MUÑICO;C.S. MUÑICO;MANJABALAGO;P.A.C. Muñico
G.A.S. PALENCIA;170503;CARRION DE LOS CONDES;C.S. CARRION DE LOS CONDES;MANQUILLOS;P.A.C. Carrión De Los Condes
G.A.P. LEON;170318;MANSILLA DE LAS MULAS;C.S. MANSILLA MULAS;MANSILLA DE LAS MULAS;P.A.C. Mansilla Mulas
G.A.P. LEON;170318;MANSILLA DE LAS MULAS;C.S. MANSILLA MULAS;MANSILLA MAYOR;P.A.C. Mansilla Mulas
G.A.S. PALENCIA;170506;GUARDO;C.S. GUARDO;MANTINOS;P.A.C. Guardo
G.A.S. ZAMORA;171109;CARBALLEDA;C.S. MOMBUEY;MANZANAL DE ARRIBA;P.A.C. Mombuey
G.A.S. ZAMORA;171109;CARBALLEDA;C.S. MOMBUEY;MANZANAL DE LOS INFANTES;P.A.C. Mombuey
G.A.S. ZAMORA;171108;CARBAJALES;C.S. CARBAJALES DE ALBA;MANZANAL DEL BARCO;P.A.C. Carbajales De Alba
G.A.P. VALLADOLID ESTE;171015;PEÑAFIEL;C.S. PEÑAFIEL;MANZANILLO;P.A.C. Peñafiel
G.A.P. SALAMANCA;170616;LEDESMA;C.S. LEDESMA;MANZANO (EL);P.A.C. Ledesma
G.A.P. LEON;170320;RIAÑO;C.S. RIAÑO;MARAÑA;P.A.C. Riaño
G.A.S. SEGOVIA;170711;SEGOVIA RURAL;C.S. SEGOVIA RURAL;MARAZOLEJA;P.A.C. Segovia Rural
G.A.S. SEGOVIA;170711;SEGOVIA RURAL;C.S. SEGOVIA RURAL;MARAZUELA;P.A.C. Segovia Rural
G.A.S. PALENCIA;170505;FROMISTA;C.S. FROMISTA;MARCILLA DE CAMPOS;P.A.C. Frómista
G.A.S. AVILA;170105;AVILA RURAL;C.S. AVILA RURAL;MARLIN;P.A.C. Ávila Rural
G.A.P. SALAMANCA;170626;ROBLEDA;C.S. ROBLEDA;MARTIAGO;P.A.C. Robleda
G.A.S. AVILA;170105;AVILA RURAL;C.S. AVILA RURAL;MARTIHERRERO;P.A.C. Ávila Rural
G.A.P. SALAMANCA;170608;FUENTE DE SAN ESTEBAN LA;C.S. FUENTE DE SAN ESTEBAN;MARTIN DE YELTES;P.A.C. Fuente De San Esteban
G.A.S. SEGOVIA;170711;SEGOVIA RURAL;C.S. SEGOVIA RURAL;MARTIN MIGUEL;P.A.C. Segovia Rural
G.A.S. AVILA;170102;AREVALO;C.S. AREVALO;MARTIN MUÑOZ DE LA DEHESA;P.A.C. Arévalo
G.A.S. AVILA;170102;AREVALO;C.S. AREVALO;MARTIN MUÑOZ DE LAS POSADAS;P.A.C. Arévalo
G.A.P. SALAMANCA;170601;ALBA DE TORMES;C.S. ALBA DE TORMES;MARTINAMOR;P.A.C. Alba De Tormes
G.A.S. AVILA;170117;PIEDRAHITA;C.S. PIEDRAHITA;MARTINEZ;P.A.C. Piedrahita
G.A.S. SEGOVIA;170711;SEGOVIA RURAL;C.S. SEGOVIA RURAL;MARUGAN;P.A.C. Segovia Rural
G.A.P. VALLADOLID OESTE;170914;MOTA DEL MARQUES;C.S. MOTA DEL MARQUES;MARZALES;P.A.C. Mota Del Marqués
G.A.P. SALAMANCA;170602;ALDEADAVILA DE LA RIBERA;C.S. ALDEADAVILA RIBERA;MASUECO;P.A.C. Aldeadavila Ribera
G.A.P. VALLADOLID ESTE;171006;ISCAR;C.S. ISCAR;MATA DE CUELLAR;P.A.C. Íscar
G.A.P. SALAMANCA;170616;LEDESMA;C.S. LEDESMA;MATA DE LEDESMA (LA);P.A.C. Ledesma
G.A.S. SEGOVIA;170705;SIERRA LA;C.S. NAVAFRIA;MATABUENA;P.A.C. Navafría
G.A.P. LEON;170327;VALENCIA DE DON JUAN;C.S. VALENCIA DE D. JUAN;MATADEON DE LOS OTEROS;P.A.C. Valencia De D. Juan
G.A.S. SORIA;170801;AGREDA;C.S. AGREDA;MATALEBRERAS;P.A.C. Ágreda
G.A.P. LEON;170319;MATALLANA DE TORIO;C.S. MATALLANA DE TORIO;MATALLANA DE TORIO;P.A.C. Matallana De Torío
G.A.S. SORIA;170802;ALMAZAN;C.S. ALMAZAN;MATAMALA DE ALMAZAN;P.A.C. Almazán
G.A.P. LEON;170327;VALENCIA DE DON JUAN;C.S. VALENCIA DE D. JUAN;MATANZA;P.A.C. Valencia De D. Juan
G.A.P. VALLADOLID ESTE;171017;SERRADA;C.S. SERRADA;MATAPOZUELOS;P.A.C. Serrada
G.A.S. SEGOVIA;170712;SEPULVEDA;C.S. SEPULVEDA;MATILLA (LA);P.A.C. Sepúlveda
G.A.S. ZAMORA;171105;BENAVENTE SUR;C.S. BENAVENTE SUR;MATILLA DE ARZON;P.A.C. Benavente
G.A.P. VALLADOLID OESTE;170920;TORDESILLAS;C.S. TORDESILLAS;MATILLA DE LOS CAÑOS;P.A.C. Tordesillas
G.A.P. SALAMANCA;170619;MATILLA DE LOS CAÑOS;C.S. MATILLA CAÑOS;MATILLA DE LOS CAÑOS DEL RIO;P.A.C. Matilla Caños
G.A.S. ZAMORA;171121;ZAMORA NORTE;C.S. ZAMORA NORTE;MATILLA LA SECA;P.A.C. Zamora Integrado
G.A.P. SALAMANCA;170601;ALBA DE TORMES;C.S. ALBA DE TORMES;MAYA (LA);P.A.C. Alba De Tormes
G.A.S. ZAMORA;171110;CORRALES DEL VINO;C.S. CORRALES DEL VINO;MAYALDE;P.A.C. Corrales Del Vino
G.A.P. VALLADOLID OESTE;170910;MAYORGA;C.S. MAYORGA DE CAMPOS;MAYORGA;P.A.C. Mayorga De Campos
G.A.S. PALENCIA;170518;VILLARRAMIEL;C.S. VILLARRAMIEL;MAZARIEGOS;P.A.C. Villarramiel
G.A.S. PALENCIA;170518;VILLARRAMIEL;C.S. VILLARRAMIEL;MAZUECOS DE VALDEGINATE;P.A.C. Villarramiel
G.A.P. BURGOS;170223;PAMPLIEGA;C.S. PAMPLIEGA;MAZUELA;P.A.C. Pampliega
G.A.P. BURGOS;170216;LERMA;C.S. LERMA;MECERREYES;P.A.C. Lerma
G.A.S. AVILA;170105;AVILA RURAL;C.S. AVILA RURAL;MEDIANA DE VOLTOYA;P.A.C. Ávila Rural
G.A.P. BURGOS;170230;VALLE DE LOSA;C.S. VALLE DE LOSA;MEDINA DE POMAR;P.A.C. Valle De Losa
G.A.P. BURGOS;170208;BURGOS RURAL NORTE;C.S. BURGOS RURAL NORTE;MEDINA DE POMAR;P.A.C. Burgos Rural Norte Sur
G.A.P. BURGOS;170219;MEDINA DE POMAR;C.S. MEDINA DE POMAR;MEDINA DE POMAR;P.A.C. Medina De Pomar
G.A.P. VALLADOLID OESTE;170913;MEDINA DE RIOSECO;C.S. MEDINA DE RIOSECO;MEDINA DE RIOSECO;P.A.C. Medina De Rioseco
G.A.P. VALLADOLID ESTE;171021;MEDINA DEL CAMPO RURAL;C.S. MEDINA CAMPO RURAL;MEDINA DEL CAMPO;P.A.C. Medina
G.A.P. VALLADOLID ESTE;171022;MEDINA DEL CAMPO URBANO;C.S. MEDINA CAMPO URBANO;MEDINA DEL CAMPO;P.A.C. Medina
G.A.S. SORIA;170803;ARCOS DE JALON;C.S. ARCOS DE JALON;MEDINACELI;P.A.C. Arcos De Jalón
G.A.S. AVILA;170108;BARCO DE AVILA EL;C.S. BARCO DE AVILA;MEDINILLA;P.A.C. Barco de Ávila
G.A.P. VALLADOLID ESTE;171006;ISCAR;C.S. ISCAR;MEGECES;P.A.C. Íscar
G.A.P. VALLADOLID OESTE;170910;MAYORGA;C.S. MAYORGA DE CAMPOS;MELGAR DE ABAJO;P.A.C. Mayorga De Campos
G.A.P. VALLADOLID OESTE;170910;MAYORGA;C.S. MAYORGA DE CAMPOS;MELGAR DE ARRIBA;P.A.C. Mayorga De Campos
G.A.P. BURGOS;170220;MELGAR DE FERNAMENTAL;C.S. MELGAR FERNAMENTAL;MELGAR DE FERNAMENTAL;P.A.C. Melgar Fernamental
G.A.S. ZAMORA;171106;TERA;C.S. CAMARZANA DE TERA;MELGAR DE TERA;P.A.C. Camarzana De Tera
G.A.S. PALENCIA;170505;FROMISTA;C.S. FROMISTA;MELGAR DE YUSO;P.A.C. Frómista
G.A.S. SEGOVIA;170706;NAVA DE LA ASUNCION;C.S. NAVA DE LA ASUNCION;MELQUE DE CERCOS;P.A.C. Nava De La Asunción
G.A.S. SEGOVIA;170704;FUENTESAUCO DE FUENTIDUEÑA;C.S. FUENTESAUCO;MEMBIBRE DE LA HOZ;P.A.C. Fuentesauco
G.A.P. SALAMANCA;170617;LINARES DE RIOFRIO;C.S. LINARES DE RIOFRIO;MEMBRIBE DE LA SIERRA;P.A.C. Linares De Riofrío
G.A.S. PALENCIA;170518;VILLARRAMIEL;C.S. VILLARRAMIEL;MENESES DE CAMPOS;P.A.C. Villarramiel
G.A.S. AVILA;170120;MUÑANA;C.S. MUÑANA;MENGAMUÑOZ;P.A.C. Muñana
G.A.P. BURGOS;170219;MEDINA DE POMAR;C.S. MEDINA DE POMAR;MERINDAD DE CUESTA-URRIA;P.A.C. Medina De Pomar
G.A.P. BURGOS;170209;BURGOS RURAL SUR;C.S. BURGOS RURAL SUR;MERINDAD DE CUESTA-URRIA;P.A.C. Burgos Rural Norte Sur
G.A.P. BURGOS;170211;ESPINOSA DE LOS MONTEROS;C.S. ESPINOSA MONTEROS;MERINDAD DE MONTIJA;P.A.C. Espinosa Monteros
G.A.P. BURGOS;170208;BURGOS RURAL NORTE;C.S. BURGOS RURAL NORTE;MERINDAD DE RIO UBIERNA;P.A.C. Burgos Rural Norte Sur
G.A.P. BURGOS;170211;ESPINOSA DE LOS MONTEROS;C.S. ESPINOSA MONTEROS;MERINDAD DE SOTOSCUEVA;P.A.C. Espinosa Monteros
G.A.P. BURGOS;170232;VALLE DE VALDEBEZANA;C.S. VALLE VALDEBEZANA;MERINDAD DE VALDEPORRES;P.A.C. Valle Valdebezana
G.A.P. BURGOS;170235;VILLARCAYO DE MERINDAD DE CASTILLA LA;C.S. VILLARCAYO;MERINDAD DE VALDIVIELSO;P.A.C. Villarcayo
G.A.S. AVILA;170117;PIEDRAHITA;C.S. PIEDRAHITA;MESEGAR DE CORNEJA;P.A.C. Piedrahita
G.A.S. ZAMORA;171106;TERA;C.S. CAMARZANA DE TERA;MICERECES DE TERA;P.A.C. Camarzana De Tera
G.A.S. PALENCIA;170507;HERRERA DE PISUERGA;C.S. HERRERA DE PISUERGA;MICIECES DE OJEDA;P.A.C. Herrera De Pisuerga
G.A.P. SALAMANCA;170602;ALDEADAVILA DE LA RIBERA;C.S. ALDEADAVILA RIBERA;MIEZA;P.A.C. Aldeadavila Ribera
G.A.S. SEGOVIA;170706;NAVA DE LA ASUNCION;C.S. NAVA DE LA ASUNCION;MIGUELAÑEZ;P.A.C. Nava De La Asunción
G.A.S. AVILA;170106;LANZAHITA;C.S. LANZAHITA;MIJARES;P.A.C. Lanzahíta
G.A.P. BURGOS;170202;ARANDA DE DUERO RURAL;C.S. ARANDA RURAL;MILAGROS;P.A.C. Aranda
G.A.P. SALAMANCA;170602;ALDEADAVILA DE LA RIBERA;C.S. ALDEADAVILA RIBERA;MILANO (EL);P.A.C. Aldeadavila Ribera
G.A.S. ZAMORA;171105;BENAVENTE SUR;C.S. BENAVENTE SUR;MILLES DE LA POLVOROSA;P.A.C. Benavente
G.A.S. AVILA;170105;AVILA RURAL;C.S. AVILA RURAL;MINGORRIA;P.A.C. Ávila Rural
G.A.S. SORIA;170803;ARCOS DE JALON;C.S. ARCOS DE JALON;MIÑO DE MEDINACELI;P.A.C. Arcos De Jalón
G.A.S. SORIA;170806;SAN ESTEBAN DE GORMAZ;C.S. SAN ESTEBAN GORMAZ;MIÑO DE SAN ESTEBAN;P.A.C. San Esteban Gormaz
G.A.P. SALAMANCA;170623;PERIURBANA SUR;C.S. PERIURBANO SUR;MIRANDA DE AZAN;P.A.C. Periurbano Sur
G.A.P. BURGOS;170205;BRIVIESCA;C.S. BRIVIESCA;MIRANDA DE EBRO;P.A.C. Briviesca
G.A.P. BURGOS;170204;BELORADO;C.S. BELORADO;MIRANDA DE EBRO;P.A.C. Belorado
G.A.P. BURGOS;170222;MIRANDA OESTE;C.S. MIRANDA OESTE;MIRANDA DE EBRO;P.A.C. Miranda
G.A.P. BURGOS;170221;MIRANDA ESTE;C.S. MIRANDA ESTE;MIRANDA DE EBRO;P.A.C. Miranda
G.A.P. SALAMANCA;170620;MIRANDA DEL CASTAÑAR;C.S. MIRANDA DEL CASTAÑAR;MIRANDA DEL CASTAÑAR;P.A.C. Miranda Del Castañar
G.A.P. BURGOS;170205;BRIVIESCA;C.S. BRIVIESCA;MIRAVECHE;P.A.C. Briviesca
G.A.S. AVILA;170117;PIEDRAHITA;C.S. PIEDRAHITA;MIRON (EL);P.A.C. Piedrahita
G.A.S. AVILA;170105;AVILA RURAL;C.S. AVILA RURAL;MIRONCILLO;P.A.C. Ávila Rural
G.A.S. AVILA;170121;MUÑICO;C.S. MUÑICO;MIRUEÑA DE LOS INFANZONES;P.A.C. Muñico
G.A.P. BURGOS;170209;BURGOS RURAL SUR;C.S. BURGOS RURAL SUR;MODUBAR DE LA EMPAREDADA;P.A.C. Burgos Rural Norte Sur
G.A.P. SALAMANCA;170615;ALBERCA LA;C.S. LA ALBERCA;MOGARRAZ;P.A.C. La Alberca
G.A.P. VALLADOLID ESTE;171016;PORTILLO;C.S. PORTILLO;MOJADOS;P.A.C. Portillo
G.A.S. ZAMORA;171121;ZAMORA NORTE;C.S. ZAMORA NORTE;MOLACILLOS;P.A.C. Zamora Integrado
G.A.S. ZAMORA;171118;VIDRIALES;C.S. SANTIBAÑEZ VIDRIAL;MOLEZUELAS DE LA CARBALLEDA;P.A.C. Santibañez Vidriales
G.A.S. EL BIERZO;170404;PONFERRADA I;C.S. PONFERRADA I;MOLINASECA;P.A.C. Ponferrada
G.A.P. SALAMANCA;170603;BEJAR;C.S. BEJAR;MOLINILLO;P.A.C. Bejar
G.A.S. SORIA;170809;PINARES-COVALEDA;C.S. PINARES-COVALEDA;MOLINOS DE DUERO;P.A.C. Pinares-Covaleda
G.A.S. AVILA;170106;LANZAHITA;C.S. LANZAHITA;MOMBELTRAN;P.A.C. Lanzahíta
G.A.S. AVILA;170116;MOMBELTRAN;C.S. MOMBELTRAN;MOMBELTRAN;P.A.C. Mombeltrán
G.A.S. SORIA;170802;ALMAZAN;C.S. ALMAZAN;MOMBLONA;P.A.C. Almazán
G.A.S. ZAMORA;171109;CARBALLEDA;C.S. MOMBUEY;MOMBUEY;P.A.C. Mombuey
G.A.P. BURGOS;170208;BURGOS RURAL NORTE;C.S. BURGOS RURAL NORTE;MONASTERIO DE RODILLA;P.A.C. Burgos Rural Norte Sur
G.A.P. VALLADOLID OESTE;170910;MAYORGA;C.S. MAYORGA DE CAMPOS;MONASTERIO DE VEGA;P.A.C. Mayorga De Campos
G.A.P. BURGOS;170226;SALAS DE LOS INFANTES;C.S. SALAS LOS INFANTES;MONCALVILLO;P.A.C. Salas Los Infantes
G.A.S. ZAMORA;171121;ZAMORA NORTE;C.S. ZAMORA NORTE;MONFARRACINOS;P.A.C. Zamora Integrado
G.A.P. SALAMANCA;170615;ALBERCA LA;C.S. LA ALBERCA;MONFORTE DE LA SIERRA;P.A.C. La Alberca
G.A.P. SALAMANCA;170617;LINARES DE RIOFRIO;C.S. LINARES DE RIOFRIO;MONLEON;P.A.C. Linares De Riofrío
G.A.P. SALAMANCA;170616;LEDESMA;C.S. LEDESMA;MONLERAS;P.A.C. Ledesma
G.A.P. SALAMANCA;170606;CIUDAD RODRIGO;C.S. CIUDAD RODRIGO;MONSAGRO;P.A.C. Ciudad Rodrigo
G.A.S. AVILA;170105;AVILA RURAL;C.S. AVILA RURAL;MONSALUPE;P.A.C. Ávila Rural
G.A.S. ZAMORA;171121;ZAMORA NORTE;C.S. ZAMORA NORTE;MONTAMARTA;P.A.C. Zamora Integrado
G.A.S. SORIA;170803;ARCOS DE JALON;C.S. ARCOS DE JALON;MONTEAGUDO DE LAS VICARIAS;P.A.C. Arcos De Jalón
G.A.P. VALLADOLID OESTE;170913;MEDINA DE RIOSECO;C.S. MEDINA DE RIOSECO;MONTEALEGRE DE CAMPOS;P.A.C. Medina De Rioseco
G.A.P. SALAMANCA;170613;GUIJUELO;C.S. GUIJUELO;MONTEJO;P.A.C. Guijuelo
G.A.S. AVILA;170102;AREVALO;C.S. AREVALO;MONTEJO DE AREVALO;P.A.C. Arévalo
G.A.P. BURGOS;170202;ARANDA DE DUERO RURAL;C.S. ARANDA RURAL;MONTEJO DE LA VEGA DE LA SERREZUELA;P.A.C. Aranda
G.A.S. SEGOVIA;170707;RIAZA;C.S. RIAZA;MONTEJO DE TIERMES;P.A.C. Riaza
G.A.S. SORIA;170806;SAN ESTEBAN DE GORMAZ;C.S. SAN ESTEBAN GORMAZ;MONTEJO DE TIERMES;P.A.C. San Esteban Gormaz
G.A.P. VALLADOLID ESTE;171016;PORTILLO;C.S. PORTILLO;MONTEMAYOR DE PILILLA;P.A.C. Portillo
G.A.P. SALAMANCA;170603;BEJAR;C.S. BEJAR;MONTEMAYOR DEL RIO;P.A.C. Bejar
G.A.S. SORIA;170809;PINARES-COVALEDA;C.S. PINARES-COVALEDA;MONTENEGRO DE CAMEROS;P.A.C. Pinares-Covaleda
G.A.S. SEGOVIA;170713;VILLACASTIN;C.S. VILLACASTIN;MONTERRUBIO;P.A.C. Villacastín
G.A.P. SALAMANCA;170622;PERIURBANA NORTE;C.S. PERIURBANA NORTE;MONTERRUBIO DE ARMUÑA;P.A.C. Periurbana Norte
G.A.P. BURGOS;170226;SALAS DE LOS INFANTES;C.S. SALAS LOS INFANTES;MONTERRUBIO DE LA DEMANDA;P.A.C. Salas Los Infantes
G.A.P. SALAMANCA;170623;PERIURBANA SUR;C.S. PERIURBANO SUR;MONTERRUBIO DE LA SIERRA;P.A.C. Periurbano Sur
G.A.P. BURGOS;170208;BURGOS RURAL NORTE;C.S. BURGOS RURAL NORTE;MONTORIO;P.A.C. Burgos Rural Norte Sur
G.A.S. PALENCIA;170511;PALENCIA RURAL;C.S. PALENCIA RURAL;MONZON DE CAMPOS;P.A.C. Palencia
G.A.P. BURGOS;170202;ARANDA DE DUERO RURAL;C.S. ARANDA RURAL;MORADILLO DE ROA;P.A.C. Aranda
G.A.S. SEGOVIA;170707;RIAZA;C.S. RIAZA;MORAL DE HORNUEZ;P.A.C. Riaza
G.A.P. VALLADOLID OESTE;170913;MEDINA DE RIOSECO;C.S. MEDINA DE RIOSECO;MORAL DE LA REINA;P.A.C. Medina De Rioseco
G.A.S. ZAMORA;171115;SAYAGO;C.S. BERMILLO DE SAYAGO;MORAL DE SAYAGO;P.A.C. Bermillo De Sayago
G.A.P. VALLADOLID ESTE;171021;MEDINA DEL CAMPO RURAL;C.S. MEDINA CAMPO RURAL;MORALEJA DE LAS PANADERAS;P.A.C. Medina
G.A.S. AVILA;170115;MADRIGAL DE LAS ALTAS TORRES;C.S. MADRIGAL DE LAS ALTAS TORRES;MORALEJA DE MATACABRAS;P.A.C. Madrigal De Las Altas Torres
G.A.S. ZAMORA;171115;SAYAGO;C.S. BERMILLO DE SAYAGO;MORALEJA DE SAYAGO;P.A.C. Bermillo De Sayago
G.A.S. ZAMORA;171122;ZAMORA SUR;C.S. ZAMORA SUR;MORALEJA DEL VINO;P.A.C. Zamora Integrado
G.A.P. VALLADOLID OESTE;170924;VILLAFRECHOS;C.S. VILLAFRECHOS;MORALES DE CAMPOS;P.A.C. Villafrechós
G.A.S. ZAMORA;171104;BENAVENTE NORTE;C.S. BENAVENTE NORTE;MORALES DE REY;P.A.C. Benavente
G.A.S. ZAMORA;171117;TORO;C.S. TORO;MORALES DE TORO;P.A.C. Toro
G.A.S. ZAMORA;171116;TABARA;C.S. TABARA;MORALES DE VALVERDE;P.A.C. Tábara
G.A.S. ZAMORA;171122;ZAMORA SUR;C.S. ZAMORA SUR;MORALES DEL VINO;P.A.C. Zamora Integrado
G.A.S. ZAMORA;171115;SAYAGO;C.S. BERMILLO DE SAYAGO;MORALINA;P.A.C. Bermillo De Sayago
G.A.P. SALAMANCA;170630;TAMAMES;C.S. TAMAMES;MORASVERDES;P.A.C. Tamames
G.A.S. PALENCIA;170519;VILLADA;C.S. VILLADA;MORATINOS;P.A.C. Villada
G.A.S. ZAMORA;171121;ZAMORA NORTE;C.S. ZAMORA NORTE;MORERUELA DE LOS INFANZONES;P.A.C. Zamora Integrado
G.A.S. ZAMORA;171116;TABARA;C.S. TABARA;MORERUELA DE TABARA;P.A.C. Tábara
G.A.P. SALAMANCA;170623;PERIURBANA SUR;C.S. PERIURBANO SUR;MORILLE;P.A.C. Periurbano Sur
G.A.P. SALAMANCA;170633;VILLORIA;C.S. VILLORIA;MORIÑIGO;P.A.C. Villoria
G.A.P. SALAMANCA;170622;PERIURBANA NORTE;C.S. PERIURBANA NORTE;MORISCOS;P.A.C. Periurbana Norte
G.A.S. SORIA;170802;ALMAZAN;C.S. ALMAZAN;MORON DE ALMAZAN;P.A.C. Almazán
G.A.P. SALAMANCA;170634;VITIGUDINO;C.S. VITIGUDINO;MORONTA;P.A.C. Vitigudino
G.A.P. VALLADOLID OESTE;170914;MOTA DEL MARQUES;C.S. MOTA DEL MARQUES;MOTA DEL MARQUES;P.A.C. Mota Del Marqués
G.A.P. SALAMANCA;170623;PERIURBANA SUR;C.S. PERIURBANO SUR;MOZARBEZ;P.A.C. Periurbano Sur
G.A.S. SEGOVIA;170702;CARBONERO EL MAYOR;C.S. CARBONERO EL MAYOR;MOZONCILLO;P.A.C. Carbonero El Mayor
G.A.P. VALLADOLID ESTE;171026;CIGALES;C.S. CIGALES;MUCIENTES;P.A.C. Cigales
G.A.S. PALENCIA;170504;CERVERA PISUERGA;C.S. CERVERA PISUERGA;MUDA;P.A.C. Cervera Pisuerga
G.A.P. VALLADOLID OESTE;170913;MEDINA DE RIOSECO;C.S. MEDINA DE RIOSECO;MUDARRA (LA);P.A.C. Medina De Rioseco
G.A.S. ZAMORA;171109;CARBALLEDA;C.S. MOMBUEY;MUELAS DE LOS CABALLEROS;P.A.C. Mombuey
G.A.S. ZAMORA;171121;ZAMORA NORTE;C.S. ZAMORA NORTE;MUELAS DEL PAN;P.A.C. Zamora Integrado
G.A.S. ZAMORA;171115;SAYAGO;C.S. BERMILLO DE SAYAGO;MUGA DE SAYAGO;P.A.C. Bermillo De Sayago
G.A.S. AVILA;170120;MUÑANA;C.S. MUÑANA;MUÑANA;P.A.C. Muñana
G.A.S. AVILA;170121;MUÑICO;C.S. MUÑICO;MUÑICO;P.A.C. Muñico
G.A.S. AVILA;170120;MUÑANA;C.S. MUÑANA;MUÑOGALINDO;P.A.C. Muñana
G.A.S. AVILA;170118;SAN PEDRO DEL ARROYO;C.S. SAN PEDRO ARROYO;MUÑOGRANDE;P.A.C. San Pedro Arroyo
G.A.S. AVILA;170118;SAN PEDRO DEL ARROYO;C.S. SAN PEDRO ARROYO;MUÑOMER DEL PECO;P.A.C. San Pedro Arroyo
G.A.S. SEGOVIA;170711;SEGOVIA RURAL;C.S. SEGOVIA RURAL;MUÑOPEDRO;P.A.C. Segovia Rural
G.A.S. AVILA;170105;AVILA RURAL;C.S. AVILA RURAL;MUÑOPEPE;P.A.C. Ávila Rural
G.A.S. AVILA;170112;FONTIVEROS;C.S. FONTIVEROS;MUÑOSANCHO;P.A.C. Fontiveros
G.A.S. AVILA;170120;MUÑANA;C.S. MUÑANA;MUÑOTELLO;P.A.C. Muñana
G.A.S. SEGOVIA;170701;CANTALEJO;C.S. CANTALEJO;MUÑOVEROS;P.A.C. Cantalejo
G.A.P. LEON;170311;MAGDALENA LA;C.S. LA MAGDALENA;MURIAS DE PAREDES;P.A.C. La Magdalena
G.A.P. VALLADOLID ESTE;171021;MEDINA DEL CAMPO RURAL;C.S. MEDINA CAMPO RURAL;MURIEL;P.A.C. Medina
G.A.S. SORIA;170811;SORIA RURAL;C.S. SORIA RURAL;MURIEL DE LA FUENTE;P.A.C. Soria Rural Norte Y Sur
G.A.S. SORIA;170810;SAN LEONARDO DE YAGUE;C.S. SAN LEONARDO YAGÜE;MURIEL VIEJO;P.A.C. San Leonardo Yagüe
G.A.S. SORIA;170805;BURGO DE OSMA;C.S. EL BURGO DE OSMA;NAFRIA DE UCERO;P.A.C. El Burgo De Osma
G.A.S. AVILA;170117;PIEDRAHITA;C.S. PIEDRAHITA;NARRILLOS DEL ALAMO;P.A.C. Piedrahita
G.A.S. AVILA;170121;MUÑICO;C.S. MUÑICO;NARRILLOS DEL REBOLLAR;P.A.C. Muñico
G.A.S. SORIA;170811;SORIA RURAL;C.S. SORIA RURAL;NARROS;P.A.C. Soria Rural Norte Y Sur
G.A.P. SALAMANCA;170630;TAMAMES;C.S. TAMAMES;NARROS DE MATALAYEGUA;P.A.C. Tamames
G.A.S. AVILA;170118;SAN PEDRO DEL ARROYO;C.S. SAN PEDRO ARROYO;NARROS DE SALDUEÑA;P.A.C. San Pedro Arroyo
G.A.S. AVILA;170118;SAN PEDRO DEL ARROYO;C.S. SAN PEDRO ARROYO;NARROS DEL CASTILLO;P.A.C. San Pedro Arroyo
G.A.S. AVILA;170120;MUÑANA;C.S. MUÑANA;NARROS DEL PUERTO;P.A.C. Muñana
G.A.S. AVILA;170102;AREVALO;C.S. AREVALO;NAVA DE AREVALO;P.A.C. Arévalo
G.A.P. SALAMANCA;170613;GUIJUELO;C.S. GUIJUELO;NAVA DE BEJAR;P.A.C. Guijuelo
G.A.P. SALAMANCA;170615;ALBERCA LA;C.S. LA ALBERCA;NAVA DE FRANCIA;P.A.C. La Alberca
G.A.S. SEGOVIA;170706;NAVA DE LA ASUNCION;C.S. NAVA DE LA ASUNCION;NAVA DE LA ASUNCION;P.A.C. Nava De La Asunción
G.A.P. BURGOS;170225;ROA DE DUERO;C.S. ROA DE DUERO;NAVA DE ROA;P.A.C. Roa De Duero
G.A.P. SALAMANCA;170624;PEÑARANDA DE BRACAMONTE;C.S. PEÑARANDA;NAVA DE SOTROBAL;P.A.C. Peñaranda
G.A.S. AVILA;170108;BARCO DE AVILA EL;C.S. BARCO DE AVILA;NAVA DEL BARCO;P.A.C. Barco de Ávila
G.A.P. VALLADOLID ESTE;171021;MEDINA DEL CAMPO RURAL;C.S. MEDINA CAMPO RURAL;NAVA DEL REY;P.A.C. Medina
G.A.P. SALAMANCA;170603;BEJAR;C.S. BEJAR;NAVACARROS;P.A.C. Bejar
G.A.S. AVILA;170117;PIEDRAHITA;C.S. PIEDRAHITA;NAVACEPEDILLA DE CORNEJA;P.A.C. Piedrahita
G.A.S. AVILA;170113;GREDOS;C.S. NAVARREDONDA GREDOS;NAVADIJOS;P.A.C. Navarredonda Gredos
G.A.S. AVILA;170117;PIEDRAHITA;C.S. PIEDRAHITA;NAVAESCURIAL;P.A.C. Piedrahita
G.A.S. SEGOVIA;170705;SIERRA LA;C.S. NAVAFRIA;NAVAFRIA;P.A.C. Navafría
G.A.S. AVILA;170119;SOTILLO DE LA ADRADA;C.S. SOTILLO DE ADRADA;NAVAHONDILLA;P.A.C. Sotillo De Adrada
G.A.S. AVILA;170109;BURGOHONDO;C.S. BURGOHONDO;NAVALACRUZ;P.A.C. Burgohondo
G.A.S. SORIA;170810;SAN LEONARDO DE YAGUE;C.S. SAN LEONARDO YAGÜE;NAVALENO;P.A.C. San Leonardo Yagüe
G.A.P. SALAMANCA;170601;ALBA DE TORMES;C.S. ALBA DE TORMES;NAVALES;P.A.C. Alba De Tormes
G.A.S. SEGOVIA;170701;CANTALEJO;C.S. CANTALEJO;NAVALILLA;P.A.C. Cantalejo
G.A.S. SEGOVIA;170702;CARBONERO EL MAYOR;C.S. CARBONERO EL MAYOR;NAVALMANZANO;P.A.C. Carbonero El Mayor
G.A.S. AVILA;170109;BURGOHONDO;C.S. BURGOHONDO;NAVALMORAL;P.A.C. Burgohondo
G.A.P. SALAMANCA;170603;BEJAR;C.S. BEJAR;NAVALMORAL DE BEJAR;P.A.C. Bejar
G.A.S. AVILA;170108;BARCO DE AVILA EL;C.S. BARCO DE AVILA;NAVALONGUILLA;P.A.C. Barco de Ávila
G.A.S. AVILA;170109;BURGOHONDO;C.S. BURGOHONDO;NAVALOSA;P.A.C. Burgohondo
G.A.S. AVILA;170114;NAVAS DEL MARQUES LAS;C.S. LAS NAVAS MARQUES;NAVALPERAL DE PINARES;P.A.C. Navarredonda Gredos
G.A.S. AVILA;170108;BARCO DE AVILA EL;C.S. BARCO DE AVILA;NAVALPERAL DE TORMES;P.A.C. Barco de Ávila
G.A.S. AVILA;170109;BURGOHONDO;C.S. BURGOHONDO;NAVALUENGA;P.A.C. Burgohondo
G.A.P. SALAMANCA;170613;GUIJUELO;C.S. GUIJUELO;NAVAMORALES;P.A.C. Guijuelo
G.A.S. AVILA;170109;BURGOHONDO;C.S. BURGOHONDO;NAVAQUESERA;P.A.C. Burgohondo
G.A.S. SEGOVIA;170712;SEPULVEDA;C.S. SEPULVEDA;NAVARES DE AYUSO;P.A.C. Sepúlveda
G.A.S. SEGOVIA;170712;SEPULVEDA;C.S. SEPULVEDA;NAVARES DE ENMEDIO;P.A.C. Sepúlveda
G.A.S. SEGOVIA;170712;SEPULVEDA;C.S. SEPULVEDA;NAVARES DE LAS CUEVAS;P.A.C. Sepúlveda
G.A.S. AVILA;170113;GREDOS;C.S. NAVARREDONDA GREDOS;NAVARREDONDA DE GREDOS;P.A.C. Navarredonda Gredos
G.A.P. SALAMANCA;170630;TAMAMES;C.S. TAMAMES;NAVARREDONDA DE LA RINCONADA;P.A.C. Tamames
G.A.S. AVILA;170109;BURGOHONDO;C.S. BURGOHONDO;NAVARREDONDILLA;P.A.C. Burgohondo
G.A.S. AVILA;170109;BURGOHONDO;C.S. BURGOHONDO;NAVARREVISCA;P.A.C. Burgohondo
G.A.P. BURGOS;170205;BRIVIESCA;C.S. BRIVIESCA;NAVAS DE BUREBA;P.A.C. Briviesca
G.A.S. SEGOVIA;170706;NAVA DE LA ASUNCION;C.S. NAVA DE LA ASUNCION;NAVAS DE ORO;P.A.C. Nava De La Asunción
G.A.S. SEGOVIA;170711;SEGOVIA RURAL;C.S. SEGOVIA RURAL;NAVAS DE RIOFRIO;P.A.C. Segovia Rural
G.A.S. SEGOVIA;170713;VILLACASTIN;C.S. VILLACASTIN;NAVAS DE SAN ANTONIO;P.A.C. Villacastín
G.A.S. AVILA;170114;NAVAS DEL MARQUES LAS;C.S. LAS NAVAS MARQUES;NAVAS DEL MARQUES (LAS);P.A.C. Navarredonda Gredos
G.A.P. SALAMANCA;170609;FUENTEGUINALDO;C.S. FUENTEGUINALDO;NAVASFRIAS;P.A.C. Fuenteguinaldo
G.A.S. AVILA;170109;BURGOHONDO;C.S. BURGOHONDO;NAVATALGORDO;P.A.C. Burgohondo
G.A.S. AVILA;170108;BARCO DE AVILA EL;C.S. BARCO DE AVILA;NAVATEJARES;P.A.C. Barco de Ávila
G.A.S. ZAMORA;171105;BENAVENTE SUR;C.S. BENAVENTE SUR;NAVIANOS DE VALVERDE;P.A.C. Benavente
G.A.P. BURGOS;170216;LERMA;C.S. LERMA;NEBREDA;P.A.C. Lerma
G.A.P. SALAMANCA;170621;PEDROSILLO EL RALO;C.S. PEDROSILLO EL RALO;NEGRILLA DE PALENCIA;P.A.C. Pedrosillo El Ralo
G.A.P. BURGOS;170224;QUINTANAR DE LA SIERRA;C.S. QUINTANAR SIERRA;NEILA;P.A.C. Quintanar Sierra
G.A.S. AVILA;170108;BARCO DE AVILA EL;C.S. BARCO DE AVILA;NEILA DE SAN MIGUEL;P.A.C. Barco de Ávila
G.A.S. SORIA;170802;ALMAZAN;C.S. ALMAZAN;NEPAS;P.A.C. Almazán
G.A.S. SEGOVIA;170706;NAVA DE LA ASUNCION;C.S. NAVA DE LA ASUNCION;NIEVA;P.A.C. Nava De La Asunción
G.A.S. AVILA;170105;AVILA RURAL;C.S. AVILA RURAL;NIHARRA;P.A.C. Ávila Rural
G.A.S. EL BIERZO;170401;BEMBIBRE;C.S. BEMBIBRE;NOCEDA DEL BIERZO;P.A.C. Bembibre (4)
G.A.S. PALENCIA;170503;CARRION DE LOS CONDES;C.S. CARRION DE LOS CONDES;NOGAL DE LAS HUERTAS;P.A.C. Carrión De Los Condes
G.A.S. SORIA;170802;ALMAZAN;C.S. ALMAZAN;NOLAY;P.A.C. Almazán
G.A.S. SORIA;170808;OLVEGA;C.S. OLVEGA;NOVIERCAS;P.A.C. Olvega
G.A.P. VALLADOLID ESTE;171021;MEDINA DEL CAMPO RURAL;C.S. MEDINA CAMPO RURAL;NUEVA VILLA DE LAS TORRES;P.A.C. Medina
G.A.S. EL BIERZO;170410;VILLAFRANCA DEL BIERZO;C.S. VILLAFRANCA BIERZO;OENCIA;P.A.C. Villafranca Bierzo
G.A.S. AVILA;170105;AVILA RURAL;C.S. AVILA RURAL;OJOS-ALBOS;P.A.C. Ávila Rural
G.A.S. PALENCIA;170507;HERRERA DE PISUERGA;C.S. HERRERA DE PISUERGA;OLEA DE BOEDO;P.A.C. Herrera De Pisuerga
G.A.P. VALLADOLID ESTE;171018;TUDELA DE DUERO;C.S. TUDELA;OLIVARES DE DUERO;P.A.C. Tudela
G.A.P. BURGOS;170225;ROA DE DUERO;C.S. ROA DE DUERO;OLMEDILLO DE ROA;P.A.C. Roa De Duero
G.A.P. VALLADOLID ESTE;171020;OLMEDO;C.S. OLMEDO;OLMEDO;P.A.C. Olmedo
G.A.P. SALAMANCA;170618;LUMBRALES;C.S. LUMBRALES;OLMEDO DE CAMACES;P.A.C. Lumbrales
G.A.S. ZAMORA;171108;CARBAJALES;C.S. CARBAJALES DE ALBA;OLMILLOS DE CASTRO;P.A.C. Carbajales De Alba
G.A.P. BURGOS;170223;PAMPLIEGA;C.S. PAMPLIEGA;OLMILLOS DE MUÑO;P.A.C. Pampliega
G.A.P. VALLADOLID ESTE;171002;ESGUEVILLAS ESGUEVA;C.S. ESGUEVILLAS;OLMOS DE ESGUEVA;P.A.C. Esguevillas
G.A.S. PALENCIA;170507;HERRERA DE PISUERGA;C.S. HERRERA DE PISUERGA;OLMOS DE OJEDA;P.A.C. Herrera De Pisuerga
G.A.P. VALLADOLID ESTE;171015;PEÑAFIEL;C.S. PEÑAFIEL;OLMOS DE PEÑAFIEL;P.A.C. Peñafiel
G.A.S. SEGOVIA;170704;FUENTESAUCO DE FUENTIDUEÑA;C.S. FUENTESAUCO;OLOMBRADA;P.A.C. Fuentesauco
G.A.S. SEGOVIA;170703;CUELLAR;C.S. CUELLAR;OLOMBRADA;P.A.C. Cuellar
G.A.S. SORIA;170808;OLVEGA;C.S. OLVEGA;OLVEGA;P.A.C. Olvega
G.A.P. LEON;170311;MAGDALENA LA;C.S. LA MAGDALENA;OMAÑAS (LAS);P.A.C. La Magdalena
G.A.P. BURGOS;170231;VALLE DE TOBALINA;C.S. VALLE TOBALINA;OÑA;P.A.C. Valle Tobalina
G.A.P. BURGOS;170205;BRIVIESCA;C.S. BRIVIESCA;OÑA;P.A.C. Briviesca
G.A.S. SORIA;170812;SAN PEDRO MANRIQUE;C.S. S.PEDRO MANRIQUE;ONCALA;P.A.C. S.Pedro Manrique
G.A.P. LEON;170301;ARMUNIA;C.S. ARMUNIA;ONZONILLA;P.A.C. Armunia
G.A.P. BURGOS;170216;LERMA;C.S. LERMA;OQUILLAS;P.A.C. Lerma
G.A.P. SALAMANCA;170621;PEDROSILLO EL RALO;C.S. PEDROSILLO EL RALO;ORBADA (LA);P.A.C. Pedrosillo El Ralo
G.A.P. BURGOS;170208;BURGOS RURAL NORTE;C.S. BURGOS RURAL NORTE;ORBANEJA RIOPICO;P.A.C. Burgos Rural Norte Sur
G.A.S. AVILA;170102;AREVALO;C.S. AREVALO;ORBITA;P.A.C. Arévalo
G.A.S. SEGOVIA;170705;SIERRA LA;C.S. NAVAFRIA;OREJANA;P.A.C. Navafría
G.A.S. SEGOVIA;170706;NAVA DE LA ASUNCION;C.S. NAVA DE LA ASUNCION;ORTIGOSA DE PESTAÑO;P.A.C. Nava De La Asunción
G.A.S. SEGOVIA;170711;SEGOVIA RURAL;C.S. SEGOVIA RURAL;ORTIGOSA DEL MONTE;P.A.C. Segovia Rural
G.A.P. LEON;170320;RIAÑO;C.S. RIAÑO;OSEJA DE SAJAMBRE;P.A.C. Riaño
G.A.S. AVILA;170105;AVILA RURAL;C.S. AVILA RURAL;OSO (EL);P.A.C. Ávila Rural
G.A.S. PALENCIA;170510;OSORNO;C.S. OSORNO;OSORNILLO;P.A.C. Osorno
G.A.S. PALENCIA;170510;OSORNO;C.S. OSORNO;OSORNO LA MAYOR;P.A.C. Osorno
G.A.S. ZAMORA;171116;TABARA;C.S. TABARA;OTERO DE BODAS;P.A.C. Tábara
G.A.S. SEGOVIA;170711;SEGOVIA RURAL;C.S. SEGOVIA RURAL;OTERO DE HERREROS;P.A.C. Segovia Rural
G.A.S. AVILA;170105;AVILA RURAL;C.S. AVILA RURAL;PADIERNOS;P.A.C. Ávila Rural
G.A.P. BURGOS;170220;MELGAR DE FERNAMENTAL;C.S. MELGAR FERNAMENTAL;PADILLA DE ABAJO;P.A.C. Melgar Fernamental
G.A.P. BURGOS;170220;MELGAR DE FERNAMENTAL;C.S. MELGAR FERNAMENTAL;PADILLA DE ARRIBA;P.A.C. Melgar Fernamental
G.A.P. BURGOS;170205;BRIVIESCA;C.S. BRIVIESCA;PADRONES DE BUREBA;P.A.C. Briviesca
G.A.S. SEGOVIA;170712;SEPULVEDA;C.S. SEPULVEDA;PAJAREJOS;P.A.C. Sepúlveda
G.A.S. AVILA;170105;AVILA RURAL;C.S. AVILA RURAL;PAJARES DE ADAJA;P.A.C. Ávila Rural
G.A.P. SALAMANCA;170621;PEDROSILLO EL RALO;C.S. PEDROSILLO EL RALO;PAJARES DE LA LAGUNA;P.A.C. Pedrosillo El Ralo
G.A.S. ZAMORA;171107;CAMPOS LAMPREANA;C.S. VILLARRIN;PAJARES DE LA LAMPREANA;P.A.C. Villarrín
G.A.P. LEON;170327;VALENCIA DE DON JUAN;C.S. VALENCIA DE D. JUAN;PAJARES DE LOS OTEROS;P.A.C. Valencia De D. Juan
G.A.S. AVILA;170102;AREVALO;C.S. AREVALO;PALACIOS DE GODA;P.A.C. Arévalo
G.A.P. BURGOS;170224;QUINTANAR DE LA SIERRA;C.S. QUINTANAR SIERRA;PALACIOS DE LA SIERRA;P.A.C. Quintanar Sierra
G.A.P. LEON;170309;BAÑEZA II LA;C.S. BAÑEZA II;PALACIOS DE LA VALDUERNA;P.A.C. La Bañeza
G.A.S. ZAMORA;171114;SANABRIA;C.S. PUEBLA DE SANABRIA;PALACIOS DE SANABRIA;P.A.C. Puebla De Sanabria
G.A.P. SALAMANCA;170604;CALZADA DE VALDUNCIEL;C.S. CALZADA VALDUNCIEL;PALACIOS DEL ARZOBISPO;P.A.C. Calzada Valdunciel
G.A.S. ZAMORA;171121;ZAMORA NORTE;C.S. ZAMORA NORTE;PALACIOS DEL PAN;P.A.C. Zamora Integrado
G.A.S. EL BIERZO;170409;VILLABLINO;C.S. VILLABLINO;PALACIOS DEL SIL;P.A.C. Villablino
G.A.P. SALAMANCA;170605;CANTALAPIEDRA;C.S. CANTALAPIEDRA;PALACIOSRUBIOS;P.A.C. Cantalapiedra
G.A.P. VALLADOLID OESTE;170924;VILLAFRECHOS;C.S. VILLAFRECHOS;PALAZUELO DE VEDIJA;P.A.C. Villafrechós
G.A.S. SEGOVIA;170711;SEGOVIA RURAL;C.S. SEGOVIA RURAL;PALAZUELOS DE ERESMA;P.A.C. Segovia Rural
G.A.P. BURGOS;170209;BURGOS RURAL SUR;C.S. BURGOS RURAL SUR;PALAZUELOS DE LA SIERRA;P.A.C. Burgos Rural Norte Sur
G.A.P. BURGOS;170223;PAMPLIEGA;C.S. PAMPLIEGA;PALAZUELOS DE MUÑO;P.A.C. Pampliega
G.A.S. PALENCIA;170515;SAN JUANILLO;C.S. ERAS DEL BOSQUE;PALENCIA;P.A.C. Palencia
G.A.S. PALENCIA;170513;PINTOR OLIVA;C.S. PINTOR OLIVA;PALENCIA;P.A.C. Palencia
G.A.S. PALENCIA;170508;LOS JARDINILLOS;C.S. JARDINILLOS;PALENCIA;P.A.C. Palencia
G.A.S. PALENCIA;170509;LA PUEBLA - PAN Y GUINDAS;C.S. DE LA PUEBLA;PALENCIA;P.A.C. Palencia
G.A.S. PALENCIA;170511;PALENCIA RURAL;C.S. PALENCIA RURAL;PALENCIA;P.A.C. Palencia
G.A.P. SALAMANCA;170621;PEDROSILLO EL RALO;C.S. PEDROSILLO EL RALO;PALENCIA DE NEGRILLA;P.A.C. Pedrosillo El Ralo
G.A.S. PALENCIA;170516;TORQUEMADA;C.S. TORQUEMADA;PALENZUELA;P.A.C. Torquemada
G.A.P. BURGOS;170223;PAMPLIEGA;C.S. PAMPLIEGA;PAMPLIEGA;P.A.C. Pampliega
G.A.P. BURGOS;170221;MIRANDA ESTE;C.S. MIRANDA ESTE;PANCORBO;P.A.C. Miranda
G.A.S. AVILA;170118;SAN PEDRO DEL ARROYO;C.S. SAN PEDRO ARROYO;PAPATRIGO;P.A.C. San Pedro Arroyo
G.A.P. SALAMANCA;170623;PERIURBANA SUR;C.S. PERIURBANO SUR;PARADA DE ARRIBA;P.A.C. Periurbano Sur
G.A.P. SALAMANCA;170621;PEDROSILLO EL RALO;C.S. PEDROSILLO EL RALO;PARADA DE RUBIALES;P.A.C. Pedrosillo El Ralo
G.A.P. SALAMANCA;170624;PEÑARANDA DE BRACAMONTE;C.S. PEÑARANDA;PARADINAS DE SAN JUAN;P.A.C. Peñaranda
G.A.S. PALENCIA;170507;HERRERA DE PISUERGA;C.S. HERRERA DE PISUERGA;PARAMO DE BOEDO;P.A.C. Herrera De Pisuerga
G.A.S. EL BIERZO;170408;TORENO;C.S. TORENO;PARAMO DEL SIL;P.A.C. Toreno
G.A.P. BURGOS;170202;ARANDA DE DUERO RURAL;C.S. ARANDA RURAL;PARDILLA;P.A.C. Aranda
G.A.S. PALENCIA;170512;PAREDES DE NAVA;C.S. PAREDES DE NAVA;PAREDES DE NAVA;P.A.C. Paredes De Nava
G.A.S. AVILA;170118;SAN PEDRO DEL ARROYO;C.S. SAN PEDRO ARROYO;PARRAL (EL);P.A.C. San Pedro Arroyo
G.A.P. VALLADOLID ESTE;171018;TUDELA DE DUERO;C.S. TUDELA;PARRILLA (LA);P.A.C. Tudela
G.A.P. BURGOS;170231;VALLE DE TOBALINA;C.S. VALLE TOBALINA;PARTIDO DE LA SIERRA EN TOBALINA;P.A.C. Valle Tobalina
G.A.S. AVILA;170117;PIEDRAHITA;C.S. PIEDRAHITA;PASCUALCOBO;P.A.C. Piedrahita
G.A.P. SALAMANCA;170606;CIUDAD RODRIGO;C.S. CIUDAD RODRIGO;PASTORES;P.A.C. Ciudad Rodrigo
G.A.P. SALAMANCA;170626;ROBLEDA;C.S. ROBLEDA;PAYO (EL);P.A.C. Robleda
G.A.S. PALENCIA;170507;HERRERA DE PISUERGA;C.S. HERRERA DE PISUERGA;PAYO DE OJEDA;P.A.C. Herrera De Pisuerga
G.A.P. VALLADOLID ESTE;171016;PORTILLO;C.S. PORTILLO;PEDRAJA DE PORTILLO (LA);P.A.C. Portillo
G.A.P. VALLADOLID ESTE;171006;ISCAR;C.S. ISCAR;PEDRAJAS DE SAN ESTEBAN;P.A.C. Íscar
G.A.S. ZAMORA;171114;SANABRIA;C.S. PUEBLA DE SANABRIA;PEDRALBA DE LA PRADERIA;P.A.C. Puebla De Sanabria
G.A.S. SEGOVIA;170705;SIERRA LA;C.S. NAVAFRIA;PEDRAZA;P.A.C. Navafría
G.A.P. SALAMANCA;170601;ALBA DE TORMES;C.S. ALBA DE TORMES;PEDRAZA DE ALBA;P.A.C. Alba De Tormes
G.A.S. PALENCIA;170518;VILLARRAMIEL;C.S. VILLARRAMIEL;PEDRAZA DE CAMPOS;P.A.C. Villarramiel
G.A.S. AVILA;170106;LANZAHITA;C.S. LANZAHITA;PEDRO BERNARDO;P.A.C. Lanzahíta
G.A.S. AVILA;170102;AREVALO;C.S. AREVALO;PEDRO-RODRIGUEZ;P.A.C. Arévalo
G.A.P. BURGOS;170225;ROA DE DUERO;C.S. ROA DE DUERO;PEDROSA DE DUERO;P.A.C. Roa De Duero
G.A.S. PALENCIA;170514;SALDAÑA;C.S. SALDAÑA;PEDROSA DE LA VEGA;P.A.C. Saldaña
G.A.P. BURGOS;170209;BURGOS RURAL SUR;C.S. BURGOS RURAL SUR;PEDROSA DE RIO URBEL;P.A.C. Burgos Rural Norte Sur
G.A.P. BURGOS;170233;VILLADIEGO;C.S. VILLADIEGO;PEDROSA DEL PARAMO;P.A.C. Villadiego
G.A.P. BURGOS;170220;MELGAR DE FERNAMENTAL;C.S. MELGAR FERNAMENTAL;PEDROSA DEL PRINCIPE;P.A.C. Melgar Fernamental
G.A.P. VALLADOLID OESTE;170920;TORDESILLAS;C.S. TORDESILLAS;PEDROSA DEL REY;P.A.C. Tordesillas
G.A.P. SALAMANCA;170601;ALBA DE TORMES;C.S. ALBA DE TORMES;PEDROSILLO DE ALBA;P.A.C. Alba De Tormes
G.A.P. SALAMANCA;170601;ALBA DE TORMES;C.S. ALBA DE TORMES;PEDROSILLO DE LOS AIRES;P.A.C. Alba De Tormes
G.A.P. SALAMANCA;170621;PEDROSILLO EL RALO;C.S. PEDROSILLO EL RALO;PEDROSILLO EL RALO;P.A.C. Pedrosillo El Ralo
G.A.P. SALAMANCA;170633;VILLORIA;C.S. VILLORIA;PEDROSO DE LA ARMUÑA (EL);P.A.C. Villoria
G.A.S. ZAMORA;171113;GUAREÑA;C.S. LA GUAREÑA;PEGO (EL);P.A.C. La Guareña
G.A.S. AVILA;170114;NAVAS DEL MARQUES LAS;C.S. LAS NAVAS MARQUES;PEGUERINOS;P.A.C. Navarredonda Gredos
G.A.P. SALAMANCA;170628;SANTA MARTA DE TORMES;C.S. SANTA MARTA DE TORMES;PELABRAVO;P.A.C. Santa Marta De Tormes
G.A.P. SALAMANCA;170608;FUENTE DE SAN ESTEBAN LA;C.S. FUENTE DE SAN ESTEBAN;PELARRODRIGUEZ;P.A.C. Fuente De San Esteban
G.A.P. SALAMANCA;170601;ALBA DE TORMES;C.S. ALBA DE TORMES;PELAYOS;P.A.C. Alba De Tormes
G.A.S. SEGOVIA;170705;SIERRA LA;C.S. NAVAFRIA;PELAYOS DEL ARROYO;P.A.C. Navafría
G.A.S. ZAMORA;171117;TORO;C.S. TORO;PELEAGONZALO;P.A.C. Toro
G.A.S. ZAMORA;171110;CORRALES DEL VINO;C.S. CORRALES DEL VINO;PELEAS DE ABAJO;P.A.C. Corrales Del Vino
G.A.P. SALAMANCA;170634;VITIGUDINO;C.S. VITIGUDINO;PEÑA (LA);P.A.C. Vitigudino
G.A.P. SALAMANCA;170603;BEJAR;C.S. BEJAR;PEÑACABALLERA;P.A.C. Bejar
G.A.P. VALLADOLID ESTE;171015;PEÑAFIEL;C.S. PEÑAFIEL;PEÑAFIEL;P.A.C. Peñafiel
G.A.P. VALLADOLID OESTE;170926;VALLADOLID RURAL II;C.S. VALLADOLID RURAL II;PEÑAFLOR DE HORNIJA;P.A.C. Valladolid Rural II
G.A.S. AVILA;170105;AVILA RURAL;C.S. AVILA RURAL;PEÑALBA DE AVILA;P.A.C. Ávila Rural
G.A.P. SALAMANCA;170626;ROBLEDA;C.S. ROBLEDA;PEÑAPARDA;P.A.C. Robleda
G.A.P. SALAMANCA;170624;PEÑARANDA DE BRACAMONTE;C.S. PEÑARANDA;PEÑARANDA DE BRACAMONTE;P.A.C. Peñaranda
G.A.P. BURGOS;170202;ARANDA DE DUERO RURAL;C.S. ARANDA RURAL;PEÑARANDA DE DUERO;P.A.C. Aranda
G.A.P. SALAMANCA;170601;ALBA DE TORMES;C.S. ALBA DE TORMES;PEÑARANDILLA;P.A.C. Alba De Tormes
G.A.S. ZAMORA;171110;CORRALES DEL VINO;C.S. CORRALES DEL VINO;PEÑAUSENDE;P.A.C. Corrales Del Vino
G.A.S. ZAMORA;171109;CARBALLEDA;C.S. MOMBUEY;PEQUE;P.A.C. Mombuey
G.A.P. BURGOS;170223;PAMPLIEGA;C.S. PAMPLIEGA;PERAL DE ARLANZA;P.A.C. Pampliega
G.A.P. SALAMANCA;170634;VITIGUDINO;C.S. VITIGUDINO;PERALEJOS DE ABAJO;P.A.C. Vitigudino
G.A.P. SALAMANCA;170634;VITIGUDINO;C.S. VITIGUDINO;PERALEJOS DE ARRIBA;P.A.C. Vitigudino
G.A.S. PALENCIA;170503;CARRION DE LOS CONDES;C.S. CARRION DE LOS CONDES;PERALES;P.A.C. Carrión De Los Condes
G.A.S. EL BIERZO;170403;FABERO;C.S. FABERO;PERANZANES;P.A.C. Fabero
G.A.S. ZAMORA;171122;ZAMORA SUR;C.S. ZAMORA SUR;PERDIGON (EL);P.A.C. Zamora Integrado
G.A.P. SALAMANCA;170634;VITIGUDINO;C.S. VITIGUDINO;PEREÑA DE LA RIBERA;P.A.C. Vitigudino
G.A.S. ZAMORA;171122;ZAMORA SUR;C.S. ZAMORA SUR;PERERUELA;P.A.C. Zamora Integrado
G.A.S. ZAMORA;171116;TABARA;C.S. TABARA;PERILLA DE CASTRO;P.A.C. Tábara
G.A.S. PALENCIA;170504;CERVERA PISUERGA;C.S. CERVERA PISUERGA;PERNIA (LA);P.A.C. Cervera Pisuerga
G.A.P. SALAMANCA;170613;GUIJUELO;C.S. GUIJUELO;PEROMINGO;P.A.C. Guijuelo
G.A.S. SEGOVIA;170704;FUENTESAUCO DE FUENTIDUEÑA;C.S. FUENTESAUCO;PEROSILLO;P.A.C. Fuentesauco
G.A.P. VALLADOLID ESTE;171015;PEÑAFIEL;C.S. PEÑAFIEL;PESQUERA DE DUERO;P.A.C. Peñafiel
G.A.S. ZAMORA;171103;ALTA SANABRIA;C.S. ALTA SANABRIA;PIAS;P.A.C. Alta Sanabria
G.A.S. AVILA;170117;PIEDRAHITA;C.S. PIEDRAHITA;PIEDRAHITA;P.A.C. Piedrahita
G.A.S. ZAMORA;171107;CAMPOS LAMPREANA;C.S. VILLARRIN;PIEDRAHITA DE CASTRO;P.A.C. Villarrín
G.A.S. AVILA;170119;SOTILLO DE LA ADRADA;C.S. SOTILLO DE ADRADA;PIEDRALAVES;P.A.C. Sotillo De Adrada
G.A.P. BURGOS;170205;BRIVIESCA;C.S. BRIVIESCA;PIERNIGAS;P.A.C. Briviesca
G.A.S. PALENCIA;170505;FROMISTA;C.S. FROMISTA;PIÑA DE CAMPOS;P.A.C. Frómista
G.A.P. VALLADOLID ESTE;171002;ESGUEVILLAS ESGUEVA;C.S. ESGUEVILLAS;PIÑA DE ESGUEVA;P.A.C. Esguevillas
G.A.S. SEGOVIA;170703;CUELLAR;C.S. CUELLAR;PINAREJOS;P.A.C. Cuellar
G.A.S. SEGOVIA;170702;CARBONERO EL MAYOR;C.S. CARBONERO EL MAYOR;PINARNEGRILLO;P.A.C. Carbonero El Mayor
G.A.P. BURGOS;170208;BURGOS RURAL NORTE;C.S. BURGOS RURAL NORTE;PINEDA DE LA SIERRA;P.A.C. Burgos Rural Norte Sur
G.A.P. BURGOS;170216;LERMA;C.S. LERMA;PINEDA TRASMONTE;P.A.C. Lerma
G.A.P. SALAMANCA;170603;BEJAR;C.S. BEJAR;PINEDAS;P.A.C. Bejar
G.A.P. VALLADOLID ESTE;171015;PEÑAFIEL;C.S. PEÑAFIEL;PIÑEL DE ABAJO;P.A.C. Peñafiel
G.A.P. VALLADOLID ESTE;171015;PEÑAFIEL;C.S. PEÑAFIEL;PIÑEL DE ARRIBA;P.A.C. Peñafiel
G.A.S. ZAMORA;171110;CORRALES DEL VINO;C.S. CORRALES DEL VINO;PIÑERO (EL);P.A.C. Corrales Del Vino
G.A.P. BURGOS;170226;SALAS DE LOS INFANTES;C.S. SALAS LOS INFANTES;PINILLA DE LOS BARRUECOS;P.A.C. Salas Los Infantes
G.A.P. BURGOS;170226;SALAS DE LOS INFANTES;C.S. SALAS LOS INFANTES;PINILLA DE LOS MOROS;P.A.C. Salas Los Infantes
G.A.S. ZAMORA;171117;TORO;C.S. TORO;PINILLA DE TORO;P.A.C. Toro
G.A.S. SORIA;170808;OLVEGA;C.S. OLVEGA;PINILLA DEL CAMPO;P.A.C. Olvega
G.A.P. BURGOS;170216;LERMA;C.S. LERMA;PINILLA TRASMONTE;P.A.C. Lerma
G.A.P. SALAMANCA;170623;PERIURBANA SUR;C.S. PERIURBANO SUR;PINO DE TORMES (EL);P.A.C. Periurbano Sur
G.A.S. ZAMORA;171102;ALISTE;C.S. ALCAÑICES;PINO DEL ORO;P.A.C. Alcañices
G.A.S. PALENCIA;170514;SALDAÑA;C.S. SALDAÑA;PINO DEL RIO;P.A.C. Saldaña
G.A.P. SALAMANCA;170621;PEDROSILLO EL RALO;C.S. PEDROSILLO EL RALO;PITIEGUA;P.A.C. Pedrosillo El Ralo
G.A.P. SALAMANCA;170613;GUIJUELO;C.S. GUIJUELO;PIZARRAL;P.A.C. Guijuelo
G.A.S. PALENCIA;170519;VILLADA;C.S. VILLADA;POBLACION DE ARROYO;P.A.C. Villada
G.A.S. PALENCIA;170505;FROMISTA;C.S. FROMISTA;POBLACION DE CAMPOS;P.A.C. Frómista
G.A.S. PALENCIA;170517;VENTA DE BAÑOS;C.S. VENTA DE BAÑOS;POBLACION DE CERRATO;P.A.C. Venta De Baños
G.A.P. LEON;170325;SANTA MARIA DEL PARAMO;C.S. STA. MARIA PARAMO;POBLADURA DE PELAYO GARCIA;P.A.C. Sta. María Páramo
G.A.S. ZAMORA;171107;CAMPOS LAMPREANA;C.S. VILLARRIN;POBLADURA DE VALDERADUEY;P.A.C. Villarrín
G.A.S. ZAMORA;171104;BENAVENTE NORTE;C.S. BENAVENTE NORTE;POBLADURA DEL VALLE;P.A.C. Benavente
G.A.P. LEON;170307;CUENCA DEL BERNESGA;C.S. CUENCA BERNESGA;POLA DE GORDON (LA);P.A.C La Pola de Gordón
G.A.S. PALENCIA;170504;CERVERA PISUERGA;C.S. CERVERA PISUERGA;POLENTINOS;P.A.C. Cervera Pisuerga
G.A.P. VALLADOLID OESTE;170920;TORDESILLAS;C.S. TORDESILLAS;POLLOS;P.A.C. Tordesillas
G.A.S. PALENCIA;170501;AGUILAR DE CAMPOO;C.S. AGUILAR DE CAMPOO;POMAR DE VALDIVIA;P.A.C. Aguilar De Campoo (5)
G.A.S. EL BIERZO;170406;PONFERRADA III;C.S. PONFERRADA III;PONFERRADA;P.A.C. Ponferrada
G.A.S. EL BIERZO;170405;PONFERRADA II;C.S. PONFERRADA II;PONFERRADA;P.A.C. Ponferrada
G.A.S. EL BIERZO;170411;PONFERRADA IV;C.S. PONFERRADA IV;PONFERRADA;P.A.C. Ponferrada
G.A.S. EL BIERZO;170404;PONFERRADA I;C.S. PONFERRADA I;PONFERRADA;P.A.C. Ponferrada
G.A.P. VALLADOLID ESTE;171016;PORTILLO;C.S. PORTILLO;PORTILLO;P.A.C. Portillo
G.A.S. ZAMORA;171103;ALTA SANABRIA;C.S. ALTA SANABRIA;PORTO;P.A.C. Alta Sanabria
G.A.P. LEON;170320;RIAÑO;C.S. RIAÑO;POSADA DE VALDEON;P.A.C. Riaño
G.A.S. AVILA;170120;MUÑANA;C.S. MUÑANA;POVEDA;P.A.C. Muñana
G.A.P. SALAMANCA;170605;CANTALAPIEDRA;C.S. CANTALAPIEDRA;POVEDA DE LAS CINTAS;P.A.C. Cantalapiedra
G.A.S. SORIA;170811;SORIA RURAL;C.S. SORIA RURAL;POVEDA DE SORIA (LA);P.A.C. Soria Rural Norte Y Sur
G.A.S. AVILA;170110;CANDELEDA;C.S. CANDELEDA;POYALES DEL HOYO;P.A.C. Candeleda
G.A.P. BURGOS;170205;BRIVIESCA;C.S. BRIVIESCA;POZA DE LA SAL;P.A.C. Briviesca
G.A.S. PALENCIA;170514;SALDAÑA;C.S. SALDAÑA;POZA DE LA VEGA;P.A.C. Saldaña
G.A.P. VALLADOLID ESTE;171021;MEDINA DEL CAMPO RURAL;C.S. MEDINA CAMPO RURAL;POZAL DE GALLINAS;P.A.C. Medina
G.A.P. VALLADOLID ESTE;171021;MEDINA DEL CAMPO RURAL;C.S. MEDINA CAMPO RURAL;POZALDEZ;P.A.C. Medina
G.A.S. SORIA;170808;OLVEGA;C.S. OLVEGA;POZALMURO;P.A.C. Olvega
G.A.S. AVILA;170105;AVILA RURAL;C.S. AVILA RURAL;POZANCO;P.A.C. Ávila Rural
G.A.S. PALENCIA;170519;VILLADA;C.S. VILLADA;POZO DE URAMA;P.A.C. Villada
G.A.S. ZAMORA;171117;TORO;C.S. TORO;POZOANTIGUO;P.A.C. Toro
G.A.P. SALAMANCA;170634;VITIGUDINO;C.S. VITIGUDINO;POZOS DE HINOJO;P.A.C. Vitigudino
G.A.P. VALLADOLID OESTE;170924;VILLAFRECHOS;C.S. VILLAFRECHOS;POZUELO DE LA ORDEN;P.A.C. Villafrechós
G.A.S. ZAMORA;171116;TABARA;C.S. TABARA;POZUELO DE TABARA;P.A.C. Tábara
G.A.P. LEON;170309;BAÑEZA II LA;C.S. BAÑEZA II;POZUELO DEL PARAMO;P.A.C. La Bañeza
G.A.S. SEGOVIA;170712;SEPULVEDA;C.S. SEPULVEDA;PRADALES;P.A.C. Sepúlveda
G.A.P. BURGOS;170205;BRIVIESCA;C.S. BRIVIESCA;PRADANOS DE BUREBA;P.A.C. Briviesca
G.A.S. PALENCIA;170507;HERRERA DE PISUERGA;C.S. HERRERA DE PISUERGA;PRADANOS DE OJEDA;P.A.C. Herrera De Pisuerga
G.A.S. SEGOVIA;170705;SIERRA LA;C.S. NAVAFRIA;PRADENA;P.A.C. Navafría
G.A.S. ZAMORA;171119;VILLALPANDO;C.S. VILLALPANDO;PRADO;P.A.C. Villalpando
G.A.P. LEON;170306;CISTIERNA;C.S. CISTIERNA;PRADO DE LA GUZPEÑA;P.A.C. Cistierna
G.A.P. BURGOS;170204;BELORADO;C.S. BELORADO;PRADOLUENGO;P.A.C. Belorado
G.A.S. AVILA;170120;MUÑANA;C.S. MUÑANA;PRADOSEGAR;P.A.C. Muñana
G.A.P. BURGOS;170223;PAMPLIEGA;C.S. PAMPLIEGA;PRESENCIO;P.A.C. Pampliega
G.A.S. EL BIERZO;170406;PONFERRADA III;C.S. PONFERRADA III;PRIARANZA DEL BIERZO;P.A.C. Ponferrada
G.A.P. LEON;170306;CISTIERNA;C.S. CISTIERNA;PRIORO;P.A.C. Cistierna
G.A.P. BURGOS;170210;CONDADO DE TREVIÑO;C.S. CONDADO DE TREVIÑO;PUEBLA DE ARGANZON (LA);P.A.C. Condado De Treviño
G.A.P. SALAMANCA;170609;FUENTEGUINALDO;C.S. FUENTEGUINALDO;PUEBLA DE AZABA;P.A.C. Fuenteguinaldo
G.A.P. LEON;170305;BOÑAR;C.S. BOÑAR;PUEBLA DE LILLO;P.A.C. La Bañeza
G.A.S. SEGOVIA;170701;CANTALEJO;C.S. CANTALEJO;PUEBLA DE PEDRAZA;P.A.C. Cantalejo
G.A.P. SALAMANCA;170613;GUIJUELO;C.S. GUIJUELO;PUEBLA DE SAN MEDEL;P.A.C. Guijuelo
G.A.S. ZAMORA;171114;SANABRIA;C.S. PUEBLA DE SANABRIA;PUEBLA DE SANABRIA;P.A.C. Puebla De Sanabria
G.A.S. PALENCIA;170514;SALDAÑA;C.S. SALDAÑA;PUEBLA DE VALDAVIA (LA);P.A.C. Saldaña
G.A.P. SALAMANCA;170630;TAMAMES;C.S. TAMAMES;PUEBLA DE YELTES;P.A.C. Tamames
G.A.S. ZAMORA;171116;TABARA;C.S. TABARA;PUEBLICA DE VALVERDE;P.A.C. Tábara
G.A.S. EL BIERZO;170407;PUENTE DE DOMINGO FLOREZ;C.S. PUENTE DOMINGO FLOREZ;PUENTE DE DOMINGO FLOREZ;P.A.C. Puente Domingo Florez
G.A.P. SALAMANCA;170613;GUIJUELO;C.S. GUIJUELO;PUENTE DEL CONGOSTO;P.A.C. Guijuelo
G.A.P. BURGOS;170216;LERMA;C.S. LERMA;PUENTEDURA;P.A.C. Lerma
G.A.P. SALAMANCA;170634;VITIGUDINO;C.S. VITIGUDINO;PUERTAS;P.A.C. Vitigudino
G.A.S. AVILA;170108;BARCO DE AVILA EL;C.S. BARCO DE AVILA;PUERTO CASTILLA;P.A.C. Barco de Ávila
G.A.P. SALAMANCA;170603;BEJAR;C.S. BEJAR;PUERTO DE BEJAR;P.A.C. Bejar
G.A.P. SALAMANCA;170610;FUENTES DE OÑORO;C.S. FUENTES DE OÑORO;PUERTO SEGURO;P.A.C. Fuentes De Oñoro
G.A.P. VALLADOLID ESTE;171020;OLMEDO;C.S. OLMEDO;PURAS;P.A.C. Olmedo
G.A.P. BURGOS;170202;ARANDA DE DUERO RURAL;C.S. ARANDA RURAL;QUEMADA;P.A.C. Aranda
G.A.S. SORIA;170807;GOMARA;C.S. GOMARA;QUIÑONERIA;P.A.C. Gómara
G.A.P. LEON;170303;ASTORGA II;C.S. ASTORGA II;QUINTANA DEL CASTILLO;P.A.C. Astorga
G.A.P. LEON;170322;RIBERA DEL ORBIGO;C.S. RIBERA DEL ORBIGO;QUINTANA DEL CASTILLO;P.A.C. Ribera Del Órbigo
G.A.P. LEON;170309;BAÑEZA II LA;C.S. BAÑEZA II;QUINTANA DEL MARCO;P.A.C. La Bañeza
G.A.P. BURGOS;170202;ARANDA DE DUERO RURAL;C.S. ARANDA RURAL;QUINTANA DEL PIDIO;P.A.C. Aranda
G.A.S. PALENCIA;170516;TORQUEMADA;C.S. TORQUEMADA;QUINTANA DEL PUENTE;P.A.C. Torquemada
G.A.S. SORIA;170811;SORIA RURAL;C.S. SORIA RURAL;QUINTANA REDONDA;P.A.C. Soria Rural Norte Y Sur
G.A.S. SORIA;170804;BERLANGA DE DUERO;C.S. BERLANGA DE DUERO;QUINTANA REDONDA;P.A.C. Berlanga De Duero
G.A.P. LEON;170309;BAÑEZA II LA;C.S. BAÑEZA II;QUINTANA Y CONGOSTO;P.A.C. La Bañeza
G.A.P. BURGOS;170205;BRIVIESCA;C.S. BRIVIESCA;QUINTANABUREBA;P.A.C. Briviesca
G.A.P. BURGOS;170205;BRIVIESCA;C.S. BRIVIESCA;QUINTANAELEZ;P.A.C. Briviesca
G.A.P. BURGOS;170208;BURGOS RURAL NORTE;C.S. BURGOS RURAL NORTE;QUINTANAORTUÑO;P.A.C. Burgos Rural Norte Sur
G.A.P. BURGOS;170208;BURGOS RURAL NORTE;C.S. BURGOS RURAL NORTE;QUINTANAPALLA;P.A.C. Burgos Rural Norte Sur
G.A.P. BURGOS;170224;QUINTANAR DE LA SIERRA;C.S. QUINTANAR SIERRA;QUINTANAR DE LA SIERRA;P.A.C. Quintanar Sierra
G.A.S. SORIA;170805;BURGO DE OSMA;C.S. EL BURGO DE OSMA;QUINTANAS DE GORMAZ;P.A.C. El Burgo De Osma
G.A.P. BURGOS;170205;BRIVIESCA;C.S. BRIVIESCA;QUINTANAVIDES;P.A.C. Briviesca
G.A.P. VALLADOLID ESTE;171015;PEÑAFIEL;C.S. PEÑAFIEL;QUINTANILLA DE ARRIBA;P.A.C. Peñafiel
G.A.P. BURGOS;170216;LERMA;C.S. LERMA;QUINTANILLA DE LA MATA;P.A.C. Lerma
G.A.P. VALLADOLID ESTE;171018;TUDELA DE DUERO;C.S. TUDELA;QUINTANILLA DE ONESIMO;P.A.C. Tudela
G.A.S. PALENCIA;170514;SALDAÑA;C.S. SALDAÑA;QUINTANILLA DE ONSOÑA;P.A.C. Saldaña
G.A.S. ZAMORA;171104;BENAVENTE NORTE;C.S. BENAVENTE NORTE;QUINTANILLA DE URZ;P.A.C. Benavente
G.A.P. BURGOS;170216;LERMA;C.S. LERMA;QUINTANILLA DEL AGUA Y TORDUELES;P.A.C. Lerma
G.A.P. BURGOS;170216;LERMA;C.S. LERMA;QUINTANILLA DEL COCO;P.A.C. Lerma
G.A.P. LEON;170326;VALDERAS;C.S. VALDERAS;QUINTANILLA DEL MOLAR;P.A.C. Valderas
G.A.S. ZAMORA;171119;VILLALPANDO;C.S. VILLALPANDO;QUINTANILLA DEL MONTE;P.A.C. Villalpando
G.A.S. ZAMORA;171119;VILLALPANDO;C.S. VILLALPANDO;QUINTANILLA DEL OLMO;P.A.C. Villalpando
G.A.P. BURGOS;170205;BRIVIESCA;C.S. BRIVIESCA;QUINTANILLA SAN GARCIA;P.A.C. Briviesca
G.A.P. BURGOS;170208;BURGOS RURAL NORTE;C.S. BURGOS RURAL NORTE;QUINTANILLA VIVAR;P.A.C. Burgos Rural Norte Sur
G.A.P. BURGOS;170209;BURGOS RURAL SUR;C.S. BURGOS RURAL SUR;QUINTANILLAS (LAS);P.A.C. Burgos Rural Norte Sur
G.A.S. ZAMORA;171104;BENAVENTE NORTE;C.S. BENAVENTE NORTE;QUIRUELAS DE VIDRIALES;P.A.C. Benavente
G.A.S. ZAMORA;171102;ALISTE;C.S. ALCAÑICES;RABANALES;P.A.C. Alcañices
G.A.S. SORIA;170810;SAN LEONARDO DE YAGUE;C.S. SAN LEONARDO YAGÜE;RABANERA DEL PINAR;P.A.C. San Leonardo Yagüe
G.A.P. VALLADOLID ESTE;171015;PEÑAFIEL;C.S. PEÑAFIEL;RABANO;P.A.C. Peñafiel
G.A.S. ZAMORA;171102;ALISTE;C.S. ALCAÑICES;RABANO DE ALISTE;P.A.C. Alcañices
G.A.S. SORIA;170811;SORIA RURAL;C.S. SORIA RURAL;RABANOS (LOS);P.A.C. Soria Rural Norte Y Sur
G.A.S. SORIA;170814;SORIA SUR;C.S. SORIA SUR;RABANOS (LOS);P.A.C. Soria Rural Norte Y Sur
G.A.P. BURGOS;170209;BURGOS RURAL SUR;C.S. BURGOS RURAL SUR;RABE DE LAS CALZADAS;P.A.C. Burgos Rural Norte Sur
G.A.P. SALAMANCA;170624;PEÑARANDA DE BRACAMONTE;C.S. PEÑARANDA;RAGAMA;P.A.C. Peñaranda
G.A.P. VALLADOLID ESTE;171021;MEDINA DEL CAMPO RURAL;C.S. MEDINA CAMPO RURAL;RAMIRO;P.A.C. Medina
G.A.S. AVILA;170102;AREVALO;C.S. AREVALO;RAPARIEGOS;P.A.C. Arévalo
G.A.S. AVILA;170115;MADRIGAL DE LAS ALTAS TORRES;C.S. MADRIGAL DE LAS ALTAS TORRES;RASUEROS;P.A.C. Madrigal De Las Altas Torres
G.A.S. SORIA;170811;SORIA RURAL;C.S. SORIA RURAL;REBOLLAR;P.A.C. Soria Rural Norte Y Sur
G.A.S. PALENCIA;170507;HERRERA DE PISUERGA;C.S. HERRERA DE PISUERGA;REBOLLEDO DE LA TORRE;P.A.C. Herrera De Pisuerga
G.A.S. SEGOVIA;170701;CANTALEJO;C.S. CANTALEJO;REBOLLO;P.A.C. Cantalejo
G.A.S. SORIA;170805;BURGO DE OSMA;C.S. EL BURGO DE OSMA;RECUERDA;P.A.C. El Burgo De Osma
G.A.P. BURGOS;170204;BELORADO;C.S. BELORADO;REDECILLA DEL CAMINO;P.A.C. Belorado
G.A.P. BURGOS;170204;BELORADO;C.S. BELORADO;REDECILLA DEL CAMPO;P.A.C. Belorado
G.A.P. SALAMANCA;170618;LUMBRALES;C.S. LUMBRALES;REDONDA (LA);P.A.C. Lumbrales
G.A.P. LEON;170309;BAÑEZA II LA;C.S. BAÑEZA II;REGUERAS DE ARRIBA;P.A.C. La Bañeza
G.A.P. BURGOS;170224;QUINTANAR DE LA SIERRA;C.S. QUINTANAR SIERRA;REGUMIEL DE LA SIERRA;P.A.C. Quintanar Sierra
G.A.P. BURGOS;170205;BRIVIESCA;C.S. BRIVIESCA;REINOSO;P.A.C. Briviesca
G.A.S. PALENCIA;170502;BALTANAS;C.S. BALTANAS;REINOSO DE CERRATO;P.A.C. Baltanás
G.A.S. SORIA;170804;BERLANGA DE DUERO;C.S. BERLANGA DE DUERO;RELLO;P.A.C. Berlanga De Duero
G.A.P. VALLADOLID ESTE;171006;ISCAR;C.S. ISCAR;REMONDO;P.A.C. Íscar
G.A.P. VALLADOLID ESTE;171025;VALLADOLID RURAL I;C.S. VALLADOLID RURAL I;RENEDO DE ESGUEVA;P.A.C. Valladolid Rural I
G.A.S. PALENCIA;170514;SALDAÑA;C.S. SALDAÑA;RENEDO DE LA VEGA;P.A.C. Saldaña
G.A.S. SORIA;170811;SORIA RURAL;C.S. SORIA RURAL;RENIEBLAS;P.A.C. Soria Rural Norte Y Sur
G.A.S. ZAMORA;171114;SANABRIA;C.S. PUEBLA DE SANABRIA;REQUEJO;P.A.C. Puebla De Sanabria
G.A.S. PALENCIA;170505;FROMISTA;C.S. FROMISTA;REQUENA DE CAMPOS;P.A.C. Frómista
G.A.S. PALENCIA;170506;GUARDO;C.S. GUARDO;RESPENDA DE LA PEÑA;P.A.C. Guardo
G.A.S. PALENCIA;170514;SALDAÑA;C.S. SALDAÑA;RESPENDA DE LA PEÑA;P.A.C. Saldaña
G.A.S. SORIA;170804;BERLANGA DE DUERO;C.S. BERLANGA DE DUERO;RETORTILLO DE SORIA;P.A.C. Berlanga De Duero
G.A.P. BURGOS;170216;LERMA;C.S. LERMA;RETUERTA;P.A.C. Lerma
G.A.S. ZAMORA;171107;CAMPOS LAMPREANA;C.S. VILLARRIN;REVELLINOS;P.A.C. Villarrín
G.A.S. PALENCIA;170505;FROMISTA;C.S. FROMISTA;REVENGA DE CAMPOS;P.A.C. Frómista
G.A.S. PALENCIA;170507;HERRERA DE PISUERGA;C.S. HERRERA DE PISUERGA;REVILLA DE COLLAZOS;P.A.C. Herrera De Pisuerga
G.A.P. BURGOS;170209;BURGOS RURAL SUR;C.S. BURGOS RURAL SUR;REVILLA DEL CAMPO;P.A.C. Burgos Rural Norte Sur
G.A.P. BURGOS;170223;PAMPLIEGA;C.S. PAMPLIEGA;REVILLA VALLEJERA;P.A.C. Pampliega
G.A.P. BURGOS;170226;SALAS DE LOS INFANTES;C.S. SALAS LOS INFANTES;REVILLA Y AHEDO (LA);P.A.C. Salas Los Infantes
G.A.P. BURGOS;170209;BURGOS RURAL SUR;C.S. BURGOS RURAL SUR;REVILLARRUZ;P.A.C. Burgos Rural Norte Sur
G.A.P. BURGOS;170220;MELGAR DE FERNAMENTAL;C.S. MELGAR FERNAMENTAL;REZMONDO;P.A.C. Melgar Fernamental
G.A.S. SORIA;170807;GOMARA;C.S. GOMARA;REZNOS;P.A.C. Gómara
G.A.S. SEGOVIA;170707;RIAZA;C.S. RIAZA;RIAGUAS DE SAN BARTOLOME;P.A.C. Riaza
G.A.P. LEON;170320;RIAÑO;C.S. RIAÑO;RIAÑO;P.A.C. Riaño
G.A.S. SEGOVIA;170707;RIAZA;C.S. RIAZA;RIAZA;P.A.C. Riaza
G.A.S. SORIA;170804;BERLANGA DE DUERO;C.S. BERLANGA DE DUERO;RIBA DE ESCALOTE (LA);P.A.C. Berlanga De Duero
G.A.S. PALENCIA;170505;FROMISTA;C.S. FROMISTA;RIBAS DE CAMPOS;P.A.C. Frómista
G.A.S. PALENCIA;170512;PAREDES DE NAVA;C.S. PAREDES DE NAVA;RIBEROS DE LA CUEZA;P.A.C. Paredes De Nava
G.A.S. SEGOVIA;170707;RIAZA;C.S. RIAZA;RIBOTA;P.A.C. Riaza
G.A.P. LEON;170309;BAÑEZA II LA;C.S. BAÑEZA II;RIEGO DE LA VEGA;P.A.C. La Bañeza
G.A.P. LEON;170311;MAGDALENA LA;C.S. LA MAGDALENA;RIELLO;P.A.C. La Magdalena
G.A.P. LEON;170322;RIBERA DEL ORBIGO;C.S. RIBERA DEL ORBIGO;RIELLO;P.A.C. Ribera Del Órbigo
G.A.P. SALAMANCA;170630;TAMAMES;C.S. TAMAMES;RINCONADA DE LA SIERRA (LA);P.A.C. Tamames
G.A.S. AVILA;170118;SAN PEDRO DEL ARROYO;C.S. SAN PEDRO ARROYO;RIOCABADO;P.A.C. San Pedro Arroyo
G.A.P. BURGOS;170226;SALAS DE LOS INFANTES;C.S. SALAS LOS INFANTES;RIOCAVADO DE LA SIERRA;P.A.C. Salas Los Infantes
G.A.S. AVILA;170105;AVILA RURAL;C.S. AVILA RURAL;RIOFRIO;P.A.C. Ávila Rural
G.A.S. ZAMORA;171116;TABARA;C.S. TABARA;RIOFRIO DE ALISTE;P.A.C. Tábara
G.A.S. ZAMORA;171109;CARBALLEDA;C.S. MOMBUEY;RIONEGRO DEL PUENTE;P.A.C. Mombuey
G.A.S. SORIA;170805;BURGO DE OSMA;C.S. EL BURGO DE OSMA;RIOSECO DE SORIA;P.A.C. El Burgo De Osma
G.A.P. LEON;170311;MAGDALENA LA;C.S. LA MAGDALENA;RIOSECO DE TAPIA;P.A.C. La Magdalena
G.A.S. AVILA;170112;FONTIVEROS;C.S. FONTIVEROS;RIVILLA DE BARAJAS;P.A.C. Fontiveros
G.A.P. BURGOS;170225;ROA DE DUERO;C.S. ROA DE DUERO;ROA;P.A.C. Roa De Duero
G.A.S. ZAMORA;171121;ZAMORA NORTE;C.S. ZAMORA NORTE;ROALES;P.A.C. Zamora Integrado
G.A.P. LEON;170326;VALDERAS;C.S. VALDERAS;ROALES DE CAMPOS;P.A.C. Valderas
G.A.P. LEON;170307;CUENCA DEL BERNESGA;C.S. CUENCA BERNESGA;ROBLA (LA);P.A.C La Pola de Gordón
G.A.P. VALLADOLID OESTE;170920;TORDESILLAS;C.S. TORDESILLAS;ROBLADILLO;P.A.C. Tordesillas
G.A.P. SALAMANCA;170626;ROBLEDA;C.S. ROBLEDA;ROBLEDA;P.A.C. Robleda
G.A.S. ZAMORA;171114;SANABRIA;C.S. PUEBLA DE SANABRIA;ROBLEDA-CERVANTES;P.A.C. Puebla De Sanabria
G.A.P. SALAMANCA;170619;MATILLA DE LOS CAÑOS;C.S. MATILLA CAÑOS;ROBLIZA DE COJOS;P.A.C. Matilla Caños
G.A.S. SEGOVIA;170711;SEGOVIA RURAL;C.S. SEGOVIA RURAL;RODA DE ERESMA;P.A.C. Segovia Rural
G.A.S. ZAMORA;171115;SAYAGO;C.S. BERMILLO DE SAYAGO;ROELOS DE SAYAGO;P.A.C. Bermillo De Sayago
G.A.P. BURGOS;170205;BRIVIESCA;C.S. BRIVIESCA;ROJAS;P.A.C. Briviesca
G.A.S. SORIA;170811;SORIA RURAL;C.S. SORIA RURAL;ROLLAMIENTA;P.A.C. Soria Rural Norte Y Sur
G.A.P. SALAMANCA;170623;PERIURBANA SUR;C.S. PERIURBANO SUR;ROLLAN;P.A.C. Periurbano Sur
G.A.P. LEON;170309;BAÑEZA II LA;C.S. BAÑEZA II;ROPERUELOS DEL PARAMO;P.A.C. La Bañeza
G.A.S. ZAMORA;171114;SANABRIA;C.S. PUEBLA DE SANABRIA;ROSINOS DE LA REQUEJADA;P.A.C. Puebla De Sanabria
G.A.S. ZAMORA;171109;CARBALLEDA;C.S. MOMBUEY;ROSINOS DE LA REQUEJADA;P.A.C. Mombuey
G.A.S. SORIA;170811;SORIA RURAL;C.S. SORIA RURAL;ROYO (EL);P.A.C. Soria Rural Norte Y Sur
G.A.P. BURGOS;170216;LERMA;C.S. LERMA;ROYUELA DE RIO FRANCO;P.A.C. Lerma
G.A.P. BURGOS;170208;BURGOS RURAL NORTE;C.S. BURGOS RURAL NORTE;RUBENA;P.A.C. Burgos Rural Norte Sur
G.A.P. VALLADOLID ESTE;171021;MEDINA DEL CAMPO RURAL;C.S. MEDINA CAMPO RURAL;RUBI DE BRACAMONTE;P.A.C. Medina
G.A.P. BURGOS;170205;BRIVIESCA;C.S. BRIVIESCA;RUBLACEDO DE ABAJO;P.A.C. Briviesca
G.A.P. BURGOS;170205;BRIVIESCA;C.S. BRIVIESCA;RUCANDIO;P.A.C. Briviesca
G.A.P. BURGOS;170232;VALLE DE VALDEBEZANA;C.S. VALLE VALDEBEZANA;RUCANDIO;P.A.C. Valle Valdebezana
G.A.P. VALLADOLID ESTE;171021;MEDINA DEL CAMPO RURAL;C.S. MEDINA CAMPO RURAL;RUEDA;P.A.C. Medina
G.A.P. LEON;170306;CISTIERNA;C.S. CISTIERNA;SABERO;P.A.C. Cistierna
G.A.S. SEGOVIA;170716;SACRAMENIA;C.S. SACRAMENIA;SACRAMENIA;P.A.C. Sacramenia
G.A.P. VALLADOLID OESTE;170910;MAYORGA;C.S. MAYORGA DE CAMPOS;SAELICES DE MAYORGA;P.A.C. Mayorga De Campos
G.A.P. SALAMANCA;170606;CIUDAD RODRIGO;C.S. CIUDAD RODRIGO;SAELICES EL CHICO;P.A.C. Ciudad Rodrigo
G.A.P. SALAMANCA;170608;FUENTE DE SAN ESTEBAN LA;C.S. FUENTE DE SAN ESTEBAN;SAGRADA (LA);P.A.C. Fuente De San Esteban
G.A.P. LEON;170323;SAHAGUN DE CAMPOS;C.S. SAHAGUN CAMPOS;SAHAGUN;P.A.C. Sahagún Campos
G.A.P. SALAMANCA;170626;ROBLEDA;C.S. ROBLEDA;SAHUGO (EL);P.A.C. Robleda
G.A.P. SALAMANCA;170612;GARRIDO SUR;C.S. GARRIDO SUR;SALAMANCA;P.A.C. Salamanca Urbano
G.A.P. SALAMANCA;170614;ALAMEDILLA;C.S. ALAMEDILLA;SALAMANCA;P.A.C. Salamanca Urbano
G.A.P. SALAMANCA;170635;UNIVERSIDAD-CENTRO;C.S. UNIVERSIDAD CENTRO;SALAMANCA;P.A.C. Salamanca Urbano
G.A.P. SALAMANCA;170629;SANCTI-SPIRITUS-CANALEJAS;C.S. F.VILLALOBOS;SALAMANCA;P.A.C. Salamanca Urbano
G.A.P. SALAMANCA;170636;SAN JUAN;C.S. SAN JUAN;SALAMANCA;P.A.C. Salamanca Urbano
G.A.P. SALAMANCA;170623;PERIURBANA SUR;C.S. PERIURBANO SUR;SALAMANCA;P.A.C. Periurbano Sur
G.A.P. SALAMANCA;170607;SAN BERNARDO OESTE;C.S. MIGUEL ARMIJO;SALAMANCA;P.A.C. Salamanca Urbano
G.A.P. SALAMANCA;170637;CAPUCHINOS;C.S. CAPUCHINOS;SALAMANCA;P.A.C. Salamanca Urbano
G.A.P. SALAMANCA;170625;PIZARRALES-VIDAL;C.S. PIZARRALES-VIDAL;SALAMANCA;P.A.C. Salamanca Urbano
G.A.P. SALAMANCA;170631;TEJARES;C.S. ELENA GINEL DIEZ;SALAMANCA;P.A.C. Salamanca Urbano
G.A.P. SALAMANCA;170611;GARRIDO NORTE;C.S. GARRIDO NORTE;SALAMANCA;P.A.C. Salamanca Urbano
G.A.P. SALAMANCA;170627;SAN JOSE;C.S. SAN JOSE;SALAMANCA;P.A.C. Salamanca Urbano
G.A.P. BURGOS;170205;BRIVIESCA;C.S. BRIVIESCA;SALAS DE BUREBA;P.A.C. Briviesca
G.A.P. BURGOS;170226;SALAS DE LOS INFANTES;C.S. SALAS LOS INFANTES;SALAS DE LOS INFANTES;P.A.C. Salas Los Infantes
G.A.S. ZAMORA;171115;SAYAGO;C.S. BERMILLO DE SAYAGO;SALCE;P.A.C. Bermillo De Sayago
G.A.S. PALENCIA;170514;SALDAÑA;C.S. SALDAÑA;SALDAÑA;P.A.C. Saldaña
G.A.P. BURGOS;170209;BURGOS RURAL SUR;C.S. BURGOS RURAL SUR;SALDAÑA DE BURGOS;P.A.C. Burgos Rural Norte Sur
G.A.P. SALAMANCA;170602;ALDEADAVILA DE LA RIBERA;C.S. ALDEADAVILA RIBERA;SALDEANA;P.A.C. Aldeadavila Ribera
G.A.S. SORIA;170809;PINARES-COVALEDA;C.S. PINARES-COVALEDA;SALDUERO;P.A.C. Pinares-Covaleda
G.A.S. PALENCIA;170504;CERVERA PISUERGA;C.S. CERVERA PISUERGA;SALINAS DE PISUERGA;P.A.C. Cervera Pisuerga
G.A.P. SALAMANCA;170624;PEÑARANDA DE BRACAMONTE;C.S. PEÑARANDA;SALMORAL;P.A.C. Peñaranda
G.A.S. AVILA;170105;AVILA RURAL;C.S. AVILA RURAL;SALOBRAL;P.A.C. Ávila Rural
G.A.S. AVILA;170112;FONTIVEROS;C.S. FONTIVEROS;SALVADIOS;P.A.C. Fontiveros
G.A.P. VALLADOLID ESTE;171021;MEDINA DEL CAMPO RURAL;C.S. MEDINA CAMPO RURAL;SALVADOR DE ZAPARDIEL;P.A.C. Medina
G.A.P. SALAMANCA;170613;GUIJUELO;C.S. GUIJUELO;SALVATIERRA DE TORMES;P.A.C. Guijuelo
G.A.S. SEGOVIA;170703;CUELLAR;C.S. CUELLAR;SAMBOAL;P.A.C. Cuellar
G.A.S. ZAMORA;171102;ALISTE;C.S. ALCAÑICES;SAMIR DE LOS CAÑOS;P.A.C. Alcañices
G.A.P. BURGOS;170209;BURGOS RURAL SUR;C.S. BURGOS RURAL SUR;SAN ADRIAN DE JUARROS;P.A.C. Burgos Rural Norte Sur
G.A.P. LEON;170309;BAÑEZA II LA;C.S. BAÑEZA II;SAN ADRIAN DEL VALLE;P.A.C. La Bañeza
G.A.S. ZAMORA;171107;CAMPOS LAMPREANA;C.S. VILLARRIN;SAN AGUSTIN DEL POZO;P.A.C. Villarrín
G.A.P. LEON;170315;LEON IV EL CRUCERO;C.S. CRUCERO;SAN ANDRES DEL RABANEDO;P.A.C. Eras De Renueva
G.A.P. LEON;170328;TROBAJO DEL CAMINO - VALVERDE DE LA VIRGEN;C.S. TROBAJO DEL CAMINO;SAN ANDRES DEL RABANEDO;P.A.C. Trobajo
G.A.P. LEON;170324;SAN ANDRES RABANEDO;C.S. SAN ANDRES RABANEDO;SAN ANDRES DEL RABANEDO;P.A.C. Trobajo
G.A.S. AVILA;170108;BARCO DE AVILA EL;C.S. BARCO DE AVILA;SAN BARTOLOME DE BEJAR;P.A.C. Barco de Ávila
G.A.S. AVILA;170117;PIEDRAHITA;C.S. PIEDRAHITA;SAN BARTOLOME DE CORNEJA;P.A.C. Piedrahita
G.A.S. AVILA;170105;AVILA RURAL;C.S. AVILA RURAL;SAN BARTOLOME DE PINARES;P.A.C. Ávila Rural
G.A.S. PALENCIA;170505;FROMISTA;C.S. FROMISTA;SAN CEBRIAN DE CAMPOS;P.A.C. Frómista
G.A.S. ZAMORA;171107;CAMPOS LAMPREANA;C.S. VILLARRIN;SAN CEBRIAN DE CASTRO;P.A.C. Villarrín
G.A.P. VALLADOLID OESTE;170914;MOTA DEL MARQUES;C.S. MOTA DEL MARQUES;SAN CEBRIAN DE MAZOTE;P.A.C. Mota Del Marqués
G.A.S. PALENCIA;170504;CERVERA PISUERGA;C.S. CERVERA PISUERGA;SAN CEBRIAN DE MUDA;P.A.C. Cervera Pisuerga
G.A.S. PALENCIA;170510;OSORNO;C.S. OSORNO;SAN CRISTOBAL DE BOEDO;P.A.C. Osorno
G.A.S. SEGOVIA;170703;CUELLAR;C.S. CUELLAR;SAN CRISTOBAL DE CUELLAR;P.A.C. Cuellar
G.A.S. ZAMORA;171105;BENAVENTE SUR;C.S. BENAVENTE SUR;SAN CRISTOBAL DE ENTREVIÑAS;P.A.C. Benavente
G.A.P. SALAMANCA;170622;PERIURBANA NORTE;C.S. PERIURBANA NORTE;SAN CRISTOBAL DE LA CUESTA;P.A.C. Periurbana Norte
G.A.P. LEON;170309;BAÑEZA II LA;C.S. BAÑEZA II;SAN CRISTOBAL DE LA POLANTERA;P.A.C. La Bañeza
G.A.S. AVILA;170102;AREVALO;C.S. AREVALO;SAN CRISTOBAL DE LA VEGA;P.A.C. Arévalo
G.A.S. SEGOVIA;170711;SEGOVIA RURAL;C.S. SEGOVIA RURAL;SAN CRISTOBAL DE SEGOVIA;P.A.C. Segovia Rural
G.A.P. LEON;170304;BABIA;C.S. SAN EMILIANO;SAN EMILIANO;P.A.C. San Emiliano De Babia
G.A.S. SORIA;170806;SAN ESTEBAN DE GORMAZ;C.S. SAN ESTEBAN GORMAZ;SAN ESTEBAN DE GORMAZ;P.A.C. San Esteban Gormaz
G.A.P. SALAMANCA;170617;LINARES DE RIOFRIO;C.S. LINARES DE RIOFRIO;SAN ESTEBAN DE LA SIERRA;P.A.C. Linares De Riofrío
G.A.S. AVILA;170105;AVILA RURAL;C.S. AVILA RURAL;SAN ESTEBAN DE LOS PATOS;P.A.C. Ávila Rural
G.A.P. LEON;170309;BAÑEZA II LA;C.S. BAÑEZA II;SAN ESTEBAN DE NOGALES;P.A.C. La Bañeza
G.A.S. AVILA;170115;MADRIGAL DE LAS ALTAS TORRES;C.S. MADRIGAL DE LAS ALTAS TORRES;SAN ESTEBAN DE ZAPARDIEL;P.A.C. Madrigal De Las Altas Torres
G.A.S. ZAMORA;171119;VILLALPANDO;C.S. VILLALPANDO;SAN ESTEBAN DEL MOLAR;P.A.C. Villalpando
G.A.S. AVILA;170116;MOMBELTRAN;C.S. MOMBELTRAN;SAN ESTEBAN DEL VALLE;P.A.C. Mombeltrán
G.A.S. SORIA;170801;AGREDA;C.S. AGREDA;SAN FELICES;P.A.C. Ágreda
G.A.P. SALAMANCA;170618;LUMBRALES;C.S. LUMBRALES;SAN FELICES DE LOS GALLEGOS;P.A.C. Lumbrales
G.A.S. AVILA;170121;MUÑICO;C.S. MUÑICO;SAN GARCIA DE INGELMOS;P.A.C. Muñico
G.A.S. SEGOVIA;170715;SAN ILDEFONSO-LA GRANJA;C.S. SAN ILDEFONSO;SAN ILDEFONSO;P.A.C. San Ildefonso
G.A.S. AVILA;170113;GREDOS;C.S. NAVARREDONDA GREDOS;SAN JUAN DE GREDOS;P.A.C. Navarredonda Gredos
G.A.S. AVILA;170118;SAN PEDRO DEL ARROYO;C.S. SAN PEDRO ARROYO;SAN JUAN DE LA ENCINILLA;P.A.C. San Pedro Arroyo
G.A.S. AVILA;170105;AVILA RURAL;C.S. AVILA RURAL;SAN JUAN DE LA NAVA;P.A.C. Ávila Rural
G.A.S. AVILA;170109;BURGOHONDO;C.S. BURGOHONDO;SAN JUAN DEL MOLINILLO;P.A.C. Burgohondo
G.A.P. BURGOS;170202;ARANDA DE DUERO RURAL;C.S. ARANDA RURAL;SAN JUAN DEL MONTE;P.A.C. Aranda
G.A.S. AVILA;170121;MUÑICO;C.S. MUÑICO;SAN JUAN DEL OLMO;P.A.C. Muñico
G.A.S. ZAMORA;171114;SANABRIA;C.S. PUEBLA DE SANABRIA;SAN JUSTO;P.A.C. Puebla De Sanabria
G.A.P. LEON;170302;ASTORGA I;C.S. ASTORGA I;SAN JUSTO DE LA VEGA;P.A.C. Astorga
G.A.S. SORIA;170810;SAN LEONARDO DE YAGUE;C.S. SAN LEONARDO YAGÜE;SAN LEONARDO DE YAGÜE;P.A.C. San Leonardo Yagüe
G.A.P. VALLADOLID ESTE;171015;PEÑAFIEL;C.S. PEÑAFIEL;SAN LLORENTE;P.A.C. Peñafiel
G.A.S. AVILA;170108;BARCO DE AVILA EL;C.S. BARCO DE AVILA;SAN LORENZO DE TORMES;P.A.C. Barco de Ávila
G.A.P. BURGOS;170209;BURGOS RURAL SUR;C.S. BURGOS RURAL SUR;SAN MAMES DE BURGOS;P.A.C. Burgos Rural Norte Sur
G.A.S. PALENCIA;170503;CARRION DE LOS CONDES;C.S. CARRION DE LOS CONDES;SAN MAMES DE CAMPOS;P.A.C. Carrión De Los Condes
G.A.S. AVILA;170113;GREDOS;C.S. NAVARREDONDA GREDOS;SAN MARTIN DE LA VEGA DEL ALBERCHE;P.A.C. Navarredonda Gredos
G.A.P. BURGOS;170225;ROA DE DUERO;C.S. ROA DE DUERO;SAN MARTIN DE RUBIALES;P.A.C. Roa De Duero
G.A.S. ZAMORA;171119;VILLALPANDO;C.S. VILLALPANDO;SAN MARTIN DE VALDERADUEY;P.A.C. Villalpando
G.A.P. VALLADOLID ESTE;171026;CIGALES;C.S. CIGALES;SAN MARTIN DE VALVENI;P.A.C. Cigales
G.A.P. SALAMANCA;170615;ALBERCA LA;C.S. LA ALBERCA;SAN MARTIN DEL CASTAÑAR;P.A.C. La Alberca
G.A.S. AVILA;170113;GREDOS;C.S. NAVARREDONDA GREDOS;SAN MARTIN DEL PIMPOLLAR;P.A.C. Navarredonda Gredos
G.A.S. SEGOVIA;170702;CARBONERO EL MAYOR;C.S. CARBONERO EL MAYOR;SAN MARTIN Y MUDRIAN;P.A.C. Carbonero El Mayor
G.A.S. SEGOVIA;170701;CANTALEJO;C.S. CANTALEJO;SAN MIGUEL DE BERNUY;P.A.C. Cantalejo
G.A.S. AVILA;170117;PIEDRAHITA;C.S. PIEDRAHITA;SAN MIGUEL DE CORNEJA;P.A.C. Piedrahita
G.A.S. ZAMORA;171113;GUAREÑA;C.S. LA GUAREÑA;SAN MIGUEL DE LA RIBERA;P.A.C. La Guareña
G.A.S. AVILA;170117;PIEDRAHITA;C.S. PIEDRAHITA;SAN MIGUEL DE SERREZUELA;P.A.C. Piedrahita
G.A.P. SALAMANCA;170617;LINARES DE RIOFRIO;C.S. LINARES DE RIOFRIO;SAN MIGUEL DE VALERO;P.A.C. Linares De Riofrío
G.A.P. VALLADOLID ESTE;171016;PORTILLO;C.S. PORTILLO;SAN MIGUEL DEL ARROYO;P.A.C. Portillo
G.A.P. VALLADOLID OESTE;170920;TORDESILLAS;C.S. TORDESILLAS;SAN MIGUEL DEL PINO;P.A.C. Tordesillas
G.A.P. SALAMANCA;170615;ALBERCA LA;C.S. LA ALBERCA;SAN MIGUEL DEL ROBLEDO;P.A.C. La Alberca
G.A.S. ZAMORA;171105;BENAVENTE SUR;C.S. BENAVENTE SUR;SAN MIGUEL DEL VALLE;P.A.C. Benavente
G.A.P. BURGOS;170226;SALAS DE LOS INFANTES;C.S. SALAS LOS INFANTES;SAN MILLAN DE LARA;P.A.C. Salas Los Infantes
G.A.P. LEON;170327;VALENCIA DE DON JUAN;C.S. VALENCIA DE D. JUAN;SAN MILLAN DE LOS CABALLEROS;P.A.C. Valencia De D. Juan
G.A.P. SALAMANCA;170622;PERIURBANA NORTE;C.S. PERIURBANA NORTE;SAN MORALES;P.A.C. Periurbana Norte
G.A.P. SALAMANCA;170608;FUENTE DE SAN ESTEBAN LA;C.S. FUENTE DE SAN ESTEBAN;SAN MUÑOZ;P.A.C. Fuente De San Esteban
G.A.P. VALLADOLID ESTE;171021;MEDINA DEL CAMPO RURAL;C.S. MEDINA CAMPO RURAL;SAN PABLO DE LA MORALEJA;P.A.C. Medina
G.A.S. AVILA;170105;AVILA RURAL;C.S. AVILA RURAL;SAN PASCUAL;P.A.C. Ávila Rural
G.A.P. LEON;170325;SANTA MARIA DEL PARAMO;C.S. STA. MARIA PARAMO;SAN PEDRO BERCIANOS;P.A.C. Sta. María Páramo
G.A.S. ZAMORA;171106;TERA;C.S. CAMARZANA DE TERA;SAN PEDRO DE CEQUE;P.A.C. Camarzana De Tera
G.A.S. SEGOVIA;170701;CANTALEJO;C.S. CANTALEJO;SAN PEDRO DE GAILLOS;P.A.C. Cantalejo
G.A.S. ZAMORA;171121;ZAMORA NORTE;C.S. ZAMORA NORTE;SAN PEDRO DE LA NAVE-ALMENDRA;P.A.C. Zamora Integrado
G.A.P. VALLADOLID OESTE;170914;MOTA DEL MARQUES;C.S. MOTA DEL MARQUES;SAN PEDRO DE LATARCE;P.A.C. Mota Del Marqués
G.A.P. SALAMANCA;170623;PERIURBANA SUR;C.S. PERIURBANO SUR;SAN PEDRO DE ROZADOS;P.A.C. Periurbano Sur
G.A.S. AVILA;170118;SAN PEDRO DEL ARROYO;C.S. SAN PEDRO ARROYO;SAN PEDRO DEL ARROYO;P.A.C. San Pedro Arroyo
G.A.P. SALAMANCA;170623;PERIURBANA SUR;C.S. PERIURBANO SUR;SAN PEDRO DEL VALLE;P.A.C. Periurbano Sur
G.A.S. SORIA;170812;SAN PEDRO MANRIQUE;C.S. S.PEDRO MANRIQUE;SAN PEDRO MANRIQUE;P.A.C. S.Pedro Manrique
G.A.P. VALLADOLID OESTE;170920;TORDESILLAS;C.S. TORDESILLAS;SAN PELAYO;P.A.C. Tordesillas
G.A.P. SALAMANCA;170604;CALZADA DE VALDUNCIEL;C.S. CALZADA VALDUNCIEL;SAN PELAYO DE GUAREÑA;P.A.C. Calzada Valdunciel
G.A.P. VALLADOLID OESTE;170920;TORDESILLAS;C.S. TORDESILLAS;SAN ROMAN DE HORNIJA;P.A.C. Tordesillas
G.A.S. PALENCIA;170519;VILLADA;C.S. VILLADA;SAN ROMAN DE LA CUBA;P.A.C. Villada
G.A.P. VALLADOLID OESTE;170920;TORDESILLAS;C.S. TORDESILLAS;SAN SALVADOR;P.A.C. Tordesillas
G.A.S. AVILA;170102;AREVALO;C.S. AREVALO;SAN VICENTE DE AREVALO;P.A.C. Arévalo
G.A.S. ZAMORA;171102;ALISTE;C.S. ALCAÑICES;SAN VICENTE DE LA CABEZA;P.A.C. Alcañices
G.A.P. VALLADOLID ESTE;171021;MEDINA DEL CAMPO RURAL;C.S. MEDINA CAMPO RURAL;SAN VICENTE DEL PALACIO;P.A.C. Medina
G.A.S. ZAMORA;171102;ALISTE;C.S. ALCAÑICES;SAN VITERO;P.A.C. Alcañices
G.A.S. EL BIERZO;170402;CACABELOS;C.S. CACABELOS;SANCEDO;P.A.C. Cacabelos
G.A.S. AVILA;170102;AREVALO;C.S. AREVALO;SANCHIDRIAN;P.A.C. Arévalo
G.A.P. SALAMANCA;170634;VITIGUDINO;C.S. VITIGUDINO;SANCHON DE LA RIBERA;P.A.C. Vitigudino
G.A.P. SALAMANCA;170619;MATILLA DE LOS CAÑOS;C.S. MATILLA CAÑOS;SANCHON DE LA SAGRADA;P.A.C. Matilla Caños
G.A.S. SEGOVIA;170703;CUELLAR;C.S. CUELLAR;SANCHONUÑO;P.A.C. Cuellar
G.A.S. AVILA;170105;AVILA RURAL;C.S. AVILA RURAL;SANCHORREJA;P.A.C. Ávila Rural
G.A.P. SALAMANCA;170603;BEJAR;C.S. BEJAR;SANCHOTELLO;P.A.C. Bejar
G.A.P. SALAMANCA;170606;CIUDAD RODRIGO;C.S. CIUDAD RODRIGO;SANCTI-SPIRITUS;P.A.C. Ciudad Rodrigo
G.A.P. SALAMANCA;170616;LEDESMA;C.S. LEDESMA;SANDO;P.A.C. Ledesma
G.A.S. SEGOVIA;170711;SEGOVIA RURAL;C.S. SEGOVIA RURAL;SANGARCIA;P.A.C. Segovia Rural
G.A.P. BURGOS;170216;LERMA;C.S. LERMA;SANTA CECILIA;P.A.C. Lerma
G.A.S. PALENCIA;170511;PALENCIA RURAL;C.S. PALENCIA RURAL;SANTA CECILIA DEL ALCOR;P.A.C. Palencia
G.A.S. ZAMORA;171110;CORRALES DEL VINO;C.S. CORRALES DEL VINO;SANTA CLARA DE AVEDILLO;P.A.C. Corrales Del Vino
G.A.P. LEON;170312;LEON I - ERAS DE RENUEVA;C.S. ERAS DE RENUEVA;SANTA COLOMBA DE CURUEÑO;P.A.C. Eras De Renueva
G.A.S. ZAMORA;171105;BENAVENTE SUR;C.S. BENAVENTE SUR;SANTA COLOMBA DE LAS MONJAS;P.A.C. Benavente
G.A.P. LEON;170303;ASTORGA II;C.S. ASTORGA II;SANTA COLOMBA DE SOMOZA;P.A.C. Astorga
G.A.S. ZAMORA;171104;BENAVENTE NORTE;C.S. BENAVENTE NORTE;SANTA CRISTINA DE LA POLVOROSA;P.A.C. Benavente
G.A.P. LEON;170318;MANSILLA DE LAS MULAS;C.S. MANSILLA MULAS;SANTA CRISTINA DE VALMADRIGAL;P.A.C. Mansilla Mulas
G.A.S. ZAMORA;171106;TERA;C.S. CAMARZANA DE TERA;SANTA CROYA DE TERA;P.A.C. Camarzana De Tera
G.A.S. PALENCIA;170510;OSORNO;C.S. OSORNO;SANTA CRUZ DE BOEDO;P.A.C. Osorno
G.A.P. BURGOS;170202;ARANDA DE DUERO RURAL;C.S. ARANDA RURAL;SANTA CRUZ DE LA SALCEDA;P.A.C. Aranda
G.A.S. AVILA;170105;AVILA RURAL;C.S. AVILA RURAL;SANTA CRUZ DE PINARES;P.A.C. Ávila Rural
G.A.S. SORIA;170812;SAN PEDRO MANRIQUE;C.S. S.PEDRO MANRIQUE;SANTA CRUZ DE YANGUAS;P.A.C. S.Pedro Manrique
G.A.S. AVILA;170116;MOMBELTRAN;C.S. MOMBELTRAN;SANTA CRUZ DEL VALLE;P.A.C. Mombeltrán
G.A.P. BURGOS;170204;BELORADO;C.S. BELORADO;SANTA CRUZ DEL VALLE URBION;P.A.C. Belorado
G.A.P. LEON;170308;BAÑEZA I LA;C.S. LA BAÑEZA I;SANTA ELENA DE JAMUZ;P.A.C. La Bañeza
G.A.P. VALLADOLID OESTE;170924;VILLAFRECHOS;C.S. VILLAFRECHOS;SANTA EUFEMIA DEL ARROYO;P.A.C. Villafrechós
G.A.S. ZAMORA;171108;CARBAJALES;C.S. CARBAJALES DE ALBA;SANTA EUFEMIA DEL BARCO;P.A.C. Carbajales De Alba
G.A.P. BURGOS;170221;MIRANDA ESTE;C.S. MIRANDA ESTE;SANTA GADEA DEL CID;P.A.C. Miranda
G.A.P. BURGOS;170216;LERMA;C.S. LERMA;SANTA INES;P.A.C. Lerma
G.A.S. SORIA;170803;ARCOS DE JALON;C.S. ARCOS DE JALON;SANTA MARIA DE HUERTA;P.A.C. Arcos De Jalón
G.A.P. LEON;170308;BAÑEZA I LA;C.S. LA BAÑEZA I;SANTA MARIA DE LA ISLA;P.A.C. La Bañeza
G.A.P. LEON;170309;BAÑEZA II LA;C.S. BAÑEZA II;SANTA MARIA DE LA ISLA;P.A.C. La Bañeza
G.A.S. ZAMORA;171104;BENAVENTE NORTE;C.S. BENAVENTE NORTE;SANTA MARIA DE LA VEGA;P.A.C. Benavente
G.A.S. SORIA;170810;SAN LEONARDO DE YAGUE;C.S. SAN LEONARDO YAGÜE;SANTA MARIA DE LAS HOYAS;P.A.C. San Leonardo Yagüe
G.A.S. AVILA;170108;BARCO DE AVILA EL;C.S. BARCO DE AVILA;SANTA MARIA DE LOS CABALLEROS;P.A.C. Barco de Ávila
G.A.P. LEON;170311;MAGDALENA LA;C.S. LA MAGDALENA;SANTA MARIA DE ORDAS;P.A.C. La Magdalena
G.A.P. SALAMANCA;170616;LEDESMA;C.S. LEDESMA;SANTA MARIA DE SANDO;P.A.C. Ledesma
G.A.S. ZAMORA;171116;TABARA;C.S. TABARA;SANTA MARIA DE VALVERDE;P.A.C. Tábara
G.A.S. AVILA;170120;MUÑANA;C.S. MUÑANA;SANTA MARIA DEL ARROYO;P.A.C. Muñana
G.A.S. AVILA;170117;PIEDRAHITA;C.S. PIEDRAHITA;SANTA MARIA DEL BERROCAL;P.A.C. Piedrahita
G.A.P. BURGOS;170223;PAMPLIEGA;C.S. PAMPLIEGA;SANTA MARIA DEL CAMPO;P.A.C. Pampliega
G.A.S. AVILA;170105;AVILA RURAL;C.S. AVILA RURAL;SANTA MARIA DEL CUBILLO;P.A.C. Ávila Rural
G.A.P. BURGOS;170208;BURGOS RURAL NORTE;C.S. BURGOS RURAL NORTE;SANTA MARIA DEL INVIERNO;P.A.C. Burgos Rural Norte Sur
G.A.P. BURGOS;170202;ARANDA DE DUERO RURAL;C.S. ARANDA RURAL;SANTA MARIA DEL MERCADILLO;P.A.C. Aranda
G.A.P. LEON;170323;SAHAGUN DE CAMPOS;C.S. SAHAGUN CAMPOS;SANTA MARIA DEL MONTE DE CEA;P.A.C. Sahagún Campos
G.A.P. LEON;170325;SANTA MARIA DEL PARAMO;C.S. STA. MARIA PARAMO;SANTA MARIA DEL PARAMO;P.A.C. Sta. María Páramo
G.A.S. AVILA;170119;SOTILLO DE LA ADRADA;C.S. SOTILLO DE ADRADA;SANTA MARIA DEL TIETAR;P.A.C. Sotillo De Adrada
G.A.S. SEGOVIA;170706;NAVA DE LA ASUNCION;C.S. NAVA DE LA ASUNCION;SANTA MARIA LA REAL DE NIEVA;P.A.C. Nava De La Asunción
G.A.P. BURGOS;170205;BRIVIESCA;C.S. BRIVIESCA;SANTA MARIA RIVARREDONDA;P.A.C. Briviesca
G.A.P. LEON;170322;RIBERA DEL ORBIGO;C.S. RIBERA DEL ORBIGO;SANTA MARINA DEL REY;P.A.C. Ribera Del Órbigo
G.A.P. SALAMANCA;170628;SANTA MARTA DE TORMES;C.S. SANTA MARTA DE TORMES;SANTA MARTA DE TORMES;P.A.C. Santa Marta De Tormes
G.A.S. SEGOVIA;170712;SEPULVEDA;C.S. SEPULVEDA;SANTA MARTA DEL CERRO;P.A.C. Sepúlveda
G.A.P. BURGOS;170205;BRIVIESCA;C.S. BRIVIESCA;SANTA OLALLA DE BUREBA;P.A.C. Briviesca
G.A.P. LEON;170318;MANSILLA DE LAS MULAS;C.S. MANSILLA MULAS;SANTAS MARTAS;P.A.C. Mansilla Mulas
G.A.P. VALLADOLID OESTE;170925;VILLALON DE CAMPOS;C.S. VILLALON DE CAMPOS;SANTERVAS DE CAMPOS;P.A.C. Villalón De Campos
G.A.S. PALENCIA;170514;SALDAÑA;C.S. SALDAÑA;SANTERVAS DE LA VEGA;P.A.C. Saldaña
G.A.P. SALAMANCA;170624;PEÑARANDA DE BRACAMONTE;C.S. PEÑARANDA;SANTIAGO DE LA PUEBLA;P.A.C. Peñaranda
G.A.S. AVILA;170117;PIEDRAHITA;C.S. PIEDRAHITA;SANTIAGO DEL COLLADO;P.A.C. Piedrahita
G.A.S. AVILA;170108;BARCO DE AVILA EL;C.S. BARCO DE AVILA;SANTIAGO DEL TORMES;P.A.C. Barco de Ávila
G.A.P. LEON;170303;ASTORGA II;C.S. ASTORGA II;SANTIAGO MILLAS;P.A.C. Astorga
G.A.P. SALAMANCA;170613;GUIJUELO;C.S. GUIJUELO;SANTIBAÑEZ DE BEJAR;P.A.C. Guijuelo
G.A.S. PALENCIA;170507;HERRERA DE PISUERGA;C.S. HERRERA DE PISUERGA;SANTIBAÑEZ DE ECLA;P.A.C. Herrera De Pisuerga
G.A.P. BURGOS;170216;LERMA;C.S. LERMA;SANTIBAÑEZ DE ESGUEVA;P.A.C. Lerma
G.A.S. PALENCIA;170506;GUARDO;C.S. GUARDO;SANTIBAÑEZ DE LA PEÑA;P.A.C. Guardo
G.A.P. SALAMANCA;170603;BEJAR;C.S. BEJAR;SANTIBAÑEZ DE LA SIERRA;P.A.C. Bejar
G.A.P. SALAMANCA;170617;LINARES DE RIOFRIO;C.S. LINARES DE RIOFRIO;SANTIBAÑEZ DE LA SIERRA;P.A.C. Linares De Riofrío
G.A.S. ZAMORA;171106;TERA;C.S. CAMARZANA DE TERA;SANTIBAÑEZ DE TERA;P.A.C. Camarzana De Tera
G.A.P. VALLADOLID ESTE;171018;TUDELA DE DUERO;C.S. TUDELA;SANTIBAÑEZ DE VALCORBA;P.A.C. Tudela
G.A.S. ZAMORA;171118;VIDRIALES;C.S. SANTIBAÑEZ VIDRIAL;SANTIBAÑEZ DE VIDRIALES;P.A.C. Santibañez Vidriales
G.A.P. BURGOS;170216;LERMA;C.S. LERMA;SANTIBAÑEZ DEL VAL;P.A.C. Lerma
G.A.S. SEGOVIA;170705;SIERRA LA;C.S. NAVAFRIA;SANTIUSTE DE PEDRAZA;P.A.C. Navafría
G.A.S. SEGOVIA;170706;NAVA DE LA ASUNCION;C.S. NAVA DE LA ASUNCION;SANTIUSTE DE SAN JUAN BAUTISTA;P.A.C. Nava De La Asunción
G.A.P. SALAMANCA;170604;CALZADA DE VALDUNCIEL;C.S. CALZADA VALDUNCIEL;SANTIZ;P.A.C. Calzada Valdunciel
G.A.S. AVILA;170105;AVILA RURAL;C.S. AVILA RURAL;SANTO DOMINGO DE LAS POSADAS;P.A.C. Ávila Rural
G.A.S. SEGOVIA;170711;SEGOVIA RURAL;C.S. SEGOVIA RURAL;SANTO DOMINGO DE PIRON;P.A.C. Segovia Rural
G.A.P. BURGOS;170226;SALAS DE LOS INFANTES;C.S. SALAS LOS INFANTES;SANTO DOMINGO DE SILOS;P.A.C. Salas Los Infantes
G.A.S. AVILA;170118;SAN PEDRO DEL ARROYO;C.S. SAN PEDRO ARROYO;SANTO TOME DE ZABARCOS;P.A.C. San Pedro Arroyo
G.A.S. SEGOVIA;170705;SIERRA LA;C.S. NAVAFRIA;SANTO TOME DEL PUERTO;P.A.C. Navafría
G.A.P. SALAMANCA;170613;GUIJUELO;C.S. GUIJUELO;SANTOS (LOS);P.A.C. Guijuelo
G.A.S. ZAMORA;171105;BENAVENTE SUR;C.S. BENAVENTE SUR;SANTOVENIA;P.A.C. Benavente
G.A.P. LEON;170301;ARMUNIA;C.S. ARMUNIA;SANTOVENIA DE LA VALDONCINA;P.A.C. Armunia
G.A.P. VALLADOLID ESTE;171025;VALLADOLID RURAL I;C.S. VALLADOLID RURAL I;SANTOVENIA DE PISUERGA;P.A.C. Valladolid Rural I
G.A.S. PALENCIA;170505;FROMISTA;C.S. FROMISTA;SANTOYO;P.A.C. Frómista
G.A.S. ZAMORA;171122;ZAMORA SUR;C.S. ZAMORA SUR;SANZOLES;P.A.C. Zamora Integrado
G.A.P. VALLADOLID ESTE;171018;TUDELA DE DUERO;C.S. TUDELA;SARDON DE DUERO;P.A.C. Tudela
G.A.P. SALAMANCA;170616;LEDESMA;C.S. LEDESMA;SARDON DE LOS FRAILES;P.A.C. Ledesma
G.A.P. BURGOS;170229;SEDANO;C.S. SEDANO;SARGENTES DE LA LORA;P.A.C. Sedano
G.A.P. LEON;170324;SAN ANDRES RABANEDO;C.S. SAN ANDRES RABANEDO;SARIEGOS;P.A.C. Trobajo
G.A.P. BURGOS;170209;BURGOS RURAL SUR;C.S. BURGOS RURAL SUR;SARRACIN;P.A.C. Burgos Rural Norte Sur
G.A.P. BURGOS;170233;VILLADIEGO;C.S. VILLADIEGO;SASAMON;P.A.C. Villadiego
G.A.P. BURGOS;170220;MELGAR DE FERNAMENTAL;C.S. MELGAR FERNAMENTAL;SASAMON;P.A.C. Melgar Fernamental
G.A.P. SALAMANCA;170602;ALDEADAVILA DE LA RIBERA;C.S. ALDEADAVILA RIBERA;SAUCELLE;P.A.C. Aldeadavila Ribera
G.A.S. SEGOVIA;170701;CANTALEJO;C.S. CANTALEJO;SAUQUILLO DE CABEZAS;P.A.C. Cantalejo
G.A.S. SEGOVIA;170701;CANTALEJO;C.S. CANTALEJO;SEBULCOR;P.A.C. Cantalejo
G.A.P. VALLADOLID ESTE;171017;SERRADA;C.S. SERRADA;SECA (LA);P.A.C. Serrada
G.A.S. SEGOVIA;170708;SEGOVIA I;C.S. SEGOVIA I;SEGOVIA;P.A.C. San Lorenzo
G.A.S. SEGOVIA;170711;SEGOVIA RURAL;C.S. SEGOVIA RURAL;SEGOVIA;P.A.C. Segovia Rural
G.A.S. SEGOVIA;170709;SEGOVIA II (ESTE);C.S. SEGOVIA II;SEGOVIA;P.A.C. San Lorenzo
G.A.S. SEGOVIA;170710;SEGOVIA III;C.S. SEGOVIA III;SEGOVIA;P.A.C. San Lorenzo
G.A.P. LEON;170304;BABIA;C.S. SAN EMILIANO;SENA DE LUNA;P.A.C. San Emiliano De Babia
G.A.P. SALAMANCA;170630;TAMAMES;C.S. TAMAMES;SEPULCRO-HILARIO;P.A.C. Tamames
G.A.S. SEGOVIA;170712;SEPULVEDA;C.S. SEPULVEDA;SEPULVEDA;P.A.C. Sepúlveda
G.A.S. SEGOVIA;170707;RIAZA;C.S. RIAZA;SEQUERA DE FRESNO;P.A.C. Riaza
G.A.P. BURGOS;170202;ARANDA DE DUERO RURAL;C.S. ARANDA RURAL;SEQUERA DE HAZA (LA);P.A.C. Aranda
G.A.P. SALAMANCA;170620;MIRANDA DEL CASTAÑAR;C.S. MIRANDA DEL CASTAÑAR;SEQUEROS;P.A.C. Miranda Del Castañar
G.A.S. PALENCIA;170503;CARRION DE LOS CONDES;C.S. CARRION DE LOS CONDES;SERNA (LA);P.A.C. Carrión De Los Condes
G.A.S. SORIA;170807;GOMARA;C.S. GOMARA;SERON DE NAGIMA;P.A.C. Gómara
G.A.P. VALLADOLID ESTE;171017;SERRADA;C.S. SERRADA;SERRADA;P.A.C. Serrada
G.A.S. AVILA;170105;AVILA RURAL;C.S. AVILA RURAL;SERRADA (LA);P.A.C. Ávila Rural
G.A.P. SALAMANCA;170606;CIUDAD RODRIGO;C.S. CIUDAD RODRIGO;SERRADILLA DEL ARROYO;P.A.C. Ciudad Rodrigo
G.A.P. SALAMANCA;170606;CIUDAD RODRIGO;C.S. CIUDAD RODRIGO;SERRADILLA DEL LLANO;P.A.C. Ciudad Rodrigo
G.A.S. AVILA;170109;BURGOHONDO;C.S. BURGOHONDO;SERRANILLOS;P.A.C. Burgohondo
G.A.P. SALAMANCA;170617;LINARES DE RIOFRIO;C.S. LINARES DE RIOFRIO;SIERPE (LA);P.A.C. Linares De Riofrío
G.A.P. VALLADOLID ESTE;171019;ALAEJOS;C.S. ALAEJOS;SIETE IGLESIAS DE TRABANCOS;P.A.C.  Alaejos
G.A.P. SALAMANCA;170601;ALBA DE TORMES;C.S. ALBA DE TORMES;SIETEIGLESIAS DE TORMES;P.A.C. Alba De Tormes
G.A.S. AVILA;170118;SAN PEDRO DEL ARROYO;C.S. SAN PEDRO ARROYO;SIGERES;P.A.C. San Pedro Arroyo
G.A.P. VALLADOLID OESTE;170916;PISUERGA;C.S. PISUERGA;SIMANCAS;P.A.C. Pisuerga
G.A.S. AVILA;170102;AREVALO;C.S. AREVALO;SINLABAJOS;P.A.C. Arévalo
G.A.P. SALAMANCA;170618;LUMBRALES;C.S. LUMBRALES;SOBRADILLO;P.A.C. Lumbrales
G.A.P. LEON;170303;ASTORGA II;C.S. ASTORGA II;SOBRADO;P.A.C. Astorga
G.A.S. EL BIERZO;170410;VILLAFRANCA DEL BIERZO;C.S. VILLAFRANCA BIERZO;SOBRADO;P.A.C. Villafranca Bierzo
G.A.S. AVILA;170108;BARCO DE AVILA EL;C.S. BARCO DE AVILA;SOLANA DE AVILA;P.A.C. Barco de Ávila
G.A.S. AVILA;170121;MUÑICO;C.S. MUÑICO;SOLANA DE RIOALMAR;P.A.C. Muñico
G.A.P. BURGOS;170216;LERMA;C.S. LERMA;SOLARANA;P.A.C. Lerma
G.A.S. SORIA;170802;ALMAZAN;C.S. ALMAZAN;SOLIEDRA;P.A.C. Almazán
G.A.S. AVILA;170120;MUÑANA;C.S. MUÑANA;SOLOSANCHO;P.A.C. Muñana
G.A.P. BURGOS;170233;VILLADIEGO;C.S. VILLADIEGO;SORDILLOS;P.A.C. Villadiego
G.A.S. SORIA;170811;SORIA RURAL;C.S. SORIA RURAL;SORIA;P.A.C. Soria Rural Norte Y Sur
G.A.S. SORIA;170813;SORIA NORTE;C.S. SORIA NORTE;SORIA;P.A.C. Soria Rural Norte Y Sur
G.A.S. SORIA;170814;SORIA SUR;C.S. SORIA SUR;SORIA;P.A.C. Soria Rural Norte Y Sur
G.A.P. SALAMANCA;170613;GUIJUELO;C.S. GUIJUELO;SORIHUELA;P.A.C. Guijuelo
G.A.S. AVILA;170105;AVILA RURAL;C.S. AVILA RURAL;SOTALBO;P.A.C. Ávila Rural
G.A.S. SEGOVIA;170712;SEPULVEDA;C.S. SEPULVEDA;SOTILLO;P.A.C. Sepúlveda
G.A.S. AVILA;170119;SOTILLO DE LA ADRADA;C.S. SOTILLO DE ADRADA;SOTILLO DE LA ADRADA;P.A.C. Sotillo De Adrada
G.A.P. BURGOS;170225;ROA DE DUERO;C.S. ROA DE DUERO;SOTILLO DE LA RIBERA;P.A.C. Roa De Duero
G.A.S. SORIA;170811;SORIA RURAL;C.S. SORIA RURAL;SOTILLO DEL RINCON;P.A.C. Soria Rural Norte Y Sur
G.A.S. PALENCIA;170511;PALENCIA RURAL;C.S. PALENCIA RURAL;SOTO DE CERRATO;P.A.C. Palencia
G.A.P. LEON;170308;BAÑEZA I LA;C.S. LA BAÑEZA I;SOTO DE LA VEGA;P.A.C. La Bañeza
G.A.P. LEON;170311;MAGDALENA LA;C.S. LA MAGDALENA;SOTO Y AMIO;P.A.C. La Magdalena
G.A.S. PALENCIA;170507;HERRERA DE PISUERGA;C.S. HERRERA DE PISUERGA;SOTOBAÑADO Y PRIORATO;P.A.C. Herrera De Pisuerga
G.A.S. SEGOVIA;170705;SIERRA LA;C.S. NAVAFRIA;SOTOSALBOS;P.A.C. Navafría
G.A.P. SALAMANCA;170620;MIRANDA DEL CASTAÑAR;C.S. MIRANDA DEL CASTAÑAR;SOTOSERRANO;P.A.C. Miranda Del Castañar
G.A.P. BURGOS;170208;BURGOS RURAL NORTE;C.S. BURGOS RURAL NORTE;SOTRAGERO;P.A.C. Burgos Rural Norte Sur
G.A.P. BURGOS;170233;VILLADIEGO;C.S. VILLADIEGO;SOTRESGUDO;P.A.C. Villadiego
G.A.S. SORIA;170811;SORIA RURAL;C.S. SORIA RURAL;SUELLACABRAS;P.A.C. Soria Rural Norte Y Sur
G.A.P. BURGOS;170233;VILLADIEGO;C.S. VILLADIEGO;SUSINOS DEL PARAMO;P.A.C. Villadiego
G.A.S. PALENCIA;170516;TORQUEMADA;C.S. TORQUEMADA;TABANERA DE CERRATO;P.A.C. Torquemada
G.A.S. PALENCIA;170514;SALDAÑA;C.S. SALDAÑA;TABANERA DE VALDAVIA;P.A.C. Saldaña
G.A.S. SEGOVIA;170702;CARBONERO EL MAYOR;C.S. CARBONERO EL MAYOR;TABANERA LA LUENGA;P.A.C. Carbonero El Mayor
G.A.S. ZAMORA;171116;TABARA;C.S. TABARA;TABARA;P.A.C. Tábara
G.A.P. SALAMANCA;170619;MATILLA DE LOS CAÑOS;C.S. MATILLA CAÑOS;TABERA DE ABAJO;P.A.C. Matilla Caños
G.A.S. SORIA;170808;OLVEGA;C.S. OLVEGA;TAJAHUERCE;P.A.C. Olvega
G.A.S. SORIA;170804;BERLANGA DE DUERO;C.S. BERLANGA DE DUERO;TAJUECO;P.A.C. Berlanga De Duero
G.A.P. SALAMANCA;170613;GUIJUELO;C.S. GUIJUELO;TALA (LA);P.A.C. Guijuelo
G.A.S. SORIA;170810;SAN LEONARDO DE YAGUE;C.S. SAN LEONARDO YAGÜE;TALVEILA;P.A.C. San Leonardo Yagüe
G.A.P. SALAMANCA;170630;TAMAMES;C.S. TAMAMES;TAMAMES;P.A.C. Tamames
G.A.S. PALENCIA;170505;FROMISTA;C.S. FROMISTA;TAMARA DE CAMPOS;P.A.C. Frómista
G.A.P. VALLADOLID OESTE;170913;MEDINA DE RIOSECO;C.S. MEDINA DE RIOSECO;TAMARIZ DE CAMPOS;P.A.C. Medina De Rioseco
G.A.P. BURGOS;170223;PAMPLIEGA;C.S. PAMPLIEGA;TAMARON;P.A.C. Pampliega
G.A.S. ZAMORA;171119;VILLALPANDO;C.S. VILLALPANDO;TAPIOLES;P.A.C. Villalpando
G.A.P. SALAMANCA;170605;CANTALAPIEDRA;C.S. CANTALAPIEDRA;TARAZONA DE GUAREÑA;P.A.C. Cantalapiedra
G.A.P. SALAMANCA;170621;PEDROSILLO EL RALO;C.S. PEDROSILLO EL RALO;TARDAGUILA;P.A.C. Pedrosillo El Ralo
G.A.P. BURGOS;170209;BURGOS RURAL SUR;C.S. BURGOS RURAL SUR;TARDAJOS;P.A.C. Burgos Rural Norte Sur
G.A.S. SORIA;170811;SORIA RURAL;C.S. SORIA RURAL;TARDELCUENDE;P.A.C. Soria Rural Norte Y Sur
G.A.S. PALENCIA;170517;VENTA DE BAÑOS;C.S. VENTA DE BAÑOS;TARIEGO DE CERRATO;P.A.C. Venta De Baños
G.A.S. SORIA;170802;ALMAZAN;C.S. ALMAZAN;TARODA;P.A.C. Almazán
G.A.P. BURGOS;170216;LERMA;C.S. LERMA;TEJADA;P.A.C. Lerma
G.A.S. SORIA;170807;GOMARA;C.S. GOMARA;TEJADO;P.A.C. Gómara
G.A.P. SALAMANCA;170630;TAMAMES;C.S. TAMAMES;TEJEDA Y SEGOYUELA;P.A.C. Tamames
G.A.P. SALAMANCA;170606;CIUDAD RODRIGO;C.S. CIUDAD RODRIGO;TENEBRON;P.A.C. Ciudad Rodrigo
G.A.P. SALAMANCA;170601;ALBA DE TORMES;C.S. ALBA DE TORMES;TERRADILLOS;P.A.C. Alba De Tormes
G.A.P. BURGOS;170225;ROA DE DUERO;C.S. ROA DE DUERO;TERRADILLOS DE ESGUEVA;P.A.C. Roa De Duero
G.A.P. VALLADOLID OESTE;170914;MOTA DEL MARQUES;C.S. MOTA DEL MARQUES;TIEDRA;P.A.C. Mota Del Marqués
G.A.S. AVILA;170111;CEBREROS;C.S. CEBREROS;TIEMBLO (EL);P.A.C. Cebreros
G.A.S. AVILA;170102;AREVALO;C.S. AREVALO;TIÑOSILLOS;P.A.C. Arévalo
G.A.P. BURGOS;170233;VILLADIEGO;C.S. VILLADIEGO;TOBAR;P.A.C. Villadiego
G.A.S. AVILA;170105;AVILA RURAL;C.S. AVILA RURAL;TOLBAÑOS;P.A.C. Ávila Rural
G.A.S. AVILA;170102;AREVALO;C.S. AREVALO;TOLOCIRIO;P.A.C. Arévalo
G.A.P. SALAMANCA;170604;CALZADA DE VALDUNCIEL;C.S. CALZADA VALDUNCIEL;TOPAS;P.A.C. Calzada Valdunciel
G.A.P. LEON;170327;VALENCIA DE DON JUAN;C.S. VALENCIA DE D. JUAN;TORAL DE LOS GUZMANES;P.A.C. Valencia De D. Juan
G.A.P. VALLADOLID OESTE;170924;VILLAFRECHOS;C.S. VILLAFRECHOS;TORDEHUMOS;P.A.C. Villafrechós
G.A.P. VALLADOLID OESTE;170920;TORDESILLAS;C.S. TORDESILLAS;TORDESILLAS;P.A.C. Tordesillas
G.A.P. SALAMANCA;170624;PEÑARANDA DE BRACAMONTE;C.S. PEÑARANDA;TORDILLOS;P.A.C. Peñaranda
G.A.P. BURGOS;170216;LERMA;C.S. LERMA;TORDOMAR;P.A.C. Lerma
G.A.S. EL BIERZO;170408;TORENO;C.S. TORENO;TORENO;P.A.C. Toreno
G.A.S. SORIA;170807;GOMARA;C.S. GOMARA;TORLENGUA;P.A.C. Gómara
G.A.S. AVILA;170108;BARCO DE AVILA EL;C.S. BARCO DE AVILA;TORMELLAS;P.A.C. Barco de Ávila
G.A.P. SALAMANCA;170617;LINARES DE RIOFRIO;C.S. LINARES DE RIOFRIO;TORNADIZO (EL);P.A.C. Linares De Riofrío
G.A.S. AVILA;170105;AVILA RURAL;C.S. AVILA RURAL;TORNADIZOS DE AVILA;P.A.C. Ávila Rural
G.A.S. ZAMORA;171117;TORO;C.S. TORO;TORO;P.A.C. Toro
G.A.S. PALENCIA;170516;TORQUEMADA;C.S. TORQUEMADA;TORQUEMADA;P.A.C. Torquemada
G.A.S. AVILA;170120;MUÑANA;C.S. MUÑANA;TORRE (LA);P.A.C. Muñana
G.A.P. VALLADOLID ESTE;171002;ESGUEVILLAS ESGUEVA;C.S. ESGUEVILLAS;TORRE DE ESGUEVA;P.A.C. Esguevillas
G.A.P. VALLADOLID ESTE;171015;PEÑAFIEL;C.S. PEÑAFIEL;TORRE DE PEÑAFIEL;P.A.C. Peñafiel
G.A.S. EL BIERZO;170401;BEMBIBRE;C.S. BEMBIBRE;TORRE DEL BIERZO;P.A.C. Bembibre (4)
G.A.S. ZAMORA;171104;BENAVENTE NORTE;C.S. BENAVENTE NORTE;TORRE DEL VALLE (LA);P.A.C. Benavente
G.A.S. SEGOVIA;170705;SIERRA LA;C.S. NAVAFRIA;TORRE VAL DE SAN PEDRO;P.A.C. Navafría
G.A.S. SEGOVIA;170716;SACRAMENIA;C.S. SACRAMENIA;TORREADRADA;P.A.C. Sacramenia
G.A.S. SORIA;170805;BURGO DE OSMA;C.S. EL BURGO DE OSMA;TORREBLACOS;P.A.C. El Burgo De Osma
G.A.S. SEGOVIA;170711;SEGOVIA RURAL;C.S. SEGOVIA RURAL;TORRECABALLEROS;P.A.C. Segovia Rural
G.A.P. VALLADOLID OESTE;170920;TORDESILLAS;C.S. TORDESILLAS;TORRECILLA DE LA ABADESA;P.A.C. Tordesillas
G.A.P. VALLADOLID ESTE;171019;ALAEJOS;C.S. ALAEJOS;TORRECILLA DE LA ORDEN;P.A.C.  Alaejos
G.A.P. VALLADOLID OESTE;170920;TORDESILLAS;C.S. TORDESILLAS;TORRECILLA DE LA TORRE;P.A.C. Tordesillas
G.A.P. BURGOS;170216;LERMA;C.S. LERMA;TORRECILLA DEL MONTE;P.A.C. Lerma
G.A.S. SEGOVIA;170704;FUENTESAUCO DE FUENTIDUEÑA;C.S. FUENTESAUCO;TORRECILLA DEL PINAR;P.A.C. Fuentesauco
G.A.P. BURGOS;170202;ARANDA DE DUERO RURAL;C.S. ARANDA RURAL;TORREGALINDO;P.A.C. Aranda
G.A.S. ZAMORA;171115;SAYAGO;C.S. BERMILLO DE SAYAGO;TORREGAMONES;P.A.C. Bermillo De Sayago
G.A.S. SEGOVIA;170701;CANTALEJO;C.S. CANTALEJO;TORREIGLESIAS;P.A.C. Cantalejo
G.A.S. SEGOVIA;170711;SEGOVIA RURAL;C.S. SEGOVIA RURAL;TORREIGLESIAS;P.A.C. Segovia Rural
G.A.P. BURGOS;170209;BURGOS RURAL SUR;C.S. BURGOS RURAL SUR;TORRELARA;P.A.C. Burgos Rural Norte Sur
G.A.P. VALLADOLID OESTE;170920;TORDESILLAS;C.S. TORDESILLAS;TORRELOBATON;P.A.C. Tordesillas
G.A.S. PALENCIA;170518;VILLARRAMIEL;C.S. VILLARRAMIEL;TORREMORMOJON;P.A.C. Villarramiel
G.A.P. BURGOS;170216;LERMA;C.S. LERMA;TORREPADRE;P.A.C. Lerma
G.A.S. ZAMORA;171121;ZAMORA NORTE;C.S. ZAMORA NORTE;TORRES DEL CARRIZAL;P.A.C. Zamora Integrado
G.A.P. BURGOS;170225;ROA DE DUERO;C.S. ROA DE DUERO;TORRESANDINO;P.A.C. Roa De Duero
G.A.P. VALLADOLID ESTE;171015;PEÑAFIEL;C.S. PEÑAFIEL;TORRESCARCELA;P.A.C. Peñafiel
G.A.P. SALAMANCA;170604;CALZADA DE VALDUNCIEL;C.S. CALZADA VALDUNCIEL;TORRESMENUDAS;P.A.C. Calzada Valdunciel
G.A.S. SORIA;170807;GOMARA;C.S. GOMARA;TORRUBIA DE SORIA;P.A.C. Gómara
G.A.S. AVILA;170117;PIEDRAHITA;C.S. PIEDRAHITA;TORTOLES;P.A.C. Piedrahita
G.A.P. BURGOS;170225;ROA DE DUERO;C.S. ROA DE DUERO;TORTOLES DE ESGUEVA;P.A.C. Roa De Duero
G.A.P. BURGOS;170204;BELORADO;C.S. BELORADO;TOSANTOS;P.A.C. Belorado
G.A.S. EL BIERZO;170410;VILLAFRANCA DEL BIERZO;C.S. VILLAFRANCA BIERZO;TRABADELO;P.A.C. Villafranca Bierzo
G.A.P. SALAMANCA;170634;VITIGUDINO;C.S. VITIGUDINO;TRABANCA;P.A.C. Vitigudino
G.A.S. ZAMORA;171102;ALISTE;C.S. ALCAÑICES;TRABAZOS;P.A.C. Alcañices
G.A.P. VALLADOLID ESTE;171018;TUDELA DE DUERO;C.S. TUDELA;TRASPINEDO;P.A.C. Tudela
G.A.S. ZAMORA;171114;SANABRIA;C.S. PUEBLA DE SANABRIA;TREFACIO;P.A.C. Puebla De Sanabria
G.A.S. SEGOVIA;170711;SEGOVIA RURAL;C.S. SEGOVIA RURAL;TRESCASAS;P.A.C. Segovia Rural
G.A.P. BURGOS;170219;MEDINA DE POMAR;C.S. MEDINA DE POMAR;TRESPADERNE;P.A.C. Medina De Pomar
G.A.S. SORIA;170801;AGREDA;C.S. AGREDA;TREVAGO;P.A.C. Ágreda
G.A.P. VALLADOLID ESTE;171026;CIGALES;C.S. CIGALES;TRIGUEROS DEL VALLE;P.A.C. Cigales
G.A.S. PALENCIA;170504;CERVERA PISUERGA;C.S. CERVERA PISUERGA;TRIOLLO;P.A.C. Cervera Pisuerga
G.A.P. LEON;170310;CABRERA LA;C.S. TRUCHAS;TRUCHAS;P.A.C Truchas
G.A.P. BURGOS;170229;SEDANO;C.S. SEDANO;TUBILLA DEL AGUA;P.A.C. Sedano
G.A.P. BURGOS;170202;ARANDA DE DUERO RURAL;C.S. ARANDA RURAL;TUBILLA DEL LAGO;P.A.C. Aranda
G.A.P. VALLADOLID ESTE;171018;TUDELA DE DUERO;C.S. TUDELA;TUDELA DE DUERO;P.A.C. Tudela
G.A.P. LEON;170322;RIBERA DEL ORBIGO;C.S. RIBERA DEL ORBIGO;TURCIA;P.A.C. Ribera Del Órbigo
G.A.S. SEGOVIA;170701;CANTALEJO;C.S. CANTALEJO;TUREGANO;P.A.C. Cantalejo
G.A.S. SORIA;170805;BURGO DE OSMA;C.S. EL BURGO DE OSMA;UCERO;P.A.C. El Burgo De Osma
G.A.S. AVILA;170108;BARCO DE AVILA EL;C.S. BARCO DE AVILA;UMBRIAS;P.A.C. Barco de Ávila
G.A.S. ZAMORA;171118;VIDRIALES;C.S. SANTIBAÑEZ VIDRIAL;UÑA DE QUINTANA;P.A.C. Santibañez Vidriales
G.A.P. LEON;170326;VALDERAS;C.S. VALDERAS;UNION DE CAMPOS (LA);P.A.C. Valderas
G.A.P. BURGOS;170208;BURGOS RURAL NORTE;C.S. BURGOS RURAL NORTE;URBEL DEL CASTILLO;P.A.C. Burgos Rural Norte Sur
G.A.P. BURGOS;170233;VILLADIEGO;C.S. VILLADIEGO;URBEL DEL CASTILLO;P.A.C. Villadiego
G.A.P. LEON;170325;SANTA MARIA DEL PARAMO;C.S. STA. MARIA PARAMO;URDIALES DEL PARAMO;P.A.C. Sta. María Páramo
G.A.P. LEON;170326;VALDERAS;C.S. VALDERAS;URONES DE CASTROPONCE;P.A.C. Valderas
G.A.P. VALLADOLID OESTE;170914;MOTA DEL MARQUES;C.S. MOTA DEL MARQUES;URUEÑA;P.A.C. Mota Del Marqués
G.A.S. SEGOVIA;170712;SEPULVEDA;C.S. SEPULVEDA;URUEÑAS;P.A.C. Sepúlveda
G.A.S. SORIA;170810;SAN LEONARDO DE YAGUE;C.S. SAN LEONARDO YAGÜE;VADILLO;P.A.C. San Leonardo Yagüe
G.A.S. ZAMORA;171113;GUAREÑA;C.S. LA GUAREÑA;VADILLO DE LA GUAREÑA;P.A.C. La Guareña
G.A.S. AVILA;170120;MUÑANA;C.S. MUÑANA;VADILLO DE LA SIERRA;P.A.C. Muñana
G.A.P. BURGOS;170202;ARANDA DE DUERO RURAL;C.S. ARANDA RURAL;VADOCONDES;P.A.C. Aranda
G.A.P. LEON;170303;ASTORGA II;C.S. ASTORGA II;VAL DE SAN LORENZO;P.A.C. Astorga
G.A.P. VALLADOLID ESTE;171015;PEÑAFIEL;C.S. PEÑAFIEL;VALBUENA DE DUERO;P.A.C. Peñafiel
G.A.S. PALENCIA;170505;FROMISTA;C.S. FROMISTA;VALBUENA DE PISUERGA;P.A.C. Frómista
G.A.S. ZAMORA;171121;ZAMORA NORTE;C.S. ZAMORA NORTE;VALCABADO;P.A.C. Zamora Integrado
G.A.S. PALENCIA;170503;CARRION DE LOS CONDES;C.S. CARRION DE LOS CONDES;VALDE-UCIEZA;P.A.C. Carrión De Los Condes
G.A.P. BURGOS;170202;ARANDA DE DUERO RURAL;C.S. ARANDA RURAL;VALDEANDE;P.A.C. Aranda
G.A.P. VALLADOLID ESTE;171015;PEÑAFIEL;C.S. PEÑAFIEL;VALDEARCOS DE LA VEGA;P.A.C. Peñafiel
G.A.S. SORIA;170811;SORIA RURAL;C.S. SORIA RURAL;VALDEAVELLANO DE TERA;P.A.C. Soria Rural Norte Y Sur
G.A.P. SALAMANCA;170601;ALBA DE TORMES;C.S. ALBA DE TORMES;VALDECARROS;P.A.C. Alba De Tormes
G.A.S. AVILA;170121;MUÑICO;C.S. MUÑICO;VALDECASA;P.A.C. Muñico
G.A.S. ZAMORA;171117;TORO;C.S. TORO;VALDEFINJAS;P.A.C. Toro
G.A.P. LEON;170317;LEON VI - JOSE AGUADO II;C.S. JOSE AGUADO II;VALDEFRESNO;P.A.C. José Aguado
G.A.P. SALAMANCA;170603;BEJAR;C.S. BEJAR;VALDEFUENTES DE SANGUSIN;P.A.C. Bejar
G.A.P. LEON;170309;BAÑEZA II LA;C.S. BAÑEZA II;VALDEFUENTES DEL PARAMO;P.A.C. La Bañeza
G.A.S. SORIA;170811;SORIA RURAL;C.S. SORIA RURAL;VALDEGEÑA;P.A.C. Soria Rural Norte Y Sur
G.A.P. SALAMANCA;170603;BEJAR;C.S. BEJAR;VALDEHIJADEROS;P.A.C. Bejar
G.A.P. SALAMANCA;170613;GUIJUELO;C.S. GUIJUELO;VALDELACASA;P.A.C. Guijuelo
G.A.P. SALAMANCA;170603;BEJAR;C.S. BEJAR;VALDELAGEVE;P.A.C. Bejar
G.A.S. SORIA;170801;AGREDA;C.S. AGREDA;VALDELAGUA DEL CERRO;P.A.C. Ágreda
G.A.P. SALAMANCA;170604;CALZADA DE VALDUNCIEL;C.S. CALZADA VALDUNCIEL;VALDELOSA;P.A.C. Calzada Valdunciel
G.A.P. LEON;170305;BOÑAR;C.S. BOÑAR;VALDELUGUEROS;P.A.C. La Bañeza
G.A.S. SORIA;170805;BURGO DE OSMA;C.S. EL BURGO DE OSMA;VALDEMALUQUE;P.A.C. El Burgo De Osma
G.A.P. SALAMANCA;170601;ALBA DE TORMES;C.S. ALBA DE TORMES;VALDEMIERQUE;P.A.C. Alba De Tormes
G.A.P. LEON;170327;VALENCIA DE DON JUAN;C.S. VALENCIA DE D. JUAN;VALDEMORA;P.A.C. Valencia De D. Juan
G.A.S. SORIA;170805;BURGO DE OSMA;C.S. EL BURGO DE OSMA;VALDENEBRO;P.A.C. El Burgo De Osma
G.A.P. VALLADOLID OESTE;170913;MEDINA DE RIOSECO;C.S. MEDINA DE RIOSECO;VALDENEBRO DE LOS VALLES;P.A.C. Medina De Rioseco
G.A.S. PALENCIA;170511;PALENCIA RURAL;C.S. PALENCIA RURAL;VALDEOLMILLOS;P.A.C. Palencia
G.A.P. LEON;170305;BOÑAR;C.S. BOÑAR;VALDEPIELAGO;P.A.C. La Bañeza
G.A.P. LEON;170321;RIBERA DEL ESLA;C.S. RIBERA DEL ESLA;VALDEPOLO;P.A.C. Ribera Del Esla
G.A.S. SEGOVIA;170713;VILLACASTIN;C.S. VILLACASTIN;VALDEPRADOS;P.A.C. Villacastín
G.A.P. LEON;170326;VALDERAS;C.S. VALDERAS;VALDERAS;P.A.C. Valderas
G.A.S. PALENCIA;170514;SALDAÑA;C.S. SALDAÑA;VALDERRABANO;P.A.C. Saldaña
G.A.P. LEON;170303;ASTORGA II;C.S. ASTORGA II;VALDERREY;P.A.C. Astorga
G.A.S. SORIA;170804;BERLANGA DE DUERO;C.S. BERLANGA DE DUERO;VALDERRODILLA;P.A.C. Berlanga De Duero
G.A.P. SALAMANCA;170634;VITIGUDINO;C.S. VITIGUDINO;VALDERRODRIGO;P.A.C. Vitigudino
G.A.P. LEON;170306;CISTIERNA;C.S. CISTIERNA;VALDERRUEDA;P.A.C. Cistierna
G.A.P. LEON;170311;MAGDALENA LA;C.S. LA MAGDALENA;VALDESAMARIO;P.A.C. La Magdalena
G.A.S. ZAMORA;171105;BENAVENTE SUR;C.S. BENAVENTE SUR;VALDESCORRIEL;P.A.C. Benavente
G.A.P. VALLADOLID ESTE;171017;SERRADA;C.S. SERRADA;VALDESTILLAS;P.A.C. Serrada
G.A.P. BURGOS;170202;ARANDA DE DUERO RURAL;C.S. ARANDA RURAL;VALDEVACAS DE MONTEJO;P.A.C. Aranda
G.A.S. SEGOVIA;170701;CANTALEJO;C.S. CANTALEJO;VALDEVACAS Y GUIJAR;P.A.C. Cantalejo
G.A.P. LEON;170325;SANTA MARIA DEL PARAMO;C.S. STA. MARIA PARAMO;VALDEVIMBRE;P.A.C. Sta. María Páramo
G.A.P. BURGOS;170225;ROA DE DUERO;C.S. ROA DE DUERO;VALDEZATE;P.A.C. Roa De Duero
G.A.P. BURGOS;170209;BURGOS RURAL SUR;C.S. BURGOS RURAL SUR;VALDORROS;P.A.C. Burgos Rural Norte Sur
G.A.P. SALAMANCA;170604;CALZADA DE VALDUNCIEL;C.S. CALZADA VALDUNCIEL;VALDUNCIEL;P.A.C. Calzada Valdunciel
G.A.P. VALLADOLID OESTE;170910;MAYORGA;C.S. MAYORGA DE CAMPOS;VALDUNQUILLO;P.A.C. Mayorga De Campos
G.A.P. LEON;170327;VALENCIA DE DON JUAN;C.S. VALENCIA DE D. JUAN;VALENCIA DE DON JUAN;P.A.C. Valencia De D. Juan
G.A.P. SALAMANCA;170617;LINARES DE RIOFRIO;C.S. LINARES DE RIOFRIO;VALERO;P.A.C. Linares De Riofrío
G.A.P. VALLADOLID OESTE;170903;CAMPO GRANDE;C.S. CASA DEL BARCO;VALLADOLID;P.A.C. Arturo Eyries
G.A.P. VALLADOLID OESTE;170902;ARTURO EYRIES;C.S. ARTURO EYRIES;VALLADOLID;P.A.C. Arturo Eyries
G.A.P. VALLADOLID OESTE;170907;HUERTA DEL REY;C.S. HUERTA DEL REY;VALLADOLID;P.A.C. Arturo Eyries
G.A.P. VALLADOLID ESTE;171009;PILARICA;C.S. PILARICA;VALLADOLID;P.A.C. Pilarica
G.A.P. VALLADOLID ESTE;171014;SAN PABLO;C.S. SAN PABLO;VALLADOLID;P.A.C. Rondilla
G.A.P. VALLADOLID OESTE;170919;VALLADOLID SUR;C.S. PARQUE ALAMEDA-COVARESA;VALLADOLID;P.A.C. Arturo Eyries
G.A.P. VALLADOLID OESTE;170927;DELICIAS I;C.S. DELICIAS I;VALLADOLID;P.A.C. Delicias
G.A.P. VALLADOLID ESTE;171008;SAN ISIDRO-PAJARILLOS;C.S. TORTOLA;VALLADOLID;P.A.C. Pilarica
G.A.P. VALLADOLID ESTE;171010;PLAZA CIRCULAR;C.S. CIRCULAR;VALLADOLID;P.A.C. Pilarica
G.A.P. VALLADOLID ESTE;171012;RONDILLA II;C.S. RONDILLA II;VALLADOLID;P.A.C. Rondilla
G.A.P. VALLADOLID OESTE;170928;DELICIAS II;C.S. DELICIAS II;VALLADOLID;P.A.C. Delicias
G.A.P. VALLADOLID OESTE;170915;PARQUESOL;C.S. PARQUESOL;VALLADOLID;P.A.C. Arturo Eyries
G.A.P. VALLADOLID ESTE;171013;CANTERAC;C.S. CANTERAC;VALLADOLID;P.A.C. Pilarica
G.A.P. VALLADOLID ESTE;171024;CENTRO-GAMAZO;C.S. GAMAZO;VALLADOLID;P.A.C. Pilarica
G.A.P. VALLADOLID OESTE;170906;ESPERANTO;C.S. PLAZA DEL EJERCITO;VALLADOLID;P.A.C. Arturo Eyries
G.A.P. VALLADOLID ESTE;171001;BARRIO ESPAÑA;C.S. BARRIO ESPAÑA;VALLADOLID;P.A.C. Rondilla
G.A.P. VALLADOLID ESTE;171011;RONDILLA I;C.S. RONDILLA I;VALLADOLID;P.A.C. Rondilla
G.A.P. VALLADOLID ESTE;171003;CIRCUNVALACION;C.S. CIRCUNVALACION;VALLADOLID;P.A.C. Pilarica
G.A.P. VALLADOLID ESTE;171007;MAGDALENA;C.S. MAGDALENA;VALLADOLID;P.A.C. Pilarica
G.A.P. VALLADOLID ESTE;171023;VICTORIA LA;C.S. LA VICTORIA;VALLADOLID;P.A.C. Rondilla
G.A.P. BURGOS;170205;BRIVIESCA;C.S. BRIVIESCA;VALLARTA DE BUREBA;P.A.C. Briviesca
G.A.S. PALENCIA;170517;VENTA DE BAÑOS;C.S. VENTA DE BAÑOS;VALLE DE CERRATO;P.A.C. Venta De Baños
G.A.P. BURGOS;170208;BURGOS RURAL NORTE;C.S. BURGOS RURAL NORTE;VALLE DE LAS NAVAS;P.A.C. Burgos Rural Norte Sur
G.A.P. BURGOS;170230;VALLE DE LOSA;C.S. VALLE DE LOSA;VALLE DE LOSA;P.A.C. Valle De Losa
G.A.P. BURGOS;170235;VILLARCAYO DE MERINDAD DE CASTILLA LA;C.S. VILLARCAYO;VALLE DE MANZANEDO;P.A.C. Villarcayo
G.A.P. BURGOS;170234;VALLE DE MENA;C.S. VALLE DE MENA;VALLE DE MENA;P.A.C. Villadiego
G.A.P. BURGOS;170204;BELORADO;C.S. BELORADO;VALLE DE OCA;P.A.C. Belorado
G.A.P. BURGOS;170208;BURGOS RURAL NORTE;C.S. BURGOS RURAL NORTE;VALLE DE SANTIBAÑEZ;P.A.C. Burgos Rural Norte Sur
G.A.P. BURGOS;170208;BURGOS RURAL NORTE;C.S. BURGOS RURAL NORTE;VALLE DE SEDANO;P.A.C. Burgos Rural Norte Sur
G.A.P. BURGOS;170229;SEDANO;C.S. SEDANO;VALLE DE SEDANO;P.A.C. Sedano
G.A.S. SEGOVIA;170701;CANTALEJO;C.S. CANTALEJO;VALLE DE TABLADILLO;P.A.C. Cantalejo
G.A.P. BURGOS;170231;VALLE DE TOBALINA;C.S. VALLE TOBALINA;VALLE DE TOBALINA;P.A.C. Valle Tobalina
G.A.P. BURGOS;170232;VALLE DE VALDEBEZANA;C.S. VALLE VALDEBEZANA;VALLE DE VALDEBEZANA;P.A.C. Valle Valdebezana
G.A.P. BURGOS;170226;SALAS DE LOS INFANTES;C.S. SALAS LOS INFANTES;VALLE DE VALDELAGUNA;P.A.C. Salas Los Infantes
G.A.S. PALENCIA;170501;AGUILAR DE CAMPOO;C.S. AGUILAR DE CAMPOO;VALLE DE VALDELUCIO;P.A.C. Aguilar De Campoo (5)
G.A.P. BURGOS;170229;SEDANO;C.S. SEDANO;VALLE DE ZAMANZAS;P.A.C. Sedano
G.A.S. PALENCIA;170512;PAREDES DE NAVA;C.S. PAREDES DE NAVA;VALLE DEL RETORTILLO;P.A.C. Paredes De Nava
G.A.P. LEON;170323;SAHAGUN DE CAMPOS;C.S. SAHAGUN CAMPOS;VALLECILLO;P.A.C. Sahagún Campos
G.A.P. BURGOS;170223;PAMPLIEGA;C.S. PAMPLIEGA;VALLEJERA;P.A.C. Pampliega
G.A.P. SALAMANCA;170603;BEJAR;C.S. BEJAR;VALLEJERA DE RIOFRIO;P.A.C. Bejar
G.A.S. SEGOVIA;170703;CUELLAR;C.S. CUELLAR;VALLELADO;P.A.C. Cuellar
G.A.S. SEGOVIA;170712;SEPULVEDA;C.S. SEPULVEDA;VALLERUELA DE PEDRAZA;P.A.C. Sepúlveda
G.A.S. SEGOVIA;170712;SEPULVEDA;C.S. SEPULVEDA;VALLERUELA DE SEPULVEDA;P.A.C. Sepúlveda
G.A.P. BURGOS;170223;PAMPLIEGA;C.S. PAMPLIEGA;VALLES DE PALENZUELA;P.A.C. Pampliega
G.A.P. SALAMANCA;170621;PEDROSILLO EL RALO;C.S. PEDROSILLO EL RALO;VALLESA DE LA GUAREÑA;P.A.C. Pedrosillo El Ralo
G.A.P. BURGOS;170221;MIRANDA ESTE;C.S. MIRANDA ESTE;VALLUERCANES;P.A.C. Miranda
G.A.P. BURGOS;170204;BELORADO;C.S. BELORADO;VALMALA;P.A.C. Belorado
G.A.P. VALLADOLID ESTE;171026;CIGALES;C.S. CIGALES;VALORIA LA BUENA;P.A.C. Cigales
G.A.P. SALAMANCA;170634;VITIGUDINO;C.S. VITIGUDINO;VALSALABROSO;P.A.C. Vitigudino
G.A.S. SEGOVIA;170711;SEGOVIA RURAL;C.S. SEGOVIA RURAL;VALSECA;P.A.C. Segovia Rural
G.A.S. SEGOVIA;170716;SACRAMENIA;C.S. SACRAMENIA;VALTIENDAS;P.A.C. Sacramenia
G.A.P. VALLADOLID OESTE;170913;MEDINA DE RIOSECO;C.S. MEDINA DE RIOSECO;VALVERDE DE CAMPOS;P.A.C. Medina De Rioseco
G.A.P. LEON;170328;TROBAJO DEL CAMINO - VALVERDE DE LA VIRGEN;C.S. TROBAJO DEL CAMINO;VALVERDE DE LA VIRGEN;P.A.C. Trobajo
G.A.P. SALAMANCA;170613;GUIJUELO;C.S. GUIJUELO;VALVERDE DE VALDELACASA;P.A.C. Guijuelo
G.A.S. SEGOVIA;170711;SEGOVIA RURAL;C.S. SEGOVIA RURAL;VALVERDE DEL MAJANO;P.A.C. Segovia Rural
G.A.P. LEON;170318;MANSILLA DE LAS MULAS;C.S. MANSILLA MULAS;VALVERDE-ENRIQUE;P.A.C. Mansilla Mulas
G.A.P. SALAMANCA;170622;PERIURBANA NORTE;C.S. PERIURBANA NORTE;VALVERDON;P.A.C. Periurbana Norte
G.A.P. LEON;170305;BOÑAR;C.S. BOÑAR;VECILLA (LA);P.A.C. La Bañeza
G.A.P. SALAMANCA;170619;MATILLA DE LOS CAÑOS;C.S. MATILLA CAÑOS;VECINOS;P.A.C. Matilla Caños
G.A.S. EL BIERZO;170403;FABERO;C.S. FABERO;VEGA DE ESPINAREDA;P.A.C. Fabero
G.A.P. LEON;170301;ARMUNIA;C.S. ARMUNIA;VEGA DE INFANZONES;P.A.C. Armunia
G.A.P. VALLADOLID OESTE;170925;VILLALON DE CAMPOS;C.S. VILLALON DE CAMPOS;VEGA DE RUIPONCE;P.A.C. Villalón De Campos
G.A.S. AVILA;170105;AVILA RURAL;C.S. AVILA RURAL;VEGA DE SANTA MARIA;P.A.C. Ávila Rural
G.A.S. ZAMORA;171106;TERA;C.S. CAMARZANA DE TERA;VEGA DE TERA;P.A.C. Camarzana De Tera
G.A.P. SALAMANCA;170623;PERIURBANA SUR;C.S. PERIURBANO SUR;VEGA DE TIRADOS;P.A.C. Periurbano Sur
G.A.S. EL BIERZO;170410;VILLAFRANCA DEL BIERZO;C.S. VILLAFRANCA BIERZO;VEGA DE VALCARCE;P.A.C. Villafranca Bierzo
G.A.P. VALLADOLID OESTE;170914;MOTA DEL MARQUES;C.S. MOTA DEL MARQUES;VEGA DE VALDETRONCO;P.A.C. Mota Del Marqués
G.A.S. ZAMORA;171119;VILLALPANDO;C.S. VILLALPANDO;VEGA DE VILLALOBOS;P.A.C. Villalpando
G.A.P. LEON;170319;MATALLANA DE TORIO;C.S. MATALLANA DE TORIO;VEGACERVERA;P.A.C. Matallana De Torío
G.A.S. ZAMORA;171108;CARBAJALES;C.S. CARBAJALES DE ALBA;VEGALATRAVE;P.A.C. Carbajales De Alba
G.A.S. SEGOVIA;170701;CANTALEJO;C.S. CANTALEJO;VEGANZONES;P.A.C. Cantalejo
G.A.P. LEON;170305;BOÑAR;C.S. BOÑAR;VEGAQUEMADA;P.A.C. La Bañeza
G.A.S. SEGOVIA;170713;VILLACASTIN;C.S. VILLACASTIN;VEGAS DE MATUTE;P.A.C. Villacastín
G.A.P. LEON;170317;LEON VI - JOSE AGUADO II;C.S. JOSE AGUADO II;VEGAS DEL CONDADO;P.A.C. José Aguado
G.A.P. SALAMANCA;170619;MATILLA DE LOS CAÑOS;C.S. MATILLA CAÑOS;VEGUILLAS (LAS);P.A.C. Matilla Caños
G.A.S. SORIA;170802;ALMAZAN;C.S. ALMAZAN;VELAMAZAN;P.A.C. Almazán
G.A.P. VALLADOLID ESTE;171021;MEDINA DEL CAMPO RURAL;C.S. MEDINA CAMPO RURAL;VELASCALVARO;P.A.C. Medina
G.A.S. AVILA;170105;AVILA RURAL;C.S. AVILA RURAL;VELAYOS;P.A.C. Ávila Rural
G.A.P. VALLADOLID OESTE;170920;TORDESILLAS;C.S. TORDESILLAS;VELILLA;P.A.C. Tordesillas
G.A.S. SORIA;170807;GOMARA;C.S. GOMARA;VELILLA DE LOS AJOS;P.A.C. Gómara
G.A.S. PALENCIA;170506;GUARDO;C.S. GUARDO;VELILLA DEL RIO CARRION;P.A.C. Guardo
G.A.P. SALAMANCA;170621;PEDROSILLO EL RALO;C.S. PEDROSILLO EL RALO;VELLES (LA);P.A.C. Pedrosillo El Ralo
G.A.P. VALLADOLID OESTE;170920;TORDESILLAS;C.S. TORDESILLAS;VELLIZA;P.A.C. Tordesillas
G.A.S. ZAMORA;171122;ZAMORA SUR;C.S. ZAMORA SUR;VENIALBO;P.A.C. Zamora Integrado
G.A.S. PALENCIA;170517;VENTA DE BAÑOS;C.S. VENTA DE BAÑOS;VENTA DE BAÑOS;P.A.C. Venta De Baños
G.A.P. VALLADOLID ESTE;171017;SERRADA;C.S. SERRADA;VENTOSA DE LA CUESTA;P.A.C. Serrada
G.A.P. SALAMANCA;170624;PEÑARANDA DE BRACAMONTE;C.S. PEÑARANDA;VENTOSA DEL RIO ALMAR;P.A.C. Peñaranda
G.A.S. PALENCIA;170517;VENTA DE BAÑOS;C.S. VENTA DE BAÑOS;VERTAVILLO;P.A.C. Venta De Baños
G.A.S. ZAMORA;171117;TORO;C.S. TORO;VEZDEMARBAN;P.A.C. Toro
G.A.P. VALLADOLID OESTE;170909;LAGUNA DE DUERO;C.S. LAGUNA DE DUERO;VIANA DE CEGA;P.A.C. Laguna De Duero
G.A.P. BURGOS;170205;BRIVIESCA;C.S. BRIVIESCA;VID DE BUREBA (LA);P.A.C. Briviesca
G.A.S. PALENCIA;170507;HERRERA DE PISUERGA;C.S. HERRERA DE PISUERGA;VID DE OJEDA (LA);P.A.C. Herrera De Pisuerga
G.A.P. BURGOS;170202;ARANDA DE DUERO RURAL;C.S. ARANDA RURAL;VID Y BARRIOS (LA);P.A.C. Aranda
G.A.S. ZAMORA;171107;CAMPOS LAMPREANA;C.S. VILLARRIN;VIDAYANES;P.A.C. Villarrín
G.A.S. ZAMORA;171108;CARBAJALES;C.S. CARBAJALES DE ALBA;VIDEMALA;P.A.C. Carbajales De Alba
G.A.P. SALAMANCA;170634;VITIGUDINO;C.S. VITIGUDINO;VIDOLA (LA);P.A.C. Vitigudino
G.A.P. BURGOS;170205;BRIVIESCA;C.S. BRIVIESCA;VILEÑA;P.A.C. Briviesca
G.A.P. VALLADOLID ESTE;171018;TUDELA DE DUERO;C.S. TUDELA;VILLABAÑEZ;P.A.C. Tudela
G.A.P. VALLADOLID OESTE;170925;VILLALON DE CAMPOS;C.S. VILLALON DE CAMPOS;VILLABARUZ DE CAMPOS;P.A.C. Villalón De Campos
G.A.S. PALENCIA;170514;SALDAÑA;C.S. SALDAÑA;VILLABASTA DE VALDAVIA;P.A.C. Saldaña
G.A.S. EL BIERZO;170409;VILLABLINO;C.S. VILLABLINO;VILLABLINO;P.A.C. Villablino
G.A.P. VALLADOLID OESTE;170913;MEDINA DE RIOSECO;C.S. MEDINA DE RIOSECO;VILLABRAGIMA;P.A.C. Medina De Rioseco
G.A.P. LEON;170327;VALENCIA DE DON JUAN;C.S. VALENCIA DE D. JUAN;VILLABRAZ;P.A.C. Valencia De D. Juan
G.A.S. ZAMORA;171104;BENAVENTE NORTE;C.S. BENAVENTE NORTE;VILLABRAZARO;P.A.C. Benavente
G.A.S. ZAMORA;171113;GUAREÑA;C.S. LA GUAREÑA;VILLABUENA DEL PUENTE;P.A.C. La Guareña
G.A.P. VALLADOLID OESTE;170925;VILLALON DE CAMPOS;C.S. VILLALON DE CAMPOS;VILLACARRALON;P.A.C. Villalón De Campos
G.A.S. SEGOVIA;170713;VILLACASTIN;C.S. VILLACASTIN;VILLACASTIN;P.A.C. Villacastín
G.A.P. VALLADOLID OESTE;170925;VILLALON DE CAMPOS;C.S. VILLALON DE CAMPOS;VILLACID DE CAMPOS;P.A.C. Villalón De Campos
G.A.S. PALENCIA;170519;VILLADA;C.S. VILLADA;VILLACIDALER;P.A.C. Villada
G.A.S. SORIA;170811;SORIA RURAL;C.S. SORIA RURAL;VILLACIERVOS;P.A.C. Soria Rural Norte Y Sur
G.A.P. VALLADOLID ESTE;171002;ESGUEVILLAS ESGUEVA;C.S. ESGUEVILLAS;VILLACO;P.A.C. Esguevillas
G.A.S. PALENCIA;170502;BALTANAS;C.S. BALTANAS;VILLACONANCIO;P.A.C. Baltanás
G.A.S. PALENCIA;170519;VILLADA;C.S. VILLADA;VILLADA;P.A.C. Villada
G.A.P. LEON;170322;RIBERA DEL ORBIGO;C.S. RIBERA DEL ORBIGO;VILLADANGOS DEL PARAMO;P.A.C. Ribera Del Órbigo
G.A.S. EL BIERZO;170410;VILLAFRANCA DEL BIERZO;C.S. VILLAFRANCA BIERZO;VILLADECANES;P.A.C. Villafranca Bierzo
G.A.P. LEON;170327;VALENCIA DE DON JUAN;C.S. VALENCIA DE D. JUAN;VILLADEMOR DE LA VEGA;P.A.C. Valencia De D. Juan
G.A.S. ZAMORA;171115;SAYAGO;C.S. BERMILLO DE SAYAGO;VILLADEPERA;P.A.C. Bermillo De Sayago
G.A.P. BURGOS;170233;VILLADIEGO;C.S. VILLADIEGO;VILLADIEGO;P.A.C. Villadiego
G.A.S. PALENCIA;170514;SALDAÑA;C.S. SALDAÑA;VILLAELES DE VALDAVIA;P.A.C. Saldaña
G.A.S. ZAMORA;171113;GUAREÑA;C.S. LA GUAREÑA;VILLAESCUSA;P.A.C. La Guareña
G.A.P. BURGOS;170225;ROA DE DUERO;C.S. ROA DE DUERO;VILLAESCUSA DE ROA;P.A.C. Roa De Duero
G.A.P. BURGOS;170208;BURGOS RURAL NORTE;C.S. BURGOS RURAL NORTE;VILLAESCUSA LA SOMBRIA;P.A.C. Burgos Rural Norte Sur
G.A.S. ZAMORA;171107;CAMPOS LAMPREANA;C.S. VILLARRIN;VILLAFAFILA;P.A.C. Villarrín
G.A.S. ZAMORA;171104;BENAVENTE NORTE;C.S. BENAVENTE NORTE;VILLAFERRUEÑA;P.A.C. Benavente
G.A.S. AVILA;170118;SAN PEDRO DEL ARROYO;C.S. SAN PEDRO ARROYO;VILLAFLOR;P.A.C. San Pedro Arroyo
G.A.P. SALAMANCA;170605;CANTALAPIEDRA;C.S. CANTALAPIEDRA;VILLAFLORES;P.A.C. Cantalapiedra
G.A.P. VALLADOLID OESTE;170925;VILLALON DE CAMPOS;C.S. VILLALON DE CAMPOS;VILLAFRADES DE CAMPOS;P.A.C. Villalón De Campos
G.A.P. VALLADOLID ESTE;171019;ALAEJOS;C.S. ALAEJOS;VILLAFRANCA DE DUERO;P.A.C.  Alaejos
G.A.S. AVILA;170117;PIEDRAHITA;C.S. PIEDRAHITA;VILLAFRANCA DE LA SIERRA;P.A.C. Piedrahita
G.A.P. LEON;170303;ASTORGA II;C.S. ASTORGA II;VILLAFRANCA DEL BIERZO;P.A.C. Astorga
G.A.S. EL BIERZO;170410;VILLAFRANCA DEL BIERZO;C.S. VILLAFRANCA BIERZO;VILLAFRANCA DEL BIERZO;P.A.C. Villafranca Bierzo
G.A.P. BURGOS;170204;BELORADO;C.S. BELORADO;VILLAFRANCA MONTES DE OCA;P.A.C. Belorado
G.A.P. VALLADOLID OESTE;170924;VILLAFRECHOS;C.S. VILLAFRECHOS;VILLAFRECHOS;P.A.C. Villafrechós
G.A.P. BURGOS;170216;LERMA;C.S. LERMA;VILLAFRUELA;P.A.C. Lerma
G.A.P. VALLADOLID ESTE;171002;ESGUEVILLAS ESGUEVA;C.S. ESGUEVILLAS;VILLAFUERTE;P.A.C. Esguevillas
G.A.P. BURGOS;170204;BELORADO;C.S. BELORADO;VILLAGALIJO;P.A.C. Belorado
G.A.P. VALLADOLID OESTE;170924;VILLAFRECHOS;C.S. VILLAFRECHOS;VILLAGARCIA DE CAMPOS;P.A.C. Villafrechós
G.A.S. EL BIERZO;170401;BEMBIBRE;C.S. BEMBIBRE;VILLAGATON;P.A.C. Bembibre (4)
G.A.P. LEON;170303;ASTORGA II;C.S. ASTORGA II;VILLAGATON;P.A.C. Astorga
G.A.S. ZAMORA;171118;VIDRIALES;C.S. SANTIBAÑEZ VIDRIAL;VILLAGERIZ;P.A.C. Santibañez Vidriales
G.A.P. VALLADOLID OESTE;170925;VILLALON DE CAMPOS;C.S. VILLALON DE CAMPOS;VILLAGOMEZ LA NUEVA;P.A.C. Villalón De Campos
G.A.P. SALAMANCA;170628;SANTA MARTA DE TORMES;C.S. SANTA MARTA DE TORMES;VILLAGONZALO DE TORMES;P.A.C. Santa Marta De Tormes
G.A.P. BURGOS;170209;BURGOS RURAL SUR;C.S. BURGOS RURAL SUR;VILLAGONZALO PEDERNALES;P.A.C. Burgos Rural Norte Sur
G.A.S. PALENCIA;170516;TORQUEMADA;C.S. TORQUEMADA;VILLAHAN;P.A.C. Torquemada
G.A.S. PALENCIA;170510;OSORNO;C.S. OSORNO;VILLAHERREROS;P.A.C. Osorno
G.A.P. BURGOS;170216;LERMA;C.S. LERMA;VILLAHOZ;P.A.C. Lerma
G.A.S. PALENCIA;170505;FROMISTA;C.S. FROMISTA;VILLALACO;P.A.C. Frómista
G.A.P. VALLADOLID OESTE;170920;TORDESILLAS;C.S. TORDESILLAS;VILLALAR DE LOS COMUNEROS;P.A.C. Tordesillas
G.A.S. ZAMORA;171122;ZAMORA SUR;C.S. ZAMORA SUR;VILLALAZAN;P.A.C. Zamora Integrado
G.A.P. BURGOS;170202;ARANDA DE DUERO RURAL;C.S. ARANDA RURAL;VILLALBA DE DUERO;P.A.C. Aranda
G.A.S. PALENCIA;170506;GUARDO;C.S. GUARDO;VILLALBA DE GUARDO;P.A.C. Guardo
G.A.S. ZAMORA;171107;CAMPOS LAMPREANA;C.S. VILLARRIN;VILLALBA DE LA LAMPREANA;P.A.C. Villarrín
G.A.P. VALLADOLID OESTE;170910;MAYORGA;C.S. MAYORGA DE CAMPOS;VILLALBA DE LA LOMA;P.A.C. Mayorga De Campos
G.A.P. VALLADOLID OESTE;170913;MEDINA DE RIOSECO;C.S. MEDINA DE RIOSECO;VILLALBA DE LOS ALCORES;P.A.C. Medina De Rioseco
G.A.P. SALAMANCA;170619;MATILLA DE LOS CAÑOS;C.S. MATILLA CAÑOS;VILLALBA DE LOS LLANOS;P.A.C. Matilla Caños
G.A.P. VALLADOLID OESTE;170914;MOTA DEL MARQUES;C.S. MOTA DEL MARQUES;VILLALBARBA;P.A.C. Mota Del Marqués
G.A.P. BURGOS;170209;BURGOS RURAL SUR;C.S. BURGOS RURAL SUR;VILLALBILLA DE BURGOS;P.A.C. Burgos Rural Norte Sur
G.A.P. BURGOS;170202;ARANDA DE DUERO RURAL;C.S. ARANDA RURAL;VILLALBILLA DE GUMIEL;P.A.C. Aranda
G.A.S. ZAMORA;171121;ZAMORA NORTE;C.S. ZAMORA NORTE;VILLALCAMPO;P.A.C. Zamora Integrado
G.A.S. PALENCIA;170503;CARRION DE LOS CONDES;C.S. CARRION DE LOS CONDES;VILLALCAZAR DE SIRGA;P.A.C. Carrión De Los Condes
G.A.S. PALENCIA;170519;VILLADA;C.S. VILLADA;VILLALCON;P.A.C. Villada
G.A.P. BURGOS;170223;PAMPLIEGA;C.S. PAMPLIEGA;VILLALDEMIRO;P.A.C. Pampliega
G.A.P. BURGOS;170216;LERMA;C.S. LERMA;VILLALMANZO;P.A.C. Lerma
G.A.S. PALENCIA;170511;PALENCIA RURAL;C.S. PALENCIA RURAL;VILLALOBON;P.A.C. Palencia
G.A.S. ZAMORA;171119;VILLALPANDO;C.S. VILLALPANDO;VILLALOBOS;P.A.C. Villalpando
G.A.P. VALLADOLID OESTE;170910;MAYORGA;C.S. MAYORGA DE CAMPOS;VILLALON DE CAMPOS;P.A.C. Mayorga De Campos
G.A.P. VALLADOLID OESTE;170925;VILLALON DE CAMPOS;C.S. VILLALON DE CAMPOS;VILLALON DE CAMPOS;P.A.C. Villalón De Campos
G.A.S. ZAMORA;171117;TORO;C.S. TORO;VILLALONSO;P.A.C. Toro
G.A.S. ZAMORA;171119;VILLALPANDO;C.S. VILLALPANDO;VILLALPANDO;P.A.C. Villalpando
G.A.S. ZAMORA;171121;ZAMORA NORTE;C.S. ZAMORA NORTE;VILLALUBE;P.A.C. Zamora Integrado
G.A.S. PALENCIA;170514;SALDAÑA;C.S. SALDAÑA;VILLALUENGA DE LA VEGA;P.A.C. Saldaña
G.A.P. LEON;170327;VALENCIA DE DON JUAN;C.S. VALENCIA DE D. JUAN;VILLAMAÑAN;P.A.C. Valencia De D. Juan
G.A.P. LEON;170327;VALENCIA DE DON JUAN;C.S. VALENCIA DE D. JUAN;VILLAMANDOS;P.A.C. Valencia De D. Juan
G.A.P. LEON;170307;CUENCA DEL BERNESGA;C.S. CUENCA BERNESGA;VILLAMANIN;P.A.C La Pola de Gordón
G.A.S. PALENCIA;170518;VILLARRAMIEL;C.S. VILLARRAMIEL;VILLAMARTIN DE CAMPOS;P.A.C. Villarramiel
G.A.P. LEON;170323;SAHAGUN DE CAMPOS;C.S. SAHAGUN CAMPOS;VILLAMARTIN DE DON SANCHO;P.A.C. Sahagún Campos
G.A.P. SALAMANCA;170622;PERIURBANA NORTE;C.S. PERIURBANA NORTE;VILLAMAYOR;P.A.C. Periurbana Norte
G.A.S. ZAMORA;171119;VILLALPANDO;C.S. VILLALPANDO;VILLAMAYOR DE CAMPOS;P.A.C. Villalpando
G.A.P. BURGOS;170216;LERMA;C.S. LERMA;VILLAMAYOR DE LOS MONTES;P.A.C. Lerma
G.A.P. BURGOS;170233;VILLADIEGO;C.S. VILLADIEGO;VILLAMAYOR DE TREVIÑO;P.A.C. Villadiego
G.A.P. BURGOS;170204;BELORADO;C.S. BELORADO;VILLAMBISTIA;P.A.C. Belorado
G.A.S. PALENCIA;170516;TORQUEMADA;C.S. TORQUEMADA;VILLAMEDIANA;P.A.C. Torquemada
G.A.P. BURGOS;170223;PAMPLIEGA;C.S. PAMPLIEGA;VILLAMEDIANILLA;P.A.C. Pampliega
G.A.P. LEON;170303;ASTORGA II;C.S. ASTORGA II;VILLAMEJIL;P.A.C. Astorga
G.A.S. PALENCIA;170507;HERRERA DE PISUERGA;C.S. HERRERA DE PISUERGA;VILLAMERIEL;P.A.C. Herrera De Pisuerga
G.A.P. BURGOS;170209;BURGOS RURAL SUR;C.S. BURGOS RURAL SUR;VILLAMIEL DE LA SIERRA;P.A.C. Burgos Rural Norte Sur
G.A.P. LEON;170323;SAHAGUN DE CAMPOS;C.S. SAHAGUN CAMPOS;VILLAMOL;P.A.C. Sahagún Campos
G.A.P. LEON;170309;BAÑEZA II LA;C.S. BAÑEZA II;VILLAMONTAN DE LA VALDUERNA;P.A.C. La Bañeza
G.A.S. ZAMORA;171113;GUAREÑA;C.S. LA GUAREÑA;VILLAMOR DE LOS ESCUDEROS;P.A.C. La Guareña
G.A.P. LEON;170318;MANSILLA DE LAS MULAS;C.S. MANSILLA MULAS;VILLAMORATIEL DE LAS MATAS;P.A.C. Mansilla Mulas
G.A.S. PALENCIA;170503;CARRION DE LOS CONDES;C.S. CARRION DE LOS CONDES;VILLAMORONTA;P.A.C. Carrión De Los Condes
G.A.S. PALENCIA;170512;PAREDES DE NAVA;C.S. PAREDES DE NAVA;VILLAMUERA DE LA CUEZA;P.A.C. Paredes De Nava
G.A.P. VALLADOLID OESTE;170924;VILLAFRECHOS;C.S. VILLAFRECHOS;VILLAMURIEL DE CAMPOS;P.A.C. Villafrechós
G.A.S. PALENCIA;170520;VILLAMURIEL DE CERRATO;C.S. VILLAMURIEL DE CERRATO;VILLAMURIEL DE CERRATO;P.A.C. Villamuriel de Cerrato
G.A.P. VALLADOLID OESTE;170920;TORDESILLAS;C.S. TORDESILLAS;VILLAN DE TORDESILLAS;P.A.C. Tordesillas
G.A.S. ZAMORA;171104;BENAVENTE NORTE;C.S. BENAVENTE NORTE;VILLANAZAR;P.A.C. Benavente
G.A.S. ZAMORA;171105;BENAVENTE SUR;C.S. BENAVENTE SUR;VILLANAZAR;P.A.C. Benavente
G.A.P. BURGOS;170209;BURGOS RURAL SUR;C.S. BURGOS RURAL SUR;VILLANGOMEZ;P.A.C. Burgos Rural Norte Sur
G.A.P. VALLADOLID OESTE;170926;VALLADOLID RURAL II;C.S. VALLADOLID RURAL II;VILLANUBLA;P.A.C. Valladolid Rural II
G.A.P. BURGOS;170209;BURGOS RURAL SUR;C.S. BURGOS RURAL SUR;VILLANUEVA DE ARGAÑO;P.A.C. Burgos Rural Norte Sur
G.A.S. AVILA;170109;BURGOHONDO;C.S. BURGOHONDO;VILLANUEVA DE AVILA;P.A.C. Burgohondo
G.A.S. ZAMORA;171105;BENAVENTE SUR;C.S. BENAVENTE SUR;VILLANUEVA DE AZOAGUE;P.A.C. Benavente
G.A.S. ZAMORA;171110;CORRALES DEL VINO;C.S. CORRALES DEL VINO;VILLANUEVA DE CAMPEAN;P.A.C. Corrales Del Vino
G.A.P. VALLADOLID ESTE;171017;SERRADA;C.S. SERRADA;VILLANUEVA DE DUERO;P.A.C. Serrada
G.A.S. AVILA;170102;AREVALO;C.S. AREVALO;VILLANUEVA DE GOMEZ;P.A.C. Arévalo
G.A.S. SORIA;170805;BURGO DE OSMA;C.S. EL BURGO DE OSMA;VILLANUEVA DE GORMAZ;P.A.C. El Burgo De Osma
G.A.P. BURGOS;170202;ARANDA DE DUERO RURAL;C.S. ARANDA RURAL;VILLANUEVA DE GUMIEL;P.A.C. Aranda
G.A.P. VALLADOLID OESTE;170925;VILLALON DE CAMPOS;C.S. VILLALON DE CAMPOS;VILLANUEVA DE LA CONDESA;P.A.C. Villalón De Campos
G.A.P. LEON;170318;MANSILLA DE LAS MULAS;C.S. MANSILLA MULAS;VILLANUEVA DE LAS MANZANAS;P.A.C. Mansilla Mulas
G.A.S. ZAMORA;171106;TERA;C.S. CAMARZANA DE TERA;VILLANUEVA DE LAS PERAS;P.A.C. Camarzana De Tera
G.A.P. VALLADOLID OESTE;170924;VILLAFRECHOS;C.S. VILLAFRECHOS;VILLANUEVA DE LOS CABALLEROS;P.A.C. Villafrechós
G.A.P. VALLADOLID ESTE;171002;ESGUEVILLAS ESGUEVA;C.S. ESGUEVILLAS;VILLANUEVA DE LOS INFANTES;P.A.C. Esguevillas
G.A.P. VALLADOLID OESTE;170913;MEDINA DE RIOSECO;C.S. MEDINA DE RIOSECO;VILLANUEVA DE SAN MANCIO;P.A.C. Medina De Rioseco
G.A.P. BURGOS;170205;BRIVIESCA;C.S. BRIVIESCA;VILLANUEVA DE TEBA;P.A.C. Briviesca
G.A.S. AVILA;170102;AREVALO;C.S. AREVALO;VILLANUEVA DEL ACERAL;P.A.C. Arévalo
G.A.S. AVILA;170120;MUÑANA;C.S. MUÑANA;VILLANUEVA DEL CAMPILLO;P.A.C. Muñana
G.A.S. ZAMORA;171119;VILLALPANDO;C.S. VILLALPANDO;VILLANUEVA DEL CAMPO;P.A.C. Villalpando
G.A.P. SALAMANCA;170620;MIRANDA DEL CASTAÑAR;C.S. MIRANDA DEL CASTAÑAR;VILLANUEVA DEL CONDE;P.A.C. Miranda Del Castañar
G.A.S. PALENCIA;170512;PAREDES DE NAVA;C.S. PAREDES DE NAVA;VILLANUEVA DEL REBOLLAR;P.A.C. Paredes De Nava
G.A.S. PALENCIA;170503;CARRION DE LOS CONDES;C.S. CARRION DE LOS CONDES;VILLANUÑO DE VALDAVIA;P.A.C. Carrión De Los Condes
G.A.P. LEON;170302;ASTORGA I;C.S. ASTORGA I;VILLAOBISPO DE OTERO;P.A.C. Astorga
G.A.P. LEON;170327;VALENCIA DE DON JUAN;C.S. VALENCIA DE D. JUAN;VILLAORNATE Y CASTRO;P.A.C. Valencia De D. Juan
G.A.S. PALENCIA;170510;OSORNO;C.S. OSORNO;VILLAPROVEDO;P.A.C. Osorno
G.A.P. LEON;170326;VALDERAS;C.S. VALDERAS;VILLAQUEJIDA;P.A.C. Valderas
G.A.P. LEON;170312;LEON I - ERAS DE RENUEVA;C.S. ERAS DE RENUEVA;VILLAQUILAMBRE;P.A.C. Eras De Renueva
G.A.P. BURGOS;170220;MELGAR DE FERNAMENTAL;C.S. MELGAR FERNAMENTAL;VILLAQUIRAN DE LA PUEBLA;P.A.C. Melgar Fernamental
G.A.P. BURGOS;170223;PAMPLIEGA;C.S. PAMPLIEGA;VILLAQUIRAN DE LOS INFANTES;P.A.C. Pampliega
G.A.P. SALAMANCA;170610;FUENTES DE OÑORO;C.S. FUENTES DE OÑORO;VILLAR DE ARGAÑAN;P.A.C. Fuentes De Oñoro
G.A.P. SALAMANCA;170610;FUENTES DE OÑORO;C.S. FUENTES DE OÑORO;VILLAR DE CIERVO;P.A.C. Fuentes De Oñoro
G.A.S. AVILA;170117;PIEDRAHITA;C.S. PIEDRAHITA;VILLAR DE CORNEJA;P.A.C. Piedrahita
G.A.S. ZAMORA;171119;VILLALPANDO;C.S. VILLALPANDO;VILLAR DE FALLAVES;P.A.C. Villalpando
G.A.P. SALAMANCA;170624;PEÑARANDA DE BRACAMONTE;C.S. PEÑARANDA;VILLAR DE GALLIMAZO;P.A.C. Peñaranda
G.A.P. SALAMANCA;170610;FUENTES DE OÑORO;C.S. FUENTES DE OÑORO;VILLAR DE LA YEGUA;P.A.C. Fuentes De Oñoro
G.A.P. SALAMANCA;170634;VITIGUDINO;C.S. VITIGUDINO;VILLAR DE PERALONSO;P.A.C. Vitigudino
G.A.P. SALAMANCA;170634;VITIGUDINO;C.S. VITIGUDINO;VILLAR DE SAMANIEGO;P.A.C. Vitigudino
G.A.S. SORIA;170811;SORIA RURAL;C.S. SORIA RURAL;VILLAR DEL ALA;P.A.C. Soria Rural Norte Y Sur
G.A.S. ZAMORA;171115;SAYAGO;C.S. BERMILLO DE SAYAGO;VILLAR DEL BUEY;P.A.C. Bermillo De Sayago
G.A.S. SORIA;170811;SORIA RURAL;C.S. SORIA RURAL;VILLAR DEL CAMPO;P.A.C. Soria Rural Norte Y Sur
G.A.S. SORIA;170812;SAN PEDRO MANRIQUE;C.S. S.PEDRO MANRIQUE;VILLAR DEL RIO;P.A.C. S.Pedro Manrique
G.A.S. ZAMORA;171122;ZAMORA SUR;C.S. ZAMORA SUR;VILLARALBO;P.A.C. Zamora Integrado
G.A.P. BURGOS;170235;VILLARCAYO DE MERINDAD DE CASTILLA LA;C.S. VILLARCAYO;VILLARCAYO DE MERINDAD DE CASTILLA LA VIEJA;P.A.C. Villarcayo
G.A.S. ZAMORA;171109;CARBALLEDA;C.S. MOMBUEY;VILLARDECIERVOS;P.A.C. Mombuey
G.A.P. VALLADOLID OESTE;170914;MOTA DEL MARQUES;C.S. MOTA DEL MARQUES;VILLARDEFRADES;P.A.C. Mota Del Marqués
G.A.S. ZAMORA;171115;SAYAGO;C.S. BERMILLO DE SAYAGO;VILLARDIEGUA DE LA RIBERA;P.A.C. Bermillo De Sayago
G.A.S. ZAMORA;171119;VILLALPANDO;C.S. VILLALPANDO;VILLARDIGA;P.A.C. Villalpando
G.A.S. ZAMORA;171117;TORO;C.S. TORO;VILLARDONDIEGO;P.A.C. Toro
G.A.P. LEON;170322;RIBERA DEL ORBIGO;C.S. RIBERA DEL ORBIGO;VILLAREJO DE ORBIGO;P.A.C. Ribera Del Órbigo
G.A.S. AVILA;170116;MOMBELTRAN;C.S. MOMBELTRAN;VILLAREJO DEL VALLE;P.A.C. Mombeltrán
G.A.P. SALAMANCA;170622;PERIURBANA NORTE;C.S. PERIURBANA NORTE;VILLARES DE LA REINA;P.A.C. Periurbana Norte
G.A.P. LEON;170322;RIBERA DEL ORBIGO;C.S. RIBERA DEL ORBIGO;VILLARES DE ORBIGO;P.A.C. Ribera Del Órbigo
G.A.S. SORIA;170811;SORIA RURAL;C.S. SORIA RURAL;VILLARES DE SORIA (LOS);P.A.C. Soria Rural Norte Y Sur
G.A.P. SALAMANCA;170634;VITIGUDINO;C.S. VITIGUDINO;VILLARES DE YELTES;P.A.C. Vitigudino
G.A.P. BURGOS;170209;BURGOS RURAL SUR;C.S. BURGOS RURAL SUR;VILLARIEZO;P.A.C. Burgos Rural Norte Sur
G.A.P. SALAMANCA;170634;VITIGUDINO;C.S. VITIGUDINO;VILLARINO DE LOS AIRES;P.A.C. Vitigudino
G.A.P. SALAMANCA;170616;LEDESMA;C.S. LEDESMA;VILLARMAYOR;P.A.C. Ledesma
G.A.P. VALLADOLID ESTE;171025;VALLADOLID RURAL I;C.S. VALLADOLID RURAL I;VILLARMENTERO DE ESGUEVA;P.A.C. Valladolid Rural I
G.A.P. SALAMANCA;170634;VITIGUDINO;C.S. VITIGUDINO;VILLARMUERTO;P.A.C. Vitigudino
G.A.S. PALENCIA;170514;SALDAÑA;C.S. SALDAÑA;VILLARRABE;P.A.C. Saldaña
G.A.S. PALENCIA;170518;VILLARRAMIEL;C.S. VILLARRAMIEL;VILLARRAMIEL;P.A.C. Villarramiel
G.A.S. ZAMORA;171107;CAMPOS LAMPREANA;C.S. VILLARRIN;VILLARRIN DE CAMPOS;P.A.C. Villarrín
G.A.P. LEON;170318;MANSILLA DE LAS MULAS;C.S. MANSILLA MULAS;VILLASABARIEGO;P.A.C. Mansilla Mulas
G.A.P. BURGOS;170220;MELGAR DE FERNAMENTAL;C.S. MELGAR FERNAMENTAL;VILLASANDINO;P.A.C. Melgar Fernamental
G.A.S. PALENCIA;170510;OSORNO;C.S. OSORNO;VILLASARRACINO;P.A.C. Osorno
G.A.S. SORIA;170802;ALMAZAN;C.S. ALMAZAN;VILLASAYAS;P.A.C. Almazán
G.A.P. SALAMANCA;170602;ALDEADAVILA DE LA RIBERA;C.S. ALDEADAVILA RIBERA;VILLASBUENAS;P.A.C. Aldeadavila Ribera
G.A.P. SALAMANCA;170616;LEDESMA;C.S. LEDESMA;VILLASDARDO;P.A.C. Ledesma
G.A.S. SORIA;170807;GOMARA;C.S. GOMARA;VILLASECA DE ARCIEL;P.A.C. Gómara
G.A.P. SALAMANCA;170616;LEDESMA;C.S. LEDESMA;VILLASECO DE LOS GAMITOS;P.A.C. Ledesma
G.A.P. SALAMANCA;170616;LEDESMA;C.S. LEDESMA;VILLASECO DE LOS REYES;P.A.C. Ledesma
G.A.S. ZAMORA;171121;ZAMORA NORTE;C.S. ZAMORA NORTE;VILLASECO DEL PAN;P.A.C. Zamora Integrado
G.A.P. LEON;170323;SAHAGUN DE CAMPOS;C.S. SAHAGUN CAMPOS;VILLASELAN;P.A.C. Sahagún Campos
G.A.P. VALLADOLID OESTE;170920;TORDESILLAS;C.S. TORDESILLAS;VILLASEXMIR;P.A.C. Tordesillas
G.A.S. PALENCIA;170514;SALDAÑA;C.S. SALDAÑA;VILLASILA DE VALDAVIA;P.A.C. Saldaña
G.A.P. SALAMANCA;170626;ROBLEDA;C.S. ROBLEDA;VILLASRUBIAS;P.A.C. Robleda
G.A.P. BURGOS;170208;BURGOS RURAL NORTE;C.S. BURGOS RURAL NORTE;VILLASUR DE HERREROS;P.A.C. Burgos Rural Norte Sur
G.A.S. AVILA;170120;MUÑANA;C.S. MUÑANA;VILLATORO;P.A.C. Muñana
G.A.P. BURGOS;170225;ROA DE DUERO;C.S. ROA DE DUERO;VILLATUELDA;P.A.C. Roa De Duero
G.A.S. PALENCIA;170503;CARRION DE LOS CONDES;C.S. CARRION DE LOS CONDES;VILLATURDE;P.A.C. Carrión De Los Condes
G.A.P. LEON;170318;MANSILLA DE LAS MULAS;C.S. MANSILLA MULAS;VILLATURIEL;P.A.C. Mansilla Mulas
G.A.P. LEON;170317;LEON VI - JOSE AGUADO II;C.S. JOSE AGUADO II;VILLATURIEL;P.A.C. José Aguado
G.A.S. PALENCIA;170511;PALENCIA RURAL;C.S. PALENCIA RURAL;VILLAUMBRALES;P.A.C. Palencia
G.A.P. VALLADOLID ESTE;171018;TUDELA DE DUERO;C.S. TUDELA;VILLAVAQUERIN;P.A.C. Tudela
G.A.P. VALLADOLID OESTE;170914;MOTA DEL MARQUES;C.S. MOTA DEL MARQUES;VILLAVELLID;P.A.C. Mota Del Marqués
G.A.S. ZAMORA;171117;TORO;C.S. TORO;VILLAVENDIMIO;P.A.C. Toro
G.A.P. SALAMANCA;170621;PEDROSILLO EL RALO;C.S. PEDROSILLO EL RALO;VILLAVERDE DE GUAREÑA;P.A.C. Pedrosillo El Ralo
G.A.P. VALLADOLID ESTE;171006;ISCAR;C.S. ISCAR;VILLAVERDE DE ISCAR;P.A.C. Íscar
G.A.P. VALLADOLID ESTE;171021;MEDINA DEL CAMPO RURAL;C.S. MEDINA CAMPO RURAL;VILLAVERDE DE MEDINA;P.A.C. Medina
G.A.P. BURGOS;170202;ARANDA DE DUERO RURAL;C.S. ARANDA RURAL;VILLAVERDE DE MONTEJO;P.A.C. Aranda
G.A.P. BURGOS;170223;PAMPLIEGA;C.S. PAMPLIEGA;VILLAVERDE DEL MONTE;P.A.C. Pampliega
G.A.P. BURGOS;170209;BURGOS RURAL SUR;C.S. BURGOS RURAL SUR;VILLAVERDE DEL MONTE;P.A.C. Burgos Rural Norte Sur
G.A.P. BURGOS;170223;PAMPLIEGA;C.S. PAMPLIEGA;VILLAVERDE-MOGINA;P.A.C. Pampliega
G.A.S. ZAMORA;171116;TABARA;C.S. TABARA;VILLAVEZA DE VALVERDE;P.A.C. Tábara
G.A.S. ZAMORA;171105;BENAVENTE SUR;C.S. BENAVENTE SUR;VILLAVEZA DEL AGUA;P.A.C. Benavente
G.A.P. VALLADOLID OESTE;170910;MAYORGA;C.S. MAYORGA DE CAMPOS;VILLAVICENCIO DE LOS CABALLEROS;P.A.C. Mayorga De Campos
G.A.P. SALAMANCA;170634;VITIGUDINO;C.S. VITIGUDINO;VILLAVIEJA DE YELTES;P.A.C. Vitigudino
G.A.S. PALENCIA;170502;BALTANAS;C.S. BALTANAS;VILLAVIUDAS;P.A.C. Baltanás
G.A.P. BURGOS;170208;BURGOS RURAL NORTE;C.S. BURGOS RURAL NORTE;VILLAYERNO MORQUILLAS;P.A.C. Burgos Rural Norte Sur
G.A.P. LEON;170309;BAÑEZA II LA;C.S. BAÑEZA II;VILLAZALA;P.A.C. La Bañeza
G.A.P. LEON;170323;SAHAGUN DE CAMPOS;C.S. SAHAGUN CAMPOS;VILLAZANZO DE VALDERADUEY;P.A.C. Sahagún Campos
G.A.P. BURGOS;170223;PAMPLIEGA;C.S. PAMPLIEGA;VILLAZOPEQUE;P.A.C. Pampliega
G.A.P. BURGOS;170233;VILLADIEGO;C.S. VILLADIEGO;VILLEGAS;P.A.C. Villadiego
G.A.S. SEGOVIA;170706;NAVA DE LA ASUNCION;C.S. NAVA DE LA ASUNCION;VILLEGUILLO;P.A.C. Nava De La Asunción
G.A.S. PALENCIA;170518;VILLARRAMIEL;C.S. VILLARRAMIEL;VILLERIAS DE CAMPOS;P.A.C. Villarramiel
G.A.S. PALENCIA;170505;FROMISTA;C.S. FROMISTA;VILLODRE;P.A.C. Frómista
G.A.P. BURGOS;170223;PAMPLIEGA;C.S. PAMPLIEGA;VILLODRIGO;P.A.C. Pampliega
G.A.S. PALENCIA;170503;CARRION DE LOS CONDES;C.S. CARRION DE LOS CONDES;VILLOLDO;P.A.C. Carrión De Los Condes
G.A.P. BURGOS;170209;BURGOS RURAL SUR;C.S. BURGOS RURAL SUR;VILLORUEBO;P.A.C. Burgos Rural Norte Sur
G.A.P. SALAMANCA;170633;VILLORIA;C.S. VILLORIA;VILLORUELA;P.A.C. Villoria
G.A.S. PALENCIA;170514;SALDAÑA;C.S. SALDAÑA;VILLOTA DEL PARAMO;P.A.C. Saldaña
G.A.S. PALENCIA;170505;FROMISTA;C.S. FROMISTA;VILLOVIECO;P.A.C. Frómista
G.A.P. VALLADOLID ESTE;171016;PORTILLO;C.S. PORTILLO;VILORIA;P.A.C. Portillo
G.A.P. BURGOS;170204;BELORADO;C.S. BELORADO;VILORIA DE RIOJA;P.A.C. Belorado
G.A.P. SALAMANCA;170602;ALDEADAVILA DE LA RIBERA;C.S. ALDEADAVILA RIBERA;VILVESTRE;P.A.C. Aldeadavila Ribera
G.A.P. BURGOS;170224;QUINTANAR DE LA SIERRA;C.S. QUINTANAR SIERRA;VILVIESTRE DEL PINAR;P.A.C. Quintanar Sierra
G.A.S. ZAMORA;171102;ALISTE;C.S. ALCAÑICES;VIÑAS;P.A.C. Alcañices
G.A.S. AVILA;170118;SAN PEDRO DEL ARROYO;C.S. SAN PEDRO ARROYO;VIÑEGRA DE MORAÑA;P.A.C. San Pedro Arroyo
G.A.S. SORIA;170809;PINARES-COVALEDA;C.S. PINARES-COVALEDA;VINUESA;P.A.C. Pinares-Covaleda
G.A.S. AVILA;170118;SAN PEDRO DEL ARROYO;C.S. SAN PEDRO ARROYO;VITA;P.A.C. San Pedro Arroyo
G.A.P. SALAMANCA;170634;VITIGUDINO;C.S. VITIGUDINO;VITIGUDINO;P.A.C. Vitigudino
G.A.P. BURGOS;170226;SALAS DE LOS INFANTES;C.S. SALAS LOS INFANTES;VIZCAINOS;P.A.C. Salas Los Infantes
G.A.S. SORIA;170812;SAN PEDRO MANRIQUE;C.S. S.PEDRO MANRIQUE;VIZMANOS;P.A.C. S.Pedro Manrique
G.A.S. SORIA;170801;AGREDA;C.S. AGREDA;VOZMEDIANO;P.A.C. Ágreda
G.A.P. VALLADOLID OESTE;170926;VALLADOLID RURAL II;C.S. VALLADOLID RURAL II;WAMBA;P.A.C. Valladolid Rural II
G.A.S. SORIA;170812;SAN PEDRO MANRIQUE;C.S. S.PEDRO MANRIQUE;YANGUAS;P.A.C. S.Pedro Manrique
G.A.S. SEGOVIA;170702;CARBONERO EL MAYOR;C.S. CARBONERO EL MAYOR;YANGUAS DE ERESMA;P.A.C. Carbonero El Mayor
G.A.P. SALAMANCA;170634;VITIGUDINO;C.S. VITIGUDINO;YECLA DE YELTES;P.A.C. Vitigudino
G.A.S. SORIA;170803;ARCOS DE JALON;C.S. ARCOS DE JALON;YELO;P.A.C. Arcos De Jalón
G.A.P. BURGOS;170216;LERMA;C.S. LERMA;ZAEL;P.A.C. Lerma
G.A.P. SALAMANCA;170606;CIUDAD RODRIGO;C.S. CIUDAD RODRIGO;ZAMARRA;P.A.C. Ciudad Rodrigo
G.A.P. SALAMANCA;170604;CALZADA DE VALDUNCIEL;C.S. CALZADA VALDUNCIEL;ZAMAYON;P.A.C. Calzada Valdunciel
G.A.S. ZAMORA;171111;DIEGO DE LOSADA;C.S. PUERTA NUEVA;ZAMORA;P.A.C. Zamora Integrado
G.A.S. ZAMORA;171122;ZAMORA SUR;C.S. ZAMORA SUR;ZAMORA;P.A.C. Zamora Integrado
G.A.S. ZAMORA;171121;ZAMORA NORTE;C.S. ZAMORA NORTE;ZAMORA;P.A.C. Zamora Integrado
G.A.S. ZAMORA;171120;VIRGEN DE LA CONCHA;C.S. VIRGEN DE LA CONCHA;ZAMORA;P.A.C. Zamora Integrado
G.A.S. ZAMORA;171101;PARADA DEL MOLINO;C.S. PARADA DEL MOLINO;ZAMORA;P.A.C. Zamora Integrado
G.A.S. ZAMORA;171112;DOCTOR FLEMING;C.S. SANTA ELENA;ZAMORA;P.A.C. Zamora Integrado
G.A.S. AVILA;170117;PIEDRAHITA;C.S. PIEDRAHITA;ZAPARDIEL DE LA CAÑADA;P.A.C. Piedrahita
G.A.S. AVILA;170108;BARCO DE AVILA EL;C.S. BARCO DE AVILA;ZAPARDIEL DE LA RIBERA;P.A.C. Barco de Ávila
G.A.P. SALAMANCA;170623;PERIURBANA SUR;C.S. PERIURBANO SUR;ZARAPICOS;P.A.C. Periurbano Sur
G.A.P. VALLADOLID OESTE;170926;VALLADOLID RURAL II;C.S. VALLADOLID RURAL II;ZARATAN;P.A.C. Valladolid Rural II
G.A.P. VALLADOLID ESTE;171020;OLMEDO;C.S. OLMEDO;ZARZA (LA);P.A.C. Olmedo
G.A.P. SALAMANCA;170602;ALDEADAVILA DE LA RIBERA;C.S. ALDEADAVILA RIBERA;ZARZA DE PUMAREDA (LA);P.A.C. Aldeadavila Ribera
G.A.P. BURGOS;170220;MELGAR DE FERNAMENTAL;C.S. MELGAR FERNAMENTAL;ZARZOSA DE RIO PISUERGA;P.A.C. Melgar Fernamental
G.A.S. SEGOVIA;170713;VILLACASTIN;C.S. VILLACASTIN;ZARZUELA DEL MONTE;P.A.C. Villacastín
G.A.S. SEGOVIA;170702;CARBONERO EL MAYOR;C.S. CARBONERO EL MAYOR;ZARZUELA DEL PINAR;P.A.C. Carbonero El Mayor
G.A.P. BURGOS;170202;ARANDA DE DUERO RURAL;C.S. ARANDA RURAL;ZAZUAR;P.A.C. Aranda
G.A.P. SALAMANCA;170605;CANTALAPIEDRA;C.S. CANTALAPIEDRA;ZORITA DE LA FRONTERA;P.A.C. Cantalapiedra
G.A.P. LEON;170325;SANTA MARIA DEL PARAMO;C.S. STA. MARIA PARAMO;ZOTES DEL PARAMO;P.A.C. Sta. María Páramo
G.A.P. BURGOS;170205;BRIVIESCA;C.S. BRIVIESCA;ZUÑEDA;P.A.C. Briviesca
