GERENCIA;NOMBRE GERENCIA;CS;CENTRO;CONSULTORIO
1701;Gerencia de Ávila;170102;C.S. AREVALO;C.L. ORBITA
1701;Gerencia de Ávila;170102;C.S. AREVALO;C.L. SANCHIDRIAN
1701;Gerencia de Ávila;170102;C.S. AREVALO;C.L. SINLABAJOS
1701;Gerencia de Ávila;170105;C.S. AVILA RURAL;C.L. ALDEA DEL REY NIÑO
1701;Gerencia de Ávila;170105;C.S. AVILA RURAL;C.L. GEMUÑO
1701;Gerencia de Ávila;170105;C.S. AVILA RURAL;C.L. COLILLA, LA
1701;Gerencia de Ávila;170105;C.S. AVILA RURAL;C.L. SAN PASCUAL
1701;Gerencia de Ávila;170108;C.S. BARCO DE AVILA;C.L. CASAS DEL ABAD
1701;Gerencia de Ávila;170105;C.S. AVILA RURAL;C.L. OJOS-ALBOS
1706;Gerencia de Salamanca;170601;C.S. ALBA DE TORMES;C.L. PEDRAZA DE ALBA
1702;Gerencia de Burgos;170210;C.S. CONDADO DE TREVIÑO;C.S. CONDADO DE TREVIÑO
1706;Gerencia de Salamanca;170603;C.S. BEJAR;C.L. HORCAJO DE MONTEMAYOR
1706;Gerencia de Salamanca;170603;C.S. BEJAR;C.L. NAVALMORAL DE BEJAR
1702;Gerencia de Burgos;170211;C.S. ESPINOSA MONTEROS;C.L. ENTRAMBOSRIOS
1702;Gerencia de Burgos;170213;C.S. GAMONAL LAS TORRES;C.S. GAMONAL LAS TORRES
1702;Gerencia de Burgos;170214;C.S. GARCIA LORCA;C.S. GARCIA LORCA
1706;Gerencia de Salamanca;170613;C.S. GUIJUELO;C.L. FRESNEDOSO
1702;Gerencia de Burgos;170215;C.S. HUERTA DE REY;C.L. HINOJAR DEL REY
1706;Gerencia de Salamanca;170617;C.S. LINARES DE RIOFRIO;C.L. FRADES DE LA SIERRA
1702;Gerencia de Burgos;170215;C.S. HUERTA DE REY;C.L. QUINTANARRAYA
1706;Gerencia de Salamanca;170618;C.S. LUMBRALES;C.L. BAÑOBAREZ
1706;Gerencia de Salamanca;170620;C.S. MIRANDA DEL CASTAÑAR;C.L. SEQUEROS
1702;Gerencia de Burgos;170222;C.S. MIRANDA OESTE;C.S. MIRANDA OESTE
1702;Gerencia de Burgos;170223;C.S. PAMPLIEGA;C.L. CIADONCHA
1706;Gerencia de Salamanca;170623;C.S. PERIURBANO SUR;C.L. GALINDO Y PERAHUY
1702;Gerencia de Burgos;170225;C.S. ROA DE DUERO;C.L. BOADA
1706;Gerencia de Salamanca;170623;C.S. PERIURBANO SUR;C.L. SAN PEDRO DEL VALLE
1702;Gerencia de Burgos;170225;C.S. ROA DE DUERO;C.L. OLMEDILLO DE ROA
1702;Gerencia de Burgos;170225;C.S. ROA DE DUERO;C.L. PINILLOS DE ESGUEVA
1706;Gerencia de Salamanca;170626;C.S. ROBLEDA;C.L. PEÑAPARDA
1706;Gerencia de Salamanca;170628;C.S. SANTA MARTA DE TORMES;C.L. CILLORUELO
1702;Gerencia de Burgos;170226;C.S. SALAS LOS INFANTES;C.S. SALAS LOS INFANTES
1706;Gerencia de Salamanca;170633;C.S. VILLORIA;C.L. VILLORUELA
1702;Gerencia de Burgos;170229;C.S. SEDANO;C.L. ORBANEJA DEL CASTILLO
1702;Gerencia de Burgos;170229;C.S. SEDANO;C.L. QUINTANILLA COLINA
1702;Gerencia de Burgos;170232;C.S. VALLE VALDEBEZANA;C.L. SANTA GADEA DE ALFOZ
1702;Gerencia de Burgos;170233;C.S. VILLADIEGO;C.L. AMAYA
1707;Gerencia de Segovia;170701;C.S. CANTALEJO;C.L. SAN PEDRO DE GAILLOS
1707;Gerencia de Segovia;170701;C.S. CANTALEJO;C.L. VEGANZONES
1707;Gerencia de Segovia;170702;C.S. CARBONERO EL MAYOR;C.S. CARBONERO EL MAYOR
1707;Gerencia de Segovia;170703;C.S. CUELLAR;C.L. GOMEZSERRACIN
1702;Gerencia de Burgos;170233;C.S. VILLADIEGO;C.L. SANDOVAL DE LA REINA
1702;Gerencia de Burgos;170233;C.S. VILLADIEGO;C.L. SASAMON
1703;Gerencia de León;170301;C.S. ARMUNIA;C.L. ARDON
1707;Gerencia de Segovia;170705;C.S. NAVAFRIA;C.L. TORRE VAL DE SAN PEDRO
1703;Gerencia de León;170302;C.S. ASTORGA I;C.L. SOPEÑA DE CARNEROS
1707;Gerencia de Segovia;170707;C.S. RIAZA;C.L. FUENTEMIZARRA
1703;Gerencia de León;170303;C.S. ASTORGA II;C.L. CARRAL
1707;Gerencia de Segovia;170711;C.S. SEGOVIA RURAL;C.L. NAVAS DE RIOFRIO
1703;Gerencia de León;170303;C.S. ASTORGA II;C.L. PRADORREY
1707;Gerencia de Segovia;170712;C.S. SEPULVEDA;C.L. ALDEANUEVA LA SERREZUELA
1703;Gerencia de León;170303;C.S. ASTORGA II;C.L. VALDERREY
1707;Gerencia de Segovia;170712;C.S. SEPULVEDA;C.L. FRESNO DE LA FUENTE
1707;Gerencia de Segovia;170712;C.S. SEPULVEDA;C.L. NAVARES DE LAS CUEVAS
1707;Gerencia de Segovia;170713;C.S. VILLACASTIN;C.L. ITUERO Y LAMA
1707;Gerencia de Segovia;170713;C.S. VILLACASTIN;C.L. NAVAS DE SAN ANTONIO
1708;Gerencia de Soria;170801;C.S. AGREDA;C.L. MATALEBRERAS
1703;Gerencia de León;170308;C.S. LA BAÑEZA I;C.L. JIMENEZ DE JAMUZ
1708;Gerencia de Soria;170801;C.S. AGREDA;C.L. VILLARRASO
1703;Gerencia de León;170308;C.S. LA BAÑEZA I;C.S. LA BAÑEZA I
1708;Gerencia de Soria;170803;C.S. ARCOS DE JALON;C.L. JUBERA
1708;Gerencia de Soria;170804;C.S. BERLANGA DE DUERO;C.L. CALTOJAR
1703;Gerencia de León;170309;C.S. BAÑEZA II;C.L. SAN ROMAN EL ANTIGUO
1703;Gerencia de León;170309;C.S. BAÑEZA II;C.L. SANTA MARIA DE LA ISLA
1708;Gerencia de Soria;170806;C.S. SAN ESTEBAN GORMAZ;C.L. ALDEA DE SAN ESTEBAN
1708;Gerencia de Soria;170806;C.S. SAN ESTEBAN GORMAZ;C.L. FUENTEARMEGIL
1708;Gerencia de Soria;170806;C.S. SAN ESTEBAN GORMAZ;C.L. SOTO DE SAN ESTEBAN
1708;Gerencia de Soria;170807;C.S. GOMARA;C.L. ALMENAR
1703;Gerencia de León;170320;C.S. RIAÑO;C.L. ESPEJOS DE LA REINA
1708;Gerencia de Soria;170807;C.S. GOMARA;C.L. SERON DE NAJIMA
1708;Gerencia de Soria;170808;C.S. OLVEGA;C.L. PINILLA DEL CAMPO
1708;Gerencia de Soria;170810;C.S. SAN LEONARDO YAGÜE;C.L. RABANERA DEL PINAR
1703;Gerencia de León;170323;C.S. SAHAGUN CAMPOS;C.L. SAN MIGUEL DE MONTAÑAN
1703;Gerencia de León;170323;C.S. SAHAGUN CAMPOS;C.L. VILLAZANZO DE VALDERADUEY
1703;Gerencia de León;170324;C.S. SAN ANDRES RABANEDO;C.L. SAN ANDRES RABANEDO
1703;Gerencia de León;170325;C.S. STA. MARIA PARAMO;C.L. LAGUNA NEGRILLOS
1703;Gerencia de León;170325;C.S. STA. MARIA PARAMO;C.L. SAN PEDRO BERCIANOS
1703;Gerencia de León;170325;C.S. STA. MARIA PARAMO;C.L. SOGUILLO DEL PARAMO
1703;Gerencia de León;170325;C.S. STA. MARIA PARAMO;C.L. ZOTES DEL PARAMO
1703;Gerencia de León;170326;C.S. VALDERAS;C.L. URONES DE CASTROPONCE
1703;Gerencia de León;170327;C.S. VALENCIA DE D. JUAN;C.L. FUENTES DE LOS OTEROS
1703;Gerencia de León;170327;C.S. VALENCIA DE D. JUAN;C.L. GIGOSOS DE LOS OTEROS
1703;Gerencia de León;170327;C.S. VALENCIA DE D. JUAN;C.L. VILLAMAÑAN
1703;Gerencia de León;170328;C.S. TROBAJO DEL CAMINO;C.L. MONTEJOS DEL CAMINO
1704;Gerencia de Ponferrada;170401;C.S. BEMBIBRE;C.L. FOLGOSO RIBERA
1704;Gerencia de Ponferrada;170401;C.S. BEMBIBRE;C.L. LA RIBERA DE FOLGOSO
1704;Gerencia de Ponferrada;170401;C.S. BEMBIBRE;C.L. ROZUELO
1704;Gerencia de Ponferrada;170401;C.S. BEMBIBRE;C.L. SAN JUSTO DE CABANILLAS
1704;Gerencia de Ponferrada;170404;C.S. PONFERRADA I;C.L. SAN LORENZO
1704;Gerencia de Ponferrada;170407;C.S. PUENTE DOMINGO FLOREZ;C.L. LAGO DE CARUCEDO
1704;Gerencia de Ponferrada;170407;C.S. PUENTE DOMINGO FLOREZ;C.L. LOMBA
1704;Gerencia de Ponferrada;170408;C.S. TORENO;C.L. TOMBRIO DE ARRIBA
1704;Gerencia de Ponferrada;170409;C.S. VILLABLINO;C.S. VILLABLINO
1704;Gerencia de Ponferrada;170410;C.S. VILLAFRANCA BIERZO;C.L. LA BAROSA
1704;Gerencia de Ponferrada;170410;C.S. VILLAFRANCA BIERZO;C.L. MOLDES
1704;Gerencia de Ponferrada;170410;C.S. VILLAFRANCA BIERZO;C.L. VILLADECANES
1704;Gerencia de Ponferrada;170411;C.S. PONFERRADA IV;C.L. FUENTESNUEVAS
1705;Gerencia de Palencia;170503;C.S. CARRION DE LOS CONDES;C.L. CALZADA DE LOS MOLINOS
1705;Gerencia de Palencia;170503;C.S. CARRION DE LOS CONDES;C.L. VILLANUÑO DE VALDAVIA
1705;Gerencia de Palencia;170505;C.S. FROMISTA;C.L. VILLOVIECO
1705;Gerencia de Palencia;170506;C.S. GUARDO;C.L. SANTANA DE LA PEÑA
1705;Gerencia de Palencia;170507;C.S. HERRERA DE PISUERGA;C.L. COZUELOS DE OJEDA
1705;Gerencia de Palencia;170507;C.S. HERRERA DE PISUERGA;C.L. VILLANECERIEL DE BOEDO
1705;Gerencia de Palencia;170511;C.S. PALENCIA RURAL;C.L. AUTILLA DEL PINO
1705;Gerencia de Palencia;170511;C.S. PALENCIA RURAL;C.L. VILLAUMBRALES
1705;Gerencia de Palencia;170512;C.S. PAREDES DE NAVA;C.S. PAREDES DE NAVA
1705;Gerencia de Palencia;170514;C.S. SALDAÑA;C.L. PINO DEL RIO
1705;Gerencia de Palencia;170514;C.S. SALDAÑA;C.L. RENEDO DE VALDAVIA
1705;Gerencia de Palencia;170514;C.S. SALDAÑA;C.L. VALDERRABANO DE VALDAVIA
1705;Gerencia de Palencia;170514;C.S. SALDAÑA;C.L. VILLAMBROZ
1705;Gerencia de Palencia;170514;C.S. SALDAÑA;C.L. VILLASILA DE VALDAVIA
1705;Gerencia de Palencia;170517;C.S. VENTA DE BAÑOS;C.L. POBLACION DE CERRATO
1705;Gerencia de Palencia;170517;C.S. VENTA DE BAÑOS;C.L. VERTAVILLO
1705;Gerencia de Palencia;170518;C.S. VILLARRAMIEL;C.L. TORREMORMOJON
1706;Gerencia de Salamanca;170601;C.S. ALBA DE TORMES;C.L. VALDECARROS
1706;Gerencia de Salamanca;170602;C.S. ALDEADAVILA RIBERA;C.L. SALDEANA
1706;Gerencia de Salamanca;170602;C.S. ALDEADAVILA RIBERA;C.L. VILLASBUENAS
1706;Gerencia de Salamanca;170603;C.S. BEJAR;C.L. CRISTOBAL
1706;Gerencia de Salamanca;170603;C.S. BEJAR;C.L. PEÑACABALLERA
1706;Gerencia de Salamanca;170603;C.S. BEJAR;C.L. PUERTO DE BEJAR
1706;Gerencia de Salamanca;170604;C.S. CALZADA VALDUNCIEL;C.L. EL ARCO
1706;Gerencia de Salamanca;170605;C.S. CANTALAPIEDRA;C.L. PALACIOSRUBIOS
1706;Gerencia de Salamanca;170606;C.S. CIUDAD RODRIGO;C.L. ATALAYA LA
1706;Gerencia de Salamanca;170608;C.S. FUENTE DE SAN ESTEBAN;C.L. CABRILLAS
1706;Gerencia de Salamanca;170613;C.S. GUIJUELO;C.L. SALVATIERRA DE TORMES
1706;Gerencia de Salamanca;170615;C.S. LA ALBERCA;C.L. EL CABACO
1706;Gerencia de Salamanca;170615;C.S. LA ALBERCA;C.L. MONFORTE DE LA SIERRA
1706;Gerencia de Salamanca;170616;C.S. LEDESMA;C.L. DOÑINOS DE LEDESMA
1706;Gerencia de Salamanca;170616;C.S. LEDESMA;C.L. SARDON DE LOS FRAILES
1706;Gerencia de Salamanca;170617;C.S. LINARES DE RIOFRIO;C.L. CASAS DE MONLEON
1706;Gerencia de Salamanca;170618;C.S. LUMBRALES;C.L. CERRALBO
1706;Gerencia de Salamanca;170620;C.S. MIRANDA DEL CASTAÑAR;C.L. SOTOSERRANO
1706;Gerencia de Salamanca;170622;C.S. PERIURBANA NORTE;C.L. ALDEARRUBIA
1706;Gerencia de Salamanca;170623;C.S. PERIURBANO SUR;C.L. BARBADILLO
1706;Gerencia de Salamanca;170623;C.S. PERIURBANO SUR;C.L. FLORIDA DE LIEBANA
1706;Gerencia de Salamanca;170624;C.S. PEÑARANDA;C.L. PARADINAS DE SAN JUAN
1706;Gerencia de Salamanca;170626;C.S. ROBLEDA;C.L. CESPEDOSA DE AGADONES
1706;Gerencia de Salamanca;170626;C.S. ROBLEDA;C.L. SAHUGO EL
1706;Gerencia de Salamanca;170628;C.S. SANTA MARTA DE TORMES;C.S. SANTA MARTA DE TORMES
1706;Gerencia de Salamanca;170630;C.S. TAMAMES;C.L. ALBA DE YELTES
1706;Gerencia de Salamanca;170634;C.S. VITIGUDINO;C.L. FUENTES DE MASUECO
1706;Gerencia de Salamanca;170634;C.S. VITIGUDINO;C.L. YECLA DE YELTES
1707;Gerencia de Segovia;170701;C.S. CANTALEJO;C.L. SAUQUILLO DE CABEZAS
1707;Gerencia de Segovia;170702;C.S. CARBONERO EL MAYOR;C.S. CARBONERO MAYOR
1707;Gerencia de Segovia;170704;C.S. FUENTESAUCO;C.L. COZUELOS DE FTDÑA.
1707;Gerencia de Segovia;170705;C.S. NAVAFRIA;C.L. CASTROSERNA DE ARRIBA
1707;Gerencia de Segovia;170706;C.S. NAVA DE LA ASUNCION;C.L. SANTA MARIA REAL NIEVA
1707;Gerencia de Segovia;170706;C.S. NAVA DE LA ASUNCION;C.L. SANTIUSTE S.JUAN BAUTISTA
1707;Gerencia de Segovia;170707;C.S. RIAZA;C.L. BARAHONA DE FRESNO
1707;Gerencia de Segovia;170707;C.S. RIAZA;C.L. RIAGUAS DE SAN BARTOLOME
1707;Gerencia de Segovia;170707;C.S. RIAZA;C.L. VALVIEJA
1707;Gerencia de Segovia;170711;C.S. SEGOVIA RURAL;C.L. CARBONERO DE AHUSIN
1707;Gerencia de Segovia;170711;C.S. SEGOVIA RURAL;C.L. HONTORIA
1707;Gerencia de Segovia;170711;C.S. SEGOVIA RURAL;C.L. LA LASTRILLA-EL SOTILLO
1707;Gerencia de Segovia;170711;C.S. SEGOVIA RURAL;C.L. MARUGAN
1707;Gerencia de Segovia;170711;C.S. SEGOVIA RURAL;C.L. REVENGA
1707;Gerencia de Segovia;170711;C.S. SEGOVIA RURAL;C.L. TABANERA DEL MONTE
1707;Gerencia de Segovia;170712;C.S. SEPULVEDA;C.L. ALDEONTE
1707;Gerencia de Segovia;170712;C.S. SEPULVEDA;C.L. VILLAFRANCA DEL CONDADO
1707;Gerencia de Segovia;170715;C.S. SAN ILDEFONSO;C.L. VALSAIN
1708;Gerencia de Soria;170801;C.S. AGREDA;C.L. MAGAÑA
1708;Gerencia de Soria;170802;C.S. ALMAZAN;C.L. CABANILLAS
1708;Gerencia de Soria;170802;C.S. ALMAZAN;C.L. CENTENERA DE ANDALUZ
1708;Gerencia de Soria;170802;C.S. ALMAZAN;C.L. NOLAY
1708;Gerencia de Soria;170802;C.S. ALMAZAN;C.L. REBOLLO DE DUERO
1708;Gerencia de Soria;170803;C.S. ARCOS DE JALON;C.L. ESTERAS DE MEDINACELI
1708;Gerencia de Soria;170804;C.S. BERLANGA DE DUERO;C.L. AGUILERA
1708;Gerencia de Soria;170804;C.S. BERLANGA DE DUERO;C.L. CASTRO
1708;Gerencia de Soria;170804;C.S. BERLANGA DE DUERO;C.L. LA RIBA DE ESCALOTE
1708;Gerencia de Soria;170804;C.S. BERLANGA DE DUERO;C.L. VALDERRUEDA
1708;Gerencia de Soria;170804;C.S. BERLANGA DE DUERO;C.L. VALVENEDIZO
1708;Gerencia de Soria;170805;C.S. EL BURGO DE OSMA;C.L. LA RASA
1708;Gerencia de Soria;170805;C.S. EL BURGO DE OSMA;C.L. LODARES
1708;Gerencia de Soria;170806;C.S. SAN ESTEBAN GORMAZ;C.L. BOCIGAS DE PERALES
1708;Gerencia de Soria;170806;C.S. SAN ESTEBAN GORMAZ;C.L. ZAYAS DE BASCONES
1708;Gerencia de Soria;170810;C.S. SAN LEONARDO YAGÜE;C.L. LA HINOJOSA
1708;Gerencia de Soria;170811;C.S. SORIA RURAL;C.L. AL CALATAÑAZOR
1708;Gerencia de Soria;170811;C.S. SORIA RURAL;C.L. ALMAJANO
1708;Gerencia de Soria;170811;C.S. SORIA RURAL;C.L. AUSEJO DE LA SIERRA
1708;Gerencia de Soria;170811;C.S. SORIA RURAL;C.L. CARAZUELO
1708;Gerencia de Soria;170811;C.S. SORIA RURAL;C.L. EL ROYO
1708;Gerencia de Soria;170811;C.S. SORIA RURAL;C.L. GALLINERO
1708;Gerencia de Soria;170811;C.S. SORIA RURAL;C.L. LAS CAMARETAS
1708;Gerencia de Soria;170811;C.S. SORIA RURAL;C.L. OMEÑACA
1708;Gerencia de Soria;170811;C.S. SORIA RURAL;C.L. REBOLLAR
1708;Gerencia de Soria;170811;C.S. SORIA RURAL;C.L. SEGOVIELA
1708;Gerencia de Soria;170811;C.S. SORIA RURAL;C.L. TARDELCUENDE
1708;Gerencia de Soria;170813;C.S. SORIA NORTE;C.L. LAS CASAS
1709;Gerencia de Valladolid Oeste;170913;C.S. MEDINA DE RIOSECO;C.L. PALACIOS DE CAMPOS
1709;Gerencia de Valladolid Oeste;170914;C.S. MOTA DEL MARQUES;C.L. CASTROMEMBIBRE
1709;Gerencia de Valladolid Oeste;170914;C.S. MOTA DEL MARQUES;C.L. VEGA DE VALDETRON.
1709;Gerencia de Valladolid Oeste;170920;C.S. TORDESILLAS;C.L. BERCERO
1709;Gerencia de Valladolid Oeste;170920;C.S. TORDESILLAS;C.L. BERCERUELO
1709;Gerencia de Valladolid Oeste;170924;C.S. VILLAFRECHOS;C.L. TORDEHUMOS
1709;Gerencia de Valladolid Oeste;170925;C.S. VILLALON DE CAMPOS;C.L. CEINOS DE CAMPOS
1709;Gerencia de Valladolid Oeste;170925;C.S. VILLALON DE CAMPOS;C.L. GORDALIZA DE LA LOMA
1709;Gerencia de Valladolid Oeste;170925;C.S. VILLALON DE CAMPOS;C.L. VILLANUEVA CONDESA
1709;Gerencia de Valladolid Oeste;170926;C.S. VALLADOLID RURAL II;C.L. CIGUÑUELA
1710;Gerencia de Valladolid Este;171002;C.S. ESGUEVILLAS;C.L. CASTROVERDE DE CERRATO
1710;Gerencia de Valladolid Este;171008;C.S. TORTOLA;C.S. TORTOLA
1710;Gerencia de Valladolid Este;171015;C.S. PEÑAFIEL;C.L. QUINTANILLA ARRIBA
1710;Gerencia de Valladolid Este;171016;C.S. PORTILLO;C.L. ALDEAMAYOR SAN M.
1710;Gerencia de Valladolid Este;171018;C.S. TUDELA;C.L. VILLABAÑEZ
1710;Gerencia de Valladolid Este;171021;C.S. MEDINA CAMPO RURAL;C.L. FONCASTIN
1710;Gerencia de Valladolid Este;171021;C.S. MEDINA CAMPO RURAL;C.L. FUENTE EL SOL
1710;Gerencia de Valladolid Este;171021;C.S. MEDINA CAMPO RURAL;C.L. HONCALADA
1710;Gerencia de Valladolid Este;171021;C.S. MEDINA CAMPO RURAL;C.L. RUBI DE BRACAMONTE
1710;Gerencia de Valladolid Este;171021;C.S. MEDINA CAMPO RURAL;C.L. RUEDA
1710;Gerencia de Valladolid Este;171024;C.S. GAMAZO;C.S. GAMAZO
1710;Gerencia de Valladolid Este;171025;C.S. VALLADOLID RURAL I;C.L. CASTRONUEVO ESGUE.
1710;Gerencia de Valladolid Este;171026;C.S. CIGALES;C.L. TRIGUEROS VALLE
1711;Gerencia de Zamora;171102;C.S. ALCAÑICES;C.L. BOYA
1708;Gerencia de Soria;170811;C.S. SORIA RURAL;C.L. BARRIOMARTIN
1708;Gerencia de Soria;170811;C.S. SORIA RURAL;C.L. MURIEL DE LA FUENTE
1708;Gerencia de Soria;170811;C.S. SORIA RURAL;C.L. NARROS
1708;Gerencia de Soria;170811;C.S. SORIA RURAL;C.L. RIBAROYA
1708;Gerencia de Soria;170811;C.S. SORIA RURAL;C.L. VILLAR DEL CAMPO
1708;Gerencia de Soria;170812;C.S. S.PEDRO MANRIQUE;C.L. ALDEHUELAS
1708;Gerencia de Soria;170812;C.S. S.PEDRO MANRIQUE;C.L. SAN ANDRES DE SAN PEDRO
1709;Gerencia de Valladolid Oeste;170910;C.S. MAYORGA DE CAMPOS;C.L. ALBIRES
1709;Gerencia de Valladolid Oeste;170910;C.S. MAYORGA DE CAMPOS;C.L. VALDEMORILLA
1709;Gerencia de Valladolid Oeste;170910;C.S. MAYORGA DE CAMPOS;C.L. VILLAVICENCIO CAB.
1709;Gerencia de Valladolid Oeste;170915;C.S. PARQUESOL;C.S. PARQUESOL
1709;Gerencia de Valladolid Oeste;170916;C.S. PISUERGA;C.L. ENTREPINOS
1709;Gerencia de Valladolid Oeste;170916;C.S. PISUERGA;C.L. GERIA
1709;Gerencia de Valladolid Oeste;170920;C.S. TORDESILLAS;C.L. MATILLA CAÑOS
1709;Gerencia de Valladolid Oeste;170920;C.S. TORDESILLAS;C.L. SALVADOR DE H.
1709;Gerencia de Valladolid Oeste;170920;C.S. TORDESILLAS;C.L. VELILLA
1709;Gerencia de Valladolid Oeste;170920;C.S. TORDESILLAS;C.L. VILLAVIEJA DEL CERRO
1709;Gerencia de Valladolid Oeste;170924;C.S. VILLAFRECHOS;C.L. BARCIAL DE LA LOMA
1709;Gerencia de Valladolid Oeste;170924;C.S. VILLAFRECHOS;C.L. BOLAÑOS DE CAMPOS
1709;Gerencia de Valladolid Oeste;170925;C.S. VILLALON DE CAMPOS;C.L. SAN TERVAS
1709;Gerencia de Valladolid Oeste;170925;C.S. VILLALON DE CAMPOS;C.L. VILLAFRADES
1709;Gerencia de Valladolid Oeste;170925;C.S. VILLALON DE CAMPOS;C.L. ZORITA DE LA LOMA
1709;Gerencia de Valladolid Oeste;170925;C.S. VILLALON DE CAMPOS;C.S. VILLALON DE CAMPOS
1709;Gerencia de Valladolid Oeste;170928;C.S. DELICIAS II;C.S. DELICIAS II
1710;Gerencia de Valladolid Este;171002;C.S. ESGUEVILLAS;C.S. ESGUEVILLAS
1710;Gerencia de Valladolid Este;171007;C.S. MAGDALENA;C.S. MAGDALENA
1710;Gerencia de Valladolid Este;171015;C.S. PEÑAFIEL;C.L. RABANO
1710;Gerencia de Valladolid Este;171018;C.S. TUDELA;C.L. LA PARRILLA
1710;Gerencia de Valladolid Este;171018;C.S. TUDELA;C.L. SARDON DE DUERO
1710;Gerencia de Valladolid Este;171018;C.S. TUDELA;C.S. TUDELA
1710;Gerencia de Valladolid Este;171019;C.S. ALAEJOS;C.L. TORRECILLA ORDEN
1710;Gerencia de Valladolid Este;171020;C.S. OLMEDO;C.L. LA ZARZA
1710;Gerencia de Valladolid Este;171020;C.S. OLMEDO;C.L. PURAS
1710;Gerencia de Valladolid Este;171021;C.S. MEDINA CAMPO RURAL;C.L. RAMIRO
1710;Gerencia de Valladolid Este;171021;C.S. MEDINA CAMPO RURAL;C.L. VILLAVERDE MEDINA
1711;Gerencia de Zamora;171102;C.S. ALCAÑICES;C.L. GALLEGOS DEL CAMPO
1711;Gerencia de Zamora;171102;C.S. ALCAÑICES;C.L. LAS TORRES DE ALISTE
1711;Gerencia de Zamora;171102;C.S. ALCAÑICES;C.L. MAHIDE
1711;Gerencia de Zamora;171102;C.S. ALCAÑICES;C.L. PINO DE ORO
1711;Gerencia de Zamora;171102;C.S. ALCAÑICES;C.L. RIOMANZANAS
1711;Gerencia de Zamora;171102;C.S. ALCAÑICES;C.L. SAN MARTIN DEL PEDROSO
1711;Gerencia de Zamora;171102;C.S. ALCAÑICES;C.L. SAN VICENTE DE LA CABEZA
1711;Gerencia de Zamora;171102;C.S. ALCAÑICES;C.L. VIVINEDA
1711;Gerencia de Zamora;171104;C.S. BENAVENTE NORTE;C.L. MORALES DEL REY
1711;Gerencia de Zamora;171104;C.S. BENAVENTE NORTE;C.L. STA. MARIA DE LA VEGA
1711;Gerencia de Zamora;171104;C.S. BENAVENTE NORTE;C.L. VECILLA DE TRANSMONTE
1711;Gerencia de Zamora;171104;C.S. BENAVENTE NORTE;C.L. VILLAFERRUEÑA
1711;Gerencia de Zamora;171105;C.S. BENAVENTE SUR;C.L. ARCOS DE LA POLVOROSA
1711;Gerencia de Zamora;171105;C.S. BENAVENTE SUR;C.L. STA. COLOMBA DE LAS MONJA
1711;Gerencia de Zamora;171105;C.S. BENAVENTE SUR;C.L. VILLAVEZA DEL AGUA
1711;Gerencia de Zamora;171106;C.S. CAMARZANA DE TERA;C.L. ABRAVESES DE TERA
1711;Gerencia de Zamora;171106;C.S. CAMARZANA DE TERA;C.L. CABAÑAS DE TERA
1711;Gerencia de Zamora;171106;C.S. CAMARZANA DE TERA;C.L. CALZADA DE TERA
1711;Gerencia de Zamora;171106;C.S. CAMARZANA DE TERA;C.L. JUNQUERA DE TERA
1711;Gerencia de Zamora;171106;C.S. CAMARZANA DE TERA;C.L. SAN JUANICO EL NUEVO
1711;Gerencia de Zamora;171106;C.S. CAMARZANA DE TERA;C.L. SAN PEDRO DE CEQUE
1711;Gerencia de Zamora;171106;C.S. CAMARZANA DE TERA;C.S. CAMARZANA DE TERA
1711;Gerencia de Zamora;171107;C.S. VILLARRIN;C.L. PIEDRAHITA DE CASTRO
1711;Gerencia de Zamora;171109;C.S. MOMBUEY;C.L. CARBAJALES DE LA ENCOMIENDA
1711;Gerencia de Zamora;171109;C.S. MOMBUEY;C.L. ENTREPEÑAS
1711;Gerencia de Zamora;171109;C.S. MOMBUEY;C.L. ESPADAÑEDO
1711;Gerencia de Zamora;171109;C.S. MOMBUEY;C.L. GRAMEDO
1711;Gerencia de Zamora;171110;C.S. CORRALES DEL VINO;C.L. FUENTESPREADAS
1711;Gerencia de Zamora;171114;C.S. PUEBLA DE SANABRIA;C.L. BARRIO DE LOMBA
1711;Gerencia de Zamora;171114;C.S. PUEBLA DE SANABRIA;C.L. SAN MIGUEL DE LOMBA
1711;Gerencia de Zamora;171114;C.S. PUEBLA DE SANABRIA;C.L. SAN ROMAN DE SANABRIA
1711;Gerencia de Zamora;171115;C.S. BERMILLO DE SAYAGO;C.L. CARBELLINO
1711;Gerencia de Zamora;171115;C.S. BERMILLO DE SAYAGO;C.L. CIBANAL
1711;Gerencia de Zamora;171115;C.S. BERMILLO DE SAYAGO;C.L. COZCURRITA
1711;Gerencia de Zamora;171115;C.S. BERMILLO DE SAYAGO;C.L. MORALEJA DE SAYAGO
1711;Gerencia de Zamora;171115;C.S. BERMILLO DE SAYAGO;C.L. PALAZUELO DE SAYAGO
1711;Gerencia de Zamora;171116;C.S. TABARA;C.L. ABEJERA
1711;Gerencia de Zamora;171116;C.S. TABARA;C.L. CABAÑAS DE ALISTE
1711;Gerencia de Zamora;171116;C.S. TABARA;C.L. MORERUELA DE TABARA
1711;Gerencia de Zamora;171116;C.S. TABARA;C.L. PUEBLICA DE VALVERDE
1711;Gerencia de Zamora;171118;C.S. SANTIBAÑEZ VIDRIAL;C.L. CARRACEDO
1711;Gerencia de Zamora;171118;C.S. SANTIBAÑEZ VIDRIAL;C.L. CUNQUILLA DE VIDRIALES
1711;Gerencia de Zamora;171118;C.S. SANTIBAÑEZ VIDRIAL;C.S. SANTIBAÑEZ VIDRIAL
1711;Gerencia de Zamora;171119;C.S. VILLALPANDO;C.L. COTANES DEL MONTE
1711;Gerencia de Zamora;171119;C.S. VILLALPANDO;C.L. PRADO
1711;Gerencia de Zamora;171119;C.S. VILLALPANDO;C.L. QUINTANILLA DEL MONTE
1711;Gerencia de Zamora;171121;C.S. ZAMORA NORTE;C.L. CARBAJOSA
1711;Gerencia de Zamora;171121;C.S. ZAMORA NORTE;C.L. CORESES
1711;Gerencia de Zamora;171121;C.S. ZAMORA NORTE;C.L. FRESNO DE LA RIBERA
1711;Gerencia de Zamora;171121;C.S. ZAMORA NORTE;C.L. MONFARRACINOS
1711;Gerencia de Zamora;171121;C.S. ZAMORA NORTE;C.L. ROALES
1711;Gerencia de Zamora;171121;C.S. ZAMORA NORTE;C.L. VILLALCAMPO
1711;Gerencia de Zamora;171122;C.S. ZAMORA SUR;C.L. SOBRADILLO DE PALOMARES
1711;Gerencia de Zamora;171102;C.S. ALCAÑICES;C.L. TOLA
1711;Gerencia de Zamora;171103;C.S. ALTA SANABRIA;C.L. ACIBEROS
1711;Gerencia de Zamora;171103;C.S. ALTA SANABRIA;C.L. PIAS
1711;Gerencia de Zamora;171104;C.S. BENAVENTE NORTE;C.L. LA TORRE DEL VALLE
1711;Gerencia de Zamora;171104;C.S. BENAVENTE NORTE;C.L. QUINTANILLA DE URZ
1711;Gerencia de Zamora;171104;C.S. BENAVENTE NORTE;C.L. QUIRUELAS DE VIDRIALES
1711;Gerencia de Zamora;171104;C.S. BENAVENTE NORTE;C.L. VECILLA DE LA POLVOROSA
1711;Gerencia de Zamora;171104;C.S. BENAVENTE NORTE;C.L. VILLANAZAR
1711;Gerencia de Zamora;171105;C.S. BENAVENTE SUR;C.L. BRETOCINO
1711;Gerencia de Zamora;171106;C.S. CAMARZANA DE TERA;C.L. AGUILAR DE TERA
1711;Gerencia de Zamora;171106;C.S. CAMARZANA DE TERA;C.L. CALZADILLA DE TERA
1711;Gerencia de Zamora;171107;C.S. VILLARRIN;C.L. POBLADURA DE VALDERADUEY
1711;Gerencia de Zamora;171107;C.S. VILLARRIN;C.L. RIEGO DEL CAMINO
1711;Gerencia de Zamora;171107;C.S. VILLARRIN;C.L. VIDAYANES
1711;Gerencia de Zamora;171108;C.S. CARBAJALES DE ALBA;C.L. MARQUIZ DE ALBA
1711;Gerencia de Zamora;171108;C.S. CARBAJALES DE ALBA;C.L. VEGALATRAVE
1711;Gerencia de Zamora;171109;C.S. MOMBUEY;C.L. CERNADILLA
1711;Gerencia de Zamora;171109;C.S. MOMBUEY;C.L. MANZANAL DE LOS INFANTES
1711;Gerencia de Zamora;171109;C.S. MOMBUEY;C.L. PEQUE
1711;Gerencia de Zamora;171109;C.S. MOMBUEY;C.L. S. SALVADOR DE PALAZUELO
1711;Gerencia de Zamora;171109;C.S. MOMBUEY;C.L. VILLARDECIERVOS
1711;Gerencia de Zamora;171110;C.S. CORRALES DEL VINO;C.L. CASASECA DE CAMPEAN
1711;Gerencia de Zamora;171110;C.S. CORRALES DEL VINO;C.L. PELEAS DE ARRIBA
1711;Gerencia de Zamora;171110;C.S. CORRALES DEL VINO;C.L. VILLANUEVA DE CAMPEAN
1711;Gerencia de Zamora;171111;C.S. PUERTA NUEVA;C.S. PUERTA NUEVA
1711;Gerencia de Zamora;171114;C.S. PUEBLA DE SANABRIA;C.L. CASTRO DE SANABRIA
1711;Gerencia de Zamora;171114;C.S. PUEBLA DE SANABRIA;C.L. QUINTANA DE SANABRIA
1711;Gerencia de Zamora;171115;C.S. BERMILLO DE SAYAGO;C.L. BADILLA
1711;Gerencia de Zamora;171115;C.S. BERMILLO DE SAYAGO;C.L. FORMARIZ
1711;Gerencia de Zamora;171115;C.S. BERMILLO DE SAYAGO;C.L. FORNILLOS DE FERMOSELLE
1711;Gerencia de Zamora;171115;C.S. BERMILLO DE SAYAGO;C.L. MOGATAR
1711;Gerencia de Zamora;171115;C.S. BERMILLO DE SAYAGO;C.L. SALCE
1711;Gerencia de Zamora;171115;C.S. BERMILLO DE SAYAGO;C.L. VILLAMOR DE LA LADRE
1711;Gerencia de Zamora;171116;C.S. TABARA;C.L. FERRERAS DE ARRIBA
1711;Gerencia de Zamora;171116;C.S. TABARA;C.L. MORALES DE VALVERDE
1711;Gerencia de Zamora;171116;C.S. TABARA;C.L. SARRACIN DE ALISTE
1711;Gerencia de Zamora;171117;C.S. TORO;C.L. BUSTILLO DEL ORO
1711;Gerencia de Zamora;171117;C.S. TORO;C.L. VEZDEMARBAN
1711;Gerencia de Zamora;171118;C.S. SANTIBAÑEZ VIDRIAL;C.L. ALCUBILLA DE NOGALES
1711;Gerencia de Zamora;171118;C.S. SANTIBAÑEZ VIDRIAL;C.L. CONGOSTA DE VIDRIALES
1711;Gerencia de Zamora;171118;C.S. SANTIBAÑEZ VIDRIAL;C.L. VILLAGERIZ
1711;Gerencia de Zamora;171119;C.S. VILLALPANDO;C.L. SAN MARTIN DE VALDERADUEY
1711;Gerencia de Zamora;171119;C.S. VILLALPANDO;C.L. VEGA DE VILLALOBOS
1711;Gerencia de Zamora;171119;C.S. VILLALPANDO;C.L. VILLAMAYOR DE CAMPOS
1711;Gerencia de Zamora;171119;C.S. VILLALPANDO;C.S. VILLALPANDO
1711;Gerencia de Zamora;171121;C.S. ZAMORA NORTE;C.L. CUBILLOS DEL PAN
1711;Gerencia de Zamora;171121;C.S. ZAMORA NORTE;C.L. VALDEPERDICES
1711;Gerencia de Zamora;171121;C.S. ZAMORA NORTE;C.L. VILLASECO DEL PAN
1711;Gerencia de Zamora;171122;C.S. ZAMORA SUR;C.L. ARCENILLAS
1711;Gerencia de Zamora;171122;C.S. ZAMORA SUR;C.L. MADRIDANOS
1711;Gerencia de Zamora;171122;C.S. ZAMORA SUR;C.L. PONTEJOS
1711;Gerencia de Zamora;171122;C.S. ZAMORA SUR;C.L. TARDOBISPO
1711;Gerencia de Zamora;171122;C.S. ZAMORA SUR;C.L. VILLALAZAN
1701;Gerencia de Ávila;170102;C.S. AREVALO;C.L. ADANERO
1701;Gerencia de Ávila;170102;C.S. AREVALO;C.L. NAVA DE AREVALO
1701;Gerencia de Ávila;170102;C.S. AREVALO;C.L. PALACIOS DE GODA
1701;Gerencia de Ávila;170102;C.S. AREVALO;C.L. SAN CRISTOBAL DE LA VEGA
1701;Gerencia de Ávila;170102;C.S. AREVALO;C.L. SAN VICENTE DE AREVALO
1701;Gerencia de Ávila;170102;C.S. AREVALO;C.S. AREVALO
1701;Gerencia de Ávila;170105;C.S. AVILA RURAL;C.L. BRIEVA
1701;Gerencia de Ávila;170105;C.S. AVILA RURAL;C.L. NARRILLOS DE SAN LEONARDO
1701;Gerencia de Ávila;170105;C.S. AVILA RURAL;C.L. SALOBRAL
1701;Gerencia de Ávila;170106;C.S. LANZAHITA;C.L. LA HIGUERA
1701;Gerencia de Ávila;170108;C.S. BARCO DE AVILA;C.L. PUERTO CASTILLA
1701;Gerencia de Ávila;170108;C.S. BARCO DE AVILA;C.L. SOLANA DE AVILA
1701;Gerencia de Ávila;170109;C.S. BURGOHONDO;C.S. BURGOHONDO
1701;Gerencia de Ávila;170110;C.S. CANDELEDA;C.S. CANDELEDA
1701;Gerencia de Ávila;170111;C.S. CEBREROS;C.L. ELTIEMBLO
1701;Gerencia de Ávila;170112;C.S. FONTIVEROS;C.L. CANTIVEROS
1701;Gerencia de Ávila;170113;C.S. NAVARREDONDA GREDOS;C.L. BARAJAS
1701;Gerencia de Ávila;170113;C.S. NAVARREDONDA GREDOS;C.L. HERGUIJUELA
1701;Gerencia de Ávila;170113;C.S. NAVARREDONDA GREDOS;C.L. HOYOS DEL ESPINO
1701;Gerencia de Ávila;170115;C.S. MADRIGAL DE LAS ALTAS TORRES;C.L. BARROMAN
1701;Gerencia de Ávila;170115;C.S. MADRIGAL DE LAS ALTAS TORRES;C.L. BERCIAL DE ZAPARDIEL
1701;Gerencia de Ávila;170118;C.S. SAN PEDRO ARROYO;C.L. MUÑOGRANDE
1701;Gerencia de Ávila;170118;C.S. SAN PEDRO ARROYO;C.L. RIOCABADO
1701;Gerencia de Ávila;170118;C.S. SAN PEDRO ARROYO;C.S. SAN PEDRO ARROYO
1701;Gerencia de Ávila;170120;C.S. MUÑANA;C.L. OCO
1701;Gerencia de Ávila;170121;C.S. MUÑICO;C.L. RINCONADA
1701;Gerencia de Ávila;170121;C.S. MUÑICO;C.L. SAN JUAN DEL OLMO
1702;Gerencia de Burgos;170202;C.S. ARANDA RURAL;C.L. ALDEHORNO
1702;Gerencia de Burgos;170202;C.S. ARANDA RURAL;C.L. CALERUEGA
1702;Gerencia de Burgos;170202;C.S. ARANDA RURAL;C.L. STA MARIA MERCADILLO
1702;Gerencia de Burgos;170202;C.S. ARANDA RURAL;C.L. TUBILLA LAGO
1702;Gerencia de Burgos;170204;C.S. BELORADO;C.L. STA.CRUZ DEL VALLE URBION
1702;Gerencia de Burgos;170204;C.S. BELORADO;C.L. VILLAMAYOR DEL RIO
1702;Gerencia de Burgos;170205;C.S. BRIVIESCA;C.L. RUBLACEDO DE ABAJO
1702;Gerencia de Burgos;170208;C.S. BURGOS RURAL NORTE;C.L. ARRAYA DE OCA
1702;Gerencia de Burgos;170208;C.S. BURGOS RURAL NORTE;C.L. QUINTANAORTUÑO
1702;Gerencia de Burgos;170208;C.S. BURGOS RURAL NORTE;C.L. RIOCEREZO
1702;Gerencia de Burgos;170208;C.S. BURGOS RURAL NORTE;C.L. ZALDUENDO
1702;Gerencia de Burgos;170209;C.S. BURGOS RURAL SUR;C.L. CELADA DEL CAMINO
1702;Gerencia de Burgos;170209;C.S. BURGOS RURAL SUR;C.L. MARMELLAR DE ABAJO
1702;Gerencia de Burgos;170209;C.S. BURGOS RURAL SUR;C.L. MAZUECO
1702;Gerencia de Burgos;170209;C.S. BURGOS RURAL SUR;C.L. QUINTANILLA DE LAS CARRETAS
1702;Gerencia de Burgos;170209;C.S. BURGOS RURAL SUR;C.L. QUINTANILLAS, LAS
1702;Gerencia de Burgos;170209;C.S. BURGOS RURAL SUR;C.L. SAN MILLAN DE JUARROS
1702;Gerencia de Burgos;170209;C.S. BURGOS RURAL SUR;C.L. VILLAVERDE DEL MONTE
1702;Gerencia de Burgos;170209;C.S. BURGOS RURAL SUR;C.L. VILLOREJO
1702;Gerencia de Burgos;170211;C.S. ESPINOSA MONTEROS;C.L. CORNEJO DE SOTOSCUEVA
1702;Gerencia de Burgos;170211;C.S. ESPINOSA MONTEROS;C.L. VILLASANTE
1702;Gerencia de Burgos;170211;C.S. ESPINOSA MONTEROS;C.S. ESPINOSA MONTEROS
1702;Gerencia de Burgos;170216;C.S. LERMA;C.L. CEBRECOS
1702;Gerencia de Burgos;170216;C.S. LERMA;C.L. MONTUENGA
1702;Gerencia de Burgos;170216;C.S. LERMA;C.L. VILLAHOZ
1702;Gerencia de Burgos;170220;C.S. MELGAR FERNAMENTAL;C.L. REZMONDO
1702;Gerencia de Burgos;170220;C.S. MELGAR FERNAMENTAL;C.S. MELGAR FERNAMENTAL
1702;Gerencia de Burgos;170223;C.S. PAMPLIEGA;C.L. PERAL DE ARLANZA
1702;Gerencia de Burgos;170223;C.S. PAMPLIEGA;C.L. VILLAQUIRAN DE LOS INFANTES
1702;Gerencia de Burgos;170223;C.S. PAMPLIEGA;C.L. VIZMALO
1702;Gerencia de Burgos;170225;C.S. ROA DE DUERO;C.L. GUZMAN
1702;Gerencia de Burgos;170225;C.S. ROA DE DUERO;C.L. MAMBRILLA CASTR
1702;Gerencia de Burgos;170225;C.S. ROA DE DUERO;C.L. VALCAVADO DE ROA
1702;Gerencia de Burgos;170225;C.S. ROA DE DUERO;C.S. ROA DE DUERO
1702;Gerencia de Burgos;170226;C.S. SALAS LOS INFANTES;C.L. AHEDO
1702;Gerencia de Burgos;170226;C.S. SALAS LOS INFANTES;C.L. CABEZON DE LA SIERRA
1702;Gerencia de Burgos;170226;C.S. SALAS LOS INFANTES;C.L. HUERTA DE ARRIBA
1702;Gerencia de Burgos;170226;C.S. SALAS LOS INFANTES;C.L. PINILLA DE LOS MOROS
1702;Gerencia de Burgos;170226;C.S. SALAS LOS INFANTES;C.L. TOLBAÑOS DE ARRIBA
1702;Gerencia de Burgos;170226;C.S. SALAS LOS INFANTES;C.L. VIZCAINOS
1702;Gerencia de Burgos;170229;C.S. SEDANO;C.L. AYOLUENGO
1702;Gerencia de Burgos;170229;C.S. SEDANO;C.L. ESCOBADOS DE ARRIBA
1702;Gerencia de Burgos;170231;C.S. VALLE TOBALINA;C.L. CUBILLA
1702;Gerencia de Burgos;170231;C.S. VALLE TOBALINA;C.L. SAN MARTIN DE DON
1702;Gerencia de Burgos;170231;C.S. VALLE TOBALINA;C.L. VALDERRAMA
1702;Gerencia de Burgos;170232;C.S. VALLE VALDEBEZANA;C.L. HIGON
1702;Gerencia de Burgos;170233;C.S. VILLADIEGO;C.L. ORDEJON DE ARRIBA
1702;Gerencia de Burgos;170233;C.S. VILLADIEGO;C.L. SALAZAR DE AMAYA
1702;Gerencia de Burgos;170233;C.S. VILLADIEGO;C.L. TAPIA
1703;Gerencia de León;170301;C.S. ARMUNIA;C.L. BANUNCIAS
1703;Gerencia de León;170301;C.S. ARMUNIA;C.L. OTERUELO DE LA VALDONCINA
1708;Gerencia de Soria;170805;C.S. EL BURGO DE OSMA;C.L. SANTIUSTE
1708;Gerencia de Soria;170805;C.S. EL BURGO DE OSMA;C.L. VALDEALVILLO
1708;Gerencia de Soria;170805;C.S. EL BURGO DE OSMA;RESIDENCIAS DE OSMA
1708;Gerencia de Soria;170806;C.S. SAN ESTEBAN GORMAZ;C.L. QUINTANAS RUBIAS DE ABAJO
1708;Gerencia de Soria;170807;C.S. GOMARA;C.L. MIÑANA
1708;Gerencia de Soria;170807;C.S. GOMARA;C.L. TORLENGUA
1708;Gerencia de Soria;170807;C.S. GOMARA;C.L. TORRUBIA DE SORIA
1708;Gerencia de Soria;170808;C.S. OLVEGA;C.L. NOVIERCAS
1708;Gerencia de Soria;170810;C.S. SAN LEONARDO YAGÜE;C.L. QUINTANILLA DE NUÑO PEDRO
1708;Gerencia de Soria;170811;C.S. SORIA RURAL;C.L. HERREROS
1708;Gerencia de Soria;170811;C.S. SORIA RURAL;C.L. LUBIA
1708;Gerencia de Soria;170811;C.S. SORIA RURAL;C.L. OCENILLA
1709;Gerencia de Valladolid Oeste;170914;C.S. MOTA DEL MARQUES;C.L. VILLALBARBA
1709;Gerencia de Valladolid Oeste;170920;C.S. TORDESILLAS;C.L. BARRUELO DEL VALLE
1709;Gerencia de Valladolid Oeste;170920;C.S. TORDESILLAS;C.L. MIGUEL DEL PINO
1709;Gerencia de Valladolid Oeste;170924;C.S. VILLAFRECHOS;C.L. STA.EUFEMIA ARROYO
1709;Gerencia de Valladolid Oeste;170924;C.S. VILLAFRECHOS;C.L. VILLAGARCIA DE C.
1709;Gerencia de Valladolid Oeste;170925;C.S. VILLALON DE CAMPOS;C.L. GATON DE CAMPOS
1709;Gerencia de Valladolid Oeste;170925;C.S. VILLALON DE CAMPOS;C.L. VEGA DE RUIPONCE
1709;Gerencia de Valladolid Oeste;170926;C.S. VALLADOLID RURAL II;C.L. SIMANCAS
1710;Gerencia de Valladolid Este;171012;C.S. RONDILLA II;C.S. SALUD RONDILLA II
1710;Gerencia de Valladolid Este;171015;C.S. PEÑAFIEL;C.L. CORRALES DE DUERO
1710;Gerencia de Valladolid Este;171015;C.S. PEÑAFIEL;C.L. S.LLORENTE
1710;Gerencia de Valladolid Este;171016;C.S. PORTILLO;C.L. CAMPORREDONDO
1710;Gerencia de Valladolid Este;171016;C.S. PORTILLO;C.L. MOJADOS
1710;Gerencia de Valladolid Este;171019;C.S. ALAEJOS;C.L. SIETEIGLESIAS DE T
1710;Gerencia de Valladolid Este;171019;C.S. ALAEJOS;C.L. VILLAFRANCA DUERO
1710;Gerencia de Valladolid Este;171020;C.S. OLMEDO;C.L. BOCIGAS
1710;Gerencia de Valladolid Este;171021;C.S. MEDINA CAMPO RURAL;C.L. CAMPILLO
1710;Gerencia de Valladolid Este;171021;C.S. MEDINA CAMPO RURAL;C.L. MORALEJA
1710;Gerencia de Valladolid Este;171021;C.S. MEDINA CAMPO RURAL;C.L. NUEVA VILLA TORRES
1710;Gerencia de Valladolid Este;171021;C.S. MEDINA CAMPO RURAL;C.L. SALVADOR ZAPARDIEL
1710;Gerencia de Valladolid Este;171026;C.S. CIGALES;C.L. CORCOS DEL VALLE
1711;Gerencia de Zamora;171102;C.S. ALCAÑICES;C.L. CASTRO DE ALCAÑICES
1711;Gerencia de Zamora;171102;C.S. ALCAÑICES;C.L. FLORES
1711;Gerencia de Zamora;171102;C.S. ALCAÑICES;C.L. LOBER
1711;Gerencia de Zamora;171102;C.S. ALCAÑICES;C.L. MELLANES
1711;Gerencia de Zamora;171102;C.S. ALCAÑICES;C.L. PUERCAS
1711;Gerencia de Zamora;171105;C.S. BENAVENTE SUR;C.L. VALDESCORRIEL
1711;Gerencia de Zamora;171106;C.S. CAMARZANA DE TERA;C.L. MICERECES DE TERA
1711;Gerencia de Zamora;171106;C.S. CAMARZANA DE TERA;C.L. SANTA CROYA DE TERA
1711;Gerencia de Zamora;171107;C.S. VILLARRIN;C.L. CASTRONUEVO DE LOS ARCOS
1711;Gerencia de Zamora;171107;C.S. VILLARRIN;C.L. GRANJA DE MORERUELA
1711;Gerencia de Zamora;171107;C.S. VILLARRIN;C.L. SAN AGUSTIN DEL POZO
1711;Gerencia de Zamora;171109;C.S. MOMBUEY;C.L. ANTA DE RIOCONEJOS
1711;Gerencia de Zamora;171109;C.S. MOMBUEY;C.L. VILLANUEVA DE VALROJO
1711;Gerencia de Zamora;171110;C.S. CORRALES DEL VINO;C.L. JAMBRINA
1711;Gerencia de Zamora;171114;C.S. PUEBLA DE SANABRIA;C.L. SANTA CRUZ DE ABRANES
1711;Gerencia de Zamora;171115;C.S. BERMILLO DE SAYAGO;C.L. MUGA DE SAYAGO
1711;Gerencia de Zamora;171115;C.S. BERMILLO DE SAYAGO;C.L. PASARIEGOS
1711;Gerencia de Zamora;171115;C.S. BERMILLO DE SAYAGO;C.L. VILLARDIEGUA DE LA RIBERA
1711;Gerencia de Zamora;171116;C.S. TABARA;C.L. POZUELO DE TABARA
1711;Gerencia de Zamora;171117;C.S. TORO;C.L. VILLARDONDIEGO
1711;Gerencia de Zamora;171121;C.S. ZAMORA NORTE;C.L. MUELAS DEL PAN
1711;Gerencia de Zamora;171122;C.S. ZAMORA SUR;C.L. GEMA
1706;Gerencia de Salamanca;170621;C.S. PEDROSILLO EL RALO;C.L. LA VELLES
1706;Gerencia de Salamanca;170621;C.S. PEDROSILLO EL RALO;C.L. ORBADA LA
1706;Gerencia de Salamanca;170624;C.S. PEÑARANDA;C.L. MACOTERA
1706;Gerencia de Salamanca;170625;C.S. PIZARRALES-VIDAL;C.S. PIZARRALES-VIDAL
1702;Gerencia de Burgos;170226;C.S. SALAS LOS INFANTES;C.L. HORTEZUELOS
1702;Gerencia de Burgos;170226;C.S. SALAS LOS INFANTES;C.L. MONCALVILLO
1702;Gerencia de Burgos;170226;C.S. SALAS LOS INFANTES;C.L. MONTERRUBIO
1706;Gerencia de Salamanca;170630;C.S. TAMAMES;C.L. ALDEHUELA DE YELTES
1702;Gerencia de Burgos;170229;C.S. SEDANO;C.L. DOBRO
1706;Gerencia de Salamanca;170634;C.S. VITIGUDINO;C.L. GUADRAMIRO
1706;Gerencia de Salamanca;170637;C.S. CAPUCHINOS;C.S. CAPUCHINOS
1702;Gerencia de Burgos;170232;C.S. VALLE VALDEBEZANA;C.L. CILLERUELO DE BEZANA
1707;Gerencia de Segovia;170701;C.S. CANTALEJO;C.L. SAN MIGUEL DE BERNUY
1702;Gerencia de Burgos;170233;C.S. VILLADIEGO;C.L. BARRIO SAN FELICES
1702;Gerencia de Burgos;170233;C.S. VILLADIEGO;C.L. PARTE LA
1707;Gerencia de Segovia;170704;C.S. FUENTESAUCO;C.L. MEMBIBRE DE LA HOZ
1707;Gerencia de Segovia;170705;C.S. NAVAFRIA;C.L. ARCONES
1702;Gerencia de Burgos;170234;C.S. VALLE DE MENA;C.L. ARTIETA DE MENA
1702;Gerencia de Burgos;170234;C.S. VALLE DE MENA;C.L. NAVA DE ORDUNTE
1707;Gerencia de Segovia;170705;C.S. NAVAFRIA;C.L. PAJARES DE PEDRAZA
1703;Gerencia de León;170301;C.S. ARMUNIA;C.L. SAN CIBRIAN
1707;Gerencia de Segovia;170706;C.S. NAVA DE LA ASUNCION;C.S. NAVA DE LA ASUNCION
1703;Gerencia de León;170303;C.S. ASTORGA II;C.L. BRAZUELO
1707;Gerencia de Segovia;170707;C.S. RIAZA;C.L. PAJARES DE FRESNO
1703;Gerencia de León;170303;C.S. ASTORGA II;C.L. POBLADURA DE SOMOZA
1707;Gerencia de Segovia;170711;C.S. SEGOVIA RURAL;C.L. ZAMARRAMALA
1703;Gerencia de León;170303;C.S. ASTORGA II;C.L. SANTIAGO MILLAS
1707;Gerencia de Segovia;170712;C.S. SEPULVEDA;C.L. BARBOLLA
1703;Gerencia de León;170304;C.S. SAN EMILIANO;C.L. LA VEGA DE ROBLEDO
1703;Gerencia de León;170304;C.S. SAN EMILIANO;C.L. RABANAL DE LUNA
1703;Gerencia de León;170305;C.S. BOÑAR;C.L. VALDETEJA
1703;Gerencia de León;170307;C.S. CUENCA BERNESGA;C.L. LLANOS DE ALBA
1703;Gerencia de León;170307;C.S. CUENCA BERNESGA;C.L. LLOMBERA
1703;Gerencia de León;170307;C.S. CUENCA BERNESGA;C.L. SANTA LUCIA DE GORDON
1708;Gerencia de Soria;170801;C.S. AGREDA;C.L. POBAR
1703;Gerencia de León;170308;C.S. LA BAÑEZA I;C.L. VILLANUEVA DE JAMUZ
1708;Gerencia de Soria;170803;C.S. ARCOS DE JALON;C.L. ALMALUEZ
1708;Gerencia de Soria;170803;C.S. ARCOS DE JALON;C.L. BENAMIRA
1703;Gerencia de León;170309;C.S. BAÑEZA II;C.L. SAN CRISTOBAL POLANTERA
1703;Gerencia de León;170309;C.S. BAÑEZA II;C.L. SAN JUAN DE TORRES
1708;Gerencia de Soria;170805;C.S. EL BURGO DE OSMA;C.L. TORREBLACOS
1708;Gerencia de Soria;170805;C.S. EL BURGO DE OSMA;C.L. VALDEAVELLANO DE UCERO
1703;Gerencia de León;170310;C.S. TRUCHAS;C.S. TRUCHAS
1703;Gerencia de León;170311;C.S. LA MAGDALENA;C.L. SANTIAGO DEL MOLINILLO
1708;Gerencia de Soria;170806;C.S. SAN ESTEBAN GORMAZ;C.L. QUINTANILLA DE TRES BARRIOS
1703;Gerencia de León;170318;C.S. MANSILLA MULAS;C.L. VILLAFALE
1708;Gerencia de Soria;170807;C.S. GOMARA;C.L. MAZATERON
1708;Gerencia de Soria;170808;C.S. OLVEGA;C.L. CUEVA DE AGREDA
1703;Gerencia de León;170322;C.S. RIBERA DEL ORBIGO;C.L. SARDONEDO
1708;Gerencia de Soria;170810;C.S. SAN LEONARDO YAGÜE;C.L. ORILLARES
1703;Gerencia de León;170322;C.S. RIBERA DEL ORBIGO;C.L.GAVILANES
1708;Gerencia de Soria;170811;C.S. SORIA RURAL;C.L. ALDEALICES
1703;Gerencia de León;170324;C.S. SAN ANDRES RABANEDO;C.L. CAMPO Y SANTIBAÑEZ
1703;Gerencia de León;170325;C.S. STA. MARIA PARAMO;C.L. PALACIOS DE FONTECHA
1703;Gerencia de León;170327;C.S. VALENCIA DE D. JUAN;C.L. VALDESAZ DE LOS OTEROS
1703;Gerencia de León;170328;C.S. TROBAJO DEL CAMINO;C.L. LA VIRGEN DEL CAMINO
1704;Gerencia de Ponferrada;170401;C.S. BEMBIBRE;C.L. LA GRANJA SAN VICENTE
1704;Gerencia de Ponferrada;170401;C.S. BEMBIBRE;C.L. MATACHANA
1704;Gerencia de Ponferrada;170401;C.S. BEMBIBRE;C.L. SAN ANDRES DE LAS PUENTES
1704;Gerencia de Ponferrada;170401;C.S. BEMBIBRE;C.L. SAN PEDRO
1704;Gerencia de Ponferrada;170404;C.S. PONFERRADA I;C.L. COBRANA
1704;Gerencia de Ponferrada;170404;C.S. PONFERRADA I;C.S. PONFERRADA I
1704;Gerencia de Ponferrada;170409;C.S. VILLABLINO;C.L. PALACIOS DEL SIL
1704;Gerencia de Ponferrada;170409;C.S. VILLABLINO;C.L. VILLASECA LACIANA
1704;Gerencia de Ponferrada;170411;C.S. PONFERRADA IV;C.L. CORTIGUERA
1705;Gerencia de Palencia;170501;C.S. AGUILAR DE CAMPOO;C.L. BASCONCILLOS DEL TOZO
1705;Gerencia de Palencia;170501;C.S. AGUILAR DE CAMPOO;C.S. AGUILAR DE CAMPOO
1705;Gerencia de Palencia;170503;C.S. CARRION DE LOS CONDES;C.L. VILLALCAZAR DE SIRGA
1705;Gerencia de Palencia;170503;C.S. CARRION DE LOS CONDES;C.L. VILLAMORONTA
1705;Gerencia de Palencia;170504;C.S. CERVERA PISUERGA;C.L. ARBEJAL
1705;Gerencia de Palencia;170504;C.S. CERVERA PISUERGA;C.L. MUDA
1705;Gerencia de Palencia;170505;C.S. FROMISTA;C.L. ASTUDILLO
1705;Gerencia de Palencia;170505;C.S. FROMISTA;C.L. MARCILLA DE CAMPOS
1705;Gerencia de Palencia;170506;C.S. GUARDO;C.L. AVIÑANTE DE LA PEÑA
1705;Gerencia de Palencia;170506;C.S. GUARDO;C.L. FONTECHA DE LA PEÑA
1705;Gerencia de Palencia;170506;C.S. GUARDO;C.L. VELILLA DEL RIO CARRION
1705;Gerencia de Palencia;170507;C.S. HERRERA DE PISUERGA;C.L. BECERRIL DEL CARPIO
1705;Gerencia de Palencia;170507;C.S. HERRERA DE PISUERGA;C.L. MICIECES DE OJEDA
1705;Gerencia de Palencia;170507;C.S. HERRERA DE PISUERGA;C.L. OLMOS DE OJEDA
1705;Gerencia de Palencia;170507;C.S. HERRERA DE PISUERGA;C.L. VILLAVEGA DE OJEDA
1705;Gerencia de Palencia;170510;C.S. OSORNO;C.L. OSORNILLO
1705;Gerencia de Palencia;170511;C.S. PALENCIA RURAL;C.L. SANTA CECILIA DEL ALCOR
1705;Gerencia de Palencia;170514;C.S. SALDAÑA;C.L. CONGOSTO DE VALDAVIA
1705;Gerencia de Palencia;170514;C.S. SALDAÑA;C.L. QUINTANILLA DE ONSOÑA
1705;Gerencia de Palencia;170514;C.S. SALDAÑA;C.L. VILLALUENGA DE LA VEGA
1705;Gerencia de Palencia;170516;C.S. TORQUEMADA;C.L. HERRERA DE VALDECAÑAS
1705;Gerencia de Palencia;170518;C.S. VILLARRAMIEL;C.L. ABARCA
1705;Gerencia de Palencia;170518;C.S. VILLARRAMIEL;C.L. CASTIL DE VELA
1705;Gerencia de Palencia;170518;C.S. VILLARRAMIEL;C.L. MAZUECOS DE VALDEGINATE
1705;Gerencia de Palencia;170518;C.S. VILLARRAMIEL;C.L. MENESES DE CAMPOS
1706;Gerencia de Salamanca;170601;C.S. ALBA DE TORMES;C.L. ANAYA DE ALBA
1706;Gerencia de Salamanca;170601;C.S. ALBA DE TORMES;C.L. EJEME
1706;Gerencia de Salamanca;170602;C.S. ALDEADAVILA RIBERA;C.L. MIEZA
1706;Gerencia de Salamanca;170603;C.S. BEJAR;C.L. CALZADA DE BEJAR
1706;Gerencia de Salamanca;170604;C.S. CALZADA VALDUNCIEL;C.L. ALDERRODRIGO
1706;Gerencia de Salamanca;170604;C.S. CALZADA VALDUNCIEL;C.L. TOPAS
1706;Gerencia de Salamanca;170604;C.S. CALZADA VALDUNCIEL;C.L. VALDUNCIEL
1706;Gerencia de Salamanca;170605;C.S. CANTALAPIEDRA;C.L. TARAZONA DE LA GUAREÑA
1706;Gerencia de Salamanca;170606;C.S. CIUDAD RODRIGO;C.L. SERRADILLA DEL LLANO
1706;Gerencia de Salamanca;170608;C.S. FUENTE DE SAN ESTEBAN;C.L. BUENAMADRE
1706;Gerencia de Salamanca;170610;C.S. FUENTES DE OÑORO;C.L. SERRANILLO
1706;Gerencia de Salamanca;170613;C.S. GUIJUELO;C.L. MONTEJO DE SALVATIERRA
1706;Gerencia de Salamanca;170613;C.S. GUIJUELO;C.L. TEJADO EL
1706;Gerencia de Salamanca;170615;C.S. LA ALBERCA;C.L. CASAS DEL CONDE
1706;Gerencia de Salamanca;170615;C.S. LA ALBERCA;C.L. MOGARRAZ
1706;Gerencia de Salamanca;170616;C.S. LEDESMA;C.L. MATA DE LEDESMA LA
1706;Gerencia de Salamanca;170618;C.S. LUMBRALES;C.L. AHIGAL DE LOS ACEITEROS
1706;Gerencia de Salamanca;170621;C.S. PEDROSILLO EL RALO;C.L. PITIEGUA
1706;Gerencia de Salamanca;170623;C.S. PERIURBANO SUR;C.L. CARRASCAL DE VELAMBELEZ
1706;Gerencia de Salamanca;170624;C.S. PEÑARANDA;C.L. SALMORAL
1706;Gerencia de Salamanca;170628;C.S. SANTA MARTA DE TORMES;C.L. CARPIO BERNARDO
1706;Gerencia de Salamanca;170633;C.S. VILLORIA;C.S. VILLORIA
1706;Gerencia de Salamanca;170634;C.S. VITIGUDINO;C.L. VALDERRODRIGO
1706;Gerencia de Salamanca;170636;C.S. SAN JUAN;C.S. SAN JUAN
1707;Gerencia de Segovia;170701;C.S. CANTALEJO;C.L. FUENTERREBOLLO
1707;Gerencia de Segovia;170702;C.S. CARBONERO EL MAYOR;C.L. ESCOBAR DE POLENDOS
1707;Gerencia de Segovia;170702;C.S. CARBONERO EL MAYOR;C.L. NAVALMANZANO
1707;Gerencia de Segovia;170703;C.S. CUELLAR;C.L. ARROYO DE CUELLAR
1707;Gerencia de Segovia;170703;C.S. CUELLAR;C.L. NARROS DE CUELLAR
1707;Gerencia de Segovia;170704;C.S. FUENTESAUCO;C.L. TORRECILLA DEL PINAR
1707;Gerencia de Segovia;170705;C.S. NAVAFRIA;C.L. ARAHUETES
1707;Gerencia de Segovia;170705;C.S. NAVAFRIA;C.L. LA MATA
1707;Gerencia de Segovia;170705;C.S. NAVAFRIA;C.L. PELAYOS DEL ARROYO
1707;Gerencia de Segovia;170706;C.S. NAVA DE LA ASUNCION;C.L. PARADINAS
1707;Gerencia de Segovia;170706;C.S. NAVA DE LA ASUNCION;C.L. VILLAGONZALO DE COCA
1707;Gerencia de Segovia;170707;C.S. RIAZA;C.L. MAZAGATOS
1707;Gerencia de Segovia;170707;C.S. RIAZA;C.L. VILLACORTA
1707;Gerencia de Segovia;170711;C.S. SEGOVIA RURAL;C.L. LASTRAS DEL POZO
1707;Gerencia de Segovia;170711;C.S. SEGOVIA RURAL;C.L. MATA DE QUINTANAR
1707;Gerencia de Segovia;170711;C.S. SEGOVIA RURAL;C.L. PALAZUELOS DE ERESMA
1707;Gerencia de Segovia;170711;C.S. SEGOVIA RURAL;C.L. TORRECABALLEROS
1707;Gerencia de Segovia;170711;C.S. SEGOVIA RURAL;C.L. TORREIGLESIAS
1707;Gerencia de Segovia;170711;C.S. SEGOVIA RURAL;C.L. VALVERDE DEL MAJANO
1707;Gerencia de Segovia;170712;C.S. SEPULVEDA;C.L. BOCEGUILLAS
1707;Gerencia de Segovia;170712;C.S. SEPULVEDA;C.L. DURUELO
1707;Gerencia de Segovia;170712;C.S. SEPULVEDA;C.L. GRAJERA
1707;Gerencia de Segovia;170712;C.S. SEPULVEDA;C.L. VILLASECA
1707;Gerencia de Segovia;170714;C.S. EL ESPINAR;C.S. EL ESPINAR
1708;Gerencia de Soria;170801;C.S. AGREDA;C.L. SAN FELICES
1708;Gerencia de Soria;170802;C.S. ALMAZAN;C.L. MATAMALA
1708;Gerencia de Soria;170803;C.S. ARCOS DE JALON;C.L. AGUAVIVA DE LA VEGA
1708;Gerencia de Soria;170803;C.S. ARCOS DE JALON;C.L. IRUECHA
1708;Gerencia de Soria;170804;C.S. BERLANGA DE DUERO;C.L. ALALO
1708;Gerencia de Soria;170804;C.S. BERLANGA DE DUERO;C.L. LUMIAS
1708;Gerencia de Soria;170804;C.S. BERLANGA DE DUERO;C.L. VENTOSA DE FUENTEPINILLA
1708;Gerencia de Soria;170805;C.S. EL BURGO DE OSMA;C.L. RIOSECO
1708;Gerencia de Soria;170809;C.S. PINARES-COVALEDA;C.S. PINARES-COVALEDA
1708;Gerencia de Soria;170811;C.S. SORIA RURAL;C.L. SAN ANDRES DE SORIA
1708;Gerencia de Soria;170811;C.S. SORIA RURAL;C.L. VILLACIERVOS
1708;Gerencia de Soria;170813;C.S. SORIA NORTE;C.S. SORIA NORTE
1709;Gerencia de Valladolid Oeste;170910;C.S. MAYORGA DE CAMPOS;C.L. VALDUNQUILLO
1709;Gerencia de Valladolid Oeste;170913;C.S. MEDINA DE RIOSECO;C.S. MEDINA DE RIOSECO
1709;Gerencia de Valladolid Oeste;170914;C.S. MOTA DEL MARQUES;C.L. PEDRO LATARCE
1709;Gerencia de Valladolid Oeste;170914;C.S. MOTA DEL MARQUES;C.L. URUEÑA
1709;Gerencia de Valladolid Oeste;170914;C.S. MOTA DEL MARQUES;C.S. MOTA DEL MARQUES
1709;Gerencia de Valladolid Oeste;170919;C.S. PARQUE ALAMEDA-COVARESA;C.S. PARQUE ALAMEDA-COVARESA
1709;Gerencia de Valladolid Oeste;170920;C.S. TORDESILLAS;C.L. VILLASEXMIR
1709;Gerencia de Valladolid Oeste;170924;C.S. VILLAFRECHOS;C.S. VILLAFRECHOS
1709;Gerencia de Valladolid Oeste;170925;C.S. VILLALON DE CAMPOS;C.L. VILLAGOMEZ
1709;Gerencia de Valladolid Oeste;170926;C.S. VALLADOLID RURAL II;C.L. VILLANUBLA
1710;Gerencia de Valladolid Este;171002;C.S. ESGUEVILLAS;C.L. PIÑA DE ESGUEVA
1710;Gerencia de Valladolid Este;171002;C.S. ESGUEVILLAS;C.L. TORRE DE ESGUEVA
1710;Gerencia de Valladolid Este;171009;C.S. PILARICA;C.S. PILARICA
1710;Gerencia de Valladolid Este;171013;C.S. CANTERAC;C.S. CANTERAC
1710;Gerencia de Valladolid Este;171015;C.S. PEÑAFIEL;C.L. ALDEYUSO
1710;Gerencia de Valladolid Este;171015;C.S. PEÑAFIEL;C.L. TORRESCARCELA
1710;Gerencia de Valladolid Este;171018;C.S. TUDELA;C.L. OLIVARES DE DUERO
1710;Gerencia de Valladolid Este;171020;C.S. OLMEDO;C.L. LLANO DE OLMEDO
1710;Gerencia de Valladolid Este;171021;C.S. MEDINA CAMPO RURAL;C.L. LOMOVIEJO
1710;Gerencia de Valladolid Este;171021;C.S. MEDINA CAMPO RURAL;C.L. S.PABLO MORALEJA
1710;Gerencia de Valladolid Este;171025;C.S. VALLADOLID RURAL I;C.S. VALLADOLID RURAL I
1711;Gerencia de Zamora;171102;C.S. ALCAÑICES;C.L. FRADELLOS
1701;Gerencia de Ávila;170101;C.S. ARENAS SAN PEDRO;C.L. HONTANARES
1701;Gerencia de Ávila;170102;C.S. AREVALO;C.L. ALDEASECA
1701;Gerencia de Ávila;170105;C.S. AVILA RURAL;C.L. BERROCALEJO DE ARAGONA
1701;Gerencia de Ávila;170105;C.S. AVILA RURAL;C.L. HERNANSANCO
1701;Gerencia de Ávila;170105;C.S. AVILA RURAL;C.L. PAJARES DE ADAJA
1701;Gerencia de Ávila;170105;C.S. AVILA RURAL;C.L. SAN ESTEBAN DE LOS PATOS
1701;Gerencia de Ávila;170105;C.S. AVILA RURAL;C.L. VELAYOS
1701;Gerencia de Ávila;170105;C.S. AVILA RURAL;C.S. AVILA RURAL
1701;Gerencia de Ávila;170108;C.S. BARCO DE AVILA;C.L. ALISEDA DE TORMES, LA
1701;Gerencia de Ávila;170108;C.S. BARCO DE AVILA;C.L. BECEDAS
1701;Gerencia de Ávila;170108;C.S. BARCO DE AVILA;C.L. HORCAJADA, LA
1701;Gerencia de Ávila;170108;C.S. BARCO DE AVILA;C.L. UMBRIAS
1701;Gerencia de Ávila;170109;C.S. BURGOHONDO;C.L. NAVARREDONDILLA
1701;Gerencia de Ávila;170117;C.S. PIEDRAHITA;C.L. COLLADO DEL MIRON
1701;Gerencia de Ávila;170117;C.S. PIEDRAHITA;C.L. NARRILLOS DEL ALAMO
1701;Gerencia de Ávila;170117;C.S. PIEDRAHITA;C.L. NAVALMAHILLO
1701;Gerencia de Ávila;170117;C.S. PIEDRAHITA;C.L. NAVAMUÑANA
1701;Gerencia de Ávila;170117;C.S. PIEDRAHITA;C.L. PAJAREJOS
1701;Gerencia de Ávila;170117;C.S. PIEDRAHITA;C.L. ZAPARDIEL DE LA CAÑADA
1701;Gerencia de Ávila;170118;C.S. SAN PEDRO ARROYO;C.L. ALBORNOS
1701;Gerencia de Ávila;170118;C.S. SAN PEDRO ARROYO;C.L. BLASCOMILLAN
1701;Gerencia de Ávila;170118;C.S. SAN PEDRO ARROYO;C.L. HORCAJUELO
1701;Gerencia de Ávila;170120;C.S. MUÑANA;C.L. AMAVIDA
1701;Gerencia de Ávila;170120;C.S. MUÑANA;C.L. MUÑOTELLO
1702;Gerencia de Burgos;170202;C.S. ARANDA RURAL;C.L. FUENTESPINA
1702;Gerencia de Burgos;170202;C.S. ARANDA RURAL;C.L. VADOCONDES
1702;Gerencia de Burgos;170202;C.S. ARANDA RURAL;C.L. VID, LA
1702;Gerencia de Burgos;170204;C.S. BELORADO;C.L. FRESNEDA DE LA SIERRA
1702;Gerencia de Burgos;170204;C.S. BELORADO;C.L. REDECILLA DEL CAMPO
1702;Gerencia de Burgos;170204;C.S. BELORADO;C.L. TOSANTOS
1702;Gerencia de Burgos;170205;C.S. BRIVIESCA;C.L. MIRAVECHE
1702;Gerencia de Burgos;170205;C.S. BRIVIESCA;C.L. VALLARTA DE BUREBA
1702;Gerencia de Burgos;170208;C.S. BURGOS RURAL NORTE;C.L. HONTOMIN
1702;Gerencia de Burgos;170208;C.S. BURGOS RURAL NORTE;C.L. HURONES
1702;Gerencia de Burgos;170208;C.S. BURGOS RURAL NORTE;C.L. QUINTANILLA SOBRESIERRA
1702;Gerencia de Burgos;170216;C.S. LERMA;C.L. NEBREDA
1702;Gerencia de Burgos;170216;C.S. LERMA;C.L. PINEDILLO
1702;Gerencia de Burgos;170216;C.S. LERMA;C.L. RETORTILLO
1702;Gerencia de Burgos;170220;C.S. MELGAR FERNAMENTAL;C.L. CASTRILLO MATAJUDIOS
1702;Gerencia de Burgos;170220;C.S. MELGAR FERNAMENTAL;C.L. VALTIERRA DE RIOPISUERGA
1702;Gerencia de Burgos;170220;C.S. MELGAR FERNAMENTAL;C.L. VILLASANDINO
1702;Gerencia de Burgos;170221;C.S. MIRANDA ESTE;C.L. AYUELAS
1702;Gerencia de Burgos;170225;C.S. ROA DE DUERO;C.L. HOYALES DE ROA
1702;Gerencia de Burgos;170226;C.S. SALAS LOS INFANTES;C.L. GALLEGA LA
1702;Gerencia de Burgos;170229;C.S. SEDANO;C.L. VALDELATEJA
1702;Gerencia de Burgos;170231;C.S. VALLE TOBALINA;C.L. MOLINA DEL PORTILLO DE BUSTO
1702;Gerencia de Burgos;170232;C.S. VALLE VALDEBEZANA;C.L. ARIJA
1702;Gerencia de Burgos;170232;C.S. VALLE VALDEBEZANA;C.L. RUCANDIO
1702;Gerencia de Burgos;170233;C.S. VILLADIEGO;C.L. FUENCIVIL
1702;Gerencia de Burgos;170233;C.S. VILLADIEGO;C.L. SANTA CRUZ DEL TOZO
1703;Gerencia de León;170301;C.S. ARMUNIA;C.L. QUINTANA DE RANEROS
1703;Gerencia de León;170302;C.S. ASTORGA I;C.L. BRIMEDA
1703;Gerencia de León;170302;C.S. ASTORGA I;C.L. CASTRILLO POLVAZARES
1703;Gerencia de León;170302;C.S. ASTORGA I;C.L. NISTAL DE LA VEGA
1703;Gerencia de León;170302;C.S. ASTORGA I;C.L. SAN JUSTO DE LA VEGA
1703;Gerencia de León;170302;C.S. ASTORGA I;C.L. SAN ROMAN DE LA VEGA
1703;Gerencia de León;170302;C.S. ASTORGA I;C.S. ASTORGA I
1703;Gerencia de León;170303;C.S. ASTORGA II;C.L. BONILLOS
1703;Gerencia de León;170303;C.S. ASTORGA II;C.L. BUSTOS
1703;Gerencia de León;170303;C.S. ASTORGA II;C.L. CASTRILLO DE LAS PIEDRAS
1703;Gerencia de León;170303;C.S. ASTORGA II;C.L. ESCUREDO
1703;Gerencia de León;170303;C.S. ASTORGA II;C.L. MAGAZ DE CEPEDA
1703;Gerencia de León;170303;C.S. ASTORGA II;C.L. OTERUELO VALDUERNA
1703;Gerencia de León;170303;C.S. ASTORGA II;C.L. PIEDRALBA
1703;Gerencia de León;170303;C.S. ASTORGA II;C.L. PORQUEROS
1703;Gerencia de León;170303;C.S. ASTORGA II;C.L. QUINTANA DE FON
1703;Gerencia de León;170303;C.S. ASTORGA II;C.L. TEJADOS
1703;Gerencia de León;170303;C.S. ASTORGA II;C.L. UCEDO
1703;Gerencia de León;170303;C.S. ASTORGA II;C.L. VELDEDO
1703;Gerencia de León;170306;C.S. CISTIERNA;C.L. SABERO
1703;Gerencia de León;170307;C.S. CUENCA BERNESGA;C.L. LOS BARRIOS DE GORDON
1703;Gerencia de León;170307;C.S. CUENCA BERNESGA;C.L. SOLANA DE FENAR
1703;Gerencia de León;170307;C.S. CUENCA BERNESGA;C.S. CUENCA BERNESGA
1703;Gerencia de León;170308;C.S. LA BAÑEZA I;C.L. HUERGA DE GARABALLES
1703;Gerencia de León;170308;C.S. LA BAÑEZA I;C.L. SANTA ELENA DE JAMUZ
1703;Gerencia de León;170309;C.S. BAÑEZA II;C.L. AZARES DEL PARAMO
1703;Gerencia de León;170309;C.S. BAÑEZA II;C.L. CASTROCONTRIGO
1703;Gerencia de León;170309;C.S. BAÑEZA II;C.L. FRESNO DE LA VALDUERNA
1703;Gerencia de León;170309;C.S. BAÑEZA II;C.L. GENESTACIO
1703;Gerencia de León;170309;C.S. BAÑEZA II;C.L. POSADILLA DE LA VEGA
1703;Gerencia de León;170309;C.S. BAÑEZA II;C.L. QUINTANA Y CONGOSTO
1703;Gerencia de León;170309;C.S. BAÑEZA II;C.L. RIEGO DE LA VEGA
1703;Gerencia de León;170309;C.S. BAÑEZA II;C.L. ROBLEDINO DE LA VALDUERNA
1703;Gerencia de León;170309;C.S. BAÑEZA II;C.L. ROPERUELOS DEL PARAMO
1703;Gerencia de León;170309;C.S. BAÑEZA II;C.L. VILLAGARCIA DE LA VEGA
1703;Gerencia de León;170309;C.S. BAÑEZA II;C.L. VILLAMONTAN DE LA VALDUER.
1703;Gerencia de León;170310;C.S. TRUCHAS;C.L. ODOLLO
1703;Gerencia de León;170311;C.S. LA MAGDALENA;C.L. CIRUJALES
1703;Gerencia de León;170311;C.S. LA MAGDALENA;C.L. FASGAR
1703;Gerencia de León;170313;C.S. LA PALOMERA;C.S. LA PALOMERA
1703;Gerencia de León;170317;C.S. JOSE AGUADO II;C.L. VILLANUEVA DEL CONDADO
1703;Gerencia de León;170318;C.S. MANSILLA MULAS;C.L. CALZADILLA DE LOS HERMANILLOS
1703;Gerencia de León;170318;C.S. MANSILLA MULAS;C.L. MANSILLA MAYOR
1703;Gerencia de León;170318;C.S. MANSILLA MULAS;C.L. MATALLANA DE VALMADRIGAL
1703;Gerencia de León;170318;C.S. MANSILLA MULAS;C.L. RELIEGOS
1703;Gerencia de León;170318;C.S. MANSILLA MULAS;C.L. SANTAS MARTAS
1703;Gerencia de León;170318;C.S. MANSILLA MULAS;C.L. VILLAMARCO
1703;Gerencia de León;170319;C.S. MATALLANA DE TORIO;C.L. BARRIO ESTACION
1703;Gerencia de León;170319;C.S. MATALLANA DE TORIO;C.L. VEGACERVERA
1703;Gerencia de León;170319;C.S. MATALLANA DE TORIO;C.S. MATALLANA DE TORIO
1703;Gerencia de León;170320;C.S. RIAÑO;C.L. ACEBEDO
1703;Gerencia de León;170320;C.S. RIAÑO;C.L. MARAÑA
1703;Gerencia de León;170320;C.S. RIAÑO;C.L. PIO DE SAJAMBRE
1703;Gerencia de León;170320;C.S. RIAÑO;C.L. VEGACERNEJA
1703;Gerencia de León;170320;C.S. RIAÑO;C.L. VILLAFREA DE LA REINA
1703;Gerencia de León;170322;C.S. RIBERA DEL ORBIGO;C.L. ANTOÑAN DEL VALLE
1703;Gerencia de León;170322;C.S. RIBERA DEL ORBIGO;C.L. VILLANUEVA DE CARRIZO
1703;Gerencia de León;170322;C.S. RIBERA DEL ORBIGO;C.L. VILLAREJO DE ORBIGO
1703;Gerencia de León;170322;C.S. RIBERA DEL ORBIGO;C.S. RIBERA DEL ORBIGO
1703;Gerencia de León;170323;C.S. SAHAGUN CAMPOS;C.L. BANECIDAS
1703;Gerencia de León;170323;C.S. SAHAGUN CAMPOS;C.L. CEA
1703;Gerencia de León;170323;C.S. SAHAGUN CAMPOS;C.L. CODORNILLOS
1703;Gerencia de León;170323;C.S. SAHAGUN CAMPOS;C.L. GALLEGUILLOS DE CAMPOS
1703;Gerencia de León;170323;C.S. SAHAGUN CAMPOS;C.L. VALDAVIDA
1703;Gerencia de León;170324;C.S. SAN ANDRES RABANEDO;C.L. CARBAJAL DE LA LEGUA
1703;Gerencia de León;170324;C.S. SAN ANDRES RABANEDO;C.L. VILLABALTER
1703;Gerencia de León;170325;C.S. STA. MARIA PARAMO;C.L. BUSTILLO DEL PARAMO
1703;Gerencia de León;170325;C.S. STA. MARIA PARAMO;C.L. FONTECHA DEL PARAMO
1703;Gerencia de León;170325;C.S. STA. MARIA PARAMO;C.L. GRISUELA DEL PARAMO
1703;Gerencia de León;170325;C.S. STA. MARIA PARAMO;C.L. URDIALES DEL PARAMO
1703;Gerencia de León;170325;C.S. STA. MARIA PARAMO;C.L. VILLAESTRIGO DEL PARAMO
1703;Gerencia de León;170326;C.S. VALDERAS;C.L. GORDONCILLO
1703;Gerencia de León;170327;C.S. VALENCIA DE D. JUAN;C.L. ALGADEFE
1703;Gerencia de León;170327;C.S. VALENCIA DE D. JUAN;C.L. CARBAJAL DE FUENTES
1703;Gerencia de León;170327;C.S. VALENCIA DE D. JUAN;C.L. CASTROFUERTE
1703;Gerencia de León;170327;C.S. VALENCIA DE D. JUAN;C.L. CUBILLAS DE LOS OTEROS
1703;Gerencia de León;170327;C.S. VALENCIA DE D. JUAN;C.L. PAJARES DE LOS OTEROS
1703;Gerencia de León;170327;C.S. VALENCIA DE D. JUAN;C.L. SAN MILLAN CABALLEROS
1704;Gerencia de Ponferrada;170401;C.S. BEMBIBRE;C.L. ALMAGARINOS
1704;Gerencia de Ponferrada;170401;C.S. BEMBIBRE;C.L. CABANILLAS DE SAN JUSTO
1704;Gerencia de Ponferrada;170401;C.S. BEMBIBRE;C.L. EL VALLE
1704;Gerencia de Ponferrada;170401;C.S. BEMBIBRE;C.L. SAN FACUNDO
1704;Gerencia de Ponferrada;170401;C.S. BEMBIBRE;C.L. SAN ROMAN DE BEMBIBRE
1704;Gerencia de Ponferrada;170402;C.S. CACABELOS;C.L. ARGANZA
1704;Gerencia de Ponferrada;170402;C.S. CACABELOS;C.L. VILLAVERDE ABADIA
1704;Gerencia de Ponferrada;170402;C.S. CACABELOS;C.S. CACABELOS
1704;Gerencia de Ponferrada;170403;C.S. FABERO;C.L. CANDIN
1704;Gerencia de Ponferrada;170403;C.S. FABERO;C.L. VALLE FINOLLEDO
1704;Gerencia de Ponferrada;170404;C.S. PONFERRADA I;C.L. SALAS DE LOS BARRIOS
1704;Gerencia de Ponferrada;170405;C.S. PONFERRADA II;C.L. CUBILLOS
1704;Gerencia de Ponferrada;170407;C.S. PUENTE DOMINGO FLOREZ;C.L. BORRENES
1704;Gerencia de Ponferrada;170407;C.S. PUENTE DOMINGO FLOREZ;C.L. SIGÜEYA
1704;Gerencia de Ponferrada;170408;C.S. TORENO;C.L. PARAMO DEL SIL-AYUNTAMIENTO
1704;Gerencia de Ponferrada;170409;C.S. VILLABLINO;C.L. TEJEDO
1704;Gerencia de Ponferrada;170409;C.S. VILLABLINO;C.L. VILLAGER DE LACIANA
1704;Gerencia de Ponferrada;170409;C.S. VILLABLINO;C.L.VALSECO
1704;Gerencia de Ponferrada;170410;C.S. VILLAFRANCA BIERZO;C.L. CORULLON
1705;Gerencia de Palencia;170501;C.S. AGUILAR DE CAMPOO;C.L. BASCONES DE EBRO
1705;Gerencia de Palencia;170501;C.S. AGUILAR DE CAMPOO;C.L. BRAÑOSERA
1705;Gerencia de Palencia;170501;C.S. AGUILAR DE CAMPOO;C.L. CILLAMAYOR
1705;Gerencia de Palencia;170501;C.S. AGUILAR DE CAMPOO;C.L. QUINTANAS DE VALDELUCIO
1705;Gerencia de Palencia;170501;C.S. AGUILAR DE CAMPOO;C.L. SAN MAMES DE ABAR
1705;Gerencia de Palencia;170501;C.S. AGUILAR DE CAMPOO;C.L. VALLEJO DE ORBO
1705;Gerencia de Palencia;170503;C.S. CARRION DE LOS CONDES;C.L. VILLOTA DEL DUQUE
1705;Gerencia de Palencia;170504;C.S. CERVERA PISUERGA;C.L. RUESGA
1705;Gerencia de Palencia;170504;C.S. CERVERA PISUERGA;C.L. SAN SALVADOR DE CANTAMUDA
1705;Gerencia de Palencia;170504;C.S. CERVERA PISUERGA;C.L. VIDRIEROS
1705;Gerencia de Palencia;170505;C.S. FROMISTA;C.L. RIBAS DE CAMPOS
1705;Gerencia de Palencia;170506;C.S. GUARDO;C.L. ALBA DE LOS CARDAÑOS
1705;Gerencia de Palencia;170506;C.S. GUARDO;C.L. VILLALBA DE GUARDO
1705;Gerencia de Palencia;170506;C.S. GUARDO;C.L. VILLANUEVA DE ARRIBA
1705;Gerencia de Palencia;170507;C.S. HERRERA DE PISUERGA;C.L. CALAHORRA DE BOEDO
1705;Gerencia de Palencia;170507;C.S. HERRERA DE PISUERGA;C.L. OLMOS DE PISUERGA
1705;Gerencia de Palencia;170507;C.S. HERRERA DE PISUERGA;C.L. PARAMO DE BOEDO
1705;Gerencia de Palencia;170507;C.S. HERRERA DE PISUERGA;C.L. PAYO DE OJEDA
1705;Gerencia de Palencia;170507;C.S. HERRERA DE PISUERGA;C.L. QUINTANATELLO DE OJEDA
1705;Gerencia de Palencia;170507;C.S. HERRERA DE PISUERGA;C.L. SANTIBAÑEZ DE ECLA
1705;Gerencia de Palencia;170507;C.S. HERRERA DE PISUERGA;C.L. VALTIERRA DE ALBACASTRO
1705;Gerencia de Palencia;170508;C.S. JARDINILLOS;CENTRO RESIDENCIAL DE PERSONAS MAYORES SAN BERNABE Y SAN ANTOLIN
1705;Gerencia de Palencia;170510;C.S. OSORNO;C.L. SAN CRISTOBAL DE BOEDO
1705;Gerencia de Palencia;170510;C.S. OSORNO;C.L. SANTILLANA DE CAMPOS
1705;Gerencia de Palencia;170511;C.S. PALENCIA RURAL;C.L. FUENTES DE VALDEPERO
1705;Gerencia de Palencia;170511;C.S. PALENCIA RURAL;C.L. PAREDES DEL MONTE
1705;Gerencia de Palencia;170512;C.S. PAREDES DE NAVA;C.L. AÑOZA
1705;Gerencia de Palencia;170512;C.S. PAREDES DE NAVA;C.L. CARDEÑOSA DE VOLPEJERA
1705;Gerencia de Palencia;170512;C.S. PAREDES DE NAVA;C.L. FUENTES DE NAVA
1705;Gerencia de Palencia;170514;C.S. SALDAÑA;C.L. BARRIO DE LA PUEBLA
1705;Gerencia de Palencia;170514;C.S. SALDAÑA;C.L. BARRIOS DE LA VEGA
1705;Gerencia de Palencia;170514;C.S. SALDAÑA;C.L. BUENAVISTA DE VALDAVIA
1705;Gerencia de Palencia;170514;C.S. SALDAÑA;C.L. LOBERA DE LA VEGA
1705;Gerencia de Palencia;170514;C.S. SALDAÑA;C.L. QUINTANADIEZ DE LA VEGA
1705;Gerencia de Palencia;170514;C.S. SALDAÑA;C.L. SAN MARTIN DEL VALLE
1705;Gerencia de Palencia;170514;C.S. SALDAÑA;C.S. SALDAÑA
1705;Gerencia de Palencia;170518;C.S. VILLARRAMIEL;C.L. VILLAMARTIN
1705;Gerencia de Palencia;170519;C.S. VILLADA;C.L. BOADILLA DE RIOSECO
1705;Gerencia de Palencia;170519;C.S. VILLADA;C.L. VILLACIDALER
1706;Gerencia de Salamanca;170601;C.S. ALBA DE TORMES;C.L. CASTILLEJO
1706;Gerencia de Salamanca;170601;C.S. ALBA DE TORMES;C.L. SIETEIGLESIAS DE TORMES
1706;Gerencia de Salamanca;170601;C.S. ALBA DE TORMES;C.L. TORREJON DE ALBA
1706;Gerencia de Salamanca;170601;C.S. ALBA DE TORMES;C.S. ALBA DE TORMES
1706;Gerencia de Salamanca;170602;C.S. ALDEADAVILA RIBERA;C.L. BARRERAS
1706;Gerencia de Salamanca;170602;C.S. ALDEADAVILA RIBERA;C.L. SAUCELLE
1706;Gerencia de Salamanca;170603;C.S. BEJAR;C.L. LAGUNILLA
1706;Gerencia de Salamanca;170603;C.S. BEJAR;C.L. VALDEFUENTES DE SANGUSIN
1706;Gerencia de Salamanca;170605;C.S. CANTALAPIEDRA;C.L. VILLAFLORES
1706;Gerencia de Salamanca;170605;C.S. CANTALAPIEDRA;C.S. CANTALAPIEDRA
1706;Gerencia de Salamanca;170606;C.S. CIUDAD RODRIGO;C.L. CARPIO DE AZABA
1706;Gerencia de Salamanca;170606;C.S. CIUDAD RODRIGO;C.L. PASTORES
1706;Gerencia de Salamanca;170606;C.S. CIUDAD RODRIGO;C.L. SERRADILLA DEL ARROYO
1706;Gerencia de Salamanca;170606;C.S. CIUDAD RODRIGO;C.L. ZAMARRA
1706;Gerencia de Salamanca;170608;C.S. FUENTE DE SAN ESTEBAN;C.L. SAN MUÑOZ
1706;Gerencia de Salamanca;170609;C.S. FUENTEGUINALDO;C.L. CAMPILLO DE AZABA
1706;Gerencia de Salamanca;170609;C.S. FUENTEGUINALDO;C.L. CASTILLEJO DE AZABA
1706;Gerencia de Salamanca;170609;C.S. FUENTEGUINALDO;C.L. ITUERO DE AZABA
1706;Gerencia de Salamanca;170609;C.S. FUENTEGUINALDO;C.L. NAVASFRIAS
1706;Gerencia de Salamanca;170609;C.S. FUENTEGUINALDO;C.S. FUENTEGUINALDO
1706;Gerencia de Salamanca;170610;C.S. FUENTES DE OÑORO;C.L. ALAMEDA DE GARDON
1706;Gerencia de Salamanca;170610;C.S. FUENTES DE OÑORO;C.L. VILLAR DE CIERVO
1706;Gerencia de Salamanca;170610;C.S. FUENTES DE OÑORO;C.S. FUENTES DE OÑORO
1706;Gerencia de Salamanca;170613;C.S. GUIJUELO;C.L. ALDEAVIEJA DE TORMES
1706;Gerencia de Salamanca;170613;C.S. GUIJUELO;C.L. BERROCAL DE SALVATIERRA
1706;Gerencia de Salamanca;170613;C.S. GUIJUELO;C.L. NAVAMORALES
1706;Gerencia de Salamanca;170613;C.S. GUIJUELO;C.L. PALACIOS DE SALVATIERRA
1706;Gerencia de Salamanca;170615;C.S. LA ALBERCA;C.L. SAN MIGUEL DE ROBLEDO
1706;Gerencia de Salamanca;170616;C.S. LEDESMA;C.L. ENCINA DE SAN SILVESTRE
1706;Gerencia de Salamanca;170616;C.S. LEDESMA;C.L. GEJO DE LOS REYES
1706;Gerencia de Salamanca;170617;C.S. LINARES DE RIOFRIO;C.L. MONLEON
1706;Gerencia de Salamanca;170617;C.S. LINARES DE RIOFRIO;C.L. SANTIBAÑEZ DE LA SIERRA
1706;Gerencia de Salamanca;170617;C.S. LINARES DE RIOFRIO;C.L. SANTO DOMINGO
1706;Gerencia de Salamanca;170618;C.S. LUMBRALES;C.L. HINOJOSA DE DUERO
1706;Gerencia de Salamanca;170618;C.S. LUMBRALES;C.L. SAN FELICES DE LOS GALLEGOS
1706;Gerencia de Salamanca;170619;C.S. MATILLA CAÑOS;C.S. MATILLA CAÑOS
1706;Gerencia de Salamanca;170621;C.S. PEDROSILLO EL RALO;C.L. PAJARES DE LA LAGUNA
1706;Gerencia de Salamanca;170622;C.S. PERIURBANA NORTE;C.L. ALMENARA DE TORMES
1706;Gerencia de Salamanca;170622;C.S. PERIURBANA NORTE;C.L. MONTERRUBIO DE ARMUÑA
1706;Gerencia de Salamanca;170622;C.S. PERIURBANA NORTE;C.L. VALVERDON
1706;Gerencia de Salamanca;170622;C.S. PERIURBANA NORTE;C.S. VILLARES DE LA REINA
1706;Gerencia de Salamanca;170623;C.S. PERIURBANO SUR;C.L. MIRANDA DE AZAN
1706;Gerencia de Salamanca;170623;C.S. PERIURBANO SUR;C.L. MONTERRUBIO DE LA SIERRA
1706;Gerencia de Salamanca;170623;C.S. PERIURBANO SUR;C.L. MOZARBEZ
1706;Gerencia de Salamanca;170623;C.S. PERIURBANO SUR;C.S. PERIURBANO SUR
1706;Gerencia de Salamanca;170624;C.S. PEÑARANDA;C.L. ALDEASECA DE LA FRONTERA
1706;Gerencia de Salamanca;170624;C.S. PEÑARANDA;C.L. MALPARTIDA
1706;Gerencia de Salamanca;170624;C.S. PEÑARANDA;C.L. NAVA DE SOTROBAL
1706;Gerencia de Salamanca;170624;C.S. PEÑARANDA;C.L. SANTIAGO DE LA PUEBLA
1701;Gerencia de Ávila;170101;C.S. ARENAS SAN PEDRO;C.L. HORNILLO, EL
1706;Gerencia de Salamanca;170630;C.S. TAMAMES;C.L. RINCONADA DE LA SIERRA
1701;Gerencia de Ávila;170102;C.S. AREVALO;C.L. CANALES
1706;Gerencia de Salamanca;170634;C.S. VITIGUDINO;C.L. CABEZA DE FRAMONTANOS
1701;Gerencia de Ávila;170102;C.S. AREVALO;C.L. MONTEJO DE AREVALO
1706;Gerencia de Salamanca;170634;C.S. VITIGUDINO;C.L. POZOS DE HINOJO
1701;Gerencia de Ávila;170105;C.S. AVILA RURAL;C.L. BLASCOELES
1706;Gerencia de Salamanca;170634;C.S. VITIGUDINO;C.L. PUERTAS
1701;Gerencia de Ávila;170105;C.S. AVILA RURAL;C.L. MUÑOPEPE
1707;Gerencia de Segovia;170701;C.S. CANTALEJO;C.L. ALDEONSANCHO
1701;Gerencia de Ávila;170105;C.S. AVILA RURAL;C.L. SOTALVO
1707;Gerencia de Segovia;170701;C.S. CANTALEJO;C.L. BERROCAL
1701;Gerencia de Ávila;170117;C.S. PIEDRAHITA;C.L. BARRIO, EL
1707;Gerencia de Segovia;170701;C.S. CANTALEJO;C.L. CABALLAR
1701;Gerencia de Ávila;170117;C.S. PIEDRAHITA;C.L. CASAS DEL PUERTO DE VILLATORO
1707;Gerencia de Segovia;170701;C.S. CANTALEJO;C.L. REBOLLO
1701;Gerencia de Ávila;170118;C.S. SAN PEDRO ARROYO;C.L. GRANDES
1707;Gerencia de Segovia;170701;C.S. CANTALEJO;C.L. SEBULCOR
1701;Gerencia de Ávila;170118;C.S. SAN PEDRO ARROYO;C.L. VITA
1707;Gerencia de Segovia;170701;C.S. CANTALEJO;C.L. VALLE DE TABLADILLO
1701;Gerencia de Ávila;170119;C.S. SOTILLO DE ADRADA;C.L. FRESNEDILLA
1707;Gerencia de Segovia;170702;C.S. CARBONERO EL MAYOR;C.L. FUENTEPELAYO
1701;Gerencia de Ávila;170120;C.S. MUÑANA;C.L. BLACHA
1707;Gerencia de Segovia;170702;C.S. CARBONERO EL MAYOR;C.L. MOZONCILLO
1701;Gerencia de Ávila;170121;C.S. MUÑICO;C.L. CILLAN
1707;Gerencia de Segovia;170702;C.S. CARBONERO EL MAYOR;C.L. MUDRIAN
1701;Gerencia de Ávila;170121;C.S. MUÑICO;C.L. SAN GARCIA DE INGELMOS
1707;Gerencia de Segovia;170703;C.S. CUELLAR;C.L. CHAÑE
1702;Gerencia de Burgos;170202;C.S. ARANDA RURAL;C.L. MILAGROS
1707;Gerencia de Segovia;170703;C.S. CUELLAR;C.L. CHATUN
1702;Gerencia de Burgos;170202;C.S. ARANDA RURAL;C.L. MONTEJO DE LA VEGA DE LA S
1707;Gerencia de Segovia;170703;C.S. CUELLAR;C.L. LOVINGOS
1702;Gerencia de Burgos;170202;C.S. ARANDA RURAL;C.L. TORREGALINDO
1707;Gerencia de Segovia;170703;C.S. CUELLAR;C.L. MORALEJA DE CUELLAR
1702;Gerencia de Burgos;170205;C.S. BRIVIESCA;C.L. GRISALEÑA
1707;Gerencia de Segovia;170705;C.S. NAVAFRIA;C.L. LA SALCEDA
1702;Gerencia de Burgos;170205;C.S. BRIVIESCA;C.L. PRADANOS DE BUREBA
1707;Gerencia de Segovia;170705;C.S. NAVAFRIA;C.L. RADES DE ABAJO
1702;Gerencia de Burgos;170208;C.S. BURGOS RURAL NORTE;C.L. MELGOSA
1707;Gerencia de Segovia;170705;C.S. NAVAFRIA;C.L. SIGUERUELO
1702;Gerencia de Burgos;170208;C.S. BURGOS RURAL NORTE;C.L. NUEZ DE ARRIBA LA
1707;Gerencia de Segovia;170706;C.S. NAVA DE LA ASUNCION;C.L. CIRUELOS DE COCA
1702;Gerencia de Burgos;170209;C.S. BURGOS RURAL SUR;C.L. BUNIEL
1707;Gerencia de Segovia;170706;C.S. NAVA DE LA ASUNCION;C.L. FUENTE DE SANTA CRUZ
1702;Gerencia de Burgos;170209;C.S. BURGOS RURAL SUR;C.L. PEDROSA DE RIO URBEL
1707;Gerencia de Segovia;170706;C.S. NAVA DE LA ASUNCION;C.L. HOYUELOS
1701;Gerencia de Ávila;170105;C.S. AVILA RURAL;C.L. MARLIN
1707;Gerencia de Segovia;170706;C.S. NAVA DE LA ASUNCION;C.L. JUARROS DE VOLTOYA
1701;Gerencia de Ávila;170108;C.S. BARCO DE AVILA;C.L. SANTA MARIA DE LOS CABALLEROS
1707;Gerencia de Segovia;170706;C.S. NAVA DE LA ASUNCION;C.L. ORTIGOSA DE PESTAÑO
1701;Gerencia de Ávila;170112;C.S. FONTIVEROS;C.L. CISLA
1707;Gerencia de Segovia;170706;C.S. NAVA DE LA ASUNCION;C.L. VILLOSLADA
1701;Gerencia de Ávila;170115;C.S. MADRIGAL DE LAS ALTAS TORRES;C.L. CASTELLANOS DE ZAPARDIEL
1707;Gerencia de Segovia;170707;C.S. RIAZA;C.L. ALDEALENGUA SANTA MARIA
1701;Gerencia de Ávila;170115;C.S. MADRIGAL DE LAS ALTAS TORRES;C.L. SAN CRISTOBAL DE TRABANCOS
1707;Gerencia de Segovia;170707;C.S. RIAZA;C.L. BECERRIL
1701;Gerencia de Ávila;170117;C.S. PIEDRAHITA;C.L. BONILLA DE LA SIERRA
1707;Gerencia de Segovia;170707;C.S. RIAZA;C.L. CASCAJARES
1701;Gerencia de Ávila;170118;C.S. SAN PEDRO ARROYO;C.L. CABIZUELA
1707;Gerencia de Segovia;170711;C.S. SEGOVIA RURAL;C.L. ENCINILLAS
1701;Gerencia de Ávila;170118;C.S. SAN PEDRO ARROYO;C.L. NARROS DEL CASTILLO
1707;Gerencia de Segovia;170711;C.S. SEGOVIA RURAL;C.L. HONTANARES DE ERESMA
1701;Gerencia de Ávila;170118;C.S. SAN PEDRO ARROYO;C.L. SAN MARTIN DE LAS CABEZAS
1707;Gerencia de Segovia;170711;C.S. SEGOVIA RURAL;C.L. LA HIGUERA
1701;Gerencia de Ávila;170119;C.S. SOTILLO DE ADRADA;C.L. ADRADA, LA
1707;Gerencia de Segovia;170711;C.S. SEGOVIA RURAL;C.L. LA LOSA
1701;Gerencia de Ávila;170119;C.S. SOTILLO DE ADRADA;C.L. PIEDRALAVES
1707;Gerencia de Segovia;170711;C.S. SEGOVIA RURAL;C.L. MADRONA
1701;Gerencia de Ávila;170120;C.S. MUÑANA;C.L. VADILLO DE LA SIERRA
1707;Gerencia de Segovia;170711;C.S. SEGOVIA RURAL;C.L. MARTIN MIGUEL
1702;Gerencia de Burgos;170202;C.S. ARANDA RURAL;C.L. ADRADA DE HAZA
1707;Gerencia de Segovia;170712;C.S. SEPULVEDA;C.L. C.L. EGRA DE MURERA
1702;Gerencia de Burgos;170204;C.S. BELORADO;C.L. CERRATON DE JUARROS
1707;Gerencia de Segovia;170712;C.S. SEPULVEDA;C.L. URUEÑAS
1702;Gerencia de Burgos;170204;C.S. BELORADO;C.L. VALMALA
1707;Gerencia de Segovia;170713;C.S. VILLACASTIN;C.L. MAELLO
1702;Gerencia de Burgos;170205;C.S. BRIVIESCA;C.L. BARRIOS BUREBA
1707;Gerencia de Segovia;170713;C.S. VILLACASTIN;C.L. VEGAS DE MATUTE
1702;Gerencia de Burgos;170205;C.S. BRIVIESCA;C.L. BERZOSA DE BUREBA
1707;Gerencia de Segovia;170716;C.S. SACRAMENIA;C.L. LAGUNA DE CONTRERAS
1702;Gerencia de Burgos;170205;C.S. BRIVIESCA;C.L. NAVAS DE BUREBA
1707;Gerencia de Segovia;170716;C.S. SACRAMENIA;C.L. PECHARROMAN
1702;Gerencia de Burgos;170208;C.S. BURGOS RURAL NORTE;C.L. GREDILLA DE POLERA
1707;Gerencia de Segovia;170716;C.S. SACRAMENIA;C.L. TORREADRADA
1702;Gerencia de Burgos;170208;C.S. BURGOS RURAL NORTE;C.L. MOLINA DE UBIERNA
1707;Gerencia de Segovia;170716;C.S. SACRAMENIA;C.S. SACRAMENIA
1702;Gerencia de Burgos;170208;C.S. BURGOS RURAL NORTE;C.L. MONTORIO
1708;Gerencia de Soria;170801;C.S. AGREDA;C.L. CIGUDOSA
1702;Gerencia de Burgos;170208;C.S. BURGOS RURAL NORTE;C.L. SANTA MARIA DEL INVIERNO
1708;Gerencia de Soria;170801;C.S. AGREDA;C.L. FUENTESTRUN
1702;Gerencia de Burgos;170208;C.S. BURGOS RURAL NORTE;C.L. VILLAESCUSA LA SOLANA
1708;Gerencia de Soria;170801;C.S. AGREDA;C.L. VOZMEDIANO
1702;Gerencia de Burgos;170208;C.S. BURGOS RURAL NORTE;C.L. VILLAFRIA
1708;Gerencia de Soria;170802;C.S. ALMAZAN;C.L. ALCUBILLA DE LAS PEÑAS
1702;Gerencia de Burgos;170209;C.S. BURGOS RURAL SUR;C.L. MODUBAR DE LA EMPAREDADA
1708;Gerencia de Soria;170802;C.S. ALMAZAN;C.L. BARAHONA
1702;Gerencia de Burgos;170209;C.S. BURGOS RURAL SUR;C.L. VALDORROS
1708;Gerencia de Soria;170802;C.S. ALMAZAN;C.L. ESCOBOSA DE ALMAZAN
1702;Gerencia de Burgos;170209;C.S. BURGOS RURAL SUR;C.L. VILLAGUTIERREZ
1708;Gerencia de Soria;170802;C.S. ALMAZAN;C.L. SOLIEDRA
1702;Gerencia de Burgos;170209;C.S. BURGOS RURAL SUR;C.L. VILVIESTRE DE MUÑO
1708;Gerencia de Soria;170802;C.S. ALMAZAN;C.L. TARODA
1702;Gerencia de Burgos;170215;C.S. HUERTA DE REY;C.S. HUERTA DEL REY
1708;Gerencia de Soria;170803;C.S. ARCOS DE JALON;C.L. SAGIDES
1702;Gerencia de Burgos;170216;C.S. LERMA;C.L. PINEDA TRASMONTE
1708;Gerencia de Soria;170803;C.S. ARCOS DE JALON;C.L. VELILLA DE MEDINACELI
1702;Gerencia de Burgos;170216;C.S. LERMA;C.L. QUINTANILLA DEL AGUA
1708;Gerencia de Soria;170803;C.S. ARCOS DE JALON;C.S. ARCOS DE JALON
1702;Gerencia de Burgos;170219;C.S. MEDINA DE POMAR;C.S. MEDINA DE POMAR
1708;Gerencia de Soria;170804;C.S. BERLANGA DE DUERO;C.L. ANDALUZ
1702;Gerencia de Burgos;170220;C.S. MELGAR FERNAMENTAL;C.L. SANTA MARIA ANANUÑEZ
1708;Gerencia de Soria;170804;C.S. BERLANGA DE DUERO;C.L. BAYUBAS DE ARRIBA
1702;Gerencia de Burgos;170220;C.S. MELGAR FERNAMENTAL;C.L. ZARZOSA DE RIOPISUERGA
1708;Gerencia de Soria;170804;C.S. BERLANGA DE DUERO;C.L. BRIAS
1702;Gerencia de Burgos;170221;C.S. MIRANDA ESTE;C.L. VALLUERCANES
1708;Gerencia de Soria;170805;C.S. EL BURGO DE OSMA;C.L. ALCUBILLA DEL MARQUES
1702;Gerencia de Burgos;170223;C.S. PAMPLIEGA;C.L. BELBIMBRE
1708;Gerencia de Soria;170805;C.S. EL BURGO DE OSMA;C.L. BOOS
1702;Gerencia de Burgos;170223;C.S. PAMPLIEGA;C.L. PALAZUELOS DE MUÑO
1708;Gerencia de Soria;170805;C.S. EL BURGO DE OSMA;C.L. UCERO
1702;Gerencia de Burgos;170223;C.S. PAMPLIEGA;C.L. TAMARON
1708;Gerencia de Soria;170806;C.S. SAN ESTEBAN GORMAZ;C.L. QUINTANAS RUBIAS DE ARRIBA
1702;Gerencia de Burgos;170223;C.S. PAMPLIEGA;C.L. VILLALDEMIRO
1708;Gerencia de Soria;170806;C.S. SAN ESTEBAN GORMAZ;C.L. SANTERVAS DEL BURGO
1702;Gerencia de Burgos;170223;C.S. PAMPLIEGA;C.L. VILLODRIGO
1708;Gerencia de Soria;170806;C.S. SAN ESTEBAN GORMAZ;C.L. VILLALVARO
1702;Gerencia de Burgos;170225;C.S. ROA DE DUERO;C.L. ANGUIX
1708;Gerencia de Soria;170807;C.S. GOMARA;C.L. CARDEJON
1702;Gerencia de Burgos;170226;C.S. SALAS LOS INFANTES;C.L. IGLESIAPINTA
1708;Gerencia de Soria;170807;C.S. GOMARA;C.L. LA QIÑONERIA
1702;Gerencia de Burgos;170226;C.S. SALAS LOS INFANTES;C.L. MAMOLAR
1708;Gerencia de Soria;170807;C.S. GOMARA;C.L. VELILLA DE LOS AJOS
1702;Gerencia de Burgos;170229;C.S. SEDANO;C.L. BAÑUELOS DEL RUDRON
1708;Gerencia de Soria;170807;C.S. GOMARA;C.L. VILLASECA DE ARCIEL
1702;Gerencia de Burgos;170229;C.S. SEDANO;C.L. QUINTANILLA ESCALADA
1708;Gerencia de Soria;170810;C.S. SAN LEONARDO YAGÜE;C.L. SANTA MARIA DE LAS HOYAS
1702;Gerencia de Burgos;170230;C.S. VALLE DE LOSA;C.L. VILLALBA DE LOSA
1708;Gerencia de Soria;170810;C.S. SAN LEONARDO YAGÜE;C.S. SAN LEONARDO YAGÜE
1702;Gerencia de Burgos;170231;C.S. VALLE TOBALINA;C.L. BARCINA DE LOS MONTES
1708;Gerencia de Soria;170811;C.S. SORIA RURAL;C.L. ARGUIJO
1702;Gerencia de Burgos;170231;C.S. VALLE TOBALINA;C.L. BARCINA DEL BARCO
1708;Gerencia de Soria;170811;C.S. SORIA RURAL;C.L. CAMPARAÑON
1702;Gerencia de Burgos;170233;C.S. VILLADIEGO;C.L. OLMOS DE PICAZA
1708;Gerencia de Soria;170811;C.S. SORIA RURAL;C.L. CARBONERA DE FRENTES
1702;Gerencia de Burgos;170233;C.S. VILLADIEGO;C.L. URBEL DEL CASTILLO
1708;Gerencia de Soria;170811;C.S. SORIA RURAL;C.L. CUBO DE LA SOLANA
1702;Gerencia de Burgos;170235;C.S. VILLARCAYO;C.L. MANZANEDO
1708;Gerencia de Soria;170811;C.S. SORIA RURAL;C.L. FUENTELALDEA
1702;Gerencia de Burgos;170235;C.S. VILLARCAYO;C.L. TORME
1708;Gerencia de Soria;170811;C.S. SORIA RURAL;C.L. GOLMAYO
1702;Gerencia de Burgos;170236;C.S. JOSE LUIS SANTAMARIA;C.S. JOSE LUIS SANTAMARIA
1708;Gerencia de Soria;170811;C.S. SORIA RURAL;C.L. SUELLACABRAS
1703;Gerencia de León;170302;C.S. ASTORGA I;C.L. MURIAS DE RECHIVALDO
1708;Gerencia de Soria;170812;C.S. S.PEDRO MANRIQUE;C.L. HUERTELES
1703;Gerencia de León;170302;C.S. ASTORGA I;C.L. VALDEVIEJAS
1708;Gerencia de Soria;170812;C.S. S.PEDRO MANRIQUE;C.L. VIZMANOS
1703;Gerencia de León;170303;C.S. ASTORGA II;C.L. LA VEGUELLINA
1709;Gerencia de Valladolid Oeste;170902;C.S. ARTURO EYRIES;C.S. ARTURO EYRIES
1703;Gerencia de León;170303;C.S. ASTORGA II;C.L. VILLAMEJIL
1709;Gerencia de Valladolid Oeste;170910;C.S. MAYORGA DE CAMPOS;C.L. MELGAR DE ARRIBA
1703;Gerencia de León;170303;C.S. ASTORGA II;C.L. VILLAR DE GOLFER
1709;Gerencia de Valladolid Oeste;170913;C.S. MEDINA DE RIOSECO;C.L. CASTROMONTE
1703;Gerencia de León;170305;C.S. BOÑAR;C.L. LUGAN
1709;Gerencia de Valladolid Oeste;170913;C.S. MEDINA DE RIOSECO;C.L. VILLALBA DE LOS AL
1703;Gerencia de León;170305;C.S. BOÑAR;C.L. VEGAQUEMADA
1709;Gerencia de Valladolid Oeste;170914;C.S. MOTA DEL MARQUES;C.L. BENAFARCES
1703;Gerencia de León;170306;C.S. CISTIERNA;C.L. PRIORO
1709;Gerencia de Valladolid Oeste;170914;C.S. MOTA DEL MARQUES;C.L. CASASOLA DE ARION
1703;Gerencia de León;170306;C.S. CISTIERNA;C.L. SANTA OLAJA DE LA VARGA
1709;Gerencia de Valladolid Oeste;170920;C.S. TORDESILLAS;C.L. POLLOS
1703;Gerencia de León;170307;C.S. CUENCA BERNESGA;C.L. GERAS DE GORDON
1709;Gerencia de Valladolid Oeste;170924;C.S. VILLAFRECHOS;C.L. CABREROS DEL MONTE
1703;Gerencia de León;170307;C.S. CUENCA BERNESGA;C.L. LA VID
1709;Gerencia de Valladolid Oeste;170925;C.S. VILLALON DE CAMPOS;C.L. BUSTILLO DE CHAVES
1703;Gerencia de León;170307;C.S. CUENCA BERNESGA;C.L. SORRIBOS DE ALBA
1709;Gerencia de Valladolid Oeste;170925;C.S. VILLALON DE CAMPOS;C.L. CABEZON DE VALDERA
1703;Gerencia de León;170307;C.S. CUENCA BERNESGA;C.L. VILLASIMPLIZ
1710;Gerencia de Valladolid Este;171002;C.S. ESGUEVILLAS;C.L. CASTRILLO TEJERIEGO
1703;Gerencia de León;170309;C.S. BAÑEZA II;C.L. SAN FELIX DE LA VALDERIA
1710;Gerencia de Valladolid Este;171006;C.S. ISCAR;C.L. MEGECES
1703;Gerencia de León;170309;C.S. BAÑEZA II;C.L. TORNEROS DE JAMUZ
1710;Gerencia de Valladolid Este;171006;C.S. ISCAR;C.L. PEDRAJAS S.ESTEBAN
1703;Gerencia de León;170310;C.S. TRUCHAS;C.L. LOSADILLA
1710;Gerencia de Valladolid Este;171006;C.S. ISCAR;C.S. ISCAR
1703;Gerencia de León;170311;C.S. LA MAGDALENA;C.L. MORA DE LUNA
1711;Gerencia de Zamora;171102;C.S. ALCAÑICES;C.L. SAN BLAS
1703;Gerencia de León;170311;C.S. LA MAGDALENA;C.L. SAN MARTIN DE LA FALAMOSA
1711;Gerencia de Zamora;171102;C.S. ALCAÑICES;C.L. VILLARINO TRAS LA SIERRA
1703;Gerencia de León;170312;C.S. ERAS DE RENUEVA;C.L. VILLASINTA DE TORIO
1711;Gerencia de Zamora;171103;C.S. ALTA SANABRIA;C.L. CHANOS
1703;Gerencia de León;170321;C.S. RIBERA DEL ESLA;C.L. CUBILLAS DE RUEDA
1711;Gerencia de Zamora;171104;C.S. BENAVENTE NORTE;C.L. COLINAS DE TRANSMONTE
1703;Gerencia de León;170321;C.S. RIBERA DEL ESLA;C.L. LA ALDEA DEL PUENTE
1711;Gerencia de Zamora;171104;C.S. BENAVENTE NORTE;C.L. COOMONTE
1703;Gerencia de León;170321;C.S. RIBERA DEL ESLA;C.L. SAHECHORES DE RUEDA
1711;Gerencia de Zamora;171104;C.S. BENAVENTE NORTE;C.L. POBLADURA DEL VALLE
1703;Gerencia de León;170322;C.S. RIBERA DEL ORBIGO;C.L. CELADILLA DEL PARAMO
1711;Gerencia de Zamora;171105;C.S. BENAVENTE SUR;C.L. CASTROGONZALO
1703;Gerencia de León;170322;C.S. RIBERA DEL ORBIGO;C.L. VEGA DE ANTOÑAN
1711;Gerencia de Zamora;171105;C.S. BENAVENTE SUR;C.L. CASTROPEPE
1703;Gerencia de León;170323;C.S. SAHAGUN CAMPOS;C.L. MOZOS DE CEA
1711;Gerencia de Zamora;171105;C.S. BENAVENTE SUR;C.L. MILLES DE LA POLVOROSA
1703;Gerencia de León;170325;C.S. STA. MARIA PARAMO;C.L. ACEBES DEL PARAMO
1711;Gerencia de Zamora;171105;C.S. BENAVENTE SUR;C.L. SANTA COLOMBA DE LAS CARABIAS
1703;Gerencia de León;170326;C.S. VALDERAS;C.L. CIMANES DE LA VEGA
1711;Gerencia de Zamora;171107;C.S. VILLARRIN;C.L. REVELLINOS
1703;Gerencia de León;170326;C.S. VALDERAS;C.L. VILLAFER
1711;Gerencia de Zamora;171108;C.S. CARBAJALES DE ALBA;C.L. MUGA DE ALBA
1703;Gerencia de León;170327;C.S. VALENCIA DE D. JUAN;C.L. FRESNO DE LA VEGA
1711;Gerencia de Zamora;171108;C.S. CARBAJALES DE ALBA;C.L. OLMILLOS DE CASTRO
1703;Gerencia de León;170327;C.S. VALENCIA DE D. JUAN;C.L. VELILLA DE LOS OTEROS
1711;Gerencia de Zamora;171109;C.S. MOMBUEY;C.L. DONADILLO
1703;Gerencia de León;170327;C.S. VALENCIA DE D. JUAN;C.L. VILLACALBIEL
1711;Gerencia de Zamora;171109;C.S. MOMBUEY;C.L. FRESNO DE LA CARBALLEDA
1703;Gerencia de León;170327;C.S. VALENCIA DE D. JUAN;C.L. VILLAMANDOS
1711;Gerencia de Zamora;171109;C.S. MOMBUEY;C.L. SAGALLOS
1704;Gerencia de Ponferrada;170401;C.S. BEMBIBRE;C.L. BOEZA
1711;Gerencia de Zamora;171110;C.S. CORRALES DEL VINO;C.L. EL CUBO DEL VINO
1704;Gerencia de Ponferrada;170401;C.S. BEMBIBRE;C.L. IGUEÑA
1711;Gerencia de Zamora;171110;C.S. CORRALES DEL VINO;C.L. EL PIÑERO
1704;Gerencia de Ponferrada;170403;C.S. FABERO;C.L. LILLO DEL BIERZO
1711;Gerencia de Zamora;171114;C.S. PUEBLA DE SANABRIA;C.L. UNGILDE
1704;Gerencia de Ponferrada;170405;C.S. PONFERRADA II;C.L. FINOLLEDO
1711;Gerencia de Zamora;171115;C.S. BERMILLO DE SAYAGO;C.L. ALFARAZ DE SAYAGO
1704;Gerencia de Ponferrada;170407;C.S. PUENTE DOMINGO FLOREZ;C.L. CASTROQUILAME
1711;Gerencia de Zamora;171115;C.S. BERMILLO DE SAYAGO;C.L. MORAL DE SAYAGO
1704;Gerencia de Ponferrada;170408;C.S. TORENO;C.L. ARGAYO DEL SIL
1711;Gerencia de Zamora;171115;C.S. BERMILLO DE SAYAGO;C.L. VILLADEPERA
1704;Gerencia de Ponferrada;170408;C.S. TORENO;C.L. PARAMO DEL SIL-ESTACIÓN
1711;Gerencia de Zamora;171116;C.S. TABARA;C.L. FERRERUELA
1704;Gerencia de Ponferrada;170409;C.S. VILLABLINO;C.L. VILLARINO
1711;Gerencia de Zamora;171117;C.S. TORO;C.L. PELEAGONZALO
1704;Gerencia de Ponferrada;170411;C.S. PONFERRADA IV;C.L. COLUMBRIANOS
1711;Gerencia de Zamora;171118;C.S. SANTIBAÑEZ VIDRIAL;C.L. ARRABALDE
1705;Gerencia de Palencia;170502;C.S. BALTANAS;C.L. CASTRILLO DE DON JUAN
1711;Gerencia de Zamora;171118;C.S. SANTIBAÑEZ VIDRIAL;C.L. MORATONES
1705;Gerencia de Palencia;170503;C.S. CARRION DE LOS CONDES;C.L. VILLAMORCO
1711;Gerencia de Zamora;171118;C.S. SANTIBAÑEZ VIDRIAL;C.L. POZUELO DE VIDRIALES
1705;Gerencia de Palencia;170503;C.S. CARRION DE LOS CONDES;C.L. VILLOTILLA
1711;Gerencia de Zamora;171118;C.S. SANTIBAÑEZ VIDRIAL;C.L. UÑA DE QUINTANA
1701;Gerencia de Ávila;170105;C.S. AVILA RURAL;C.L. OSO, EL
1711;Gerencia de Zamora;171119;C.S. VILLALPANDO;C.L. CASTROVERDE DE CAMPOS
1701;Gerencia de Ávila;170108;C.S. BARCO DE AVILA;C.L. CUARTOS, LOS
1711;Gerencia de Zamora;171119;C.S. VILLALPANDO;C.L. TAPIOLES
1701;Gerencia de Ávila;170108;C.S. BARCO DE AVILA;C.L. GILGARCIA
1711;Gerencia de Zamora;171121;C.S. ZAMORA NORTE;C.L. MATILLA LA SECA
1701;Gerencia de Ávila;170108;C.S. BARCO DE AVILA;C.L. NAVAMOJADA
1711;Gerencia de Zamora;171121;C.S. ZAMORA NORTE;C.L. VILLAFLOR
1701;Gerencia de Ávila;170109;C.S. BURGOHONDO;C.L. NAVALOSA
1711;Gerencia de Zamora;171122;C.S. ZAMORA SUR;C.L. PUEBLICA DE CAMPEAN
1701;Gerencia de Ávila;170112;C.S. FONTIVEROS;C.L. FUENTE EL SAUZ
1701;Gerencia de Ávila;170101;C.S. ARENAS SAN PEDRO;C.L. RAMACASTAÑAS
1701;Gerencia de Ávila;170112;C.S. FONTIVEROS;C.L. GIMIALCON
1701;Gerencia de Ávila;170102;C.S. AREVALO;C.L. CONSTANZANA
1701;Gerencia de Ávila;170113;C.S. NAVARREDONDA GREDOS;C.L. NAVADIJOS
1701;Gerencia de Ávila;170102;C.S. AREVALO;C.L. GUTIERRE MUÑOZ
1701;Gerencia de Ávila;170113;C.S. NAVARREDONDA GREDOS;C.L. SAN MARTIN DEL PIMPOLLAR
1701;Gerencia de Ávila;170102;C.S. AREVALO;C.L. LANGA
1701;Gerencia de Ávila;170117;C.S. PIEDRAHITA;C.L. CABEZAS DE BONILLA
1701;Gerencia de Ávila;170102;C.S. AREVALO;C.L. RAPARIEGOS
1701;Gerencia de Ávila;170117;C.S. PIEDRAHITA;C.L. DIEGO ALVARO
1701;Gerencia de Ávila;170102;C.S. AREVALO;C.L. TIÑOSILLOS
1701;Gerencia de Ávila;170118;C.S. SAN PEDRO ARROYO;C.L. MUÑOYERRO
1701;Gerencia de Ávila;170105;C.S. AVILA RURAL;C.L. ALTAMIROS
1701;Gerencia de Ávila;170119;C.S. SOTILLO DE ADRADA;C.L. SANTA MARIA DEL TIETAR
1701;Gerencia de Ávila;170105;C.S. AVILA RURAL;C.L. BERLANAS, LAS
1701;Gerencia de Ávila;170120;C.S. MUÑANA;C.L. PRADOSEGAR
1701;Gerencia de Ávila;170105;C.S. AVILA RURAL;C.L. MONSALUPE
1701;Gerencia de Ávila;170121;C.S. MUÑICO;C.L. CABEZAS DEL VILLAR
1701;Gerencia de Ávila;170105;C.S. AVILA RURAL;C.L. MEDIANA DE VOLTOYA
1701;Gerencia de Ávila;170121;C.S. MUÑICO;C.L. MANJABALAGO
1701;Gerencia de Ávila;170105;C.S. AVILA RURAL;C.L. NIHARRA
1702;Gerencia de Burgos;170202;C.S. ARANDA RURAL;C.L. FRESNILLO DE LAS DUEÑAS
1701;Gerencia de Ávila;170108;C.S. BARCO DE AVILA;C.L. ENCINARES
1702;Gerencia de Burgos;170202;C.S. ARANDA RURAL;C.L. GUMA
1701;Gerencia de Ávila;170108;C.S. BARCO DE AVILA;C.L. MAZALINOS
1702;Gerencia de Burgos;170202;C.S. ARANDA RURAL;C.L. VILLALVILLA DE GUMIEL
1701;Gerencia de Ávila;170108;C.S. BARCO DE AVILA;C.L. MEDINILLA
1702;Gerencia de Burgos;170204;C.S. BELORADO;C.L. CASTILDELGADO
1701;Gerencia de Ávila;170108;C.S. BARCO DE AVILA;C.L. NAVAMEDIANA
1702;Gerencia de Burgos;170204;C.S. BELORADO;C.L. VILLAFRANCA M O
1701;Gerencia de Ávila;170108;C.S. BARCO DE AVILA;C.L. NEILA DE SAN MIGUEL
1702;Gerencia de Burgos;170205;C.S. BRIVIESCA;C.L. RIO QUINTANILLA
1701;Gerencia de Ávila;170108;C.S. BARCO DE AVILA;C.L. SAN BARTOLOME DE BEJAR
1702;Gerencia de Burgos;170205;C.S. BRIVIESCA;C.L. STA.MARIA RIBARREDONDA
1701;Gerencia de Ávila;170108;C.S. BARCO DE AVILA;C.L. TREMEDAL
1702;Gerencia de Burgos;170208;C.S. BURGOS RURAL NORTE;C.L. ARLANZON
1701;Gerencia de Ávila;170109;C.S. BURGOHONDO;C.L. NAVAQUESERA
1702;Gerencia de Burgos;170208;C.S. BURGOS RURAL NORTE;C.L. CELADAS, LAS
1701;Gerencia de Ávila;170110;C.S. CANDELEDA;C.L. POYALES DEL HOYO
1702;Gerencia de Burgos;170208;C.S. BURGOS RURAL NORTE;C.L. ORBANEJA RIOPICO
1701;Gerencia de Ávila;170113;C.S. NAVARREDONDA GREDOS;C.L. HOYOS DE MIGUEL MUÑOZ
1702;Gerencia de Burgos;170209;C.S. BURGOS RURAL SUR;C.L. ISAR
1701;Gerencia de Ávila;170115;C.S. MADRIGAL DE LAS ALTAS TORRES;C.L. HORCAJO DE LAS TORRES
1702;Gerencia de Burgos;170209;C.S. BURGOS RURAL SUR;C.L. RENUNCIO
1701;Gerencia de Ávila;170115;C.S. MADRIGAL DE LAS ALTAS TORRES;C.L. RASUEROS
1702;Gerencia de Burgos;170209;C.S. BURGOS RURAL SUR;C.L. STA.CRUZ DE JUARROS
1701;Gerencia de Ávila;170115;C.S. MADRIGAL DE LAS ALTAS TORRES;C.S. MADRIGAL DE LAS ALTAS TORRES
1701;Gerencia de Ávila;170102;C.S. AREVALO;C.L. TORNADIZOS DE AREVALO
1701;Gerencia de Ávila;170117;C.S. PIEDRAHITA;C.L. ALDEALABAD DEL MIRON
1701;Gerencia de Ávila;170105;C.S. AVILA RURAL;C.L. BARRACO, EL
1701;Gerencia de Ávila;170117;C.S. PIEDRAHITA;C.L. MALPARTIDA DE CORNEJA
1701;Gerencia de Ávila;170105;C.S. AVILA RURAL;C.L. HERRADON, EL
1701;Gerencia de Ávila;170117;C.S. PIEDRAHITA;C.L. MARTINEZ
1702;Gerencia de Burgos;170209;C.S. BURGOS RURAL SUR;C.L. VILLALBILLA DE BURGOS
1701;Gerencia de Ávila;170117;C.S. PIEDRAHITA;C.L. MIRON, EL
1702;Gerencia de Burgos;170209;C.S. BURGOS RURAL SUR;C.L. VILLANUEVA DE ARGAÑO
1701;Gerencia de Ávila;170117;C.S. PIEDRAHITA;C.L. SAN BARTOLOME DE CORNEJA
1702;Gerencia de Burgos;170209;C.S. BURGOS RURAL SUR;C.L. VILLORUEBO
1701;Gerencia de Ávila;170118;C.S. SAN PEDRO ARROYO;C.L. PARRAL, EL
1702;Gerencia de Burgos;170211;C.S. ESPINOSA MONTEROS;C.L. CRUCERO, EL
1701;Gerencia de Ávila;170118;C.S. SAN PEDRO ARROYO;C.L. SIGERES
1702;Gerencia de Burgos;170212;C.S. GAMONAL ANTIGUA;C.L. VILLIMAR
1701;Gerencia de Ávila;170119;C.S. SOTILLO DE ADRADA;C.L. CASAVIEJA
1702;Gerencia de Burgos;170212;C.S. GAMONAL ANTIGUA;C.S. GAMONAL
1701;Gerencia de Ávila;170120;C.S. MUÑANA;C.L. POVEDA
1702;Gerencia de Burgos;170215;C.S. HUERTA DE REY;C.L. ARAUZO DE SALCE
1701;Gerencia de Ávila;170120;C.S. MUÑANA;C.L. SOLOSANCHO
1702;Gerencia de Burgos;170215;C.S. HUERTA DE REY;C.L. ARAUZO DE TORRE
1701;Gerencia de Ávila;170120;C.S. MUÑANA;C.L. TORRE, LA
1702;Gerencia de Burgos;170216;C.S. LERMA;C.L. BAHABON DE ESGUEVA
1701;Gerencia de Ávila;170121;C.S. MUÑICO;C.L. NARRILLOS DEL REBOLLAR
1702;Gerencia de Burgos;170216;C.S. LERMA;C.L. CASTRILLO DE SOLARANA
1702;Gerencia de Burgos;170202;C.S. ARANDA RURAL;C.L. SANTA CRUZ DE LA SALCEDA
1702;Gerencia de Burgos;170216;C.S. LERMA;C.L. PAULES DEL AGUA
1702;Gerencia de Burgos;170202;C.S. ARANDA RURAL;C.L. SEQUERA DE HAZA, LA
1702;Gerencia de Burgos;170216;C.S. LERMA;C.L. PINILLA TRASMONTE
1702;Gerencia de Burgos;170204;C.S. BELORADO;C.L. VILLANASUR RIO
1702;Gerencia de Burgos;170220;C.S. MELGAR FERNAMENTAL;C.L. CASTELLANOS DE CASTRO
1702;Gerencia de Burgos;170205;C.S. BRIVIESCA;C.L. OÑA
1702;Gerencia de Burgos;170220;C.S. MELGAR FERNAMENTAL;C.L. CASTRILLO DE RIOPISUERGA
1702;Gerencia de Burgos;170205;C.S. BRIVIESCA;C.L. REINOSO
1702;Gerencia de Burgos;170220;C.S. MELGAR FERNAMENTAL;C.L. PADILLA DE ABAJO
1702;Gerencia de Burgos;170205;C.S. BRIVIESCA;C.L. SALAS DE BUREBA
1702;Gerencia de Burgos;170220;C.S. MELGAR FERNAMENTAL;C.L. PADILLA DE ARRIBA
1702;Gerencia de Burgos;170205;C.S. BRIVIESCA;C.L. VID DE BUREBA, LA
1702;Gerencia de Burgos;170220;C.S. MELGAR FERNAMENTAL;C.L. SAN LLORENTE DE LA VEGA
1702;Gerencia de Burgos;170205;C.S. BRIVIESCA;C.L. VILLANUEVA DE TEBA
1702;Gerencia de Burgos;170220;C.S. MELGAR FERNAMENTAL;C.L. VALBONILLA
1702;Gerencia de Burgos;170208;C.S. BURGOS RURAL NORTE;C.L. ATAPUERCA
1702;Gerencia de Burgos;170220;C.S. MELGAR FERNAMENTAL;C.L. VILLAQUIRAN DE LA PUEBLA
1702;Gerencia de Burgos;170208;C.S. BURGOS RURAL NORTE;C.L. BARRIOS DE COLINA
1702;Gerencia de Burgos;170221;C.S. MIRANDA ESTE;C.L. BOZOO
1702;Gerencia de Burgos;170208;C.S. BURGOS RURAL NORTE;C.L. HINIESTRA
1702;Gerencia de Burgos;170221;C.S. MIRANDA ESTE;C.L. PANCORBO
1702;Gerencia de Burgos;170208;C.S. BURGOS RURAL NORTE;C.L. NIDAGUILA
1702;Gerencia de Burgos;170223;C.S. PAMPLIEGA;C.L. IGLESIAS
1702;Gerencia de Burgos;170208;C.S. BURGOS RURAL NORTE;C.L. NUEZ DE ABAJO LA
1702;Gerencia de Burgos;170225;C.S. ROA DE DUERO;C.L. CUEVA DE ROA LA
1702;Gerencia de Burgos;170208;C.S. BURGOS RURAL NORTE;C.L. PARAMO DE ARROYO
1702;Gerencia de Burgos;170225;C.S. ROA DE DUERO;C.L. TORTOLES DE ESGUEVA
1702;Gerencia de Burgos;170208;C.S. BURGOS RURAL NORTE;C.L. QUINTANARRUZ
1702;Gerencia de Burgos;170225;C.S. ROA DE DUERO;C.L. VILLOVELA DE ESGUEVA
1702;Gerencia de Burgos;170208;C.S. BURGOS RURAL NORTE;C.L. SAN PANTELEON DEL PARAMO
1702;Gerencia de Burgos;170226;C.S. SALAS LOS INFANTES;C.L. BARBADILLO DEL MERCADO
1702;Gerencia de Burgos;170208;C.S. BURGOS RURAL NORTE;C.L. SOTRAGERO
1702;Gerencia de Burgos;170226;C.S. SALAS LOS INFANTES;C.L. PINILLA DE LOS BARRUECOS
1702;Gerencia de Burgos;170208;C.S. BURGOS RURAL NORTE;C.L. TEMIÑO
1702;Gerencia de Burgos;170226;C.S. SALAS LOS INFANTES;C.L. SAN MILLAN DE LARA
1702;Gerencia de Burgos;170208;C.S. BURGOS RURAL NORTE;C.L. TREMELLOS LOS
1702;Gerencia de Burgos;170232;C.S. VALLE VALDEBEZANA;C.L. BARRIO DE BRICIA
1702;Gerencia de Burgos;170208;C.S. BURGOS RURAL NORTE;C.L. UBIERNA
1702;Gerencia de Burgos;170232;C.S. VALLE VALDEBEZANA;C.L. MONTEJO DE BRICIA
1702;Gerencia de Burgos;170208;C.S. BURGOS RURAL NORTE;C.L. URREZ
1702;Gerencia de Burgos;170233;C.S. VILLADIEGO;C.L. BARRIOS DE VILLADIEGO
1702;Gerencia de Burgos;170208;C.S. BURGOS RURAL NORTE;C.L. VILLALONQUEJAR
1702;Gerencia de Burgos;170233;C.S. VILLADIEGO;C.L. FUENTE URBEL
1702;Gerencia de Burgos;170208;C.S. BURGOS RURAL NORTE;C.L. VILLAYERNO MORQUILLAS
1702;Gerencia de Burgos;170233;C.S. VILLADIEGO;C.L. GRIJALBA
1702;Gerencia de Burgos;170208;C.S. BURGOS RURAL NORTE;C.L. VIVAR DEL CID
1702;Gerencia de Burgos;170233;C.S. VILLADIEGO;C.L. HUMADA
1702;Gerencia de Burgos;170209;C.S. BURGOS RURAL SUR;C.L. ARROYO DE MUÑO
1702;Gerencia de Burgos;170233;C.S. VILLADIEGO;C.L. PIEDRA LA
1702;Gerencia de Burgos;170209;C.S. BURGOS RURAL SUR;C.L. CABIA
1702;Gerencia de Burgos;170233;C.S. VILLADIEGO;C.L. QUINTANILLA DE LA PRESA
1702;Gerencia de Burgos;170209;C.S. BURGOS RURAL SUR;C.L. CAÑIZAR DE ARGAÑO
1702;Gerencia de Burgos;170233;C.S. VILLADIEGO;C.L. REBOLLEDO TRASPEÑA
1702;Gerencia de Burgos;170209;C.S. BURGOS RURAL SUR;C.L. CUBILLO DEL CAMPO
1702;Gerencia de Burgos;170234;C.S. VALLE DE MENA;C.L. SOPEÑANO
1702;Gerencia de Burgos;170209;C.S. BURGOS RURAL SUR;C.L. LODOSO
1703;Gerencia de León;170327;C.S. VALENCIA DE D. JUAN;C.L. MATADEON DE LOS OTEROS
1702;Gerencia de Burgos;170209;C.S. BURGOS RURAL SUR;C.L. MODUBAR DE SAN CIBRIAN
1703;Gerencia de León;170301;C.S. ARMUNIA;C.L. VILLALOBAR
1702;Gerencia de Burgos;170209;C.S. BURGOS RURAL SUR;C.L. MOZONCILLO DE JUARRROS
1703;Gerencia de León;170327;C.S. VALENCIA DE D. JUAN;C.L. VILLACE
1702;Gerencia de Burgos;170209;C.S. BURGOS RURAL SUR;C.L. PALACIOS DE BENAVER
1703;Gerencia de León;170303;C.S. ASTORGA II;C.L. CASTRO DE CEPEDA
1702;Gerencia de Burgos;170209;C.S. BURGOS RURAL SUR;C.L. PALAZUELOS DE LA SIERRA
1703;Gerencia de León;170327;C.S. VALENCIA DE D. JUAN;C.L. VILLAORNATE
1702;Gerencia de Burgos;170209;C.S. BURGOS RURAL SUR;C.L. PEDROSA DEL MUÑO
1703;Gerencia de León;170303;C.S. ASTORGA II;C.L. MOLINAFERRERA
1702;Gerencia de Burgos;170209;C.S. BURGOS RURAL SUR;C.L. RABE DE LAS CALZADAS
1704;Gerencia de Ponferrada;170401;C.S. BEMBIBRE;C.L. ALBARES LA RIBERA
1701;Gerencia de Ávila;170105;C.S. AVILA RURAL;C.L. RINCONADA , LA (BARRACO)
1703;Gerencia de León;170303;C.S. ASTORGA II;C.L. SAN FELIZ LAVANDERAS
1701;Gerencia de Ávila;170105;C.S. AVILA RURAL;C.L. SAN BARTOLOME DE PINARES
1704;Gerencia de Ponferrada;170401;C.S. BEMBIBRE;C.L. SAN ESTEBAN DE TORAL
1701;Gerencia de Ávila;170105;C.S. AVILA RURAL;C.L. SANTO DOMINGO DE LAS POSADAS
1703;Gerencia de León;170303;C.S. ASTORGA II;C.N. POBLADURA DE LA SIERRA
1701;Gerencia de Ávila;170106;C.S. LANZAHITA;C.L. GAVILANES
1704;Gerencia de Ponferrada;170401;C.S. BEMBIBRE;C.L. SANTA MARINA DE TORRE
1701;Gerencia de Ávila;170108;C.S. BARCO DE AVILA;C.L. NAVALONGUILLA
1703;Gerencia de León;170304;C.S. SAN EMILIANO;C.L. ROBLEDO DE CALDAS
1701;Gerencia de Ávila;170108;C.S. BARCO DE AVILA;C.L. ORTIGOSA DE TORMES
1704;Gerencia de Ponferrada;170401;C.S. BEMBIBRE;C.L. TREMOR DE ARRIBA
1701;Gerencia de Ávila;170108;C.S. BARCO DE AVILA;C.L. VALLEHONDO
1703;Gerencia de León;170306;C.S. CISTIERNA;C.L. OLLEROS DE SABERO
1701;Gerencia de Ávila;170109;C.S. BURGOHONDO;C.L. VILLANUEVA DE AVILA
1704;Gerencia de Ponferrada;170403;C.S. FABERO;C.L. FONTORIA
1701;Gerencia de Ávila;170112;C.S. FONTIVEROS;C.L. BERNUY- ZAPARDIEL
1703;Gerencia de León;170306;C.S. CISTIERNA;C.S. CISTIERNA
1701;Gerencia de Ávila;170112;C.S. FONTIVEROS;C.L. COLLADO DE CONTRERAS
1703;Gerencia de León;170307;C.S. CUENCA BERNESGA;C.L. BUIZA
1701;Gerencia de Ávila;170112;C.S. FONTIVEROS;C.L. MUÑOSANCHO
1704;Gerencia de Ponferrada;170404;C.S. PONFERRADA I;C.L. SAN ESTEBAN VALDU.
1701;Gerencia de Ávila;170113;C.S. NAVARREDONDA GREDOS;C.L. HOYOS DEL COLLADO
1703;Gerencia de León;170308;C.S. LA BAÑEZA I;C.L. SOTO DE LA VEGA
1701;Gerencia de Ávila;170117;C.S. PIEDRAHITA;C.L. NAVAESCURIAL
1704;Gerencia de Ponferrada;170407;C.S. PUENTE DOMINGO FLOREZ;C.L. CAMPAÑANA
1701;Gerencia de Ávila;170117;C.S. PIEDRAHITA;C.L. SAN MIGUEL DE SERREZUELA
1704;Gerencia de Ponferrada;170408;C.S. TORENO;C.L. MATARROSA DEL SIL
1701;Gerencia de Ávila;170117;C.S. PIEDRAHITA;C.L. SANTIAGO DEL COLLADO
1704;Gerencia de Ponferrada;170409;C.S. VILLABLINO;C.L. CABOALLES DE ABAJO
1701;Gerencia de Ávila;170118;C.S. SAN PEDRO ARROYO;C.L. VIÑEGRA DE MORAÑA
1704;Gerencia de Ponferrada;170410;C.S. VILLAFRANCA BIERZO;C.L. TORAL VADOS
1701;Gerencia de Ávila;170119;C.S. SOTILLO DE ADRADA;C.L. CASILLAS
1704;Gerencia de Ponferrada;170410;C.S. VILLAFRANCA BIERZO;C.L.CABARCOS
1701;Gerencia de Ávila;170120;C.S. MUÑANA;C.L. BALBARDA
1704;Gerencia de Ponferrada;170411;C.S. PONFERRADA IV;C.S. PONFERRADA IV
1701;Gerencia de Ávila;170120;C.S. MUÑANA;C.L. GUAREÑA
1705;Gerencia de Palencia;170501;C.S. AGUILAR DE CAMPOO;C.L. POMAR DE VALDIVIA
1701;Gerencia de Ávila;170120;C.S. MUÑANA;C.L. HIJA DE DIOS, LA
1705;Gerencia de Palencia;170501;C.S. AGUILAR DE CAMPOO;C.L. SALCEDILLO
1701;Gerencia de Ávila;170121;C.S. MUÑICO;C.L. VIÑEGRA DE LA SIERRA
1705;Gerencia de Palencia;170501;C.S. AGUILAR DE CAMPOO;C.L. TRASHAEDO DEL TOZO
1702;Gerencia de Burgos;170202;C.S. ARANDA RURAL;C.L. FUENTENEBRO
1705;Gerencia de Palencia;170501;C.S. AGUILAR DE CAMPOO;C.L. VALLESPINOSO DE AGUILAR
1702;Gerencia de Burgos;170202;C.S. ARANDA RURAL;C.L. MORADILLO DE ROA
1705;Gerencia de Palencia;170502;C.S. BALTANAS;C.S. BALTANAS
1702;Gerencia de Burgos;170202;C.S. ARANDA RURAL;C.L. VILLALVILLA DE MONTEJO
1703;Gerencia de León;170309;C.S. BAÑEZA II;C.L. HERREROS DE JAMUZ
1702;Gerencia de Burgos;170204;C.S. BELORADO;C.L. QUINTANILLA DEL MONTE
1705;Gerencia de Palencia;170503;C.S. CARRION DE LOS CONDES;C.L. ITERO SECO
1702;Gerencia de Burgos;170204;C.S. BELORADO;C.L. VILLAGALIJO
1703;Gerencia de León;170309;C.S. BAÑEZA II;C.L. NAVIANOS DE LA VEGA
1702;Gerencia de Burgos;170205;C.S. BRIVIESCA;C.L. CORNUDILLA
1705;Gerencia de Palencia;170503;C.S. CARRION DE LOS CONDES;C.L. TORRE DE LOS MOLINOS
1702;Gerencia de Burgos;170205;C.S. BRIVIESCA;C.L. HERRERA DE VALDIVIELSO
1703;Gerencia de León;170309;C.S. BAÑEZA II;C.L. QUINTANILLA DE FLOREZ
1702;Gerencia de Burgos;170205;C.S. BRIVIESCA;C.L. PIERNIGAS
1705;Gerencia de Palencia;170503;C.S. CARRION DE LOS CONDES;C.L. VILLASABARIEGO DE UCIEZA
1702;Gerencia de Burgos;170205;C.S. BRIVIESCA;C.L. PINO DE BUREBA
1703;Gerencia de León;170309;C.S. BAÑEZA II;C.L. ROBLEDO DE LA VALDUERNA
1702;Gerencia de Burgos;170205;C.S. BRIVIESCA;C.L. QUINTANILLA SAN GARCIA
1705;Gerencia de Palencia;170505;C.S. FROMISTA;C.L. POBLACION DE CAMPOS
1702;Gerencia de Burgos;170205;C.S. BRIVIESCA;C.L. SANTA OLALLA DE BUREBA
1703;Gerencia de León;170309;C.S. BAÑEZA II;C.L. VILLALIS DE LA VALDUERNA
1702;Gerencia de Burgos;170208;C.S. BURGOS RURAL NORTE;C.L. CELADILLA SOTOBRIN
1705;Gerencia de Palencia;170505;C.S. FROMISTA;C.L. TAMARA DE CAMPOS
1702;Gerencia de Burgos;170208;C.S. BURGOS RURAL NORTE;C.L. MIÑON
1703;Gerencia de León;170311;C.S. LA MAGDALENA;C.L. BENLLERA
1702;Gerencia de Burgos;170208;C.S. BURGOS RURAL NORTE;C.L. QUINTANILLA VIVAR
1705;Gerencia de Palencia;170507;C.S. HERRERA DE PISUERGA;C.L. DEHESA DE ROMANOS
1702;Gerencia de Burgos;170208;C.S. BURGOS RURAL NORTE;C.L. RUBENA
1703;Gerencia de León;170311;C.S. LA MAGDALENA;C.L. LOS BARRIOS DE LUNA
1702;Gerencia de Burgos;170208;C.S. BURGOS RURAL NORTE;C.L. SAN JUAN DE ORTEGA
1705;Gerencia de Palencia;170507;C.S. HERRERA DE PISUERGA;C.L. NOGALES DE PISUERGA
1702;Gerencia de Burgos;170208;C.S. BURGOS RURAL NORTE;C.L. TERRADILLOS DE SEDANO
1703;Gerencia de León;170311;C.S. LA MAGDALENA;C.L. OTERO DE LAS DUEÑAS
1702;Gerencia de Burgos;170208;C.S. BURGOS RURAL NORTE;C.L. VILLASUR DE HERREROS
1705;Gerencia de Palencia;170510;C.S. OSORNO;C.L. HIJOSA DE BOEDO
1702;Gerencia de Burgos;170208;C.S. BURGOS RURAL NORTE;C.L. VILLATORO
1703;Gerencia de León;170311;C.S. LA MAGDALENA;C.L. SANTIAGO DE LAS VILLAS
1702;Gerencia de Burgos;170209;C.S. BURGOS RURAL SUR;C.L. CARCEDO DE BURGOS
1705;Gerencia de Palencia;170510;C.S. OSORNO;C.L. VILLAPROVEDO
1702;Gerencia de Burgos;170209;C.S. BURGOS RURAL SUR;C.L. CARDEÑAJIMENO
1703;Gerencia de León;170311;C.S. LA MAGDALENA;C.L. TAPIA DE LA RIBERA
1702;Gerencia de Burgos;170209;C.S. BURGOS RURAL SUR;C.L. IBEAS DE JUARROS
1705;Gerencia de Palencia;170511;C.S. PALENCIA RURAL;C.L. MAGAZ DE PISUERGA
1702;Gerencia de Burgos;170209;C.S. BURGOS RURAL SUR;C.L. MODUBAR DE LA CUESTA
1703;Gerencia de León;170312;C.S. ERAS DE RENUEVA;C.L. NAVATEJERA
1702;Gerencia de Burgos;170209;C.S. BURGOS RURAL SUR;C.L. SARRACIN
1705;Gerencia de Palencia;170512;C.S. PAREDES DE NAVA;C.L. VILLANUEVA DEL REBOLLAR
1702;Gerencia de Burgos;170209;C.S. BURGOS RURAL SUR;C.L. VILLACIENZO
1703;Gerencia de León;170312;C.S. ERAS DE RENUEVA;C.L. PEDRUN DE TORIO
1702;Gerencia de Burgos;170209;C.S. BURGOS RURAL SUR;C.L. VILLANGOMEZ
1705;Gerencia de Palencia;170514;C.S. SALDAÑA;C.L. BARRIOSUSO DE VALDAVIA
1702;Gerencia de Burgos;170209;C.S. BURGOS RURAL SUR;C.L. VILLARMENTERO
1703;Gerencia de León;170316;C.S. JOSE AGUADO I;C.S. JOSE AGUADO I
1702;Gerencia de Burgos;170215;C.S. HUERTA DE REY;C.L. CORUÑA DEL CONDE
1705;Gerencia de Palencia;170514;C.S. SALDAÑA;C.L. VILLANUEVA DEL MONTE
1702;Gerencia de Burgos;170216;C.S. LERMA;C.L. AVELLANOSA DE MUÑO
1703;Gerencia de León;170317;C.S. JOSE AGUADO II;C.L. SECOS DE PORMA
1702;Gerencia de Burgos;170216;C.S. LERMA;C.L. BRIONGOS DE CERVERA
1705;Gerencia de Palencia;170516;C.S. TORQUEMADA;C.L. QUINTANA DEL PUENTE
1702;Gerencia de Burgos;170216;C.S. LERMA;C.L. CABAÑES DE ESGUEVA
1703;Gerencia de León;170317;C.S. JOSE AGUADO II;C.L. VILLAFRUELA DEL PORMA
1702;Gerencia de Burgos;170216;C.S. LERMA;C.L. IGLESIARRUBIA
1705;Gerencia de Palencia;170517;C.S. VENTA DE BAÑOS;C.L. CEVICO DE LA TORRE
1702;Gerencia de Burgos;170216;C.S. LERMA;C.L. QUINTANILLA DEL COCO
1703;Gerencia de León;170317;C.S. JOSE AGUADO II;C.S. JOSE AGUADO II
1702;Gerencia de Burgos;170216;C.S. LERMA;C.L. RETUERTA
1705;Gerencia de Palencia;170518;C.S. VILLARRAMIEL;C.L. CASTROMOCHO
1702;Gerencia de Burgos;170216;C.S. LERMA;C.L. SOLARANA
1705;Gerencia de Palencia;170519;C.S. VILLADA;C.L. SAN NICOLAS REAL CAMINO
1702;Gerencia de Burgos;170216;C.S. LERMA;C.L. TORRECILLA DEL MONTE
1703;Gerencia de León;170318;C.S. MANSILLA MULAS;C.L. PALAZUELO DE ESLONZA
1702;Gerencia de Burgos;170219;C.S. MEDINA DE POMAR;C.L. NOFUENTES
1706;Gerencia de Salamanca;170601;C.S. ALBA DE TORMES;C.L. ALDEASECA DE ALBA
1702;Gerencia de Burgos;170220;C.S. MELGAR FERNAMENTAL;C.L. ARENILLAS DE RIOPISUERGA
1703;Gerencia de León;170318;C.S. MANSILLA MULAS;C.L. VILLAFAÑE
1702;Gerencia de Burgos;170220;C.S. MELGAR FERNAMENTAL;C.L. HONTANAS
1706;Gerencia de Salamanca;170601;C.S. ALBA DE TORMES;C.L. GALLEGUILLOS
1702;Gerencia de Burgos;170220;C.S. MELGAR FERNAMENTAL;C.L. PEDROSA DEL PRINCIPE
1703;Gerencia de León;170320;C.S. RIAÑO;C.L. LLANAVES DE LA REINA
1702;Gerencia de Burgos;170220;C.S. MELGAR FERNAMENTAL;C.L. VILLAVETA
1706;Gerencia de Salamanca;170601;C.S. ALBA DE TORMES;C.L. PEDROSILLO DE ALBA
1702;Gerencia de Burgos;170221;C.S. MIRANDA ESTE;SUZANA
1703;Gerencia de León;170321;C.S. RIBERA DEL ESLA;C.L. VILLALQUITE
1702;Gerencia de Burgos;170223;C.S. PAMPLIEGA;C.L. OLMILLOS DE MUÑO
1706;Gerencia de Salamanca;170601;C.S. ALBA DE TORMES;C.L. URBANIZACION EL ENCINAR
1702;Gerencia de Burgos;170223;C.S. PAMPLIEGA;C.L. VILLAVERDE MOGINA
1703;Gerencia de León;170321;C.S. RIBERA DEL ESLA;C.L. VILLAVERDE DE LA CHIQUITA
1702;Gerencia de Burgos;170225;C.S. ROA DE DUERO;C.L. SAN MARTIN DE RUBIALES
1706;Gerencia de Salamanca;170603;C.S. BEJAR;C.L. ALDEACIPRESTE
1702;Gerencia de Burgos;170225;C.S. ROA DE DUERO;C.L. TERRADILLOS DE ESGUEVA
1703;Gerencia de León;170322;C.S. RIBERA DEL ORBIGO;C.L. FOJEDO DEL PARAMO
1702;Gerencia de Burgos;170225;C.S. ROA DE DUERO;C.L. TORRESANDINO
1706;Gerencia de Salamanca;170603;C.S. BEJAR;C.L. SANTA MARIA DE LOS LLANOS
1702;Gerencia de Burgos;170225;C.S. ROA DE DUERO;C.L. VALDEZATE
1703;Gerencia de León;170322;C.S. RIBERA DEL ORBIGO;C.L. VILLARROQUEL
1702;Gerencia de Burgos;170226;C.S. SALAS LOS INFANTES;C.L. CARAZO
1706;Gerencia de Salamanca;170604;C.S. CALZADA VALDUNCIEL;C.L. VALDELOSA
1702;Gerencia de Burgos;170226;C.S. SALAS LOS INFANTES;C.L. CONTRERAS
1706;Gerencia de Salamanca;170608;C.S. FUENTE DE SAN ESTEBAN;C.L. BOADA
1702;Gerencia de Burgos;170226;C.S. SALAS LOS INFANTES;C.L. RIOCAVADO
1706;Gerencia de Salamanca;170608;C.S. FUENTE DE SAN ESTEBAN;C.L. CUBO DE DON SANCHO
1702;Gerencia de Burgos;170226;C.S. SALAS LOS INFANTES;C.L. TOLBAÑOS DE ABAJO
1703;Gerencia de León;170323;C.S. SAHAGUN CAMPOS;C.L. RENEDO DE VALDERADUEY
1702;Gerencia de Burgos;170229;C.S. SEDANO;C.L. VALDEAJOS
1703;Gerencia de León;170323;C.S. SAHAGUN CAMPOS;C.L. VALLECILLO
1702;Gerencia de Burgos;170230;C.S. VALLE DE LOSA;C.L. BERBERANA
1706;Gerencia de Salamanca;170608;C.S. FUENTE DE SAN ESTEBAN;C.L. RETORTILLO
1702;Gerencia de Burgos;170233;C.S. VILLADIEGO;C.L. ARENILLAS DE VILLADIEGO
1703;Gerencia de León;170325;C.S. STA. MARIA PARAMO;C.L. POBLADURA DE FONTECHA
1702;Gerencia de Burgos;170233;C.S. VILLADIEGO;C.L. CITORES DEL PARAMO
1703;Gerencia de León;170327;C.S. VALENCIA DE D. JUAN;C.L. ZALAMILLAS
1702;Gerencia de Burgos;170233;C.S. VILLADIEGO;C.L. GUADILLA DE VILLAMAR
1706;Gerencia de Salamanca;170616;C.S. LEDESMA;C.L. CAMPO DE LEDESMA
1702;Gerencia de Burgos;170233;C.S. VILLADIEGO;C.L. OLMILLOS DE SASAMON
1704;Gerencia de Ponferrada;170401;C.S. BEMBIBRE;C.L. VILORIA
1702;Gerencia de Burgos;170233;C.S. VILLADIEGO;C.L. PALAZUELOS DE VILLADIEGO
1706;Gerencia de Salamanca;170617;C.S. LINARES DE RIOFRIO;C.L. SAN ESTEBAN DE LA SIERRA
1702;Gerencia de Burgos;170233;C.S. VILLADIEGO;C.L. PEDROSA DEL PARAMO
1704;Gerencia de Ponferrada;170402;C.S. CACABELOS;C.L. MAGAZ DE ARRIBA
1702;Gerencia de Burgos;170233;C.S. VILLADIEGO;C.L. SOTOVELLANOS
1706;Gerencia de Salamanca;170618;C.S. LUMBRALES;C.L. FREGENEDA
1702;Gerencia de Burgos;170233;C.S. VILLADIEGO;C.L. SUSINOS DEL PARAMO
1704;Gerencia de Ponferrada;170403;C.S. FABERO;C.L. BARCENA DE LA ABADIA
1702;Gerencia de Burgos;170233;C.S. VILLADIEGO;C.L. VILLAVEDON
1706;Gerencia de Salamanca;170619;C.S. MATILLA CAÑOS;C.L. SANCHON DE LA SAGRADA
1703;Gerencia de León;170301;C.S. ARMUNIA;C.L. ANTIMIO DE ARRIBA
1704;Gerencia de Ponferrada;170404;C.S. PONFERRADA I;C.L. ONAMIO
1703;Gerencia de León;170301;C.S. ARMUNIA;C.L. CHOZAS DE ARRIBA
1706;Gerencia de Salamanca;170620;C.S. MIRANDA DEL CASTAÑAR;C.L. CEPEDA
1703;Gerencia de León;170301;C.S. ARMUNIA;C.L. MOZONDIGA
1704;Gerencia de Ponferrada;170410;C.S. VILLAFRANCA BIERZO;C.L. FRIERA
1703;Gerencia de León;170302;C.S. ASTORGA I;C.L. OTERO DE ESCARPIZO
1706;Gerencia de Salamanca;170621;C.S. PEDROSILLO EL RALO;C.L. CABEZABELLOSA DE LA CALZADA
1703;Gerencia de León;170303;C.S. ASTORGA II;C.L. BARRIOS DE NISTOSO
1705;Gerencia de Palencia;170501;C.S. AGUILAR DE CAMPOO;C.L. BERZOSILLA
1703;Gerencia de León;170303;C.S. ASTORGA II;C.L. COMBARROS
1706;Gerencia de Salamanca;170621;C.S. PEDROSILLO EL RALO;C.L. VILLAVERDE DE LA GUAREÑA
1703;Gerencia de León;170303;C.S. ASTORGA II;C.L. CORUS
1705;Gerencia de Palencia;170502;C.S. BALTANAS;C.L. REINOSO DE CERRATO
1703;Gerencia de León;170303;C.S. ASTORGA II;C.L. REQUEJO Y CORUS
1706;Gerencia de Salamanca;170624;C.S. PEÑARANDA;C.L. RAGAMA
1703;Gerencia de León;170304;C.S. SAN EMILIANO;C.L. CALDAS DE LUNA
1706;Gerencia de Salamanca;170628;C.S. SANTA MARTA DE TORMES;C.L. HUERTA
1703;Gerencia de León;170304;C.S. SAN EMILIANO;C.S. SAN EMILIANO
1705;Gerencia de Palencia;170507;C.S. HERRERA DE PISUERGA;C.L. OLEA DE BOEDO
1703;Gerencia de León;170306;C.S. CISTIERNA;C.L. CALAVERAS DE ARRIBA
1706;Gerencia de Salamanca;170630;C.S. TAMAMES;C.L. BARBALOS
1703;Gerencia de León;170306;C.S. CISTIERNA;C.L. VIDANES
1705;Gerencia de Palencia;170507;C.S. HERRERA DE PISUERGA;C.L. VILLAESCUSA DE ECLA
1703;Gerencia de León;170307;C.S. CUENCA BERNESGA;C.L. CABORNERA
1706;Gerencia de Salamanca;170630;C.S. TAMAMES;C.L. PERALEJOS DE SOLIS
1703;Gerencia de León;170307;C.S. CUENCA BERNESGA;C.L. CASARES DE ARBAS
1705;Gerencia de Palencia;170511;C.S. PALENCIA RURAL;C.L. HUSILLOS
1703;Gerencia de León;170307;C.S. CUENCA BERNESGA;C.L. RABANAL DE FENAR
1706;Gerencia de Salamanca;170630;C.S. TAMAMES;C.S. TAMAMES
1703;Gerencia de León;170309;C.S. BAÑEZA II;C.L. QUINTANA DEL MARCO
1705;Gerencia de Palencia;170512;C.S. PAREDES DE NAVA;C.L. BECERRIL DE CAMPOS
1703;Gerencia de León;170309;C.S. BAÑEZA II;C.L. RIBAS DE LA VALDUERNA
1706;Gerencia de Salamanca;170634;C.S. VITIGUDINO;C.L. ALMENDRA
1703;Gerencia de León;170309;C.S. BAÑEZA II;C.L. SALUDES DE CASTROPONCE
1705;Gerencia de Palencia;170512;C.S. PAREDES DE NAVA;C.L. VILLATOQUITE
1703;Gerencia de León;170309;C.S. BAÑEZA II;C.L. SAN PELAYO DEL PARAMO
1706;Gerencia de Salamanca;170634;C.S. VITIGUDINO;C.L. ESPADAÑA
1703;Gerencia de León;170309;C.S. BAÑEZA II;C.L. VALDEFUENTES
1705;Gerencia de Palencia;170514;C.S. SALDAÑA;C.L. POLVOROSA DE VALDAVIA
1703;Gerencia de León;170309;C.S. BAÑEZA II;C.L. VALDESANDINAS
1706;Gerencia de Salamanca;170634;C.S. VITIGUDINO;C.L. GRANDES
1703;Gerencia de León;170309;C.S. BAÑEZA II;C.L. VILLAMEDIANA DE LA VEGA
1705;Gerencia de Palencia;170514;C.S. SALDAÑA;C.L. SANTILLAN DE LA VEGA
1703;Gerencia de León;170311;C.S. LA MAGDALENA;C.L. POSADA DE OMAÑA
1706;Gerencia de Salamanca;170634;C.S. VITIGUDINO;C.L. TRAGUNTIA
1703;Gerencia de León;170311;C.S. LA MAGDALENA;C.L. SANTA MARIA DE ORDAS
1705;Gerencia de Palencia;170514;C.S. SALDAÑA;C.L. VILLARRABE
1703;Gerencia de León;170311;C.S. LA MAGDALENA;C.L. VEGARIENZA
1706;Gerencia de Salamanca;170634;C.S. VITIGUDINO;C.L. VILLAVIEJA DE YELTES
1703;Gerencia de León;170317;C.S. JOSE AGUADO II;C.L. ALIJA DE LA RIBERA
1705;Gerencia de Palencia;170514;C.S. SALDAÑA;C.L. VILLOTA DEL PARAMO
1703;Gerencia de León;170317;C.S. JOSE AGUADO II;C.L. CASTRILLO DE PORMA
1707;Gerencia de Segovia;170701;C.S. CANTALEJO;C.L. MUÑOVEROS
1703;Gerencia de León;170318;C.S. MANSILLA MULAS;C.L. CORBILLOS DE LOS OTEROS
1705;Gerencia de Palencia;170516;C.S. TORQUEMADA;C.L. VILLAMEDIANA
1703;Gerencia de León;170318;C.S. MANSILLA MULAS;C.L. SAN ROMAN DE LOS OTEROS
1707;Gerencia de Segovia;170701;C.S. CANTALEJO;C.L. VALDESIMONTE
1703;Gerencia de León;170318;C.S. MANSILLA MULAS;C.L. VALLE DE MANSILLA
1705;Gerencia de Palencia;170517;C.S. VENTA DE BAÑOS;C.L. CUBILLAS DE CERRATO
1703;Gerencia de León;170318;C.S. MANSILLA MULAS;C.L. VALVERDE ENRIQUE
1707;Gerencia de Segovia;170702;C.S. CARBONERO EL MAYOR;C.L. YANGUAS DE ERESMA
1703;Gerencia de León;170318;C.S. MANSILLA MULAS;C.L. VILLACONTILDE
1705;Gerencia de Palencia;170518;C.S. VILLARRAMIEL;C.L. VILLERIAS
1703;Gerencia de León;170320;C.S. RIAÑO;C.L. CUENABRES
1705;Gerencia de Palencia;170519;C.S. VILLADA;C.L. POBLACION DE ARROYO
1703;Gerencia de León;170321;C.S. RIBERA DEL ESLA;C.L. VALDEPOLO
1707;Gerencia de Segovia;170704;C.S. FUENTESAUCO;C.L. OLOMBRADA
1703;Gerencia de León;170322;C.S. RIBERA DEL ORBIGO;C.L. ARMELLADA
1707;Gerencia de Segovia;170704;C.S. FUENTESAUCO;C.S. FUENTESAUCO
1703;Gerencia de León;170322;C.S. RIBERA DEL ORBIGO;C.L. PALAZUELO DE ORBIGO
1707;Gerencia de Segovia;170705;C.S. NAVAFRIA;C.L. REQUIJADA
1703;Gerencia de León;170322;C.S. RIBERA DEL ORBIGO;C.L. QUINTANILLA DE SOLLAMAS
1707;Gerencia de Segovia;170706;C.S. NAVA DE LA ASUNCION;C.L. BERNARDOS
1703;Gerencia de León;170322;C.S. RIBERA DEL ORBIGO;C.L. SANTIBAÑEZ DE VALDEIGLESIAS
1707;Gerencia de Segovia;170706;C.S. NAVA DE LA ASUNCION;C.L. MELQUE DE CERCOS
1703;Gerencia de León;170322;C.S. RIBERA DEL ORBIGO;C.L. TURCIA
1707;Gerencia de Segovia;170706;C.S. NAVA DE LA ASUNCION;C.L. MORALEJA DE COCA
1703;Gerencia de León;170322;C.S. RIBERA DEL ORBIGO;C.L. VILLAMOR
1707;Gerencia de Segovia;170706;C.S. NAVA DE LA ASUNCION;C.L. NAVAS DE ORO
1703;Gerencia de León;170323;C.S. SAHAGUN CAMPOS;C.L. ARENILLAS DE VALDERADUEY
1707;Gerencia de Segovia;170706;C.S. NAVA DE LA ASUNCION;C.L. VILLEGUILLO
1703;Gerencia de León;170323;C.S. SAHAGUN CAMPOS;C.L. CALZADA DEL COTO
1707;Gerencia de Segovia;170707;C.S. RIAZA;C.L. CORRAL DE AYLLON
1703;Gerencia de León;170323;C.S. SAHAGUN CAMPOS;C.L. CASTELLANOS
1707;Gerencia de Segovia;170707;C.S. RIAZA;C.L. FRESNO DE CANTESPINO
1703;Gerencia de León;170323;C.S. SAHAGUN CAMPOS;C.L. CASTRILLO DE VALDERADUEY
1707;Gerencia de Segovia;170707;C.S. RIAZA;C.L. GRADO DEL PICO
1703;Gerencia de León;170323;C.S. SAHAGUN CAMPOS;C.L. CASTROAÑE
1707;Gerencia de Segovia;170707;C.S. RIAZA;C.L. MORAL DE HORNUEZ
1703;Gerencia de León;170323;C.S. SAHAGUN CAMPOS;C.L. GORDALIZA DEL PINO
1706;Gerencia de Salamanca;170601;C.S. ALBA DE TORMES;C.L. ENCINAS DE ARRIBA
1703;Gerencia de León;170323;C.S. SAHAGUN CAMPOS;C.L. SAELICES DEL RIO
1707;Gerencia de Segovia;170711;C.S. SEGOVIA RURAL;C.L. COBOS DE SEGOVIA
1703;Gerencia de León;170323;C.S. SAHAGUN CAMPOS;C.L. SANTA MARIA DEL RIO
1706;Gerencia de Salamanca;170601;C.S. ALBA DE TORMES;C.L. PORTILLO
1703;Gerencia de León;170325;C.S. STA. MARIA PARAMO;C.L. ANTOÑANES DEL PARAMO
1707;Gerencia de Segovia;170711;C.S. SEGOVIA RURAL;C.L. PARQUE ROBLEDO
1703;Gerencia de León;170325;C.S. STA. MARIA PARAMO;C.L. LAGUNADALGA
1707;Gerencia de Segovia;170712;C.S. SEPULVEDA;C.L. BERCIMUEL
1703;Gerencia de León;170325;C.S. STA. MARIA PARAMO;C.L. SAN PEDRO DE LAS DUEÑAS
1706;Gerencia de Salamanca;170603;C.S. BEJAR;C.L. MOLINILLO
1703;Gerencia de León;170325;C.S. STA. MARIA PARAMO;C.L. VILLAGALLEGOS
1707;Gerencia de Segovia;170712;C.S. SEPULVEDA;C.L. NAVARES DE ENMEDIO
1703;Gerencia de León;170325;C.S. STA. MARIA PARAMO;C.L. ZUARES DEL PARAMO
1706;Gerencia de Salamanca;170603;C.S. BEJAR;C.L. PINEDAS
1703;Gerencia de León;170325;C.S. STA. MARIA PARAMO;C.S. STA. MARIA PARAMO
1707;Gerencia de Segovia;170714;C.S. EL ESPINAR;C.L. SAN RAFAEL
1703;Gerencia de León;170326;C.S. VALDERAS;C.L. BARIONES DE LA VEGA
1706;Gerencia de Salamanca;170605;C.S. CANTALAPIEDRA;C.L. POVEDA DE LAS CINTAS
1703;Gerencia de León;170326;C.S. VALDERAS;C.L. VILLAQUEJIDA
1708;Gerencia de Soria;170801;C.S. AGREDA;C.L. DEVANOS
1703;Gerencia de León;170327;C.S. VALENCIA DE D. JUAN;C.L. MORILLA DE LOS OTEROS
1706;Gerencia de Salamanca;170606;C.S. CIUDAD RODRIGO;C.L. SAHELICES EL CHICO
1703;Gerencia de León;170327;C.S. VALENCIA DE D. JUAN;C.L. TORAL DE LOS GUZMANES
1708;Gerencia de Soria;170802;C.S. ALMAZAN;C.L. BORCHICAYADA
1703;Gerencia de León;170327;C.S. VALENCIA DE D. JUAN;C.L. VILLABRAZ
1706;Gerencia de Salamanca;170607;C.S. MIGUEL ARMIJO;C.S. MIGUEL ARMIJO
1703;Gerencia de León;170328;C.S. TROBAJO DEL CAMINO;C.L. SAN MIGUEL DEL CAMINO
1708;Gerencia de Soria;170802;C.S. ALMAZAN;C.L. MORON DE ALMAZAN
1703;Gerencia de León;170328;C.S. TROBAJO DEL CAMINO;C.L. VALVERDE DE LA VIRGEN
1706;Gerencia de Salamanca;170608;C.S. FUENTE DE SAN ESTEBAN;C.L. BOADILLA
1704;Gerencia de Ponferrada;170401;C.S. BEMBIBRE;C.L. CALAMOCOS
1708;Gerencia de Soria;170803;C.S. ARCOS DE JALON;C.L. MONTUENGA
1704;Gerencia de Ponferrada;170401;C.S. BEMBIBRE;C.L. SANTIBAÑEZ
1706;Gerencia de Salamanca;170610;C.S. FUENTES DE OÑORO;C.L. BARQUILLA
1704;Gerencia de Ponferrada;170404;C.S. PONFERRADA I;C. L. CAMPO
1708;Gerencia de Soria;170804;C.S. BERLANGA DE DUERO;C.L. FUENTELARBOL
1704;Gerencia de Ponferrada;170404;C.S. PONFERRADA I;C.L. ALMAZCARA
1706;Gerencia de Salamanca;170613;C.S. GUIJUELO;C.L. GALLEGOS DE SOLMIRON
1704;Gerencia de Ponferrada;170405;C.S. PONFERRADA II;C.L. FRESNEDO
1708;Gerencia de Soria;170804;C.S. BERLANGA DE DUERO;C.L. TAJUECO
1704;Gerencia de Ponferrada;170407;C.S. PUENTE DOMINGO FLOREZ;C.L. ORELLAN
1706;Gerencia de Salamanca;170613;C.S. GUIJUELO;C.L. PUEBLA DE SAN MEDEL
1704;Gerencia de Ponferrada;170407;C.S. PUENTE DOMINGO FLOREZ;C.L. POMBRIEGO
1706;Gerencia de Salamanca;170613;C.S. GUIJUELO;C.L. SORIHUELA
1704;Gerencia de Ponferrada;170407;C.S. PUENTE DOMINGO FLOREZ;C.L. ROBLEDO DE SOBRECASTRO
1706;Gerencia de Salamanca;170616;C.S. LEDESMA;C.L. VILLASDARDO
1704;Gerencia de Ponferrada;170407;C.S. PUENTE DOMINGO FLOREZ;C.L. SALAS DE LA RIBERA
1708;Gerencia de Soria;170805;C.S. EL BURGO DE OSMA;C.L. VALDEALBIN
1704;Gerencia de Ponferrada;170407;C.S. PUENTE DOMINGO FLOREZ;C.L. SAN JUAN DE PALUEZAS
1706;Gerencia de Salamanca;170617;C.S. LINARES DE RIOFRIO;C.L. SIERPE LA
1704;Gerencia de Ponferrada;170408;C.S. TORENO;C.L. SANTA CRUZ DEL SIL
1708;Gerencia de Soria;170806;C.S. SAN ESTEBAN GORMAZ;C.L. ALCOZAR
1704;Gerencia de Ponferrada;170408;C.S. TORENO;C.L. TOMBRIO DE ABAJO
1706;Gerencia de Salamanca;170619;C.S. MATILLA CAÑOS;C.L. TABERA DE ABAJO
1704;Gerencia de Ponferrada;170409;C.S. VILLABLINO;C.L. CORBON DEL SIL
1708;Gerencia de Soria;170806;C.S. SAN ESTEBAN GORMAZ;C.L. LANGA DE DUERO
1704;Gerencia de Ponferrada;170409;C.S. VILLABLINO;C.L. CUEVAS DEL SIL
1706;Gerencia de Salamanca;170621;C.S. PEDROSILLO EL RALO;C.L. NEGRILLA DE PALENCIA
1704;Gerencia de Ponferrada;170409;C.S. VILLABLINO;C.L. SUSAÑE DEL SIL
1708;Gerencia de Soria;170807;C.S. GOMARA;C.L. FUENTELMONGE
1704;Gerencia de Ponferrada;170410;C.S. VILLAFRANCA BIERZO;C.L. OENCIA
1706;Gerencia de Salamanca;170622;C.S. PERIURBANA NORTE;C.L. MATA DE ARMUÑA LA
1704;Gerencia de Ponferrada;170410;C.S. VILLAFRANCA BIERZO;C.L. TRABADELO
1708;Gerencia de Soria;170807;C.S. GOMARA;C.L. PERONIEL DEL CAMPO
1705;Gerencia de Palencia;170501;C.S. AGUILAR DE CAMPOO;C.L. BARRUELO DE SANTULLAN
1706;Gerencia de Salamanca;170623;C.S. PERIURBANO SUR;C.L. TORRES LAS
1705;Gerencia de Palencia;170501;C.S. AGUILAR DE CAMPOO;C.L. MAVE
1708;Gerencia de Soria;170808;C.S. OLVEGA;C.L. TAJAHUERCE
1705;Gerencia de Palencia;170503;C.S. CARRION DE LOS CONDES;C.L. ARCONADA
1706;Gerencia de Salamanca;170624;C.S. PEÑARANDA;C.L. MANCERA DE ABAJO
1705;Gerencia de Palencia;170503;C.S. CARRION DE LOS CONDES;C.L. VILLALDAVIN
1708;Gerencia de Soria;170810;C.S. SAN LEONARDO YAGÜE;C.L. ESPEJA DE SAN M.
1705;Gerencia de Palencia;170503;C.S. CARRION DE LOS CONDES;C.S. CARRION DE LOS CONDES
1706;Gerencia de Salamanca;170627;C.S. SAN JOSE;C.S. SAN JOSE
1705;Gerencia de Palencia;170504;C.S. CERVERA PISUERGA;C.L. LIGUERZANA
1708;Gerencia de Soria;170810;C.S. SAN LEONARDO YAGÜE;C.L. TALVEILA
1705;Gerencia de Palencia;170504;C.S. CERVERA PISUERGA;C.L. LOMA DE CASTREJON
1706;Gerencia de Salamanca;170628;C.S. SANTA MARTA DE TORMES;C.L. PELABRAVO
1705;Gerencia de Palencia;170504;C.S. CERVERA PISUERGA;C.L. VENTANILLA
1706;Gerencia de Salamanca;170630;C.S. TAMAMES;C.L. CERECEDA DE LA SIERRA
1705;Gerencia de Palencia;170505;C.S. FROMISTA;C.L. AMAYUELAS DE ARRIBA
1706;Gerencia de Salamanca;170630;C.S. TAMAMES;C.L. NAVARREDONDA DE LA RINCONADA
1705;Gerencia de Palencia;170506;C.S. GUARDO;C.L. CARDAÑOS DE ABAJO
1706;Gerencia de Salamanca;170633;C.S. VILLORIA;C.L. CORDOVILLA
1705;Gerencia de Palencia;170506;C.S. GUARDO;C.L. FRESNO DEL RIO
1706;Gerencia de Salamanca;170634;C.S. VITIGUDINO;C.L. CABEZA DE CABALLO
1705;Gerencia de Palencia;170506;C.S. GUARDO;C.L. VILLAVERDE DE LA PEÑA
1706;Gerencia de Salamanca;170634;C.S. VITIGUDINO;C.L. PERALEJOS DE ABAJO
1705;Gerencia de Palencia;170507;C.S. HERRERA DE PISUERGA;C.L. SAN MARTIN DEL MONTE
1706;Gerencia de Salamanca;170634;C.S. VITIGUDINO;C.L. ROBLEDO HERMOSO
1705;Gerencia de Palencia;170507;C.S. HERRERA DE PISUERGA;C.L. VILLORQUITE DE HERRERA
1706;Gerencia de Salamanca;170634;C.S. VITIGUDINO;C.L. TRABANCA
1705;Gerencia de Palencia;170510;C.S. OSORNO;C.L. ABIA DE LAS TORRES
1706;Gerencia de Salamanca;170634;C.S. VITIGUDINO;C.L. UCES LAS
1705;Gerencia de Palencia;170510;C.S. OSORNO;C.L. CASTRILLO DE VILLAVEGA
1706;Gerencia de Salamanca;170634;C.S. VITIGUDINO;C.L. VALSALABROSO
1705;Gerencia de Palencia;170510;C.S. OSORNO;C.L. LANTADILLA
1706;Gerencia de Salamanca;170634;C.S. VITIGUDINO;C.L. VILLARMUERTO
1705;Gerencia de Palencia;170510;C.S. OSORNO;C.L. VILLADIEZMA
1707;Gerencia de Segovia;170701;C.S. CANTALEJO;C.L. GUIJAR Y VALDEVACAS
1705;Gerencia de Palencia;170511;C.S. PALENCIA RURAL;C.S. PALENCIA RURAL
1707;Gerencia de Segovia;170704;C.S. FUENTESAUCO;C.L. CALABAZAS
1705;Gerencia de Palencia;170514;C.S. SALDAÑA;C.L. BAÑOS DE LA PEÑA
1707;Gerencia de Segovia;170705;C.S. NAVAFRIA;C.L. PRADENA
1705;Gerencia de Palencia;170514;C.S. SALDAÑA;C.L. CELADILLA DEL RIO
1707;Gerencia de Segovia;170705;C.S. NAVAFRIA;C.L. VALLE DE SAN PEDRO
1705;Gerencia de Palencia;170514;C.S. SALDAÑA;C.L. GAÑINAS DE LA VEGA
1707;Gerencia de Segovia;170706;C.S. NAVA DE LA ASUNCION;C.L. BALISA
1705;Gerencia de Palencia;170514;C.S. SALDAÑA;C.L. VILLALAFUENTE
1707;Gerencia de Segovia;170706;C.S. NAVA DE LA ASUNCION;C.L. MIGUEL IBAÑEZ
1705;Gerencia de Palencia;170514;C.S. SALDAÑA;C.L. VILLAPUN
1707;Gerencia de Segovia;170706;C.S. NAVA DE LA ASUNCION;C.L. SANTOVENIA
1705;Gerencia de Palencia;170514;C.S. SALDAÑA;C.L. VILLOSILLA DE LA VEGA
1707;Gerencia de Segovia;170707;C.S. RIAZA;C.L. SALDAÑA DE AYLLON
1705;Gerencia de Palencia;170516;C.S. TORQUEMADA;C.L. CORDOVILLA LA REAL
1707;Gerencia de Segovia;170710;C.S. SEGOVIA III;C.S. SEGOVIA III
1705;Gerencia de Palencia;170518;C.S. VILLARRAMIEL;C.L. CAPILLAS
1707;Gerencia de Segovia;170711;C.S. SEGOVIA RURAL;C.L. ANAYA
1705;Gerencia de Palencia;170519;C.S. VILLADA;C.L. ARROYO
1707;Gerencia de Segovia;170711;C.S. SEGOVIA RURAL;C.L. BASARDILLA
1705;Gerencia de Palencia;170519;C.S. VILLADA;C.L. CISNEROS
1707;Gerencia de Segovia;170711;C.S. SEGOVIA RURAL;C.L. CABAÑAS DE POLENDOS
1705;Gerencia de Palencia;170519;C.S. VILLADA;C.L. VILLALCON
1707;Gerencia de Segovia;170711;C.S. SEGOVIA RURAL;C.L. TIZNEROS
1705;Gerencia de Palencia;170519;C.S. VILLADA;C.L. VILLEMAR
1707;Gerencia de Segovia;170711;C.S. SEGOVIA RURAL;C.S. SEGOVIA RURAL
1706;Gerencia de Salamanca;170601;C.S. ALBA DE TORMES;C.L. GARCIHERNANDEZ
1707;Gerencia de Segovia;170712;C.S. SEPULVEDA;C.L. CASTRILLO DE SEPULVEDA
1706;Gerencia de Salamanca;170601;C.S. ALBA DE TORMES;C.L. IÑIGO BLASCO
1707;Gerencia de Segovia;170712;C.S. SEPULVEDA;C.L. DURATON
1706;Gerencia de Salamanca;170601;C.S. ALBA DE TORMES;C.L. NAVALES
1707;Gerencia de Segovia;170712;C.S. SEPULVEDA;C.L. ENCINAS
1702;Gerencia de Burgos;170209;C.S. BURGOS RURAL SUR;C.L. VILLAMIEL DE MUÑO
1707;Gerencia de Segovia;170712;C.S. SEPULVEDA;C.L. NAVA DEL CONDADO
1706;Gerencia de Salamanca;170601;C.S. ALBA DE TORMES;C.L. PEÑARANDILLA
1707;Gerencia de Segovia;170712;C.S. SEPULVEDA;C.L. SANTA MARTA DEL CERRO
1706;Gerencia de Salamanca;170601;C.S. ALBA DE TORMES;C.L. SANTA TERESA
1707;Gerencia de Segovia;170713;C.S. VILLACASTIN;C.L. VALDEPRADOS
1702;Gerencia de Burgos;170211;C.S. ESPINOSA MONTEROS;C.L. BARCENAS
1707;Gerencia de Segovia;170713;C.S. VILLACASTIN;C.L. ZARZUELA DEL MONTE
1702;Gerencia de Burgos;170211;C.S. ESPINOSA MONTEROS;C.L. CASTROBARTO
1707;Gerencia de Segovia;170716;C.S. SACRAMENIA;C.L. CASTRO DE FUENTIDUEÑA
1706;Gerencia de Salamanca;170603;C.S. BEJAR;C.L. VALBUENA
1708;Gerencia de Soria;170801;C.S. AGREDA;C.L. TREVAGO
1706;Gerencia de Salamanca;170604;C.S. CALZADA VALDUNCIEL;C.L. PALACIOS DEL ARZOBISPO
1708;Gerencia de Soria;170803;C.S. ARCOS DE JALON;C.L. AGUILAR DE MONTUENGA
1706;Gerencia de Salamanca;170604;C.S. CALZADA VALDUNCIEL;C.L. SAN PELAYO DE LA GUAREÑA
1708;Gerencia de Soria;170803;C.S. ARCOS DE JALON;C.L. JUDES
1706;Gerencia de Salamanca;170604;C.S. CALZADA VALDUNCIEL;C.L. SANTIZ
1708;Gerencia de Soria;170804;C.S. BERLANGA DE DUERO;C.L. LA SECA
1706;Gerencia de Salamanca;170606;C.S. CIUDAD RODRIGO;C.L. SANCTI SPIRITUS
1708;Gerencia de Soria;170805;C.S. EL BURGO DE OSMA;C.L. BARCEBALEJO
1706;Gerencia de Salamanca;170608;C.S. FUENTE DE SAN ESTEBAN;C.L. MUÑOZ
1708;Gerencia de Soria;170805;C.S. EL BURGO DE OSMA;C.L. BERZOSA
1702;Gerencia de Burgos;170215;C.S. HUERTA DE REY;C.L. ARAUZO DE MIEL
1708;Gerencia de Soria;170805;C.S. EL BURGO DE OSMA;C.L. NAFRIA DE UCERO
1706;Gerencia de Salamanca;170613;C.S. GUIJUELO;C.L. VALVERDE DE VALDELACASA
1708;Gerencia de Soria;170805;C.S. EL BURGO DE OSMA;C.L. VALDELINARES
1706;Gerencia de Salamanca;170616;C.S. LEDESMA;C.L. VILLASECO DE LOS REYES
1708;Gerencia de Soria;170805;C.S. EL BURGO DE OSMA;C.L. VALDELUBIEL
1702;Gerencia de Burgos;170215;C.S. HUERTA DE REY;C.L. PEÑALBA DE CASTRO
1708;Gerencia de Soria;170805;C.S. EL BURGO DE OSMA;C.L. VALDENARROS
1706;Gerencia de Salamanca;170617;C.S. LINARES DE RIOFRIO;C.L. VALERO DE LA SIERRA
1708;Gerencia de Soria;170805;C.S. EL BURGO DE OSMA;C.L. VALDENEBRO
1702;Gerencia de Burgos;170221;C.S. MIRANDA ESTE;C.S. MIRANDA ESTE
1708;Gerencia de Soria;170806;C.S. SAN ESTEBAN GORMAZ;C.L. ATAUTA
1702;Gerencia de Burgos;170223;C.S. PAMPLIEGA;C.L. VILLAZOPEQUE
1708;Gerencia de Soria;170806;C.S. SAN ESTEBAN GORMAZ;C.L. CASTILLEJO
1702;Gerencia de Burgos;170223;C.S. PAMPLIEGA;C.S. PAMPLIEGA
1708;Gerencia de Soria;170806;C.S. SAN ESTEBAN GORMAZ;C.L. CENEGRO
1706;Gerencia de Salamanca;170623;C.S. PERIURBANO SUR;C.L. PEÑASOLANA
1708;Gerencia de Soria;170806;C.S. SAN ESTEBAN GORMAZ;C.L. MATANZA DE SORIA
1702;Gerencia de Burgos;170225;C.S. ROA DE DUERO;C.L. FUENTELISENDO
1708;Gerencia de Soria;170806;C.S. SAN ESTEBAN GORMAZ;C.L. PEÑALBA
1706;Gerencia de Salamanca;170624;C.S. PEÑARANDA;C.L. TORDILLOS
1708;Gerencia de Soria;170806;C.S. SAN ESTEBAN GORMAZ;C.L. REJAS DE SAN ESTEBAN
1702;Gerencia de Burgos;170225;C.S. ROA DE DUERO;C.L. QUINTANAMANVIRGO
1708;Gerencia de Soria;170807;C.S. GOMARA;C.L. BLIECOS
1706;Gerencia de Salamanca;170626;C.S. ROBLEDA;C.L. AGALLAS
1708;Gerencia de Soria;170807;C.S. GOMARA;C.L. DEZA
1706;Gerencia de Salamanca;170630;C.S. TAMAMES;C.L. ALDEANUEVA DE LA SIERRA
1708;Gerencia de Soria;170810;C.S. SAN LEONARDO YAGÜE;C.L. CASAREJOS
1702;Gerencia de Burgos;170228;C.S. SANTA CLARA;C.S. SANTA CLARA
1708;Gerencia de Soria;170810;C.S. SAN LEONARDO YAGÜE;C.L. ESPEJON
1706;Gerencia de Salamanca;170634;C.S. VITIGUDINO;C.L. ENCINASOLA DE LOS COMENDADORES
1708;Gerencia de Soria;170810;C.S. SAN LEONARDO YAGÜE;C.L. GUIJOSA
1702;Gerencia de Burgos;170231;C.S. VALLE TOBALINA;C.L. FRIAS
1708;Gerencia de Soria;170810;C.S. SAN LEONARDO YAGÜE;C.L. NAVALENO
1707;Gerencia de Segovia;170701;C.S. CANTALEJO;C.L. LA CUESTA
1708;Gerencia de Soria;170811;C.S. SORIA RURAL;C.L. ALDEALPOZO
1707;Gerencia de Segovia;170701;C.S. CANTALEJO;C.L. NAVALILLA
1708;Gerencia de Soria;170811;C.S. SORIA RURAL;C.L. CANDILICHERA
1702;Gerencia de Burgos;170233;C.S. VILLADIEGO;C.L. BARRUELO DE VILLADIEGO
1708;Gerencia de Soria;170811;C.S. SORIA RURAL;C.L. CARRASCOSA DE LA SIERRA
1707;Gerencia de Segovia;170702;C.S. CARBONERO EL MAYOR;C.L. PINILLOS DE POLENDOS
1708;Gerencia de Soria;170811;C.S. SORIA RURAL;C.L. FUENTECANTOS
1702;Gerencia de Burgos;170233;C.S. VILLADIEGO;C.L. QUINTANILLA RIOFRESNO
1708;Gerencia de Soria;170811;C.S. SORIA RURAL;C.L. LAS CUEVAS DE SORIA
1707;Gerencia de Segovia;170703;C.S. CUELLAR;C.L. PINAREJOS
1708;Gerencia de Soria;170811;C.S. SORIA RURAL;C.L. MONASTERIO
1702;Gerencia de Burgos;170233;C.S. VILLADIEGO;C.L. YUDEGO
1708;Gerencia de Soria;170811;C.S. SORIA RURAL;C.L. ROLLAMIENTA
1707;Gerencia de Segovia;170705;C.S. NAVAFRIA;C.L. LA VELILLA
1708;Gerencia de Soria;170811;C.S. SORIA RURAL;C.L. SOTILLO DEL RINCON
1707;Gerencia de Segovia;170705;C.S. NAVAFRIA;C.L. MATABUENA
1708;Gerencia de Soria;170812;C.S. S.PEDRO MANRIQUE;C.L. ONCALA
1703;Gerencia de León;170301;C.S. ARMUNIA;C.L. CILLANUEVA
1708;Gerencia de Soria;170814;C.S. SORIA SUR;C.S. SORIA SUR
1707;Gerencia de Segovia;170706;C.S. NAVA DE LA ASUNCION;C.L. COCA
1709;Gerencia de Valladolid Oeste;170910;C.S. MAYORGA DE CAMPOS;C.L. BECILLA VALDERA.
1703;Gerencia de León;170303;C.S. ASTORGA II;C.L. BRAÑUELAS
1709;Gerencia de Valladolid Oeste;170910;C.S. MAYORGA DE CAMPOS;C.L. MELGAR DE ABAJO
1707;Gerencia de Segovia;170707;C.S. RIAZA;C.L. LIGOS
1709;Gerencia de Valladolid Oeste;170913;C.S. MEDINA DE RIOSECO;C.L. BERRUECES
1703;Gerencia de León;170303;C.S. ASTORGA II;C.L. LUYEGO DE SOMOZA
1709;Gerencia de Valladolid Oeste;170913;C.S. MEDINA DE RIOSECO;C.L. MONTEALEGRE
1707;Gerencia de Segovia;170711;C.S. SEGOVIA RURAL;C.L. VALSECA
1709;Gerencia de Valladolid Oeste;170913;C.S. MEDINA DE RIOSECO;C.L. MORAL DE LA REINA
1703;Gerencia de León;170303;C.S. ASTORGA II;C.L. SANTIAGO MILLAS BARRIO ABAJO
1709;Gerencia de Valladolid Oeste;170913;C.S. MEDINA DE RIOSECO;C.L. VILLABRAGIMA
1707;Gerencia de Segovia;170712;C.S. SEPULVEDA;C.L. CASTROSERRACIN
1709;Gerencia de Valladolid Oeste;170916;C.S. PISUERGA;C.L. SIMANCAS
1707;Gerencia de Segovia;170712;C.S. SEPULVEDA;C.L. VALLERUELA DE SEPULVEDA
1709;Gerencia de Valladolid Oeste;170916;C.S. PISUERGA;C.S. PISUERGA
1707;Gerencia de Segovia;170713;C.S. VILLACASTIN;C.L. LABAJOS
1709;Gerencia de Valladolid Oeste;170924;C.S. VILLAFRECHOS;C.L. AGUILAR DE CAMPOS
1703;Gerencia de León;170309;C.S. BAÑEZA II;C.L. MOSCAS DEL PARAMO
1709;Gerencia de Valladolid Oeste;170924;C.S. VILLAFRECHOS;C.L. POZUELO ORDEN
1703;Gerencia de León;170309;C.S. BAÑEZA II;C.L. REGUERAS DE ARRIBA
1709;Gerencia de Valladolid Oeste;170925;C.S. VILLALON DE CAMPOS;C.L. CUENCA DE CAMPOS
1708;Gerencia de Soria;170805;C.S. EL BURGO DE OSMA;C.L. QUINTANAS DE GORMAZ
1709;Gerencia de Valladolid Oeste;170926;C.S. VALLADOLID RURAL II;C.L. CASTRODEZA
1703;Gerencia de León;170309;C.S. BAÑEZA II;C.L. SAN MARTIN DE TORRES
1709;Gerencia de Valladolid Oeste;170926;C.S. VALLADOLID RURAL II;C.L. ENTREPINOS
1708;Gerencia de Soria;170805;C.S. EL BURGO DE OSMA;C.S. EL BURGO DE OSMA
1709;Gerencia de Valladolid Oeste;170926;C.S. VALLADOLID RURAL II;C.S. VALLADOLID RURAL II
1703;Gerencia de León;170310;C.S. TRUCHAS;C.L. TRABAZOS
1709;Gerencia de Valladolid Oeste;170927;C.S. DELICIAS I;C.S. DELICIAS I
1708;Gerencia de Soria;170806;C.S. SAN ESTEBAN GORMAZ;C.L. MIÑO DE SAN E.
1709;Gerencia de Valladolid Oeste;170928;C.S. DELICIAS II;C.S.DELICIAS II
1703;Gerencia de León;170312;C.S. ERAS DE RENUEVA;C.L. BARRIO DE NUESTRA SEÑORA
1710;Gerencia de Valladolid Este;171006;C.S. ISCAR;C.L. COGECES DE ISCAR
1703;Gerencia de León;170313;C.S. LA PALOMERA;C.S. LA PALOMERA - LEON II
1710;Gerencia de Valladolid Este;171015;C.S. PEÑAFIEL;C.L. CASTRILLO DUERO
1703;Gerencia de León;170318;C.S. MANSILLA MULAS;C.L. SANTA CRISTINA VALMADRIGAL
1710;Gerencia de Valladolid Este;171015;C.S. PEÑAFIEL;C.L. COGECES DEL MONTE
1708;Gerencia de Soria;170807;C.S. GOMARA;C.L. CARABANTES
1710;Gerencia de Valladolid Este;171015;C.S. PEÑAFIEL;C.L. MANZANILLO
1703;Gerencia de León;170318;C.S. MANSILLA MULAS;C.L. VILLAVIDEL
1710;Gerencia de Valladolid Este;171015;C.S. PEÑAFIEL;C.L. PESQUERA DE DUERO
1708;Gerencia de Soria;170807;C.S. GOMARA;C.L. CIHUELA
1710;Gerencia de Valladolid Este;171016;C.S. PORTILLO;C.L. MONTEMAYOR PILILLA
1703;Gerencia de León;170321;C.S. RIBERA DEL ESLA;C.L. SAELICES DEL PAYUELO
1710;Gerencia de Valladolid Este;171016;C.S. PORTILLO;C.L. S.MIGUEL ARROYO
1703;Gerencia de León;170322;C.S. RIBERA DEL ORBIGO;C.L. LA MILLA DEL RIO
1710;Gerencia de Valladolid Este;171017;C.S. SERRADA;C.L. LA SECA
1708;Gerencia de Soria;170811;C.S. SORIA RURAL;C.L. ALAMARAIL
1710;Gerencia de Valladolid Este;171017;C.S. SERRADA;C.L. VENTOSA DE CUESTA
1703;Gerencia de León;170323;C.S. SAHAGUN CAMPOS;C.L. VILLACINTOR
1710;Gerencia de Valladolid Este;171017;C.S. SERRADA;C.S. SERRADA
1708;Gerencia de Soria;170811;C.S. SORIA RURAL;C.L. ALMARZA
1710;Gerencia de Valladolid Este;171018;C.S. TUDELA;C.L. QUINTANILLA DE O.
1710;Gerencia de Valladolid Este;171018;C.S. TUDELA;C.L. VILLAVAQUERIN
1710;Gerencia de Valladolid Este;171020;C.S. OLMEDO;C.L. ALMENARA
1710;Gerencia de Valladolid Este;171021;C.S. MEDINA CAMPO RURAL;C.L. NAVA DEL REY
1710;Gerencia de Valladolid Este;171021;C.S. MEDINA CAMPO RURAL;C.L. POZALDEZ
1710;Gerencia de Valladolid Este;171021;C.S. MEDINA CAMPO RURAL;C.L. VELASCALVARO
1710;Gerencia de Valladolid Este;171022;C.S. MEDINA CAMPO URBANO;C.S. MEDINA CAMPO URBANO
1710;Gerencia de Valladolid Este;171026;C.S. CIGALES;C.L. QUINTANILLA TRIG.
1711;Gerencia de Zamora;171101;C.S. PARADA DEL MOLINO;C.S. PARADA DEL MOLINO
1711;Gerencia de Zamora;171102;C.S. ALCAÑICES;C.L. BERMILLO DE ALBA
1711;Gerencia de Zamora;171102;C.S. ALCAÑICES;C.L. FORNILLOS DE ALISTE
1711;Gerencia de Zamora;171102;C.S. ALCAÑICES;C.L. GALLEGOS DEL RIO
1711;Gerencia de Zamora;171102;C.S. ALCAÑICES;C.L. GRISUELA
1708;Gerencia de Soria;170811;C.S. SORIA RURAL;C.L. AREVALO DE LA SIERRA
1708;Gerencia de Soria;170811;C.S. SORIA RURAL;C.L. ESPEJO DE TERA
1708;Gerencia de Soria;170811;C.S. SORIA RURAL;C.L. IZANA
1708;Gerencia de Soria;170811;C.S. SORIA RURAL;C.L. OTERUELOS
1708;Gerencia de Soria;170811;C.S. SORIA RURAL;C.L. VALDEGEÑA
1708;Gerencia de Soria;170811;C.S. SORIA RURAL;C.L. VILLAVERDE DEL MONTE
1708;Gerencia de Soria;170812;C.S. S.PEDRO MANRIQUE;C.L. SANTA CRUZ DE YANGUAS
1709;Gerencia de Valladolid Oeste;170910;C.S. MAYORGA DE CAMPOS;C.L. CASTROPONCE
1709;Gerencia de Valladolid Oeste;170910;C.S. MAYORGA DE CAMPOS;C.L. SAELICES
1709;Gerencia de Valladolid Oeste;170913;C.S. MEDINA DE RIOSECO;C.L. VALDENEBRO VALLES
1709;Gerencia de Valladolid Oeste;170920;C.S. TORDESILLAS;C.L. ROBLADILLO
1709;Gerencia de Valladolid Oeste;170924;C.S. VILLAFRECHOS;C.L. VILLANUEVA CABALL.
1709;Gerencia de Valladolid Oeste;170925;C.S. VILLALON DE CAMPOS;C.L. VILLACARRALON
1709;Gerencia de Valladolid Oeste;170926;C.S. VALLADOLID RURAL II;C.L. ARROYO
1710;Gerencia de Valladolid Este;171006;C.S. ISCAR;C.L. FUENTE EL OLMO
1710;Gerencia de Valladolid Este;171016;C.S. PORTILLO;C.L. PORTILLO
1710;Gerencia de Valladolid Este;171017;C.S. SERRADA;C.L. VILLALBA DE ADAJA
1710;Gerencia de Valladolid Este;171019;C.S. ALAEJOS;C.S. ALAEJOS
1710;Gerencia de Valladolid Este;171021;C.S. MEDINA CAMPO RURAL;C.L. GOMEZNARRO
1710;Gerencia de Valladolid Este;171025;C.S. VALLADOLID RURAL I;C.L. VILLARMENTERO
1711;Gerencia de Zamora;171102;C.S. ALCAÑICES;C.S. ALCAÑICES
1711;Gerencia de Zamora;171104;C.S. BENAVENTE NORTE;C.L. MANGANESES DE LA POLVOROSA
1711;Gerencia de Zamora;171106;C.S. CAMARZANA DE TERA;C.L. SANTA MARTA DE TERA
1711;Gerencia de Zamora;171107;C.S. VILLARRIN;C.L. MANGANESES DE LA LAMPREANA
1711;Gerencia de Zamora;171109;C.S. MOMBUEY;C.L. MUELAS DE LOS CABALLEROS
1711;Gerencia de Zamora;171114;C.S. PUEBLA DE SANABRIA;C.L. EL PUENTE
1711;Gerencia de Zamora;171114;C.S. PUEBLA DE SANABRIA;C.L. RIBADELAGO DE FRANCO
1711;Gerencia de Zamora;171114;C.S. PUEBLA DE SANABRIA;C.S. PUEBLA DE SANABRIA
1711;Gerencia de Zamora;171115;C.S. BERMILLO DE SAYAGO;C.L. GANAME
1711;Gerencia de Zamora;171115;C.S. BERMILLO DE SAYAGO;C.L. VILLAMOR DE CADOZOS
1711;Gerencia de Zamora;171117;C.S. TORO;C.L. FUENTESECAS
1711;Gerencia de Zamora;171118;C.S. SANTIBAÑEZ VIDRIAL;C.L. AYOO DE VIDRIALES
1711;Gerencia de Zamora;171118;C.S. SANTIBAÑEZ VIDRIAL;C.L. FUENTE ENCALADA
1711;Gerencia de Zamora;171119;C.S. VILLALPANDO;C.L. SAN ESTEBAN DEL MOLAR
1711;Gerencia de Zamora;171121;C.S. ZAMORA NORTE;C.L. ANDAVIAS
1711;Gerencia de Zamora;171121;C.S. ZAMORA NORTE;C.L. ASPARIEGOS
1711;Gerencia de Zamora;171102;C.S. ALCAÑICES;C.L. TOLILLA
1711;Gerencia de Zamora;171102;C.S. ALCAÑICES;C.L. TRABAZOS
1711;Gerencia de Zamora;171102;C.S. ALCAÑICES;C.L. VALER
1711;Gerencia de Zamora;171103;C.S. ALTA SANABRIA;C.S. ALTA SANABRIA
1711;Gerencia de Zamora;171104;C.S. BENAVENTE NORTE;C.L. FRESNO DE LA POLVOROSA
1711;Gerencia de Zamora;171104;C.S. BENAVENTE NORTE;C.L. SAN ROMAN DEL VALLE
1711;Gerencia de Zamora;171104;C.S. BENAVENTE NORTE;C.L. STA. CRISTINA DE LA POLVOROSA
1711;Gerencia de Zamora;171104;C.S. BENAVENTE NORTE;C.L. VILLABRAZARO
1711;Gerencia de Zamora;171104;C.S. BENAVENTE NORTE;C.S. BENAVENTE NORTE
1711;Gerencia de Zamora;171105;C.S. BENAVENTE SUR;C.L. FRIERA DE VALVERDE
1711;Gerencia de Zamora;171105;C.S. BENAVENTE SUR;C.L. FUENTES DE ROPEL
1711;Gerencia de Zamora;171105;C.S. BENAVENTE SUR;C.L. NAVIANOS DE VALVERDE
1711;Gerencia de Zamora;171105;C.S. BENAVENTE SUR;C.L. SAN MIGUEL DEL VALLE
1711;Gerencia de Zamora;171106;C.S. CAMARZANA DE TERA;C.L. MILLA DE TERA
1711;Gerencia de Zamora;171107;C.S. VILLARRIN;C.L. BELVER DE LOS MONTES
1711;Gerencia de Zamora;171107;C.S. VILLARRIN;C.L. FONTANILLAS DE CASTRO
1711;Gerencia de Zamora;171107;C.S. VILLARRIN;C.S. VILLARRIN
1711;Gerencia de Zamora;171108;C.S. CARBAJALES DE ALBA;C.L. VIDEMALA
1711;Gerencia de Zamora;171109;C.S. MOMBUEY;C.L. ASTURIANOS
1711;Gerencia de Zamora;171109;C.S. MOMBUEY;C.L. CODESAL
1711;Gerencia de Zamora;171109;C.S. MOMBUEY;C.L. STA. EULALIA DE RIONEGRO
1711;Gerencia de Zamora;171110;C.S. CORRALES DEL VINO;C.L. FIGUERUELA DE SAYAGO
1711;Gerencia de Zamora;171110;C.S. CORRALES DEL VINO;C.L. TAMAME
1711;Gerencia de Zamora;171113;C.S. LA GUAREÑA;C.L. GUARRATE
1711;Gerencia de Zamora;171114;C.S. PUEBLA DE SANABRIA;C.L. CALABOR
1711;Gerencia de Zamora;171114;C.S. PUEBLA DE SANABRIA;C.L. RABANO DE SANABRIA
1711;Gerencia de Zamora;171114;C.S. PUEBLA DE SANABRIA;C.L. REQUEJO
1711;Gerencia de Zamora;171115;C.S. BERMILLO DE SAYAGO;C.L. ABELON
1711;Gerencia de Zamora;171115;C.S. BERMILLO DE SAYAGO;C.L. ARGAÑIN
1711;Gerencia de Zamora;171115;C.S. BERMILLO DE SAYAGO;C.L. MORALINA DE SAYAGO
1711;Gerencia de Zamora;171115;C.S. BERMILLO DE SAYAGO;C.L. PIÑUEL
1711;Gerencia de Zamora;171115;C.S. BERMILLO DE SAYAGO;C.S. BERMILLO DE SAYAGO
1711;Gerencia de Zamora;171116;C.S. TABARA;C.L. STA. MARIA DE VALVERDE
1711;Gerencia de Zamora;171117;C.S. TORO;C.L. MORALES DE TORO
1711;Gerencia de Zamora;171117;C.S. TORO;C.L. TAGARABUENA
1711;Gerencia de Zamora;171117;C.S. TORO;C.L. VALDEFINJAS
1711;Gerencia de Zamora;171118;C.S. SANTIBAÑEZ VIDRIAL;C.L. MOLEZUELAS DE LA CARBALL.
1711;Gerencia de Zamora;171119;C.S. VILLALPANDO;C.L. CERECINOS DE CAMPOS
1711;Gerencia de Zamora;171119;C.S. VILLALPANDO;C.L. VILLARDIGA
1711;Gerencia de Zamora;171121;C.S. ZAMORA NORTE;C.L. ALGODRE
1711;Gerencia de Zamora;171121;C.S. ZAMORA NORTE;C.S. ZAMORA NORTE
1711;Gerencia de Zamora;171122;C.S. ZAMORA SUR;C.L. CARRASCAL
1711;Gerencia de Zamora;171122;C.S. ZAMORA SUR;C.L. EL PERDIGON
1711;Gerencia de Zamora;171122;C.S. ZAMORA SUR;C.L. MORALEJA DEL VINO
1711;Gerencia de Zamora;171122;C.S. ZAMORA SUR;C.S. ZAMORA SUR
1701;Gerencia de Ávila;170101;C.S. ARENAS SAN PEDRO;C.L. GUISANDO
1701;Gerencia de Ávila;170104;C.S. AVILA NORTE;C.S. AVILA NORTE
1701;Gerencia de Ávila;170105;C.S. AVILA RURAL;C.L. GALLEGOS DE SAN VICENTE
1701;Gerencia de Ávila;170105;C.S. AVILA RURAL;C.L. GOTARRENDURA
1701;Gerencia de Ávila;170105;C.S. AVILA RURAL;C.L. PADIERNOS
1701;Gerencia de Ávila;170105;C.S. AVILA RURAL;C.L. POZANCO
1701;Gerencia de Ávila;170105;C.S. AVILA RURAL;C.L. RIOFRIO
1701;Gerencia de Ávila;170105;C.S. AVILA RURAL;C.L. SERRADA, LA
1701;Gerencia de Ávila;170105;C.S. AVILA RURAL;C.L. TORNADIZOS DE AVILA
1701;Gerencia de Ávila;170105;C.S. AVILA RURAL;C.L. VICOLOZANO
1701;Gerencia de Ávila;170108;C.S. BARCO DE AVILA;C.L. ALDEANUEVA DE SANTA CRUZ
1701;Gerencia de Ávila;170108;C.S. BARCO DE AVILA;C.L. ALDEHUELA, LA
1701;Gerencia de Ávila;170108;C.S. BARCO DE AVILA;C.L. CARRASCALEJO
1701;Gerencia de Ávila;170108;C.S. BARCO DE AVILA;C.L. GILBUENA
1701;Gerencia de Ávila;170108;C.S. BARCO DE AVILA;C.L. NAVA DEL BARCO
1701;Gerencia de Ávila;170109;C.S. BURGOHONDO;C.L.VILLAREJO
1701;Gerencia de Ávila;170113;C.S. NAVARREDONDA GREDOS;C.L. SAN MARTIN DE LA VEGA DEL ALB.
1701;Gerencia de Ávila;170115;C.S. MADRIGAL DE LAS ALTAS TORRES;C.L. MORALEJA DE MATACABRAS
1701;Gerencia de Ávila;170116;C.S. MOMBELTRAN;C.L. SANTA CRUZ DEL VALLE
1701;Gerencia de Ávila;170117;C.S. PIEDRAHITA;C.L. MESEGAR DE CORNEJA
1701;Gerencia de Ávila;170117;C.S. PIEDRAHITA;C.L. SANTA MARIA DEL BERROCAL
1701;Gerencia de Ávila;170117;C.S. PIEDRAHITA;C.L. SOTO EL
1701;Gerencia de Ávila;170119;C.S. SOTILLO DE ADRADA;C.S. SOTILLO DE ADRADA
1701;Gerencia de Ávila;170121;C.S. MUÑICO;C.L. SOLANA DE RIOALMAR
1702;Gerencia de Burgos;170202;C.S. ARANDA RURAL;C.L. AGUILERA, LA
1702;Gerencia de Burgos;170202;C.S. ARANDA RURAL;C.L. PARDILLA
1702;Gerencia de Burgos;170202;C.S. ARANDA RURAL;C.L. ZAZUAR
1702;Gerencia de Burgos;170202;C.S. ARANDA RURAL;C.S. ARANDA RURAL
1702;Gerencia de Burgos;170204;C.S. BELORADO;C.L. IBRILLOS
1702;Gerencia de Burgos;170205;C.S. BRIVIESCA;C.L. QUINTANAELEZ
1702;Gerencia de Burgos;170209;C.S. BURGOS RURAL SUR;C.L. CUEVA DE JUARROS
1702;Gerencia de Burgos;170209;C.S. BURGOS RURAL SUR;C.L. SAN MAMES DE BURGOS
1703;Gerencia de León;170303;C.S. ASTORGA II;C.L. BENAMARIAS
1703;Gerencia de León;170305;C.S. BOÑAR;C.L. PUEBLA DE LILLO
1703;Gerencia de León;170306;C.S. CISTIERNA;C.L. PALACIO DE VALDELLORMA
1703;Gerencia de León;170308;C.S. LA BAÑEZA I;C.L. VECILLA DE LA VEGA
1703;Gerencia de León;170309;C.S. BAÑEZA II;C.L. CASTRILLO DE SAN PELAYO
1703;Gerencia de León;170309;C.S. BAÑEZA II;C.L. HUERGA DE FRAILES
1703;Gerencia de León;170309;C.S. BAÑEZA II;C.L. PINILLA DE VALDERIA
1703;Gerencia de León;170309;C.S. BAÑEZA II;C.L. SAN ESTEBAN DE NOGALES
1703;Gerencia de León;170311;C.S. LA MAGDALENA;C.L. CARROCERA
1703;Gerencia de León;170315;C.S. CRUCERO;C.L. BARRIO LA SAL
1703;Gerencia de León;170317;C.S. JOSE AGUADO II;C.L. CASTRO DEL CONDADO
1703;Gerencia de León;170317;C.S. JOSE AGUADO II;C.L. REPRESA DEL CONDADO
1703;Gerencia de León;170317;C.S. JOSE AGUADO II;C.L. RODEROS
1703;Gerencia de León;170317;C.S. JOSE AGUADO II;C.L. SAN CIPRIANO DEL CONDADO
1703;Gerencia de León;170317;C.S. JOSE AGUADO II;C.L. VILLAMAYOR DEL CONDADO
1703;Gerencia de León;170318;C.S. MANSILLA MULAS;C.L. CAMPO DE VILLAVIDEL
1703;Gerencia de León;170318;C.S. MANSILLA MULAS;C.L. GRAJALEJO DE LAS MATAS
1703;Gerencia de León;170318;C.S. MANSILLA MULAS;C.L. RIEGO DEL MONTE
1703;Gerencia de León;170318;C.S. MANSILLA MULAS;C.L. VILLAMOROS DE MANSILLA
1703;Gerencia de León;170318;C.S. MANSILLA MULAS;C.L. VILLASABARIEGO
1703;Gerencia de León;170320;C.S. RIAÑO;C.L. OSEJA DE SAJAMBRE
1703;Gerencia de León;170320;C.S. RIAÑO;C.L. POLVOREDO
1703;Gerencia de León;170320;C.S. RIAÑO;C.L. POSADA DE VALDEON
1703;Gerencia de León;170320;C.S. RIAÑO;C.L. SANTA MARINA DE VALDEON
1703;Gerencia de León;170320;C.S. RIAÑO;C.L. VALVERDE DE LA SIERRA
1703;Gerencia de León;170321;C.S. RIBERA DEL ESLA;C.S. RIBERA DEL ESLA
1703;Gerencia de León;170322;C.S. RIBERA DEL ORBIGO;C.L. SAN FELIZ DE ORBIGO
1703;Gerencia de León;170322;C.S. RIBERA DEL ORBIGO;C.L. VEGUELLINA DE ORBIGO
1703;Gerencia de León;170322;C.S. RIBERA DEL ORBIGO;C.L. VILLADANGOS DEL PARAMO
1703;Gerencia de León;170323;C.S. SAHAGUN CAMPOS;C.L. CASTROTIERRA VALMADRIGAL
1703;Gerencia de León;170323;C.S. SAHAGUN CAMPOS;C.L. ESCOBAR DE CAMPOS
1703;Gerencia de León;170323;C.S. SAHAGUN CAMPOS;C.L. VELILLA DE VALDERADUEY
1703;Gerencia de León;170323;C.S. SAHAGUN CAMPOS;C.L. VILLACALABUEY
1703;Gerencia de León;170324;C.S. SAN ANDRES RABANEDO;C.L. SARIEGOS
1703;Gerencia de León;170325;C.S. STA. MARIA PARAMO;C.L. VILLAR DE YERMO
1704;Gerencia de Ponferrada;170408;C.S. TORENO;C.L. SORBEDA DEL SIL
1704;Gerencia de Ponferrada;170410;C.S. VILLAFRANCA BIERZO;C.L. BARJAS
1705;Gerencia de Palencia;170501;C.S. AGUILAR DE CAMPOO;C.L. QUINTANILLA DE TORRES
1705;Gerencia de Palencia;170501;C.S. AGUILAR DE CAMPOO;C.L. VILLANUEVA DE HENARES
1705;Gerencia de Palencia;170502;C.S. BALTANAS;C.L. ANTIGUEDAD
1705;Gerencia de Palencia;170502;C.S. BALTANAS;C.L. HERMEDES DE CERRATO
1705;Gerencia de Palencia;170502;C.S. BALTANAS;C.L. VALDECAÑAS DE CERRATO
1705;Gerencia de Palencia;170503;C.S. CARRION DE LOS CONDES;C.L. GOZON DE UCIEZA
1705;Gerencia de Palencia;170503;C.S. CARRION DE LOS CONDES;C.L. QUINTANILLA DE LA CUEZA
1705;Gerencia de Palencia;170504;C.S. CERVERA PISUERGA;C.L. RESOBA
1705;Gerencia de Palencia;170504;C.S. CERVERA PISUERGA;C.L. ROSCALES DE LA PEÑA
1705;Gerencia de Palencia;170504;C.S. CERVERA PISUERGA;C.L. TRIOLLO
1705;Gerencia de Palencia;170505;C.S. FROMISTA;C.L. MELGAR DE YUSO
1705;Gerencia de Palencia;170505;C.S. FROMISTA;C.L. REQUENA DE CAMPOS
1705;Gerencia de Palencia;170505;C.S. FROMISTA;C.L. VALBUENA DE PISUERGA
1705;Gerencia de Palencia;170505;C.S. FROMISTA;C.L. VALDESPINA
1705;Gerencia de Palencia;170505;C.S. FROMISTA;C.L. VILLODRE
1705;Gerencia de Palencia;170506;C.S. GUARDO;C.L. CAMPORREDONDO DE ALBA
1705;Gerencia de Palencia;170506;C.S. GUARDO;C.L. VELILLA DE TARILONTE
1705;Gerencia de Palencia;170507;C.S. HERRERA DE PISUERGA;C.L. LA VID DE OJEDA
1705;Gerencia de Palencia;170507;C.S. HERRERA DE PISUERGA;C.L. VENTOSA DE PISUERGA
1705;Gerencia de Palencia;170507;C.S. HERRERA DE PISUERGA;C.L. VILLELA
1705;Gerencia de Palencia;170510;C.S. OSORNO;C.L. LAS CABAÑAS DE CASTILLA
1705;Gerencia de Palencia;170510;C.S. OSORNO;C.L. VILLAHERREROS
1705;Gerencia de Palencia;170511;C.S. PALENCIA RURAL;C.L. VALDEOLMILLOS
1705;Gerencia de Palencia;170511;C.S. PALENCIA RURAL;C.L. VILLALOBON
1705;Gerencia de Palencia;170512;C.S. PAREDES DE NAVA;C.L. RIBEROS DE LA CUEZA
1705;Gerencia de Palencia;170514;C.S. SALDAÑA;C.L. SAN ANDRES DE LA REGLA
1705;Gerencia de Palencia;170514;C.S. SALDAÑA;C.L. SANTERVAS DE LA VEGA
1705;Gerencia de Palencia;170514;C.S. SALDAÑA;C.L. VEGA DE DO¥A OLIMPA
1705;Gerencia de Palencia;170514;C.S. SALDAÑA;C.L. VILLABASTA DE VALDAVIA
1705;Gerencia de Palencia;170514;C.S. SALDAÑA;C.L. VILLAELES DE VALDAVIA
1705;Gerencia de Palencia;170515;C.S. ERAS DEL BOSQUE;C.S. ERAS DEL BOSQUE
1705;Gerencia de Palencia;170516;C.S. TORQUEMADA;C.L. COBOS DE CERRATO
1705;Gerencia de Palencia;170516;C.S. TORQUEMADA;C.S. TORQUEMADA
1705;Gerencia de Palencia;170517;C.S. VENTA DE BAÑOS;C.L. ALBA DE CERRATO
1705;Gerencia de Palencia;170517;C.S. VENTA DE BAÑOS;C.S. VENTA DE BAÑOS
1705;Gerencia de Palencia;170518;C.S. VILLARRAMIEL;C.L. BELMONTE
1705;Gerencia de Palencia;170518;C.S. VILLARRAMIEL;C.L. MAZARIEGOS
1705;Gerencia de Palencia;170518;C.S. VILLARRAMIEL;C.L. PEDRAZA
1705;Gerencia de Palencia;170518;C.S. VILLARRAMIEL;C.S. VILLARRAMIEL
1705;Gerencia de Palencia;170519;C.S. VILLADA;C.L. LEDIGOS
1705;Gerencia de Palencia;170519;C.S. VILLADA;C.L. POZO DE URAMA
1706;Gerencia de Salamanca;170601;C.S. ALBA DE TORMES;C.L. ARMENTEROS
1706;Gerencia de Salamanca;170601;C.S. ALBA DE TORMES;C.L. LARRODRIGO
1706;Gerencia de Salamanca;170601;C.S. ALBA DE TORMES;C.L. TERRADILLOS
1706;Gerencia de Salamanca;170603;C.S. BEJAR;C.L. CANDELARIO
1706;Gerencia de Salamanca;170603;C.S. BEJAR;C.L. NAVACARROS
1706;Gerencia de Salamanca;170603;C.S. BEJAR;C.L. VALDELAGEVE
1706;Gerencia de Salamanca;170603;C.S. BEJAR;C.L. VALLEJERA DE RIOFRIO
1706;Gerencia de Salamanca;170604;C.S. CALZADA VALDUNCIEL;C.L. FORFOLEDA
1706;Gerencia de Salamanca;170604;C.S. CALZADA VALDUNCIEL;C.L. ZAMAYON
1706;Gerencia de Salamanca;170606;C.S. CIUDAD RODRIGO;C.L. CASTILLEJO MARTIN VIEJO
1706;Gerencia de Salamanca;170608;C.S. FUENTE DE SAN ESTEBAN;C.L. CARRASCALEJO DE HUEBRA
1706;Gerencia de Salamanca;170608;C.S. FUENTE DE SAN ESTEBAN;C.L. SANTA OLALLA DE YELTES
1706;Gerencia de Salamanca;170609;C.S. FUENTEGUINALDO;C.L. ALAMEDILLA LA
1706;Gerencia de Salamanca;170610;C.S. FUENTES DE OÑORO;C.L. CASTILLEJO DE DOS CASAS
1706;Gerencia de Salamanca;170613;C.S. GUIJUELO;C.L. CASAFRANCA
1706;Gerencia de Salamanca;170613;C.S. GUIJUELO;C.L. FUENTERROBLE DE SALVATIERRA
1706;Gerencia de Salamanca;170613;C.S. GUIJUELO;C.L. FUENTES DE BEJAR
1706;Gerencia de Salamanca;170613;C.S. GUIJUELO;C.L. NAVA DE BEJAR
1706;Gerencia de Salamanca;170613;C.S. GUIJUELO;C.L. PIZARRAL
1706;Gerencia de Salamanca;170613;C.S. GUIJUELO;C.L. TALA LA
1706;Gerencia de Salamanca;170616;C.S. LEDESMA;C.L. SANDO DE SANTA MARIA
1706;Gerencia de Salamanca;170616;C.S. LEDESMA;C.L. VILLARMAYOR
1706;Gerencia de Salamanca;170616;C.S. LEDESMA;C.L. VILLASECO DE LOS GAMITOS
1706;Gerencia de Salamanca;170618;C.S. LUMBRALES;C.L. REDONDA LA
1706;Gerencia de Salamanca;170619;C.S. MATILLA CAÑOS;C.L. CALZADA DE DON DIEGO
1706;Gerencia de Salamanca;170619;C.S. MATILLA CAÑOS;C.L. CANILLAS DE ABAJO
1706;Gerencia de Salamanca;170621;C.S. PEDROSILLO EL RALO;C.L. ARCEDIANO
1706;Gerencia de Salamanca;170621;C.S. PEDROSILLO EL RALO;C.L. PALENCIA DE NEGRILLA
1706;Gerencia de Salamanca;170621;C.S. PEDROSILLO EL RALO;C.L. VILLANUEVA DE LOS PAVONES
1706;Gerencia de Salamanca;170621;C.S. PEDROSILLO EL RALO;C.S. PEDROSILLO EL RALO
1706;Gerencia de Salamanca;170623;C.S. PERIURBANO SUR;C.L. ALDEATEJADA
1706;Gerencia de Salamanca;170623;C.S. PERIURBANO SUR;C.L. CARBAJOSA DE LA SAGRADA
1706;Gerencia de Salamanca;170623;C.S. PERIURBANO SUR;C.L. VEGA DE TIRADOS
1706;Gerencia de Salamanca;170624;C.S. PEÑARANDA;C.L. ALCONADA
1706;Gerencia de Salamanca;170624;C.S. PEÑARANDA;C.L. CAMPO DE PEÑARANDA
1706;Gerencia de Salamanca;170624;C.S. PEÑARANDA;C.L. VENTOSA DEL RIO AL MAR
1706;Gerencia de Salamanca;170624;C.S. PEÑARANDA;C.S. PEÑARANDA
1706;Gerencia de Salamanca;170626;C.S. ROBLEDA;C.L. VEGAS DE DOMINGO REY
1706;Gerencia de Salamanca;170629;C.S. F.VILLALOBOS;C.S. F.VILLALOBOS
1706;Gerencia de Salamanca;170630;C.S. TAMAMES;C.L. CILLEROS DE LA BASTIDA
1706;Gerencia de Salamanca;170630;C.S. TAMAMES;C.L. PUEBLA DE YELTES
1706;Gerencia de Salamanca;170633;C.S. VILLORIA;C.L. MORIÑIGO
1706;Gerencia de Salamanca;170634;C.S. VITIGUDINO;C.L. BRINCONES
1706;Gerencia de Salamanca;170634;C.S. VITIGUDINO;C.L. IRUELOS
1706;Gerencia de Salamanca;170634;C.S. VITIGUDINO;C.L. VILLAR DE PERALONSO
1706;Gerencia de Salamanca;170635;C.S. UNIVERSIDAD CENTRO;C.S. UNIVERSIDAD CENTRO
1707;Gerencia de Segovia;170701;C.S. CANTALEJO;C.L. AREVALILLO DE CEGA
1707;Gerencia de Segovia;170701;C.S. CANTALEJO;C.L. CARRASCAL DE LA CUESTA
1707;Gerencia de Segovia;170701;C.S. CANTALEJO;C.L. CUBILLO
1707;Gerencia de Segovia;170701;C.S. CANTALEJO;C.L. OTONES DE BENJUMEA
1707;Gerencia de Segovia;170701;C.S. CANTALEJO;C.L. REBOLLAR
1707;Gerencia de Segovia;170701;C.S. CANTALEJO;C.L. TUREGANO
1707;Gerencia de Segovia;170702;C.S. CARBONERO EL MAYOR;C.L. PINARNEGRILLO
1707;Gerencia de Segovia;170702;C.S. CARBONERO EL MAYOR;C.L. TABANERA LA LUENGA
1707;Gerencia de Segovia;170702;C.S. CARBONERO EL MAYOR;C.L. VILLOVELA DE PIRON
1707;Gerencia de Segovia;170703;C.S. CUELLAR;C.L. DEHESA DE CUELLAR
1707;Gerencia de Segovia;170703;C.S. CUELLAR;C.L. ESCARABAJOSA DE CUELLAR
1707;Gerencia de Segovia;170703;C.S. CUELLAR;C.L. FRUMALES
1707;Gerencia de Segovia;170703;C.S. CUELLAR;C.L. SAMBOAL
1707;Gerencia de Segovia;170703;C.S. CUELLAR;C.L. TORREGUTIERREZ
1707;Gerencia de Segovia;170703;C.S. CUELLAR;C.L. VALLELADO
1707;Gerencia de Segovia;170705;C.S. NAVAFRIA;C.L. COLLADO HERMOSO
1707;Gerencia de Segovia;170705;C.S. NAVAFRIA;C.L. GALLEGOS
1707;Gerencia de Segovia;170705;C.S. NAVAFRIA;C.L. LA RADES
1707;Gerencia de Segovia;170705;C.S. NAVAFRIA;C.S. NAVAFRIA
1707;Gerencia de Segovia;170706;C.S. NAVA DE LA ASUNCION;C.L. BERNUY DE COCA
1707;Gerencia de Segovia;170706;C.S. NAVA DE LA ASUNCION;C.L. LAGUNA RODRIGO
1707;Gerencia de Segovia;170707;C.S. RIAZA;C.L. CAMPO DE SAN PEDRO
1707;Gerencia de Segovia;170707;C.S. RIAZA;C.L. CEREZO DE ABAJO
1707;Gerencia de Segovia;170707;C.S. RIAZA;C.L. CILLERUELO DE SAN MAMES
1707;Gerencia de Segovia;170707;C.S. RIAZA;C.L. ESTEBANVELA
1707;Gerencia de Segovia;170707;C.S. RIAZA;C.L. MADERUELO
1707;Gerencia de Segovia;170710;C.S. SEGOVIA III;C.L. RECINTO AMURALLADO
1707;Gerencia de Segovia;170711;C.S. SEGOVIA RURAL;C.L. ADRADA DE PIRON
1707;Gerencia de Segovia;170711;C.S. SEGOVIA RURAL;C.L. BERCIAL
1707;Gerencia de Segovia;170711;C.S. SEGOVIA RURAL;C.L. ORTIGOSA DEL MONTE
1707;Gerencia de Segovia;170711;C.S. SEGOVIA RURAL;C.L. OTERO DE HERREROS
1707;Gerencia de Segovia;170711;C.S. SEGOVIA RURAL;C.L. SANGARCIA
1707;Gerencia de Segovia;170712;C.S. SEPULVEDA;C.L. CASTROSERNA DE ABAJO
1707;Gerencia de Segovia;170712;C.S. SEPULVEDA;C.L. EL OLMILLO
1707;Gerencia de Segovia;170712;C.S. SEPULVEDA;C.L. LOS CORTOS
1707;Gerencia de Segovia;170712;C.S. SEPULVEDA;C.L. NAVARES DE AYUSO
1707;Gerencia de Segovia;170712;C.S. SEPULVEDA;C.L. TORRECILLA DEL CONDADO
1707;Gerencia de Segovia;170712;C.S. SEPULVEDA;C.L. VALDESAZ
1707;Gerencia de Segovia;170712;C.S. SEPULVEDA;C.L. VALLERUELA DE PEDRAZA
1707;Gerencia de Segovia;170712;C.S. SEPULVEDA;C.S. SEPULVEDA
1707;Gerencia de Segovia;170713;C.S. VILLACASTIN;C.S. VILLACASTIN
1707;Gerencia de Segovia;170716;C.S. SACRAMENIA;C.L. CUEVAS DE PROVANCO
1708;Gerencia de Soria;170801;C.S. AGREDA;C.L. VALDELAGUA DEL CERRO
1708;Gerencia de Soria;170801;C.S. AGREDA;C.L. VALVERDE DE AGREDA
1708;Gerencia de Soria;170802;C.S. ALMAZAN;C.L. MATUTE DE ALMAZAN
1708;Gerencia de Soria;170802;C.S. ALMAZAN;C.S. ALMAZAN
1708;Gerencia de Soria;170803;C.S. ARCOS DE JALON;C.L. AMBRONA
1708;Gerencia de Soria;170803;C.S. ARCOS DE JALON;C.L. BLOCONA
1708;Gerencia de Soria;170803;C.S. ARCOS DE JALON;C.L. CHAORNA
1708;Gerencia de Soria;170803;C.S. ARCOS DE JALON;C.L. CHERCOLES
1708;Gerencia de Soria;170803;C.S. ARCOS DE JALON;C.L. CONQUEZUELA
1708;Gerencia de Soria;170803;C.S. ARCOS DE JALON;C.L. LAYNA
1708;Gerencia de Soria;170803;C.S. ARCOS DE JALON;C.L. POZUEL DE ARIZA
1708;Gerencia de Soria;170803;C.S. ARCOS DE JALON;C.L. SALINAS
1708;Gerencia de Soria;170803;C.S. ARCOS DE JALON;C.L. SOMAEN
1708;Gerencia de Soria;170803;C.S. ARCOS DE JALON;C.L. STA. MARIA. HUERTA
1708;Gerencia de Soria;170803;C.S. ARCOS DE JALON;C.L. VALTUEÑA
1708;Gerencia de Soria;170803;C.S. ARCOS DE JALON;C.L. YELO
1708;Gerencia de Soria;170804;C.S. BERLANGA DE DUERO;C.L. CL LOSANA
1708;Gerencia de Soria;170804;C.S. BERLANGA DE DUERO;C.L. MADRUEDANO
1708;Gerencia de Soria;170804;C.S. BERLANGA DE DUERO;C.S. BERLANGA DE DUERO
1708;Gerencia de Soria;170805;C.S. EL BURGO DE OSMA;C.L. GALAPAGARES
1708;Gerencia de Soria;170805;C.S. EL BURGO DE OSMA;C.L. REJAS DE UCERO
1708;Gerencia de Soria;170805;C.S. EL BURGO DE OSMA;C.L. VILLANUEVA DE GORMAZ
1708;Gerencia de Soria;170806;C.S. SAN ESTEBAN GORMAZ;C.L. INES
1708;Gerencia de Soria;170806;C.S. SAN ESTEBAN GORMAZ;C.L. MONTEJO DE TIERMES
1708;Gerencia de Soria;170806;C.S. SAN ESTEBAN GORMAZ;C.L. MORCUERA
1708;Gerencia de Soria;170806;C.S. SAN ESTEBAN GORMAZ;C.L. NOVIALES
1708;Gerencia de Soria;170806;C.S. SAN ESTEBAN GORMAZ;C.L. PIQUERA DE SAN ESTEBAN
1708;Gerencia de Soria;170806;C.S. SAN ESTEBAN GORMAZ;C.L. VELILLA DE SAN ESTEBAN
1708;Gerencia de Soria;170807;C.S. GOMARA;C.L. CAÑAMAQUE
1708;Gerencia de Soria;170810;C.S. SAN LEONARDO YAGÜE;C.L. MURIEL VIEJO
1708;Gerencia de Soria;170810;C.S. SAN LEONARDO YAGÜE;C.L. VADILLO
1708;Gerencia de Soria;170811;C.S. SORIA RURAL;C.L. ABEJAR
1708;Gerencia de Soria;170811;C.S. SORIA RURAL;C.L. CASTILFRIO
1708;Gerencia de Soria;170811;C.S. SORIA RURAL;C.L. CIRUJALES DEL RIO
1708;Gerencia de Soria;170811;C.S. SORIA RURAL;C.L. CUELLAR DE LA SIERRA
1708;Gerencia de Soria;170811;C.S. SORIA RURAL;C.L. MARTIALAY
1708;Gerencia de Soria;170811;C.S. SORIA RURAL;C.L. NODALO
1708;Gerencia de Soria;170811;C.S. SORIA RURAL;C.L. VILLAR DEL ALA
1708;Gerencia de Soria;170812;C.S. S.PEDRO MANRIQUE;C.L. NAVABELLIDA
1708;Gerencia de Soria;170812;C.S. S.PEDRO MANRIQUE;C.L. PALACIO DE SAN PEDRO
1708;Gerencia de Soria;170812;C.S. S.PEDRO MANRIQUE;C.L. VALLORIA
1709;Gerencia de Valladolid Oeste;170906;C.S. PLAZA DEL EJERCITO;C.S. PLAZA DEL EJERCITO
1709;Gerencia de Valladolid Oeste;170910;C.S. MAYORGA DE CAMPOS;C.L. CASTROBOL
1709;Gerencia de Valladolid Oeste;170910;C.S. MAYORGA DE CAMPOS;C.L. VILLALBA LOMA
1709;Gerencia de Valladolid Oeste;170919;C.S. PARQUE ALAMEDA-COVARESA;PINAR DE ANTEQUERA
1709;Gerencia de Valladolid Oeste;170920;C.S. TORDESILLAS;C.L. ROMAN DE HORNI.
1709;Gerencia de Valladolid Oeste;170920;C.S. TORDESILLAS;C.L. VELLIZA
1709;Gerencia de Valladolid Oeste;170920;C.S. TORDESILLAS;C.L. VILLAMARCIEL
1709;Gerencia de Valladolid Oeste;170926;C.S. VALLADOLID RURAL II;C.L. LA VEGA
1709;Gerencia de Valladolid Oeste;170926;C.S. VALLADOLID RURAL II;C.L. PEÑAFLOR DE HORNIJA
1709;Gerencia de Valladolid Oeste;170927;C.S. DELICIAS I;C.L. LA CISTERNIGA
1710;Gerencia de Valladolid Este;171001;C.S. BARRIO ESPAÑA;C.S. BARRIO ESPAÑA
1710;Gerencia de Valladolid Este;171002;C.S. ESGUEVILLAS;C.L. CANILLAS DE ESGUE.
1710;Gerencia de Valladolid Este;171002;C.S. ESGUEVILLAS;C.L. VILLANUEVA INFANT.
1710;Gerencia de Valladolid Este;171006;C.S. ISCAR;C.L. VILLAVERDE ISCAR
1710;Gerencia de Valladolid Este;171010;C.S. CIRCULAR;C.S. CIRCULAR
1710;Gerencia de Valladolid Este;171011;C.S. RONDILLA I;C.S. RONDILLA I
1710;Gerencia de Valladolid Este;171011;C.S. RONDILLA I;C.S. RONDILLA I (3 ZONAS, RONDILLA I, I
1710;Gerencia de Valladolid Este;171015;C.S. PEÑAFIEL;C.L. ALDEALBAR
1710;Gerencia de Valladolid Este;171015;C.S. PEÑAFIEL;C.L. MELIDA
1710;Gerencia de Valladolid Este;171017;C.S. SERRADA;C.L. MATAPOZUELOS
1710;Gerencia de Valladolid Este;171017;C.S. SERRADA;C.L. VILLANUEVA DUERO
1710;Gerencia de Valladolid Este;171020;C.S. OLMEDO;C.L. ALCAZAREN
1710;Gerencia de Valladolid Este;171020;C.S. OLMEDO;C.L. FUENTE OLMEDO
1710;Gerencia de Valladolid Este;171021;C.S. MEDINA CAMPO RURAL;C.L. FRESNO EL VIEJO
1710;Gerencia de Valladolid Este;171021;C.S. MEDINA CAMPO RURAL;C.L. RODILANA
1710;Gerencia de Valladolid Este;171021;C.S. MEDINA CAMPO RURAL;C.L. SAN VICENTE PALAC.
1710;Gerencia de Valladolid Este;171026;C.S. CIGALES;C.L. FUENSALDAÑA
1710;Gerencia de Valladolid Este;171026;C.S. CIGALES;C.L. VALORIA LA BUENA
1711;Gerencia de Zamora;171102;C.S. ALCAÑICES;C.L. ALCORCILLO
1711;Gerencia de Zamora;171102;C.S. ALCAÑICES;C.L. CEADEA
1711;Gerencia de Zamora;171102;C.S. ALCAÑICES;C.L. FONFRIA
1711;Gerencia de Zamora;171102;C.S. ALCAÑICES;C.L. MOVEROS
1711;Gerencia de Zamora;171102;C.S. ALCAÑICES;C.L. NUEZ
1711;Gerencia de Zamora;171102;C.S. ALCAÑICES;C.L. POBLADURA DE ALISTE
1711;Gerencia de Zamora;171102;C.S. ALCAÑICES;C.L. VIÑAS DE ALISTE
1711;Gerencia de Zamora;171103;C.S. ALTA SANABRIA;C.L. CASTROMIL
1711;Gerencia de Zamora;171104;C.S. BENAVENTE NORTE;C.L. BRIME DE URZ
1711;Gerencia de Zamora;171105;C.S. BENAVENTE SUR;C.L. VILLANUEVA DE AZOAGUE
1711;Gerencia de Zamora;171105;C.S. BENAVENTE SUR;C.S. BENAVENTE SUR
1711;Gerencia de Zamora;171106;C.S. CAMARZANA DE TERA;C.L. OLLEROS DE TERA
1711;Gerencia de Zamora;171106;C.S. CAMARZANA DE TERA;C.L. SANTIBAÑEZ DE TERA
1711;Gerencia de Zamora;171106;C.S. CAMARZANA DE TERA;C.L. SITRAMA DE TERA
1711;Gerencia de Zamora;171107;C.S. VILLARRIN;C.L. VILLALBA DE LA LAMPREANA
1711;Gerencia de Zamora;171108;C.S. CARBAJALES DE ALBA;C.L. VIDE DE ALBA
1711;Gerencia de Zamora;171108;C.S. CARBAJALES DE ALBA;C.S. CARBAJALES DE ALBA
1711;Gerencia de Zamora;171109;C.S. MOMBUEY;C.L. RIONEGRO DEL PUENTE
1711;Gerencia de Zamora;171109;C.S. MOMBUEY;C.L. SEJAS DE SANABRIA
1711;Gerencia de Zamora;171110;C.S. CORRALES DEL VINO;C.L. PELEAS DE ABAJO
1711;Gerencia de Zamora;171113;C.S. LA GUAREÑA;C.L. ARGUJILLO
1711;Gerencia de Zamora;171113;C.S. LA GUAREÑA;C.L. VILLAESCUSA
1711;Gerencia de Zamora;171114;C.S. PUEBLA DE SANABRIA;C.L. COBREROS
1711;Gerencia de Zamora;171114;C.S. PUEBLA DE SANABRIA;C.L. ROSINOS DE LA REQUEJADA
1711;Gerencia de Zamora;171114;C.S. PUEBLA DE SANABRIA;C.L. VIGO DE SANABRIA
1711;Gerencia de Zamora;171114;C.S. PUEBLA DE SANABRIA;C.L. VILLAREJO DE LA SIERRA
1711;Gerencia de Zamora;171115;C.S. BERMILLO DE SAYAGO;C.L. FRESNO DE SAYAGO
1711;Gerencia de Zamora;171115;C.S. BERMILLO DE SAYAGO;C.L. MAMOLES
1711;Gerencia de Zamora;171115;C.S. BERMILLO DE SAYAGO;C.L. TORREGAMONES
1711;Gerencia de Zamora;171116;C.S. TABARA;C.L. RIOFRIO DE ALISTE
1711;Gerencia de Zamora;171116;C.S. TABARA;C.L. S. PEDRO DE ZAMUDIA
1711;Gerencia de Zamora;171116;C.S. TABARA;C.L. STA. EULALIA DE TABARA
1711;Gerencia de Zamora;171117;C.S. TORO;C.L. ABEZAMES
1711;Gerencia de Zamora;171120;C.S. VIRGEN DE LA CONCHA;C.S. VIRGEN DE LA CONCHA
1711;Gerencia de Zamora;171121;C.S. ZAMORA NORTE;C.L. BENEGILES
1711;Gerencia de Zamora;171121;C.S. ZAMORA NORTE;C.L. LA HINIESTA
1711;Gerencia de Zamora;171121;C.S. ZAMORA NORTE;C.L. MOLACILLOS
1711;Gerencia de Zamora;171121;C.S. ZAMORA NORTE;C.L. MORERUELA DE LOS INFANZONES
1711;Gerencia de Zamora;171121;C.S. ZAMORA NORTE;C.L. SALTO DE VILLALACMPO
1711;Gerencia de Zamora;171122;C.S. ZAMORA SUR;C.L. BAMBA
1711;Gerencia de Zamora;171122;C.S. ZAMORA SUR;C.L. MALILLOS
1711;Gerencia de Zamora;171122;C.S. ZAMORA SUR;C.L. VILLARALBO
1701;Gerencia de Ávila;170102;C.S. AREVALO;C.L. CODORNIZ
1701;Gerencia de Ávila;170105;C.S. AVILA RURAL;C.L. CASASOLA
1701;Gerencia de Ávila;170105;C.S. AVILA RURAL;C.L. GALLEGOS
1701;Gerencia de Ávila;170105;C.S. AVILA RURAL;C.L. MINGORRIA
1701;Gerencia de Ávila;170108;C.S. BARCO DE AVILA;C.S. BARCO DE AVILA
1701;Gerencia de Ávila;170109;C.S. BURGOHONDO;C.L. SERRANILLOS
1701;Gerencia de Ávila;170117;C.S. PIEDRAHITA;C.L. CASAS DE SEBASTIAN PEREZ
1701;Gerencia de Ávila;170118;C.S. SAN PEDRO ARROYO;C.L. MORAÑUELA
1701;Gerencia de Ávila;170121;C.S. MUÑICO;C.L. BENITOS
1701;Gerencia de Ávila;170122;C.S. AVILA SUR ESTE;C.S. AVILA SUR ESTE
1702;Gerencia de Burgos;170202;C.S. ARANDA RURAL;C.L. HONTANGAS
1702;Gerencia de Burgos;170202;C.S. ARANDA RURAL;C.L. VENTOSILLA
1702;Gerencia de Burgos;170205;C.S. BRIVIESCA;C.L. BARRIO DE DIAZ RUIZ
1702;Gerencia de Burgos;170205;C.S. BRIVIESCA;C.L. QUINTANABUREBA
1702;Gerencia de Burgos;170205;C.S. BRIVIESCA;C.L. SOLDUENGO
1702;Gerencia de Burgos;170206;C.S. CRISTOBAL ACOSTA;C.S. CRISTOBAL ACOSTA
1702;Gerencia de Burgos;170208;C.S. BURGOS RURAL NORTE;C.L. MANSILLA DE BURGOS
1702;Gerencia de Burgos;170208;C.S. BURGOS RURAL NORTE;C.L. OLMOS DE ATAPUERTA
1702;Gerencia de Burgos;170208;C.S. BURGOS RURAL NORTE;C.L. ZUMEL
1702;Gerencia de Burgos;170209;C.S. BURGOS RURAL SUR;C.L. CARDEÑADIJO
1701;Gerencia de Ávila;170101;C.S. ARENAS SAN PEDRO;C.L. ARENAL, EL
1701;Gerencia de Ávila;170105;C.S. AVILA RURAL;C.L. ALDEAVIEJA
1701;Gerencia de Ávila;170105;C.S. AVILA RURAL;C.L. FRESNO, EL
1701;Gerencia de Ávila;170105;C.S. AVILA RURAL;C.L. SANTA CRUZ DE PINARES
1701;Gerencia de Ávila;170105;C.S. AVILA RURAL;C.L. TOLBAÑOS
1701;Gerencia de Ávila;170106;C.S. LANZAHITA;C.L. MIJARES
1701;Gerencia de Ávila;170106;C.S. LANZAHITA;C.S. LANZAHITA
1701;Gerencia de Ávila;170108;C.S. BARCO DE AVILA;C.L. BOHOYO
1701;Gerencia de Ávila;170108;C.S. BARCO DE AVILA;C.L. NAVARREGADILLA
1701;Gerencia de Ávila;170108;C.S. BARCO DE AVILA;C.L. NAVATEJARES
1701;Gerencia de Ávila;170108;C.S. BARCO DE AVILA;C.L. SANTIAGO DE ARAVALLE
1701;Gerencia de Ávila;170109;C.S. BURGOHONDO;C.L. SAN JUAN DEL MOLINILLO
1701;Gerencia de Ávila;170111;C.S. CEBREROS;C.S. CEBREROS
1701;Gerencia de Ávila;170112;C.S. FONTIVEROS;C.L. FLORES DE AVILA
1701;Gerencia de Ávila;170112;C.S. FONTIVEROS;C.L. RIVILLA DE BARAJAS
1701;Gerencia de Ávila;170112;C.S. FONTIVEROS;C.L. SALVADIOS
1701;Gerencia de Ávila;170112;C.S. FONTIVEROS;C.S. FONTIVEROS
1701;Gerencia de Ávila;170113;C.S. NAVARREDONDA GREDOS;C.L. CEPEDA LA MORA
1701;Gerencia de Ávila;170115;C.S. MADRIGAL DE LAS ALTAS TORRES;C.L. SAN ESTEBAN DE ZAPARDIEL
1701;Gerencia de Ávila;170116;C.S. MOMBELTRAN;C.L. SAN ESTEBAN DEL VALLE
1701;Gerencia de Ávila;170117;C.S. PIEDRAHITA;C.L. BECEDILLAS
1701;Gerencia de Ávila;170117;C.S. PIEDRAHITA;C.L. MERCADILLO
1701;Gerencia de Ávila;170117;C.S. PIEDRAHITA;C.L. PALACIOS DE CORNEJA
1701;Gerencia de Ávila;170117;C.S. PIEDRAHITA;C.L. VILLAR DE CORNEJA
1701;Gerencia de Ávila;170117;C.S. PIEDRAHITA;C.S. PIEDRAHITA
1701;Gerencia de Ávila;170119;C.S. SOTILLO DE ADRADA;C.L. NAVAHONDILLA
1701;Gerencia de Ávila;170120;C.S. MUÑANA;C.L. MENGAMUÑOZ
1701;Gerencia de Ávila;170120;C.S. MUÑANA;C.L. MUÑEZ
1701;Gerencia de Ávila;170120;C.S. MUÑANA;C.L. MUÑOGALINDO
1701;Gerencia de Ávila;170120;C.S. MUÑANA;C.L. SALOBRALEJO
1701;Gerencia de Ávila;170120;C.S. MUÑANA;C.L. SANTA MARIA DEL ARROYO
1701;Gerencia de Ávila;170120;C.S. MUÑANA;C.L. VILLATORO
1701;Gerencia de Ávila;170121;C.S. MUÑICO;C.L. BLASCOJIMENO
1701;Gerencia de Ávila;170121;C.S. MUÑICO;C.L. MIRUEÑA DE LOS INFANZONES
1701;Gerencia de Ávila;170121;C.S. MUÑICO;C.L. ORTIGOSA DE RIOALMAR
1701;Gerencia de Ávila;170121;C.S. MUÑICO;C.S. MUÑICO
1702;Gerencia de Burgos;170202;C.S. ARANDA RURAL;C.L. BAÑOS VALDEARAD
1702;Gerencia de Burgos;170202;C.S. ARANDA RURAL;C.L. CAMPILLO DE ARANDA
1702;Gerencia de Burgos;170202;C.S. ARANDA RURAL;C.L. SAN JUAN DEL MONTE
1702;Gerencia de Burgos;170202;C.S. ARANDA RURAL;C.L. ZUZONES
1702;Gerencia de Burgos;170204;C.S. BELORADO;C.L. FRESNO DE RIO TIRON
1702;Gerencia de Burgos;170204;C.S. BELORADO;C.L. PURAS DE VILLAFRANCA
1702;Gerencia de Burgos;170204;C.S. BELORADO;C.L. REDECILLA DEL CAMINO
1702;Gerencia de Burgos;170204;C.S. BELORADO;C.L. SAN MIGUEL
1702;Gerencia de Burgos;170204;C.S. BELORADO;C.L. SAN PEDRO DEL MONTE
1702;Gerencia de Burgos;170204;C.S. BELORADO;C.L. VILLALOMEZ
1702;Gerencia de Burgos;170204;C.S. BELORADO;C.L. VILLAMBISTIA
1702;Gerencia de Burgos;170204;C.S. BELORADO;C.S. BELORADO
1702;Gerencia de Burgos;170205;C.S. BRIVIESCA;C.L. AGUILAR BUREBA
1702;Gerencia de Burgos;170205;C.S. BRIVIESCA;C.L. BAÑUELOS DE BUREBA
1702;Gerencia de Burgos;170205;C.S. BRIVIESCA;C.L. CALZADA DE BUREBA
1702;Gerencia de Burgos;170205;C.S. BRIVIESCA;C.L. CASCAJARES DE BUREBA
1702;Gerencia de Burgos;170205;C.S. BRIVIESCA;C.L. HERMOSILLA
1702;Gerencia de Burgos;170205;C.S. BRIVIESCA;C.L. QUINTANA URRIA
1702;Gerencia de Burgos;170205;C.S. BRIVIESCA;C.L. RUBLACEDO DE ARRIBA
1702;Gerencia de Burgos;170205;C.S. BRIVIESCA;C.L. TERMINON
1702;Gerencia de Burgos;170208;C.S. BURGOS RURAL NORTE;C.L. LERMILLA
1702;Gerencia de Burgos;170208;C.S. BURGOS RURAL NORTE;C.L. MASA
1702;Gerencia de Burgos;170208;C.S. BURGOS RURAL NORTE;C.L. QUINTANILLA DEL MONTE
1702;Gerencia de Burgos;170208;C.S. BURGOS RURAL NORTE;C.L. ROS
1702;Gerencia de Burgos;170209;C.S. BURGOS RURAL SUR;C.L. ARENILLAS DE MUÑO
1702;Gerencia de Burgos;170209;C.S. BURGOS RURAL SUR;C.L. COGOLLOS
1702;Gerencia de Burgos;170209;C.S. BURGOS RURAL SUR;C.L. HORMAZA
1702;Gerencia de Burgos;170209;C.S. BURGOS RURAL SUR;C.L. HORNILLOS DEL CAMINO
1702;Gerencia de Burgos;170209;C.S. BURGOS RURAL SUR;C.L. MAZUELO DE MUÑO
1702;Gerencia de Burgos;170209;C.S. BURGOS RURAL SUR;C.L. MEDINILLA DE LA DEHESA
1702;Gerencia de Burgos;170209;C.S. BURGOS RURAL SUR;C.L. QUINTANILLA CABRERA
1702;Gerencia de Burgos;170209;C.S. BURGOS RURAL SUR;C.L. SAN ADRIAN DE JUARROS
1702;Gerencia de Burgos;170209;C.S. BURGOS RURAL SUR;C.L. VILLAFUERTES
1702;Gerencia de Burgos;170209;C.S. BURGOS RURAL SUR;C.L. VILLAMIEL DE LA SIERRA
1702;Gerencia de Burgos;170210;C.S. CONDADO DE TREVIÑO;C.L. PUEBLA DE ARGANZON, LA
1702;Gerencia de Burgos;170211;C.S. ESPINOSA MONTEROS;C.L. QUINTANILLA DEL REBOLLAR
1702;Gerencia de Burgos;170212;C.S. GAMONAL ANTIGUA;C.S. GAMONAL ANTIGUA
1702;Gerencia de Burgos;170215;C.S. HUERTA DE REY;C.L. DOÑA SANTOS
1702;Gerencia de Burgos;170216;C.S. LERMA;C.L. FONTIOSO
1702;Gerencia de Burgos;170216;C.S. LERMA;C.L. MECERREYES
1702;Gerencia de Burgos;170216;C.S. LERMA;C.L. OQUILLAS
1702;Gerencia de Burgos;170216;C.S. LERMA;C.L. QUINTANILLA DE LA MATA
1702;Gerencia de Burgos;170216;C.S. LERMA;C.L. SANTA CECILIA
1702;Gerencia de Burgos;170219;C.S. MEDINA DE POMAR;C.L. EXTRAMIANA
1702;Gerencia de Burgos;170220;C.S. MELGAR FERNAMENTAL;C.L. HINOJAL DE RIOPISUERGA
1702;Gerencia de Burgos;170221;C.S. MIRANDA ESTE;AMEYUGO
1702;Gerencia de Burgos;170221;C.S. MIRANDA ESTE;C.L. GUINICIO
1702;Gerencia de Burgos;170223;C.S. PAMPLIEGA;C.L. VILLAMEDIANILLA
1702;Gerencia de Burgos;170225;C.S. ROA DE DUERO;C.L. PEDROSA DE DUERO
1702;Gerencia de Burgos;170225;C.S. ROA DE DUERO;C.L. SOTILLO RIVERA
1702;Gerencia de Burgos;170225;C.S. ROA DE DUERO;C.L. VILLATUELDA
1702;Gerencia de Burgos;170226;C.S. SALAS LOS INFANTES;C.L. MAMBRILLAS DE LARA
1702;Gerencia de Burgos;170226;C.S. SALAS LOS INFANTES;C.L. PEÑACOBA
1702;Gerencia de Burgos;170226;C.S. SALAS LOS INFANTES;C.L. REVILLA LA
1702;Gerencia de Burgos;170226;C.S. SALAS LOS INFANTES;C.L. SANTO DOMINGO DE SILOS
1702;Gerencia de Burgos;170229;C.S. SEDANO;C.L. ESCALADA
1702;Gerencia de Burgos;170229;C.S. SEDANO;C.L. ESCOBADOS DE ABAJO
1702;Gerencia de Burgos;170229;C.S. SEDANO;C.L. SARGENTES DE LA LORA
1702;Gerencia de Burgos;170229;C.S. SEDANO;C.L. TUBILLEJA
1702;Gerencia de Burgos;170231;C.S. VALLE TOBALINA;C.L. PEDROSA DE TOBALINA
1702;Gerencia de Burgos;170232;C.S. VALLE VALDEBEZANA;C.L. ESPINOSA DE BRICIA
1702;Gerencia de Burgos;170232;C.S. VALLE VALDEBEZANA;C.L. LOMAS DE VILLAMEDIANA
1702;Gerencia de Burgos;170232;C.S. VALLE VALDEBEZANA;C.L. PEDROSA DE VALDEPORRES
1702;Gerencia de Burgos;170232;C.S. VALLE VALDEBEZANA;C.L. PUENTEDEY
1702;Gerencia de Burgos;170232;C.S. VALLE VALDEBEZANA;C.S. VALLE VALDEBEZANA
1702;Gerencia de Burgos;170233;C.S. VILLADIEGO;C.L. FUENTECALIENTE DE PUERTA
1702;Gerencia de Burgos;170233;C.S. VILLADIEGO;C.L. MANCILES
1702;Gerencia de Burgos;170233;C.S. VILLADIEGO;C.L. PEONES
1702;Gerencia de Burgos;170233;C.S. VILLADIEGO;C.L. SAN MARTIN DE HUMADA
1702;Gerencia de Burgos;170233;C.S. VILLADIEGO;C.L. VALCARCERES LOS
1702;Gerencia de Burgos;170233;C.S. VILLADIEGO;C.L. VILLAHERNANDO
1702;Gerencia de Burgos;170233;C.S. VILLADIEGO;C.L. VILLAHIZAN DE TREVIÑO
1702;Gerencia de Burgos;170233;C.S. VILLADIEGO;C.L. VILLANUEVA DE ODRA
1702;Gerencia de Burgos;170233;C.S. VILLADIEGO;C.L. VILLEGAS
1702;Gerencia de Burgos;170234;C.S. VALLE DE MENA;C.S. VALLE DE MENA
1702;Gerencia de Burgos;170235;C.S. VILLARCAYO;C.S. VILLARCAYO
1703;Gerencia de León;170301;C.S. ARMUNIA;C.L. SANTOVENIA VALDONCINA
1703;Gerencia de León;170301;C.S. ARMUNIA;C.L. VEGA DE INFANZONES
1703;Gerencia de León;170301;C.S. ARMUNIA;C.L. VILECHA
1703;Gerencia de León;170301;C.S. ARMUNIA;C.L. VILLACEDRE
1703;Gerencia de León;170301;C.S. ARMUNIA;C.S. ARMUNIA
1703;Gerencia de León;170302;C.S. ASTORGA I;C.L. CARRERA LA
1703;Gerencia de León;170302;C.S. ASTORGA I;C.L. SANTA CATALINA DE SOMOZA
1703;Gerencia de León;170302;C.S. ASTORGA I;C.S. ASTORGA I (2 ZONAS, ASTORGA I y I
1703;Gerencia de León;170303;C.S. ASTORGA II;C.L. ABANO
1703;Gerencia de León;170303;C.S. ASTORGA II;C.L. CASTRILLO DE CEPEDA
1703;Gerencia de León;170303;C.S. ASTORGA II;C.L. CHANA DE SOMOZA
1703;Gerencia de León;170303;C.S. ASTORGA II;C.L. CULEBROS
1703;Gerencia de León;170303;C.S. ASTORGA II;C.L. EL GANSO
1703;Gerencia de León;170303;C.S. ASTORGA II;C.L. FONTORIA DE CEPEDA
1703;Gerencia de León;170303;C.S. ASTORGA II;C.L. MORALES DE ARCEDIANO
1703;Gerencia de León;170303;C.S. ASTORGA II;C.L. PRIARANZA VALDUERNA
1703;Gerencia de León;170303;C.S. ASTORGA II;C.L. RABANAL DEL CAMINO
1703;Gerencia de León;170303;C.S. ASTORGA II;C.L. VILLAMECA
1703;Gerencia de León;170303;C.S. ASTORGA II;C.L. ZACOS
1703;Gerencia de León;170303;C.S. ASTORGA II;C.S. ASTORGA II
1703;Gerencia de León;170304;C.S. SAN EMILIANO;C.L. ABELGAS DE LUNA
1703;Gerencia de León;170304;C.S. SAN EMILIANO;C.L. ARALLA DE LUNA
1703;Gerencia de León;170304;C.S. SAN EMILIANO;C.L. SENA DE LUNA
1703;Gerencia de León;170306;C.S. CISTIERNA;C.L. ALMANZA
1703;Gerencia de León;170306;C.S. CISTIERNA;C.L. CEBANICO
1703;Gerencia de León;170306;C.S. CISTIERNA;C.L. CREMENES
1703;Gerencia de León;170306;C.S. CISTIERNA;C.L. PRADO DE LA GUZPEÑA
1703;Gerencia de León;170306;C.S. CISTIERNA;C.L. TEJERINA
1703;Gerencia de León;170307;C.S. CUENCA BERNESGA;C.L. BEBERINO
1703;Gerencia de León;170307;C.S. CUENCA BERNESGA;C.L. BUSDONGO
1703;Gerencia de León;170307;C.S. CUENCA BERNESGA;C.L. VEGA DE GORDON
1703;Gerencia de León;170308;C.S. LA BAÑEZA I;C. L. SANTIBAÑEZ DE LA ISLA
1703;Gerencia de León;170309;C.S. BAÑEZA II;C.L. FELECHARES DE LA VALDERIA
1703;Gerencia de León;170309;C.S. BAÑEZA II;C.L. NOGAREJAS
1703;Gerencia de León;170309;C.S. BAÑEZA II;C.L. SAN ADRIAN DEL VALLE
1703;Gerencia de León;170309;C.S. BAÑEZA II;C.L. TORNEROS DE LA VALDERIA
1703;Gerencia de León;170309;C.S. BAÑEZA II;C.L. VILLARNERA DE LA VEGA
1703;Gerencia de León;170310;C.S. TRUCHAS;C.L. CASTRILLO CABRERA
1703;Gerencia de León;170310;C.S. TRUCHAS;C.L. FORNA
1703;Gerencia de León;170310;C.S. TRUCHAS;C.L. NOGAR
1703;Gerencia de León;170311;C.S. LA MAGDALENA;C.L. LA GARANDILLA
1703;Gerencia de León;170311;C.S. LA MAGDALENA;C.L. RIELLO
1703;Gerencia de León;170311;C.S. LA MAGDALENA;C.L. VEGA DE CABALLEROS
1703;Gerencia de León;170311;C.S. LA MAGDALENA;C.S. LA MAGDALENA
1703;Gerencia de León;170312;C.S. ERAS DE RENUEVA;C.L. VILLAQUILAMBRE
1703;Gerencia de León;170314;C.S. CONDESA;C.S. CONDESA
1703;Gerencia de León;170317;C.S. JOSE AGUADO II;C.L. CASTRILLO DE LA RIBERA
1703;Gerencia de León;170317;C.S. JOSE AGUADO II;C.L. MARNE
1703;Gerencia de León;170317;C.S. JOSE AGUADO II;C.L. TOLDANOS
1703;Gerencia de León;170318;C.S. MANSILLA MULAS;C.L. GUSENDOS DE LOS OTEROS
1703;Gerencia de León;170318;C.S. MANSILLA MULAS;C.L. VILLABURBULA
1703;Gerencia de León;170318;C.S. MANSILLA MULAS;C.L. VILLANUEVA DE LAS MANZANAS
1703;Gerencia de León;170319;C.S. MATALLANA DE TORIO;C.L. CARMENES
1703;Gerencia de León;170320;C.S. RIAÑO;C.L. CARANDE
1703;Gerencia de León;170320;C.S. RIAÑO;C.L. PORTILLA DE LA REINA
1703;Gerencia de León;170321;C.S. RIBERA DEL ESLA;C.L. CIFUENTES DE RUEDA
1703;Gerencia de León;170322;C.S. RIBERA DEL ORBIGO;C.L. ALCOBA DE LA RIBERA
1703;Gerencia de León;170322;C.S. RIBERA DEL ORBIGO;C.L. QUINTANILLA DEL VALLE
1703;Gerencia de León;170322;C.S. RIBERA DEL ORBIGO;C.L. SAN PEDRO DE PEGAS
1703;Gerencia de León;170322;C.S. RIBERA DEL ORBIGO;C.L. SAN ROMAN CABALLEROS
1703;Gerencia de León;170322;C.S. RIBERA DEL ORBIGO;C.L. SECAREJO
1703;Gerencia de León;170322;C.S. RIBERA DEL ORBIGO;C.L. VILLARES DE ORBIGO
1703;Gerencia de León;170323;C.S. SAHAGUN CAMPOS;C.L. SAN MARTIN DE LA CUEZA
1703;Gerencia de León;170323;C.S. SAHAGUN CAMPOS;C.L. VALDESCAPA DE CEA
1703;Gerencia de León;170324;C.S. SAN ANDRES RABANEDO;C.L. CUADROS
1703;Gerencia de León;170324;C.S. SAN ANDRES RABANEDO;C.L. LA SECA
1703;Gerencia de León;170324;C.S. SAN ANDRES RABANEDO;C.L. POBLADURA DEL BERNESGA
1703;Gerencia de León;170325;C.S. STA. MARIA PARAMO;C.L. MANSILLA DEL PARAMO
1703;Gerencia de León;170325;C.S. STA. MARIA PARAMO;C.L. ZAMBRONCINOS DEL PARAMO
1703;Gerencia de León;170327;C.S. VALENCIA DE D. JUAN;C.L. CABREROS DEL RIO
1703;Gerencia de León;170327;C.S. VALENCIA DE D. JUAN;C.L. FUENTES DE CARBAJAL
1703;Gerencia de León;170327;C.S. VALENCIA DE D. JUAN;C.L. JABARES DE LOS OTEROS
1702;Gerencia de Burgos;170237;C.S. LAS HUELGAS;C.S. LAS HUELGAS
1703;Gerencia de León;170301;C.S. ARMUNIA;C.L. MEIZARA
1703;Gerencia de León;170327;C.S. VALENCIA DE D. JUAN;C.L. MATANZA DE LOS OTEROS
1703;Gerencia de León;170301;C.S. ARMUNIA;C.L. VILLAR DE MAZARIFE
1703;Gerencia de León;170327;C.S. VALENCIA DE D. JUAN;C.L. VILLADEMOR DE LA VEGA
1703;Gerencia de León;170303;C.S. ASTORGA II;C.L. LAGUNAS DE SOMOZA
1703;Gerencia de León;170328;C.S. TROBAJO DEL CAMINO;CN. BARRIO LA SAL
1703;Gerencia de León;170303;C.S. ASTORGA II;C.L. REQUEJO DE PRADORREY
1704;Gerencia de Ponferrada;170401;C.S. BEMBIBRE;C.L. COLINAS DEL CAMPO
1703;Gerencia de León;170303;C.S. ASTORGA II;C.L. VAL DE SAN LORENZO
1704;Gerencia de Ponferrada;170401;C.S. BEMBIBRE;C.L. SANTA CRUZ DE MONTES
1703;Gerencia de León;170304;C.S. SAN EMILIANO;C.L. CABRILLANES
1704;Gerencia de Ponferrada;170401;C.S. BEMBIBRE;C.L. TORRE DEL BIERZO
1703;Gerencia de León;170306;C.S. CISTIERNA;C.L. CALAVERAS DE ABAJO
1704;Gerencia de Ponferrada;170402;C.S. CACABELOS;C.L. VILLADEPALOS
1703;Gerencia de León;170306;C.S. CISTIERNA;C.L. VILLAVERDE ARCAYOS
1704;Gerencia de Ponferrada;170404;C.S. PONFERRADA I;C.L. S. MIGUEL DE LAS DUEÑAS
1703;Gerencia de León;170307;C.S. CUENCA BERNESGA;C.L. ROBLA LA
1704;Gerencia de Ponferrada;170407;C.S. PUENTE DOMINGO FLOREZ;C.L. BENUZA
1703;Gerencia de León;170309;C.S. BAÑEZA II;C.L. CASTRILLO DE LA VALDUERNA
1705;Gerencia de Palencia;170503;C.S. CARRION DE LOS CONDES;C.L. CERVATOS DE LA CUEZA
1703;Gerencia de León;170309;C.S. BAÑEZA II;C.L. MORLA
1705;Gerencia de Palencia;170503;C.S. CARRION DE LOS CONDES;C.L. MANQUILLOS
1703;Gerencia de León;170309;C.S. BAÑEZA II;C.L. PALACIOS DE LA VALDUERNA
1705;Gerencia de Palencia;170503;C.S. CARRION DE LOS CONDES;C.L. VILLACUENDE
1703;Gerencia de León;170309;C.S. BAÑEZA II;C.L. REGUERAS DE ABAJO
1705;Gerencia de Palencia;170504;C.S. CERVERA PISUERGA;C.L. VADO
1703;Gerencia de León;170309;C.S. BAÑEZA II;C.L. SAN FELIX DE LA VEGA
1705;Gerencia de Palencia;170505;C.S. FROMISTA;C.L. SAN CEBRIAN DE CAMPOS
1703;Gerencia de León;170310;C.S. TRUCHAS;C.L. CORPORALES
1705;Gerencia de Palencia;170507;C.S. HERRERA DE PISUERGA;C.L. CASTRECIAS
1703;Gerencia de León;170311;C.S. LA MAGDALENA;C.L. ESPINOSA DE LA RIBERA
1705;Gerencia de Palencia;170507;C.S. HERRERA DE PISUERGA;C.L. MOARVES DE OJEDA
1703;Gerencia de León;170311;C.S. LA MAGDALENA;C.L. MALLO DE LUNA
1705;Gerencia de Palencia;170510;C.S. OSORNO;C.L. ESPINOSA DE VILLAGONZALO
1703;Gerencia de León;170311;C.S. LA MAGDALENA;C.L. RIOSECO DE TAPIA
1705;Gerencia de Palencia;170510;C.S. OSORNO;C.L. PALACIOS RIO PISUERGA
1703;Gerencia de León;170311;C.S. LA MAGDALENA;C.L. SOTO Y AMIO
1705;Gerencia de Palencia;170510;C.S. OSORNO;C.L. VILLASARRACINO
1703;Gerencia de León;170312;C.S. ERAS DE RENUEVA;C.L. BARRILLOS DE CURUEÑO
1705;Gerencia de Palencia;170512;C.S. PAREDES DE NAVA;C.L. VILLALUMBROSO
1703;Gerencia de León;170312;C.S. ERAS DE RENUEVA;C.L. PALACIO DE TORIO
1705;Gerencia de Palencia;170514;C.S. SALDAÑA;C.L. ACERA DE LA VEGA
1703;Gerencia de León;170312;C.S. ERAS DE RENUEVA;C.L. SAN FELIZ DE TORIO
1705;Gerencia de Palencia;170514;C.S. SALDAÑA;C.L. BUSTILLO DE LA VEGA
1703;Gerencia de León;170317;C.S. JOSE AGUADO II;C.L. CEREZALES DEL CONDADO
1705;Gerencia de Palencia;170516;C.S. TORQUEMADA;C.L. HORNILLOS DE CERRATO
1703;Gerencia de León;170317;C.S. JOSE AGUADO II;C.L. VALDESOGO DE ABAJO
1705;Gerencia de Palencia;170516;C.S. TORQUEMADA;C.L. VILLAHAN
1703;Gerencia de León;170317;C.S. JOSE AGUADO II;C.L. VILLATURIEL
1705;Gerencia de Palencia;170517;C.S. VENTA DE BAÑOS;C.L. VALLE DE CERRATO
1703;Gerencia de León;170318;C.S. MANSILLA MULAS;C.L. LUENGOS
1705;Gerencia de Palencia;170520;C.S. VILLAMURIEL DE CERRATO;C.S. VILLAMURIEL CERRATO
1703;Gerencia de León;170318;C.S. MANSILLA MULAS;C.L. VALDEARCOS
1706;Gerencia de Salamanca;170601;C.S. ALBA DE TORMES;C.L. BUENAVISTA
1703;Gerencia de León;170318;C.S. MANSILLA MULAS;C.L. VILLIGUER
1706;Gerencia de Salamanca;170601;C.S. ALBA DE TORMES;C.L. LA LURDA
1703;Gerencia de León;170320;C.S. RIAÑO;C.L. SOTO DE SAJAMBRE
1706;Gerencia de Salamanca;170601;C.S. ALBA DE TORMES;C.L. PELAYOS
1703;Gerencia de León;170321;C.S. RIBERA DEL ESLA;C.L. VILLAMONDRIN DE RUEDA
1706;Gerencia de Salamanca;170602;C.S. ALDEADAVILA RIBERA;C.S. ALDEADAVILA RIBERA
1703;Gerencia de León;170322;C.S. RIBERA DEL ORBIGO;C.L. ESTEBANEZ DE LA CALZADA
1706;Gerencia de Salamanca;170603;C.S. BEJAR;C.L. CANTAGALLO
1703;Gerencia de León;170322;C.S. RIBERA DEL ORBIGO;C.L. SAN MARTIN DEL CAMINO
1706;Gerencia de Salamanca;170603;C.S. BEJAR;C.S. MARIA AUXILIADORA
1703;Gerencia de León;170323;C.S. SAHAGUN CAMPOS;C.L. BERCIANOS DEL REAL CAMINO
1703;Gerencia de León;170323;C.S. SAHAGUN CAMPOS;C.L. GRAJAL DE CAMPOS
1706;Gerencia de Salamanca;170608;C.S. FUENTE DE SAN ESTEBAN;C.L. PELARRODRIGUEZ
1703;Gerencia de León;170324;C.S. SAN ANDRES RABANEDO;C.L. CASCANTES
1706;Gerencia de Salamanca;170613;C.S. GUIJUELO;C.L. BERCIMUELLE
1706;Gerencia de Salamanca;170613;C.S. GUIJUELO;C.L. CAMPILLO DE SALVATIERRA
1706;Gerencia de Salamanca;170613;C.S. GUIJUELO;C.L. LEDRADA
1704;Gerencia de Ponferrada;170401;C.S. BEMBIBRE;C.L. CASTROPODAME
1704;Gerencia de Ponferrada;170401;C.S. BEMBIBRE;C.L. TREMOR DE ABAJO
1706;Gerencia de Salamanca;170617;C.S. LINARES DE RIOFRIO;C.L. ESCURIAL DE LA SIERRA
1704;Gerencia de Ponferrada;170402;C.S. CACABELOS;C.L. CARRACEDELO
1706;Gerencia de Salamanca;170617;C.S. LINARES DE RIOFRIO;C.L. TORNADIZO EL
1704;Gerencia de Ponferrada;170402;C.S. CACABELOS;C.L. NARAYOLA
1706;Gerencia de Salamanca;170618;C.S. LUMBRALES;C.L. OLMEDO DE CAMACES
1704;Gerencia de Ponferrada;170403;C.S. FABERO;C.L. OTERO NARAGUANTES
1706;Gerencia de Salamanca;170619;C.S. MATILLA CAÑOS;C.L. VECINOS
1704;Gerencia de Ponferrada;170405;C.S. PONFERRADA II;C.S. PONFERRADA II
1706;Gerencia de Salamanca;170621;C.S. PEDROSILLO EL RALO;C.L. ALDEANUEVA DE FIGUEROA
1704;Gerencia de Ponferrada;170410;C.S. VILLAFRANCA BIERZO;C.S. VILLAFRANCA BIERZO
1706;Gerencia de Salamanca;170621;C.S. PEDROSILLO EL RALO;C.L. TARDAGUILA
1705;Gerencia de Palencia;170502;C.S. BALTANAS;C.L. ESPINOSA DE CERRATO
1706;Gerencia de Salamanca;170624;C.S. PEÑARANDA;C.L. GARCIGRANDE
1705;Gerencia de Palencia;170503;C.S. CARRION DE LOS CONDES;C.L. ARENILLAS DE NUÑO PEREZ
1705;Gerencia de Palencia;170503;C.S. CARRION DE LOS CONDES;C.L. BAHILLO
1705;Gerencia de Palencia;170503;C.S. CARRION DE LOS CONDES;C.L. VILLATURDE
1705;Gerencia de Palencia;170503;C.S. CARRION DE LOS CONDES;C.L. VILLOLDO
1705;Gerencia de Palencia;170504;C.S. CERVERA PISUERGA;C.L. CASTREJON DE LA PEÑA
1705;Gerencia de Palencia;170504;C.S. CERVERA PISUERGA;C.L. PERAZANCAS DE OJEDA
1705;Gerencia de Palencia;170504;C.S. CERVERA PISUERGA;C.L. POLENTINOS
1705;Gerencia de Palencia;170504;C.S. CERVERA PISUERGA;C.L. SAN CEBRIAN DE MUDA
1705;Gerencia de Palencia;170504;C.S. CERVERA PISUERGA;C.S. CERVERA PISUERGA
1705;Gerencia de Palencia;170505;C.S. FROMISTA;C.L. ITERO DE LA VEGA
1705;Gerencia de Palencia;170506;C.S. GUARDO;C.L. RIOS MENUDOS DE LA PEÑA
1705;Gerencia de Palencia;170506;C.S. GUARDO;C.L. SANTIBAÑEZ DE LA PEÑA
1705;Gerencia de Palencia;170507;C.S. HERRERA DE PISUERGA;C.L. AMAYUELAS DE OJEDA
1706;Gerencia de Salamanca;170628;C.S. SANTA MARTA DE TORMES;C.L. MACHACON
1705;Gerencia de Palencia;170507;C.S. HERRERA DE PISUERGA;C.L. SOTOBAÑADO Y PRIORATO
1706;Gerencia de Salamanca;170630;C.S. TAMAMES;C.L. MORASVERDES
1705;Gerencia de Palencia;170509;C.S. DE LA PUEBLA;C.S. DE LA PUEBLA
1705;Gerencia de Palencia;170510;C.S. OSORNO;C.L. SANTA CRUZ DE BOEDO
1706;Gerencia de Salamanca;170630;C.S. TAMAMES;C.L. SEGOYUELA DE LOS CORNEJOS
1705;Gerencia de Palencia;170511;C.S. PALENCIA RURAL;C.L. SOTO DE CERRATO
1706;Gerencia de Salamanca;170633;C.S. VILLORIA;C.L. ARABAYONA DE MOGICA
1705;Gerencia de Palencia;170512;C.S. PAREDES DE NAVA;C.L. VILLAMUERA DE LA CUEZA
1706;Gerencia de Salamanca;170634;C.S. VITIGUDINO;C.L. ESCUERNAVACAS
1705;Gerencia de Palencia;170514;C.S. SALDAÑA;C.L. PEDROSA DE LA VEGA
1706;Gerencia de Salamanca;170634;C.S. VITIGUDINO;C.L. GEMA
1705;Gerencia de Palencia;170514;C.S. SALDAÑA;C.L. RELEA DE LA LOMA
1706;Gerencia de Salamanca;170634;C.S. VITIGUDINO;C.L. PICONES
1705;Gerencia de Palencia;170514;C.S. SALDAÑA;C.L. VILLAMELENDRO
1706;Gerencia de Salamanca;170634;C.S. VITIGUDINO;C.L. TREMEDAL DE TORMES
1705;Gerencia de Palencia;170514;C.S. SALDAÑA;C.L. VILLARROBEJO
1707;Gerencia de Segovia;170701;C.S. CANTALEJO;C.L. ALDEALCORVO
1705;Gerencia de Palencia;170516;C.S. TORQUEMADA;C.L. TABANERA DE CERRATO
1707;Gerencia de Segovia;170701;C.S. CANTALEJO;C.L. PUEBLA DE PEDRAZA
1705;Gerencia de Palencia;170517;C.S. VENTA DE BAÑOS;C.L. CASTRILLO DE ONIELO
1707;Gerencia de Segovia;170702;C.S. CARBONERO EL MAYOR;C.L. LASTRAS DE CUELLAR
1705;Gerencia de Palencia;170517;C.S. VENTA DE BAÑOS;C.L. TARIEGO DE CERRATO
1707;Gerencia de Segovia;170703;C.S. CUELLAR;C.L. FUENTES DE CUELLAR
1705;Gerencia de Palencia;170519;C.S. VILLADA;C.L. MORATINOS
1707;Gerencia de Segovia;170703;C.S. CUELLAR;C.S. CUELLAR
1705;Gerencia de Palencia;170519;C.S. VILLADA;C.S. VILLADA
1707;Gerencia de Segovia;170711;C.S. SEGOVIA RURAL;C.L. BERNUY DE PORREROS
1706;Gerencia de Salamanca;170601;C.S. ALBA DE TORMES;C.L. PEDROSILLO DE LOS AIRES
1707;Gerencia de Segovia;170711;C.S. SEGOVIA RURAL;C.L. MARAZUELA
1706;Gerencia de Salamanca;170602;C.S. ALDEADAVILA RIBERA;C.L. BARRUECOPARDO
1706;Gerencia de Salamanca;170602;C.S. ALDEADAVILA RIBERA;C.L. MASUECO
1706;Gerencia de Salamanca;170603;C.S. BEJAR;C.L. MONTEMAYOR DEL RIO
1706;Gerencia de Salamanca;170604;C.S. CALZADA VALDUNCIEL;C.L. TORRESMENUDAS
1707;Gerencia de Segovia;170716;C.S. SACRAMENIA;C.L. CASTROJIMENO
1706;Gerencia de Salamanca;170606;C.S. CIUDAD RODRIGO;C.L. GUADAPERO
1708;Gerencia de Soria;170802;C.S. ALMAZAN;C.L. ALPANSEQUE
1706;Gerencia de Salamanca;170606;C.S. CIUDAD RODRIGO;C.L. TENEBRON
1708;Gerencia de Soria;170802;C.S. ALMAZAN;C.L. MARAZOVEL
1708;Gerencia de Soria;170802;C.S. ALMAZAN;C.L. RADONA
1706;Gerencia de Salamanca;170609;C.S. FUENTEGUINALDO;C.L. PUEBLA DE AZABA
1708;Gerencia de Soria;170804;C.S. BERLANGA DE DUERO;C.L. ARENILLAS
1706;Gerencia de Salamanca;170610;C.S. FUENTES DE OÑORO;C.L. VILLAR DE ARGAÑAN
1708;Gerencia de Soria;170804;C.S. BERLANGA DE DUERO;C.L. RELLO
1706;Gerencia de Salamanca;170613;C.S. GUIJUELO;C.L. PEROMINGO
1708;Gerencia de Soria;170805;C.S. EL BURGO DE OSMA;C.L. AYLAGAS
1706;Gerencia de Salamanca;170613;C.S. GUIJUELO;C.L. SANTIBAÑEZ DE BEJAR
1708;Gerencia de Soria;170805;C.S. EL BURGO DE OSMA;C.L. OSMA
1706;Gerencia de Salamanca;170613;C.S. GUIJUELO;C.S. GUIJUELO
1708;Gerencia de Soria;170805;C.S. EL BURGO DE OSMA;C.L. RECUERDA
1706;Gerencia de Salamanca;170616;C.S. LEDESMA;C.S. LEDESMA
1708;Gerencia de Soria;170805;C.S. EL BURGO DE OSMA;C.L. VILDE
1706;Gerencia de Salamanca;170617;C.S. LINARES DE RIOFRIO;C.S. LINARES DE RIOFRIO
1708;Gerencia de Soria;170806;C.S. SAN ESTEBAN GORMAZ;C.L. ALCUBILLA
1706;Gerencia de Salamanca;170620;C.S. MIRANDA DEL CASTAÑAR;C.L. MADROÑAL
1708;Gerencia de Soria;170806;C.S. SAN ESTEBAN GORMAZ;C.L. PEDRAJA DE SAN ESTEBAN
1706;Gerencia de Salamanca;170622;C.S. PERIURBANA NORTE;C.L. CABRERIZOS
1708;Gerencia de Soria;170807;C.S. GOMARA;C.L. MAJAN
1706;Gerencia de Salamanca;170623;C.S. PERIURBANO SUR;C.L. ARAPILES
1708;Gerencia de Soria;170808;C.S. OLVEGA;C.L. MURO DE AGREDA
1706;Gerencia de Salamanca;170623;C.S. PERIURBANO SUR;C.L. ZARAPICOS
1708;Gerencia de Soria;170809;C.S. PINARES-COVALEDA;C.L. MOLINOS DE DUERO
1706;Gerencia de Salamanca;170624;C.S. PEÑARANDA;C.L. VILLAR DE GALLIMAZO
1706;Gerencia de Salamanca;170626;C.S. ROBLEDA;C.L. VILLASRUBIAS
1708;Gerencia de Soria;170810;C.S. SAN LEONARDO YAGÜE;C.L. HONTORIA DEL PINAR
1706;Gerencia de Salamanca;170628;C.S. SANTA MARTA DE TORMES;C.L. ENCINAS DE ABAJO
1708;Gerencia de Soria;170811;C.S. SORIA RURAL;C.L. ARANCON
1708;Gerencia de Soria;170811;C.S. SORIA RURAL;C.L. CORTOS
1708;Gerencia de Soria;170811;C.S. SORIA RURAL;C.L. ITUERO
1708;Gerencia de Soria;170811;C.S. SORIA RURAL;C.L. QUINTANA REDONDA
1708;Gerencia de Soria;170811;C.S. SORIA RURAL;C.L. VENTOSA DE LA SIERRA
1708;Gerencia de Soria;170812;C.S. S.PEDRO MANRIQUE;C.L. FUENTES DE MAGAÑA
1708;Gerencia de Soria;170812;C.S. S.PEDRO MANRIQUE;C.L. VILLAR DEL RIO
1708;Gerencia de Soria;170814;C.S. SORIA SUR;C.S. Soria Sur
1709;Gerencia de Valladolid Oeste;170909;C.S. LAGUNA DE DUERO;C.L. VIANA DE CEGA
1709;Gerencia de Valladolid Oeste;170910;C.S. MAYORGA DE CAMPOS;C.L. MONASTERIO DE VEGA
1709;Gerencia de Valladolid Oeste;170913;C.S. MEDINA DE RIOSECO;C.L. LA SANTA ESPINA
1709;Gerencia de Valladolid Oeste;170920;C.S. TORDESILLAS;C.L. PELAYO DEL VALLE
1709;Gerencia de Valladolid Oeste;170924;C.S. VILLAFRECHOS;C.L. PALAZUELO DE VEDI.
1709;Gerencia de Valladolid Oeste;170925;C.S. VILLALON DE CAMPOS;C.L. FONTIHOYUELO
1709;Gerencia de Valladolid Oeste;170926;C.S. VALLADOLID RURAL II;C.L. WAMBA
1710;Gerencia de Valladolid Este;171002;C.S. ESGUEVILLAS;C.L. ENCINAS DE ESGUEVA
1710;Gerencia de Valladolid Este;171015;C.S. PEÑAFIEL;C.L. SAN BERNARDO
1710;Gerencia de Valladolid Este;171016;C.S. PORTILLO;C.L. VILORIA DEL HENAR
1710;Gerencia de Valladolid Este;171019;C.S. ALAEJOS;C.L. CASTREJON
1710;Gerencia de Valladolid Este;171020;C.S. OLMEDO;C.L. HORNILLOS
1710;Gerencia de Valladolid Este;171021;C.S. MEDINA CAMPO RURAL;C.L. ATAQUINES
1710;Gerencia de Valladolid Este;171021;C.S. MEDINA CAMPO RURAL;C.L. BRAHOJOS
1710;Gerencia de Valladolid Este;171021;C.S. MEDINA CAMPO RURAL;C.S. MEDINA CAMPO RURAL
1710;Gerencia de Valladolid Este;171026;C.S. CIGALES;C.L. S.MARTIN VALVENI
1711;Gerencia de Zamora;171102;C.S. ALCAÑICES;C.L. ARCILLERA
1711;Gerencia de Zamora;171102;C.S. ALCAÑICES;C.L. DOMEZ DE ALBA
1711;Gerencia de Zamora;171102;C.S. ALCAÑICES;C.L. FIGUERUELA DE ARRIBA
1711;Gerencia de Zamora;171102;C.S. ALCAÑICES;C.L. MATELLANES
1711;Gerencia de Zamora;171102;C.S. ALCAÑICES;C.L. PALAZUELO DE LAS CUEVAS
1711;Gerencia de Zamora;171102;C.S. ALCAÑICES;C.L. RIBAS
1711;Gerencia de Zamora;171102;C.S. ALCAÑICES;C.L. SAMIR DE LOS CAÑOS
1711;Gerencia de Zamora;171104;C.S. BENAVENTE NORTE;C.L. MAIRE DE CASTROPONCE
1711;Gerencia de Zamora;171106;C.S. CAMARZANA DE TERA;C.L. PUMAREJO DE TERA
1711;Gerencia de Zamora;171107;C.S. VILLARRIN;C.L. ARQUILLINOS
1711;Gerencia de Zamora;171107;C.S. VILLARRIN;C.L. VILLAFAFILA
1711;Gerencia de Zamora;171108;C.S. CARBAJALES DE ALBA;C.L. LOSILLA DE ALBA
1711;Gerencia de Zamora;171109;C.S. MOMBUEY;C.L. FOLGOSO DE LA CARBALLEDA
1711;Gerencia de Zamora;171109;C.S. MOMBUEY;C.L. QUINTANILLA
1711;Gerencia de Zamora;171109;C.S. MOMBUEY;C.L. VALPARAISO
1711;Gerencia de Zamora;171113;C.S. LA GUAREÑA;C.L. CASTRILLO DE LA GUAREÑA
1711;Gerencia de Zamora;171113;C.S. LA GUAREÑA;C.L. EL PEGO
1711;Gerencia de Zamora;171114;C.S. PUEBLA DE SANABRIA;C.L. LIMIANOS DE SANABRIA
1711;Gerencia de Zamora;171114;C.S. PUEBLA DE SANABRIA;C.L. TREFACIO
1711;Gerencia de Zamora;171115;C.S. BERMILLO DE SAYAGO;C.L. ALMEIDA DE SAYAGO
1711;Gerencia de Zamora;171115;C.S. BERMILLO DE SAYAGO;C.L. ROELOS
1711;Gerencia de Zamora;171116;C.S. TABARA;C.L. BERCIANOS DE VALVERDE
1711;Gerencia de Zamora;171117;C.S. TORO;C.L. MALVA
1711;Gerencia de Zamora;171117;C.S. TORO;C.L. VILLALONSO
1711;Gerencia de Zamora;171118;C.S. SANTIBAÑEZ VIDRIAL;C.L. CUBO DE BENAVENTE
1711;Gerencia de Zamora;171118;C.S. SANTIBAÑEZ VIDRIAL;C.L. GRANUCILLO DE VIDRIALES
1711;Gerencia de Zamora;171121;C.S. ZAMORA NORTE;C.L. ALMARAZ DE DUERO
1711;Gerencia de Zamora;171122;C.S. ZAMORA SUR;C.L. VENIALBO
1701;Gerencia de Ávila;170102;C.S. AREVALO;C.L. BOHODON, EL
1701;Gerencia de Ávila;170102;C.S. AREVALO;C.L. CABEZAS DE ALAMBRE
1701;Gerencia de Ávila;170102;C.S. AREVALO;C.L. DONHIERRO
1701;Gerencia de Ávila;170102;C.S. AREVALO;C.L. MARTIN MUÑOZ DE LA DEHESA
1701;Gerencia de Ávila;170102;C.S. AREVALO;C.L. MONTUENGA
1701;Gerencia de Ávila;170102;C.S. AREVALO;C.L. ESPINOSA DE LOS CABALLEROS
1701;Gerencia de Ávila;170102;C.S. AREVALO;C.L. FUENTES DE AÑO
1701;Gerencia de Ávila;170102;C.S. AREVALO;C.L. TOLOCIRIO
1701;Gerencia de Ávila;170105;C.S. AVILA RURAL;C.L. CARDEÑOSA
1701;Gerencia de Ávila;170105;C.S. AVILA RURAL;C.L. PEÑALBA DE AVILA
1701;Gerencia de Ávila;170105;C.S. AVILA RURAL;C.L. VEGA DE SANTAMARIA
1701;Gerencia de Ávila;170108;C.S. BARCO DE AVILA;C.L. NARROS LOS
1701;Gerencia de Ávila;170108;C.S. BARCO DE AVILA;C.L. NAVASEQUILLA
1701;Gerencia de Ávila;170108;C.S. BARCO DE AVILA;C.L. ZARZA LA
1701;Gerencia de Ávila;170109;C.S. BURGOHONDO;C.L. NAVALACRUZ
1701;Gerencia de Ávila;170111;C.S. CEBREROS;C.L. HOYO DE PINARES
1701;Gerencia de Ávila;170113;C.S. NAVARREDONDA GREDOS;C.S. NAVARREDONDA GREDOS
1701;Gerencia de Ávila;170117;C.S. PIEDRAHITA;C.L. PESQUERA
1701;Gerencia de Ávila;170118;C.S. SAN PEDRO ARROYO;C.L. SAN JUAN DE LA ENCINILLA
1701;Gerencia de Ávila;170119;C.S. SOTILLO DE ADRADA;C.L. HIGUERA DE LAS DUEÑAS
1701;Gerencia de Ávila;170120;C.S. MUÑANA;C.L. VILLAVICIOSA
1702;Gerencia de Burgos;170202;C.S. ARANDA RURAL;C.L. ESPINOSA DE CERVERA
1702;Gerencia de Burgos;170202;C.S. ARANDA RURAL;C.L. GUMIEL DE HIZAN
1702;Gerencia de Burgos;170202;C.S. ARANDA RURAL;C.L. QUEMADA
1702;Gerencia de Burgos;170202;C.S. ARANDA RURAL;C.L. QUINTANA DEL PIDIO
1702;Gerencia de Burgos;170204;C.S. BELORADO;C.L. PRADOLUENGO
1702;Gerencia de Burgos;170205;C.S. BRIVIESCA;C.L. TERRAZOS
1702;Gerencia de Burgos;170208;C.S. BURGOS RURAL NORTE;C.L. AVELLANOSA DEL PARAMO
1702;Gerencia de Burgos;170208;C.S. BURGOS RURAL NORTE;C.L. CARDEÑUELA RIO PICO
1702;Gerencia de Burgos;170208;C.S. BURGOS RURAL NORTE;C.L. MONASTERIO DE RODILLA
1702;Gerencia de Burgos;170208;C.S. BURGOS RURAL NORTE;C.L. QUINTANAPALLA
1702;Gerencia de Burgos;170209;C.S. BURGOS RURAL SUR;C.L. ALBILLOS
1702;Gerencia de Burgos;170209;C.S. BURGOS RURAL SUR;C.L. QUINTANALARA
1702;Gerencia de Burgos;170209;C.S. BURGOS RURAL SUR;C.L. REVILLA DEL CAMPO
1702;Gerencia de Burgos;170209;C.S. BURGOS RURAL SUR;C.L. SAN PEDRO SAMUEL
1702;Gerencia de Burgos;170209;C.S. BURGOS RURAL SUR;C.L. TARDAJOS
1702;Gerencia de Burgos;170209;C.S. BURGOS RURAL SUR;C.L. VILLAGONZALO PEDERNALES
1702;Gerencia de Burgos;170209;C.S. BURGOS RURAL SUR;C.L. VILLAVIEJA DE MUÑO
1702;Gerencia de Burgos;170215;C.S. HUERTA DE REY;C.L. ARANDILLA
1705;Gerencia de Palencia;170507;C.S. HERRERA DE PISUERGA;C.L. COLLAZOS DE BOEDO
1702;Gerencia de Burgos;170216;C.S. LERMA;C.L. BASCONES DEL AGUA
1705;Gerencia de Palencia;170507;C.S. HERRERA DE PISUERGA;C.L. PRADANOS DE OJEDA
1702;Gerencia de Burgos;170216;C.S. LERMA;C.L. MADRIGALEJO DEL MONTE
1705;Gerencia de Palencia;170507;C.S. HERRERA DE PISUERGA;C.L. VILLBERMUDO
1702;Gerencia de Burgos;170216;C.S. LERMA;C.L. SANTIBAÑEZ DE ESGUEVA
1705;Gerencia de Palencia;170513;C.S. PINTOR OLIVA;C.S. PINTOR OLIVA
1702;Gerencia de Burgos;170216;C.S. LERMA;C.L. VILLAFRUELA
1705;Gerencia de Palencia;170514;C.S. SALDAÑA;C.L. POZA DE LA VEGA
1702;Gerencia de Burgos;170216;C.S. LERMA;C.S. LERMA
1705;Gerencia de Palencia;170516;C.S. TORQUEMADA;C.L. PALENZUELA
1702;Gerencia de Burgos;170219;C.S. MEDINA DE POMAR;C.L. TRESPADERNE
1705;Gerencia de Palencia;170519;C.S. VILLADA;C.L. SAN ROMAN DE LA CUBA
1702;Gerencia de Burgos;170221;C.S. MIRANDA ESTE;BUGEDO
1705;Gerencia de Palencia;170520;C.S. VILLAMURIEL DE CERRATO;C.S. VILLAMURIEL DE CERRATO
1702;Gerencia de Burgos;170221;C.S. MIRANDA ESTE;C.L. STA GADEA CID
1706;Gerencia de Salamanca;170601;C.S. ALBA DE TORMES;C.L. CHAGARCIA MEDIANERO
1706;Gerencia de Salamanca;170601;C.S. ALBA DE TORMES;C.L. COCA DE ALBA
1702;Gerencia de Burgos;170223;C.S. PAMPLIEGA;C.L. VALLES DE PALENZUELA
1706;Gerencia de Salamanca;170601;C.S. ALBA DE TORMES;C.L. GALISANCHO
1702;Gerencia de Burgos;170225;C.S. ROA DE DUERO;C.L. FUENTEMOLINOS
1706;Gerencia de Salamanca;170601;C.S. ALBA DE TORMES;C.L. SANTA INES
1702;Gerencia de Burgos;170225;C.S. ROA DE DUERO;C.L. VILLAESCUSA DE ROA
1706;Gerencia de Salamanca;170603;C.S. BEJAR;C.L. CERRO EL
1702;Gerencia de Burgos;170226;C.S. SALAS LOS INFANTES;C.L. CASTRILLO DE LA REINA
1702;Gerencia de Burgos;170226;C.S. SALAS LOS INFANTES;C.L. QUINTANILLA DE LA VIÑAS
1706;Gerencia de Salamanca;170603;C.S. BEJAR;C.L. VALDEHIJADEROS
1706;Gerencia de Salamanca;170606;C.S. CIUDAD RODRIGO;C.S. CIUDAD RODRIGO
1702;Gerencia de Burgos;170229;C.S. SEDANO;C.L. PESADAS DE BURGOS
1702;Gerencia de Burgos;170229;C.S. SEDANO;C.L. TUBILLA DEL AGUA
1706;Gerencia de Salamanca;170610;C.S. FUENTES DE OÑORO;C.L. LA BOUZA
1702;Gerencia de Burgos;170233;C.S. VILLADIEGO;C.L. SOTRESGUDO
1702;Gerencia de Burgos;170233;C.S. VILLADIEGO;C.L. VILLAMARTIN DE VILLADIEGO
1706;Gerencia de Salamanca;170610;C.S. FUENTES DE OÑORO;C.L. SEXMIRO
1702;Gerencia de Burgos;170234;C.S. VALLE DE MENA;C.L. VILLANUEVA DE MENA
1706;Gerencia de Salamanca;170613;C.S. GUIJUELO;C.L. CESPEDOSA DE TORMES
1703;Gerencia de León;170301;C.S. ARMUNIA;C.L. ARDONCINO
1706;Gerencia de Salamanca;170613;C.S. GUIJUELO;C.L. PUENTE CONGOSTO
1703;Gerencia de León;170301;C.S. ARMUNIA;C.L. CHOZAS DE ABAJO
1706;Gerencia de Salamanca;170613;C.S. GUIJUELO;C.L. SANTOS LOS
1703;Gerencia de León;170301;C.S. ARMUNIA;C.L. VILLANUEVA DEL CARNERO
1706;Gerencia de Salamanca;170615;C.S. LA ALBERCA;C.S. LA ALBERCA
1703;Gerencia de León;170303;C.S. ASTORGA II;C.L. ANDIÑUELA
1706;Gerencia de Salamanca;170623;C.S. PERIURBANO SUR;C.L. ROLLAN
1703;Gerencia de León;170303;C.S. ASTORGA II;C.L. VANIDODES
1706;Gerencia de Salamanca;170626;C.S. ROBLEDA;C.L. PAYO EL
1703;Gerencia de León;170306;C.S. CISTIERNA;C.L. CANALEJAS
1706;Gerencia de Salamanca;170628;C.S. SANTA MARTA DE TORMES;C.L. NUEVO NAHARROS
1703;Gerencia de León;170306;C.S. CISTIERNA;C.L. VALDERRUEDA
1706;Gerencia de Salamanca;170631;C.S. ELENA GINEL DIEZ;C.S. ELENA GINEL DIEZ
1706;Gerencia de Salamanca;170634;C.S. VITIGUDINO;C.L. CEREZAL DE PUERTAS
1703;Gerencia de León;170307;C.S. CUENCA BERNESGA;C.L. OLLEROS DE ALBA
1703;Gerencia de León;170308;C.S. LA BAÑEZA I;C.L. REQUEJO DE LA VEGA
1706;Gerencia de Salamanca;170634;C.S. VITIGUDINO;C.L. PERALEJOS DE ARRIBA
1703;Gerencia de León;170309;C.S. BAÑEZA II;C.L. ALTOBAR DE LA ENCOMIENDA
1706;Gerencia de Salamanca;170634;C.S. VITIGUDINO;C.L. VIDOLA LA
1703;Gerencia de León;170309;C.S. BAÑEZA II;C.L. CAZANUECOS DEL VALLE
1706;Gerencia de Salamanca;170634;C.S. VITIGUDINO;C.S. VITIGUDINO
1703;Gerencia de León;170309;C.S. BAÑEZA II;C.L. LA NORA DEL RIO
1707;Gerencia de Segovia;170701;C.S. CANTALEJO;C.L. VALLES DE FUENTIDUEÑA
1703;Gerencia de León;170309;C.S. BAÑEZA II;C.L. PALACIOS DE JAMUZ
1707;Gerencia de Segovia;170702;C.S. CARBONERO EL MAYOR;C.L. ALDEA REAL
1703;Gerencia de León;170309;C.S. BAÑEZA II;C.L. RIBERA DE LA POLVOROSA
1703;Gerencia de León;170309;C.S. BAÑEZA II;C.L. SEISON
1707;Gerencia de Segovia;170705;C.S. NAVAFRIA;C.L. SIGUERO
1703;Gerencia de León;170309;C.S. BAÑEZA II;C.L. VALCABADO
1707;Gerencia de Segovia;170706;C.S. NAVA DE LA ASUNCION;C.L. MIGUELAÑEZ
1703;Gerencia de León;170309;C.S. BAÑEZA II;C.L. VILLAZALA
1707;Gerencia de Segovia;170707;C.S. RIAZA;C.L. SEQUERA DE FRESNO
1703;Gerencia de León;170310;C.S. TRUCHAS;C.L. QUINTANILLA
1707;Gerencia de Segovia;170711;C.S. SEGOVIA RURAL;C.L. ARMUÑA
1703;Gerencia de León;170311;C.S. LA MAGDALENA;C.L. LAS OMAÑAS
1707;Gerencia de Segovia;170711;C.S. SEGOVIA RURAL;C.L. GARCILLAN
1703;Gerencia de León;170311;C.S. LA MAGDALENA;C.L. VIÑAYO
1707;Gerencia de Segovia;170711;C.S. SEGOVIA RURAL;C.L. RODA DE ERESMA
1703;Gerencia de León;170317;C.S. JOSE AGUADO II;C.L. MORAL DEL CONDADO
1707;Gerencia de Segovia;170712;C.S. SEPULVEDA;C.L. ALDEHUELA DE SEPULVEDA
1703;Gerencia de León;170317;C.S. JOSE AGUADO II;C.L Valdelafuente
1707;Gerencia de Segovia;170712;C.S. SEPULVEDA;C.L. HINOJOSAS DEL CERRO
1703;Gerencia de León;170318;C.S. MANSILLA MULAS;C.L. CASTROVEGA DE VALMADRIGAL
1707;Gerencia de Segovia;170712;C.S. SEPULVEDA;C.L. PAJAREJOS
1703;Gerencia de León;170318;C.S. MANSILLA MULAS;C.L. PALANQUINOS
1707;Gerencia de Segovia;170712;C.S. SEPULVEDA;C.L. VENTOSILLA Y TEJADILLA
1703;Gerencia de León;170318;C.S. MANSILLA MULAS;C.L. VILLAMORATIEL DE LAS MATAS
1707;Gerencia de Segovia;170713;C.S. VILLACASTIN;C.L. COTO DE PUENTE VIEJO
1703;Gerencia de León;170320;C.S. RIAÑO;C.L. BOCA DE HUERGANO
1707;Gerencia de Segovia;170716;C.S. SACRAMENIA;C.L. FUENTIDUEÑA
1703;Gerencia de León;170320;C.S. RIAÑO;C.L. CAIN DE VALDEON
1708;Gerencia de Soria;170802;C.S. ALMAZAN;C.L. ADRADAS
1703;Gerencia de León;170320;C.S. RIAÑO;C.L. SIERO DE LA REINA
1708;Gerencia de Soria;170802;C.S. ALMAZAN;C.L. COSCURITA
1703;Gerencia de León;170322;C.S. RIBERA DEL ORBIGO;C.L. CIMANES DEL TEJAR
1708;Gerencia de Soria;170803;C.S. ARCOS DE JALON;C.L. MONTEAGUDO
1703;Gerencia de León;170322;C.S. RIBERA DEL ORBIGO;C.L. VELILLA DE LA REINA
1708;Gerencia de Soria;170804;C.S. BERLANGA DE DUERO;C.L. BAYUBAS DE ABAJO
1703;Gerencia de León;170323;C.S. SAHAGUN CAMPOS;C.L. VILLACERAN
1703;Gerencia de León;170323;C.S. SAHAGUN CAMPOS;C.L. VILLADIEGO DE CEA
1703;Gerencia de León;170323;C.S. SAHAGUN CAMPOS;C.L. VILLAMARTIN DE DON SANCHO
1703;Gerencia de León;170323;C.S. SAHAGUN CAMPOS;C.L. VILLAMIZAR
1703;Gerencia de León;170323;C.S. SAHAGUN CAMPOS;C.L. VILLAMOL
1703;Gerencia de León;170323;C.S. SAHAGUN CAMPOS;C.L. VILLAPECEÑIL
1703;Gerencia de León;170323;C.S. SAHAGUN CAMPOS;C.L. VILLASELAN
1703;Gerencia de León;170323;C.S. SAHAGUN CAMPOS;C.L. VILLAVELASCO DE VALDERADUEY
1703;Gerencia de León;170323;C.S. SAHAGUN CAMPOS;C.S. SAHAGUN CAMPOS
1703;Gerencia de León;170325;C.S. STA. MARIA PARAMO;C.L. LA MATA DEL PARAMO
1703;Gerencia de León;170325;C.S. STA. MARIA PARAMO;C.L. MATALOBOS DEL PARAMO
1703;Gerencia de León;170325;C.S. STA. MARIA PARAMO;C.L. POBLADURA DE PELAYO GARCIA
1703;Gerencia de León;170325;C.S. STA. MARIA PARAMO;C.L. VALDEVIMBRE
1708;Gerencia de Soria;170804;C.S. BERLANGA DE DUERO;C.L. HORTEZUELA
1703;Gerencia de León;170326;C.S. VALDERAS;C.L. CAMPAZAS
1708;Gerencia de Soria;170804;C.S. BERLANGA DE DUERO;C.L. OSONA
1703;Gerencia de León;170326;C.S. VALDERAS;C.L. QUINTANILLA DEL MOLAR
1708;Gerencia de Soria;170805;C.S. EL BURGO DE OSMA;C.L. SOTOS DEL BURGO
1703;Gerencia de León;170327;C.S. VALENCIA DE D. JUAN;C.L. ALCUETAS
1708;Gerencia de Soria;170806;C.S. SAN ESTEBAN GORMAZ;C.L. FUENCALIENTE DEL BURGO
1703;Gerencia de León;170328;C.S. TROBAJO DEL CAMINO;C.S. TROBAJO DEL CAMINO
1704;Gerencia de Ponferrada;170401;C.S. BEMBIBRE;C.L. LA SILVA
1708;Gerencia de Soria;170806;C.S. SAN ESTEBAN GORMAZ;C.L. TORREMOCHA DE AYLLON
1704;Gerencia de Ponferrada;170401;C.S. BEMBIBRE;C.L. MONTE ALEGRE
1708;Gerencia de Soria;170807;C.S. GOMARA;C.L. ALMAZUL
1704;Gerencia de Ponferrada;170401;C.S. BEMBIBRE;C.L. RODANILLO
1708;Gerencia de Soria;170808;C.S. OLVEGA;C.L. BOROBIA
1704;Gerencia de Ponferrada;170401;C.S. BEMBIBRE;C.L. VIÑALES
1708;Gerencia de Soria;170809;C.S. PINARES-COVALEDA;C.L. MONTENEGRO DE C.
1704;Gerencia de Ponferrada;170402;C.S. CACABELOS;C.L. CUETO
1708;Gerencia de Soria;170811;C.S. SORIA RURAL;C.L. ABIONCILLO DE CALATAÑAZOR
1704;Gerencia de Ponferrada;170402;C.S. CACABELOS;C.L. SANCEDO
1704;Gerencia de Ponferrada;170402;C.S. CACABELOS;SAN JUAN DE LA MATA
1704;Gerencia de Ponferrada;170403;C.S. FABERO;C.L. BURBIA
1704;Gerencia de Ponferrada;170403;C.S. FABERO;C.S. FABERO
1704;Gerencia de Ponferrada;170404;C.S. PONFERRADA I;C.L. MOLINASECA
1704;Gerencia de Ponferrada;170404;C.S. PONFERRADA I;C.L. VILLANUEVA DE VALDUEZA
1704;Gerencia de Ponferrada;170407;C.S. PUENTE DOMINGO FLOREZ;C.S. PUENTE DOMINGO FLOREZ
1704;Gerencia de Ponferrada;170408;C.S. TORENO;C.L. BERLANGA DEL BZO.
1704;Gerencia de Ponferrada;170409;C.S. VILLABLINO;C.L. SALIENTES
1704;Gerencia de Ponferrada;170410;C.S. VILLAFRANCA BIERZO;C.L. CABEZA DE CAMPO
1705;Gerencia de Palencia;170501;C.S. AGUILAR DE CAMPOO;C.L. LOMILLA
1705;Gerencia de Palencia;170501;C.S. AGUILAR DE CAMPOO;C.L. TALAMILLO DEL TOZO
1705;Gerencia de Palencia;170502;C.S. BALTANAS;C.L. CEVICO NAVERO
1705;Gerencia de Palencia;170502;C.S. BALTANAS;C.L. VILLACONANCIO
1705;Gerencia de Palencia;170503;C.S. CARRION DE LOS CONDES;C.L. SERNA LA
1705;Gerencia de Palencia;170504;C.S. CERVERA PISUERGA;C.L. DEHESA DE MONTEJO
1705;Gerencia de Palencia;170504;C.S. CERVERA PISUERGA;C.L. ESTACION(LA)-VADO-CERVERA
1705;Gerencia de Palencia;170504;C.S. CERVERA PISUERGA;C.L. SANTIBAÑEZ DE RESOBA
1705;Gerencia de Palencia;170505;C.S. FROMISTA;C.L. REVENGA DE CAMPOS
1705;Gerencia de Palencia;170506;C.S. GUARDO;C.L. LOCAL DE MANTINOS
1705;Gerencia de Palencia;170507;C.S. HERRERA DE PISUERGA;C.L. ALAR DEL REY
1705;Gerencia de Palencia;170507;C.S. HERRERA DE PISUERGA;C.L. BASCONES DE OJEDA
1705;Gerencia de Palencia;170507;C.S. HERRERA DE PISUERGA;C.L. BERZOSA DE LOS HIDALGOS
1705;Gerencia de Palencia;170507;C.S. HERRERA DE PISUERGA;C.L. REBOLLEDO DE LA TORRE
1705;Gerencia de Palencia;170507;C.S. HERRERA DE PISUERGA;C.L. REVILLA DE COLLAZOS
1705;Gerencia de Palencia;170507;C.S. HERRERA DE PISUERGA;C.L. SAN PEDRO DE OJEDA
1705;Gerencia de Palencia;170507;C.S. HERRERA DE PISUERGA;C.L. SOTILLO DE BOEDO
1705;Gerencia de Palencia;170507;C.S. HERRERA DE PISUERGA;C.S. HERRERA DE PISUERGA
1705;Gerencia de Palencia;170508;C.S. JARDINILLOS;C.S. JARDINILLOS
1705;Gerencia de Palencia;170510;C.S. OSORNO;C.S. OSORNO
1705;Gerencia de Palencia;170511;C.S. PALENCIA RURAL;C.L. CASCON DE LA NAVA
1705;Gerencia de Palencia;170511;C.S. PALENCIA RURAL;C.L. MONZON DE CAMPOS
1705;Gerencia de Palencia;170512;C.S. PAREDES DE NAVA;C.L. ABASTAS
1705;Gerencia de Palencia;170514;C.S. SALDAÑA;C.L. ARENILLAS DE SAN PELAYO
1705;Gerencia de Palencia;170514;C.S. SALDAÑA;C.L. MOSLARES DE LA VEGA
1705;Gerencia de Palencia;170514;C.S. SALDAÑA;C.L. PUEBLA DE VALDAVIA (LA)
1705;Gerencia de Palencia;170514;C.S. SALDAÑA;C.L. RENEDO DEL MONTE
1705;Gerencia de Palencia;170514;C.S. SALDAÑA;C.L. SANTA OLAJA DE LA VEGA
1705;Gerencia de Palencia;170514;C.S. SALDAÑA;C.L. VALLES DE VALDAVIA
1705;Gerencia de Palencia;170514;C.S. SALDAÑA;C.L. VILLAPROVIANO
1705;Gerencia de Palencia;170514;C.S. SALDAÑA;C.L. VILLARMIENZO
1705;Gerencia de Palencia;170517;C.S. VENTA DE BAÑOS;C.L. DUEÑAS
1705;Gerencia de Palencia;170518;C.S. VILLARRAMIEL;C.L. AMPUDIA
1705;Gerencia de Palencia;170518;C.S. VILLARRAMIEL;C.L. FRECHILLA
1705;Gerencia de Palencia;170518;C.S. VILLARRAMIEL;C.L. GUAZA DE CAMPOS
1705;Gerencia de Palencia;170518;C.S. VILLARRAMIEL;C.L. VALORIA
1705;Gerencia de Palencia;170519;C.S. VILLADA;C.L. LAGARTOS
1705;Gerencia de Palencia;170519;C.S. VILLADA;C.L. VILLAMBRAN DE CEA
1706;Gerencia de Salamanca;170601;C.S. ALBA DE TORMES;C.L. EL TOMILLAR
1706;Gerencia de Salamanca;170601;C.S. ALBA DE TORMES;C.L. FRESNO ALHANDIGA
1706;Gerencia de Salamanca;170601;C.S. ALBA DE TORMES;C.L. GALINDUSTE
1706;Gerencia de Salamanca;170601;C.S. ALBA DE TORMES;C.L. HERREZUELO
1706;Gerencia de Salamanca;170601;C.S. ALBA DE TORMES;C.L. REVALVOS
1706;Gerencia de Salamanca;170606;C.S. CIUDAD RODRIGO;C.L. MONSAGRO
1706;Gerencia de Salamanca;170612;C.S. GARRIDO SUR;C.S. GARRIDO SUR
1706;Gerencia de Salamanca;170613;C.S. GUIJUELO;C.L. CABEZA DE BEJAR
1706;Gerencia de Salamanca;170613;C.S. GUIJUELO;C.L. CABEZUELA DE SALVATIERRA
1706;Gerencia de Salamanca;170615;C.S. LA ALBERCA;C.L. MAILLO EL
1706;Gerencia de Salamanca;170617;C.S. LINARES DE RIOFRIO;C.L. ENDRINAL DE LA SIERRA
1706;Gerencia de Salamanca;170617;C.S. LINARES DE RIOFRIO;C.S. SAN BERNARDO
1706;Gerencia de Salamanca;170619;C.S. MATILLA CAÑOS;C.L. ALDEHUELA DE BOVEDA/GARCIRREY
1706;Gerencia de Salamanca;170620;C.S. MIRANDA DEL CASTAÑAR;C.L. GARCIBUEY
1706;Gerencia de Salamanca;170620;C.S. MIRANDA DEL CASTAÑAR;C.L. HERGUIJUELA DE LA SIERRA
1706;Gerencia de Salamanca;170621;C.S. PEDROSILLO EL RALO;C.L. ESPINO DE LA ORBADA
1706;Gerencia de Salamanca;170621;C.S. PEDROSILLO EL RALO;C.L. PARADA DE RUBIALES
1706;Gerencia de Salamanca;170622;C.S. PERIURBANA NORTE;C.L. CARBAJOSA DE ARMUÑA
1706;Gerencia de Salamanca;170624;C.S. PEÑARANDA;C.L. ALARAZ
1706;Gerencia de Salamanca;170628;C.S. SANTA MARTA DE TORMES;C.L. NUEVO FRANCOS
1706;Gerencia de Salamanca;170630;C.S. TAMAMES;C.L. ABUSEJO
1706;Gerencia de Salamanca;170630;C.S. TAMAMES;C.L. NARROS DE MATALAYEGUA
1706;Gerencia de Salamanca;170630;C.S. TAMAMES;C.L. VENTAS DE GARRIEL
1706;Gerencia de Salamanca;170634;C.S. VITIGUDINO;C.L. BARCEINO
1706;Gerencia de Salamanca;170634;C.S. VITIGUDINO;C.L. CARRASCO
1706;Gerencia de Salamanca;170634;C.S. VITIGUDINO;C.L. SANCHON DE LA RIBERA
1707;Gerencia de Segovia;170701;C.S. CANTALEJO;C.L. CARRASCAL DEL RIO
1707;Gerencia de Segovia;170702;C.S. CARBONERO EL MAYOR;C.L. SAN MARTIN Y MUDRIAN
1707;Gerencia de Segovia;170703;C.S. CUELLAR;C.L. SANCHONUÑO
1707;Gerencia de Segovia;170704;C.S. FUENTESAUCO;C.L. HONTALBILLA
1707;Gerencia de Segovia;170704;C.S. FUENTESAUCO;C.L. VEGAFRIA
1707;Gerencia de Segovia;170705;C.S. NAVAFRIA;C.L. SANTO TOME DEL PUERTO
1707;Gerencia de Segovia;170705;C.S. NAVAFRIA;C.L. SOTOSALBOS
1707;Gerencia de Segovia;170706;C.S. NAVA DE LA ASUNCION;C.L. PINILLA AMBROZ
1707;Gerencia de Segovia;170707;C.S. RIAZA;C.L. AYLLON
1707;Gerencia de Segovia;170707;C.S. RIAZA;C.L. VALDEVARNES
1707;Gerencia de Segovia;170712;C.S. SEPULVEDA;C.L. PERORRUBIO
1707;Gerencia de Segovia;170712;C.S. SEPULVEDA;C.L. VELLOSILLO
1707;Gerencia de Segovia;170715;C.S. SAN ILDEFONSO;C.S. SAN ILDEFONSO
1708;Gerencia de Soria;170802;C.S. ALMAZAN;C.L. BORJABAD
1708;Gerencia de Soria;170802;C.S. ALMAZAN;C.L. ROMANILLOS
1708;Gerencia de Soria;170803;C.S. ARCOS DE JALON;C.L. AZCAMELLAS
1708;Gerencia de Soria;170803;C.S. ARCOS DE JALON;C.L. MIÑO DE MEDINACELI
1708;Gerencia de Soria;170804;C.S. BERLANGA DE DUERO;C.L. BARCONES
1708;Gerencia de Soria;170804;C.S. BERLANGA DE DUERO;C.L. FUENTEPINILLA
1708;Gerencia de Soria;170804;C.S. BERLANGA DE DUERO;C.L. TORREVICENTE
1708;Gerencia de Soria;170805;C.S. EL BURGO DE OSMA;C.L. FRESNO
1708;Gerencia de Soria;170806;C.S. SAN ESTEBAN GORMAZ;C.L. LICERAS
1708;Gerencia de Soria;170809;C.S. PINARES-COVALEDA;C.L. DURUELO DE LA S.
1708;Gerencia de Soria;170811;C.S. SORIA RURAL;C.L. ALDEHUELA DEL RINCON
1708;Gerencia de Soria;170811;C.S. SORIA RURAL;C.L. LA RUBIA
1708;Gerencia de Soria;170811;C.S. SORIA RURAL;C.L. RENIEBLAS
1708;Gerencia de Soria;170811;C.S. SORIA RURAL;C.L. TARDAJOS DE D.
1708;Gerencia de Soria;170811;C.S. SORIA RURAL;C.L. VALDEAVELLANO DE T.
1708;Gerencia de Soria;170812;C.S. S.PEDRO MANRIQUE;C.L. VILLARTOSO
1708;Gerencia de Soria;170812;C.S. S.PEDRO MANRIQUE;C.S. S.PEDRO MANRIQUE
1709;Gerencia de Valladolid Oeste;170907;C.S. HUERTA DEL REY;C.S. HUERTA DEL REY
1709;Gerencia de Valladolid Oeste;170913;C.S. MEDINA DE RIOSECO;C.L. VALVERDE DE CAMPOS
1709;Gerencia de Valladolid Oeste;170925;C.S. VILLALON DE CAMPOS;C.L. HERRIN DE CAMPOS
1709;Gerencia de Valladolid Oeste;170925;C.S. VILLALON DE CAMPOS;C.L. VILLACID DE CAMPOS
1709;Gerencia de Valladolid Oeste;170926;C.S. VALLADOLID RURAL II;C.L. GERIA
1710;Gerencia de Valladolid Este;171002;C.S. ESGUEVILLAS;C.L. OLMOS DE ESGUEVA
1710;Gerencia de Valladolid Este;171003;C.S. CIRCUNVALACION;C.S. CIRCUNVALACION
1710;Gerencia de Valladolid Este;171009;C.S. PILARICA;C.S. PILARICA CIRCULAR (2 ZONAS, PILARIC
1710;Gerencia de Valladolid Este;171015;C.S. PEÑAFIEL;C.L. BAHABON
1710;Gerencia de Valladolid Este;171018;C.S. TUDELA;C.L. SANTIBAÑEZ
1710;Gerencia de Valladolid Este;171021;C.S. MEDINA CAMPO RURAL;C.L. POZAL DE GALLINAS
1710;Gerencia de Valladolid Este;171026;C.S. CIGALES;C.L. CUBILLAS STA.MARTA
1710;Gerencia de Valladolid Este;171026;C.S. CIGALES;C.S. CIGALES
1711;Gerencia de Zamora;171102;C.S. ALCAÑICES;C.L. CAMPOGRANDE DE ALISTE
1708;Gerencia de Soria;170811;C.S. SORIA RURAL;C.L. CABREJAS DEL P.
1708;Gerencia de Soria;170811;C.S. SORIA RURAL;C.L. CUBO DE LA SIERRA
1708;Gerencia de Soria;170811;C.S. SORIA RURAL;C.L. CUBO DE LAS HOGUERAS
1708;Gerencia de Soria;170811;C.S. SORIA RURAL;C.L. FUENTETOBA
1708;Gerencia de Soria;170811;C.S. SORIA RURAL;C.L. LA CUENCA
1708;Gerencia de Soria;170811;C.S. SORIA RURAL;C.L. LA LOSILLA
1708;Gerencia de Soria;170811;C.S. SORIA RURAL;C.L. LA POVEDA
1708;Gerencia de Soria;170811;C.S. SORIA RURAL;C.L. LOS VILLARES
1708;Gerencia de Soria;170811;C.S. SORIA RURAL;C.L. MAZALVETE
1708;Gerencia de Soria;170811;C.S. SORIA RURAL;C.L. MIRANDA DE DUERO
1708;Gerencia de Soria;170811;C.S. SORIA RURAL;C.L. ONTALVILLA DE VALCORBA
1708;Gerencia de Soria;170811;C.S. SORIA RURAL;C.L. TERA
1708;Gerencia de Soria;170811;C.S. SORIA RURAL;C.L. VILLACIERVITOS
1708;Gerencia de Soria;170812;C.S. S.PEDRO MANRIQUE;C.L. BRETUN
1708;Gerencia de Soria;170812;C.S. S.PEDRO MANRIQUE;C.L. CERBON
1708;Gerencia de Soria;170814;C.S. SORIA SUR;C.L. LOS RABANOS
1709;Gerencia de Valladolid Oeste;170903;C.S. CASA DEL BARCO;C.S. CASA DEL BARCO
1709;Gerencia de Valladolid Oeste;170909;C.S. LAGUNA DE DUERO;C.L. BOECILLO
1709;Gerencia de Valladolid Oeste;170910;C.S. MAYORGA DE CAMPOS;C.L. VILLALAN DE CAMPOS
1709;Gerencia de Valladolid Oeste;170913;C.S. MEDINA DE RIOSECO;C.L. LA MUDARRA
1709;Gerencia de Valladolid Oeste;170913;C.S. MEDINA DE RIOSECO;C.L. TAMARIZ DE CAMPOS
1709;Gerencia de Valladolid Oeste;170913;C.S. MEDINA DE RIOSECO;C.L. VILLANUEVA S.M.
1709;Gerencia de Valladolid Oeste;170914;C.S. MOTA DEL MARQUES;C.L. TIEDRA
1709;Gerencia de Valladolid Oeste;170914;C.S. MOTA DEL MARQUES;C.L. VILLAVELLID
1709;Gerencia de Valladolid Oeste;170916;C.S. PISUERGA;C.L. LA VEGA
1709;Gerencia de Valladolid Oeste;170920;C.S. TORDESILLAS;C.L. TORRELOBATON
1709;Gerencia de Valladolid Oeste;170920;C.S. TORDESILLAS;C.S. TORDESILLAS
1709;Gerencia de Valladolid Oeste;170925;C.S. VILLALON DE CAMPOS;C.L. VILLABARUZ CAMPOS
1710;Gerencia de Valladolid Este;171002;C.S. ESGUEVILLAS;C.L. FOMBELLIDA
1710;Gerencia de Valladolid Este;171002;C.S. ESGUEVILLAS;C.L. VILLAFUERTE DE ESG
1710;Gerencia de Valladolid Este;171010;C.S. CIRCULAR;C.S. SALUD CIRCULAR
1710;Gerencia de Valladolid Este;171015;C.S. PEÑAFIEL;C.L. BOCOS DE DUERO
1710;Gerencia de Valladolid Este;171015;C.S. PEÑAFIEL;C.L. CAMPASPERO
1710;Gerencia de Valladolid Este;171015;C.S. PEÑAFIEL;C.L. OLMOS DE PEÑAFIEL
1710;Gerencia de Valladolid Este;171015;C.S. PEÑAFIEL;C.L. PIÑEL DE ARRIBA
1710;Gerencia de Valladolid Este;171015;C.S. PEÑAFIEL;C.L. VALBUENA DE DUERO
1710;Gerencia de Valladolid Este;171015;C.S. PEÑAFIEL;C.S. PEÑAFIEL
1710;Gerencia de Valladolid Este;171016;C.S. PORTILLO;C.L. PEDRAJA DE PORTI.
1710;Gerencia de Valladolid Este;171016;C.S. PORTILLO;C.L. SANTIAGO ARROYO
1710;Gerencia de Valladolid Este;171020;C.S. OLMEDO;C.S. OLMEDO
1710;Gerencia de Valladolid Este;171023;C.S. LA VICTORIA;C.S. LA VICTORIA
1710;Gerencia de Valladolid Este;171025;C.S. VALLADOLID RURAL I;C.L. SANTOVENIA DE PGA.
1711;Gerencia de Zamora;171102;C.S. ALCAÑICES;C.L. BRANDILANES
1711;Gerencia de Zamora;171102;C.S. ALCAÑICES;C.L. LATEDO
1711;Gerencia de Zamora;171102;C.S. ALCAÑICES;C.L. RABANALES
1711;Gerencia de Zamora;171102;C.S. ALCAÑICES;C.L. SAN CRISTOBAL DE ALISTE
1711;Gerencia de Zamora;171102;C.S. ALCAÑICES;C.L. SAN JUAN DEL REBOLLAR
1711;Gerencia de Zamora;171102;C.S. ALCAÑICES;C.L. SAN MAMED
1711;Gerencia de Zamora;171102;C.S. ALCAÑICES;C.L. SEJAS DE ALISTE
1711;Gerencia de Zamora;171103;C.S. ALTA SANABRIA;C.L. HERMISENDE
1711;Gerencia de Zamora;171105;C.S. BENAVENTE SUR;C.L. BURGANES DE VALVERDE
1711;Gerencia de Zamora;171105;C.S. BENAVENTE SUR;C.L. MOZAR
1711;Gerencia de Zamora;171105;C.S. BENAVENTE SUR;C.L. OLMILLOS DE VALVERDE
1711;Gerencia de Zamora;171106;C.S. CAMARZANA DE TERA;C.L. VEGA DE TERA
1711;Gerencia de Zamora;171108;C.S. CARBAJALES DE ALBA;C.L. LOSACIO DE ALBA
1711;Gerencia de Zamora;171108;C.S. CARBAJALES DE ALBA;C.L. SAN MARTIN DE TABARA
1711;Gerencia de Zamora;171108;C.S. CARBAJALES DE ALBA;C.L. VILLANUEVA DE LOS CORCHOS
1711;Gerencia de Zamora;171109;C.S. MOMBUEY;C.L. DONADO
1711;Gerencia de Zamora;171109;C.S. MOMBUEY;C.L. FARAMONTANOS DE LA SIERRA
1711;Gerencia de Zamora;171109;C.S. MOMBUEY;C.L. OTERO DE LOS CENTENOS
1711;Gerencia de Zamora;171113;C.S. LA GUAREÑA;C.L. BOVEDA DE TORO
1711;Gerencia de Zamora;171113;C.S. LA GUAREÑA;C.L. EL MADERAL
1711;Gerencia de Zamora;171113;C.S. LA GUAREÑA;C.L. VILLABUENA DEL PUENTE
1711;Gerencia de Zamora;171113;C.S. LA GUAREÑA;C.L. VILLAMOR DE LOS ESCUDEROS
1711;Gerencia de Zamora;171114;C.S. PUEBLA DE SANABRIA;C.L. PEDRALBA DE LA PRADERIA
1711;Gerencia de Zamora;171114;C.S. PUEBLA DE SANABRIA;C.L. SAN MARTIN DEL TERROSO
1711;Gerencia de Zamora;171114;C.S. PUEBLA DE SANABRIA;C.L. SANTA COLOMBA DE SANABRIA
1711;Gerencia de Zamora;171115;C.S. BERMILLO DE SAYAGO;C.L. FADON
1711;Gerencia de Zamora;171115;C.S. BERMILLO DE SAYAGO;C.L. FERMOSELLE
1711;Gerencia de Zamora;171115;C.S. BERMILLO DE SAYAGO;C.L. FRESNADILLO
1711;Gerencia de Zamora;171115;C.S. BERMILLO DE SAYAGO;C.L. MONUMENTA
1711;Gerencia de Zamora;171115;C.S. BERMILLO DE SAYAGO;C.L. TUDERA
1711;Gerencia de Zamora;171115;C.S. BERMILLO DE SAYAGO;C.L. ZAFARA
1711;Gerencia de Zamora;171116;C.S. TABARA;C.L. FARAMONTANOS DE TABARA
1711;Gerencia de Zamora;171116;C.S. TABARA;C.L. LITOS
1711;Gerencia de Zamora;171116;C.S. TABARA;C.L. VILLAVEZA DE VALVERDE
1711;Gerencia de Zamora;171117;C.S. TORO;C.L. PINILLA DE TORO
1711;Gerencia de Zamora;171117;C.S. TORO;C.L. POZOANTIGUO
1711;Gerencia de Zamora;171117;C.S. TORO;C.S. TORO
1711;Gerencia de Zamora;171118;C.S. SANTIBAÑEZ VIDRIAL;C.L. BRRIME DE SOG
1711;Gerencia de Zamora;171118;C.S. SANTIBAÑEZ VIDRIAL;C.L. TARDEMEZAR
1711;Gerencia de Zamora;171119;C.S. VILLALPANDO;C.L. VILLANUEVA DEL CAMPO
1711;Gerencia de Zamora;171121;C.S. ZAMORA NORTE;C.L. EL CAMPILLO
1711;Gerencia de Zamora;171121;C.S. ZAMORA NORTE;C.L. MONTAMARTA
1711;Gerencia de Zamora;171121;C.S. ZAMORA NORTE;C.L. PALACIOS DEL PAN
1711;Gerencia de Zamora;171122;C.S. ZAMORA SUR;C.L. CAZURRA
1711;Gerencia de Zamora;171122;C.S. ZAMORA SUR;C.L. LA TUDA
1711;Gerencia de Zamora;171122;C.S. ZAMORA SUR;C.L. MORALES DEL VINO
1711;Gerencia de Zamora;171122;C.S. ZAMORA SUR;C.L. SANZOLES
1711;Gerencia de Zamora;171102;C.S. ALCAÑICES;C.L. MOLDONES
1711;Gerencia de Zamora;171102;C.S. ALCAÑICES;C.L. RABANO DE ALISTE
1711;Gerencia de Zamora;171102;C.S. ALCAÑICES;C.L. SAN VITERO
1711;Gerencia de Zamora;171103;C.S. ALTA SANABRIA;C.L. BARJACOBA
1711;Gerencia de Zamora;171105;C.S. BENAVENTE SUR;C.L. BARCIAL DEL BARCO
1711;Gerencia de Zamora;171105;C.S. BENAVENTE SUR;C.L. MATILLA DE ARZON
1711;Gerencia de Zamora;171105;C.S. BENAVENTE SUR;C.L. S. CRISTOBAL ENTREVIÑAS
1711;Gerencia de Zamora;171106;C.S. CAMARZANA DE TERA;C.L. VILLANUEVA DE LAS PERAS
1711;Gerencia de Zamora;171107;C.S. VILLARRIN;C.L. PAJARES DE LA LAMPREANA
1711;Gerencia de Zamora;171107;C.S. VILLARRIN;C.L. SAN CEBRIAN DE CASTRO
1711;Gerencia de Zamora;171108;C.S. CARBAJALES DE ALBA;C.L. MANZANAL DEL BARCO
1711;Gerencia de Zamora;171108;C.S. CARBAJALES DE ALBA;C.L. NAVIANOS DE ALBA
1711;Gerencia de Zamora;171108;C.S. CARBAJALES DE ALBA;C.L. STA. EUFEMIA DEL BARCO
1711;Gerencia de Zamora;171109;C.S. MOMBUEY;C.L. MANZANAL DE ARRIBA
1711;Gerencia de Zamora;171109;C.S. MOMBUEY;C.S. MOMBUEY
1711;Gerencia de Zamora;171110;C.S. CORRALES DEL VINO;C.L. CABAÑAS DE SAYAGO
1711;Gerencia de Zamora;171110;C.S. CORRALES DEL VINO;C.L. CUELGAMURES
1711;Gerencia de Zamora;171110;C.S. CORRALES DEL VINO;C.L. FUENTE EL CARNERO
1711;Gerencia de Zamora;171110;C.S. CORRALES DEL VINO;C.L. SANTA CLARA DE AVEDILO
1711;Gerencia de Zamora;171110;C.S. CORRALES DEL VINO;C.S. CORRALES DEL VINO
1711;Gerencia de Zamora;171113;C.S. LA GUAREÑA;C.L. VADILLO DE LA GUAREÑA
1711;Gerencia de Zamora;171114;C.S. PUEBLA DE SANABRIA;C.L. DONEY DE LA REQUEJADA
1711;Gerencia de Zamora;171114;C.S. PUEBLA DE SANABRIA;C.L. PALACIOS DE SANABRIA
1711;Gerencia de Zamora;171114;C.S. PUEBLA DE SANABRIA;C.L. ROBLEDA
1711;Gerencia de Zamora;171114;C.S. PUEBLA DE SANABRIA;C.L. SAN CIPRIAN DE SANABRIA
1711;Gerencia de Zamora;171114;C.S. PUEBLA DE SANABRIA;C.L. SAN JUSTO
1711;Gerencia de Zamora;171114;C.S. PUEBLA DE SANABRIA;C.L. SAN MARTIN DE CASTAÑEDA
1711;Gerencia de Zamora;171114;C.S. PUEBLA DE SANABRIA;C.L. SANTIAGO DE LA REQUEJADA
1711;Gerencia de Zamora;171114;C.S. PUEBLA DE SANABRIA;C.L. SOTILLO DE SANABRIA
1711;Gerencia de Zamora;171115;C.S. BERMILLO DE SAYAGO;C.L. GAMONES
1711;Gerencia de Zamora;171115;C.S. BERMILLO DE SAYAGO;C.L. LUELMO
1711;Gerencia de Zamora;171115;C.S. BERMILLO DE SAYAGO;C.L. PINILLA DE FERMOSELLE
1711;Gerencia de Zamora;171115;C.S. BERMILLO DE SAYAGO;C.L. TORREFRADES
1711;Gerencia de Zamora;171115;C.S. BERMILLO DE SAYAGO;C.L. VILLAR DEL BUEY
1711;Gerencia de Zamora;171116;C.S. TABARA;C.L. ESCOBER
1711;Gerencia de Zamora;171116;C.S. TABARA;C.L. OTERO DE BODAS
1711;Gerencia de Zamora;171116;C.S. TABARA;C.L. PERILLA DE CASTRO
1711;Gerencia de Zamora;171118;C.S. SANTIBAÑEZ VIDRIAL;C.L. ROSINOS DE VIDRIALES
1711;Gerencia de Zamora;171118;C.S. SANTIBAÑEZ VIDRIAL;C.L. S. PEDRO DE LA VIÑA
1711;Gerencia de Zamora;171119;C.S. VILLALPANDO;C.L. QUINTANILLA DEL OLMO
1711;Gerencia de Zamora;171119;C.S. VILLALPANDO;C.L. VILLALOBOS
1711;Gerencia de Zamora;171121;C.S. ZAMORA NORTE;C.L. GALLEGOS DEL PAN
1711;Gerencia de Zamora;171121;C.S. ZAMORA NORTE;C.L. TORRES DEL CARRIZAL
1711;Gerencia de Zamora;171121;C.S. ZAMORA NORTE;C.L. VILLALUBE
1711;Gerencia de Zamora;171122;C.S. ZAMORA SUR;C.L. SAN MARCIAL
1701;Gerencia de Ávila;170101;C.S. ARENAS SAN PEDRO;C.L. PARRA, LA
1701;Gerencia de Ávila;170102;C.S. AREVALO;C.L. NOHARRE
1701;Gerencia de Ávila;170102;C.S. AREVALO;C.L. PALACIOS RUBIOS
1701;Gerencia de Ávila;170102;C.S. AREVALO;C.L. VILLANUEVA DE GOMEZ
1701;Gerencia de Ávila;170102;C.S. AREVALO;C.L. VINADEROS
1701;Gerencia de Ávila;170105;C.S. AVILA RURAL;C.L. BLASCOSANCHO
1701;Gerencia de Ávila;170105;C.S. AVILA RURAL;C.L. CABAÑAS
1701;Gerencia de Ávila;170105;C.S. AVILA RURAL;C.L. MARTIHERRERO
1701;Gerencia de Ávila;170102;C.S. AREVALO;C.L. MAGAZOS
1701;Gerencia de Ávila;170102;C.S. AREVALO;C.L. PEDRO RODRIGUEZ
1701;Gerencia de Ávila;170105;C.S. AVILA RURAL;C.L. ALAMEDILLA DEL BERROCAL
1701;Gerencia de Ávila;170105;C.S. AVILA RURAL;C.L. MIRONCILLO
1701;Gerencia de Ávila;170108;C.S. BARCO DE AVILA;C.L. CARRERA, LA
1701;Gerencia de Ávila;170108;C.S. BARCO DE AVILA;C.L. LLANOS DE TORMES, LOS
1701;Gerencia de Ávila;170108;C.S. BARCO DE AVILA;C.L. NAVAMURES
1701;Gerencia de Ávila;170109;C.S. BURGOHONDO;C.L. HOYOCASERO
1701;Gerencia de Ávila;170109;C.S. BURGOHONDO;C.L. NAVALMORAL
1701;Gerencia de Ávila;170112;C.S. FONTIVEROS;C.L. JARAICES
1701;Gerencia de Ávila;170117;C.S. PIEDRAHITA;C.L. NAVACEPEDILLA DE CORNEJA
1701;Gerencia de Ávila;170118;C.S. SAN PEDRO ARROYO;C.L. MUÑOMER DEL PECO
1701;Gerencia de Ávila;170118;C.S. SAN PEDRO ARROYO;C.L. PAPATRIGO
1701;Gerencia de Ávila;170118;C.S. SAN PEDRO ARROYO;C.L. VILLAFLOR
1701;Gerencia de Ávila;170120;C.S. MUÑANA;C.L. ROBLEDILLO
1701;Gerencia de Ávila;170121;C.S. MUÑICO;C.L. HURTUMPASCUAL
1701;Gerencia de Ávila;170121;C.S. MUÑICO;C.L. PASARILLA DEL REBOLLAR
1702;Gerencia de Burgos;170202;C.S. ARANDA RURAL;C.L. GUMIEL DE IZAN
1702;Gerencia de Burgos;170202;C.S. ARANDA RURAL;C.L. VILLALBA DE DUERO
1702;Gerencia de Burgos;170204;C.S. BELORADO;C.L. VILLALMONDAR
1702;Gerencia de Burgos;170205;C.S. BRIVIESCA;C.L. ABAJAS
1702;Gerencia de Burgos;170205;C.S. BRIVIESCA;C.L. CARCEDO DE BUREBA
1702;Gerencia de Burgos;170205;C.S. BRIVIESCA;C.L. CARRIAS
1702;Gerencia de Burgos;170205;C.S. BRIVIESCA;C.L. CASTIL DE LENCES
1702;Gerencia de Burgos;170205;C.S. BRIVIESCA;C.L. CASTIL DE PEONES
1702;Gerencia de Burgos;170205;C.S. BRIVIESCA;C.L. FUENTEBUREBA
1702;Gerencia de Burgos;170205;C.S. BRIVIESCA;C.L. QUINTANAVIDES
1702;Gerencia de Burgos;170205;C.S. BRIVIESCA;C.L. ZUÑEDA
1702;Gerencia de Burgos;170208;C.S. BURGOS RURAL NORTE;C.L. HUERMECES
1702;Gerencia de Burgos;170208;C.S. BURGOS RURAL NORTE;C.L. PEÑAHORADA
1702;Gerencia de Burgos;170208;C.S. BURGOS RURAL NORTE;C.L. RUYALES DEL PARAMO
1702;Gerencia de Burgos;170208;C.S. BURGOS RURAL NORTE;C.L. SOTOPALACIOS
1702;Gerencia de Burgos;170209;C.S. BURGOS RURAL SUR;C.L. HONTORIA DE LA CANTERA
1702;Gerencia de Burgos;170209;C.S. BURGOS RURAL SUR;C.L. MADRIGAL DEL MONTE
1702;Gerencia de Burgos;170209;C.S. BURGOS RURAL SUR;C.L. SAN MEDEL
1701;Gerencia de Ávila;170105;C.S. AVILA RURAL;C.L. SAN JUAN DE LA NAVA
1701;Gerencia de Ávila;170108;C.S. BARCO DE AVILA;C.L. ANGOSTURA, LA
1701;Gerencia de Ávila;170108;C.S. BARCO DE AVILA;C.L. CANALEJA
1701;Gerencia de Ávila;170108;C.S. BARCO DE AVILA;C.L. GUIJUELOS, LOS
1701;Gerencia de Ávila;170108;C.S. BARCO DE AVILA;C.L. HEMOSILLO
1701;Gerencia de Ávila;170108;C.S. BARCO DE AVILA;C.L. HORCAJO DE LA RIBERA
1701;Gerencia de Ávila;170108;C.S. BARCO DE AVILA;C.L. JUNCIANA
1701;Gerencia de Ávila;170108;C.S. BARCO DE AVILA;C.L. LASTRA DEL CANO, LA
1701;Gerencia de Ávila;170108;C.S. BARCO DE AVILA;C.L. SAN LORENZO DE TORMES
1701;Gerencia de Ávila;170108;C.S. BARCO DE AVILA;C.L. ZAPARADIEL DE LA RIBERA
1701;Gerencia de Ávila;170109;C.S. BURGOHONDO;C.L. NAVARREVISCA
1701;Gerencia de Ávila;170112;C.S. FONTIVEROS;C.L. AJO, EL
1701;Gerencia de Ávila;170112;C.S. FONTIVEROS;C.L. CABEZAS DEL POZO
1701;Gerencia de Ávila;170112;C.S. FONTIVEROS;C.L. CHAHERRERO
1701;Gerencia de Ávila;170112;C.S. FONTIVEROS;C.L. CRESPOS
1701;Gerencia de Ávila;170112;C.S. FONTIVEROS;C.L. PASCUALGRANDE
1701;Gerencia de Ávila;170113;C.S. NAVARREDONDA GREDOS;C.L. SAN BARTOLOME DE TORMES
1701;Gerencia de Ávila;170115;C.S. MADRIGAL DE LAS ALTAS TORRES;C.L. BLASCONUÑO DE MATACABRAS
1701;Gerencia de Ávila;170115;C.S. MADRIGAL DE LAS ALTAS TORRES;C.L. MAMBLAS
1701;Gerencia de Ávila;170116;C.S. MOMBELTRAN;C.L. CUEVAS DEL VALLE
1701;Gerencia de Ávila;170117;C.S. PIEDRAHITA;C.L. AREVALILLO
1701;Gerencia de Ávila;170117;C.S. PIEDRAHITA;C.L. CARPIO MEDIANERO
1701;Gerencia de Ávila;170117;C.S. PIEDRAHITA;C.L. HOYORREDONDO
1701;Gerencia de Ávila;170117;C.S. PIEDRAHITA;C.L. PASCUALCOBO
1701;Gerencia de Ávila;170118;C.S. SAN PEDRO ARROYO;C.L. AVEINTE
1701;Gerencia de Ávila;170118;C.S. SAN PEDRO ARROYO;C.L. BULARROS
1701;Gerencia de Ávila;170118;C.S. SAN PEDRO ARROYO;C.L. HERREROS DE SUSO
1701;Gerencia de Ávila;170118;C.S. SAN PEDRO ARROYO;C.L. NARROS DE SALDUEÑA
1701;Gerencia de Ávila;170120;C.S. MUÑANA;C.L. BARRIO DE ARRIBA
1701;Gerencia de Ávila;170120;C.S. MUÑANA;C.L. BATERNA
1701;Gerencia de Ávila;170120;C.S. MUÑANA;C.L. SANCHICORTO
1701;Gerencia de Ávila;170120;C.S. MUÑANA;C.L. VILLANUEVA DEL CAMPILLO
1701;Gerencia de Ávila;170121;C.S. MUÑICO;C.L. GAMONAL DE LA SIERRA
1701;Gerencia de Ávila;170121;C.S. MUÑICO;C.L. VALDECASA
1702;Gerencia de Burgos;170201;C.S. ARANDA NORTE;C.S. ARANDA NORTE
1702;Gerencia de Burgos;170202;C.S. ARANDA RURAL;C.L. CASANOVA
1702;Gerencia de Burgos;170202;C.S. ARANDA RURAL;C.L. CASTRILLO DE LA VEGA
1702;Gerencia de Burgos;170202;C.S. ARANDA RURAL;C.L. GUMIEL DEL MERCADO
1702;Gerencia de Burgos;170202;C.S. ARANDA RURAL;C.L. HONTORIA DE VALDEARADOS
1702;Gerencia de Burgos;170202;C.S. ARANDA RURAL;C.L. PEÑARANDA DE DUERO
1702;Gerencia de Burgos;170203;C.S. ARANDA SUR;C.S. ARANDA SUR
1702;Gerencia de Burgos;170204;C.S. BELORADO;C.L. BASCUÑANA
1702;Gerencia de Burgos;170204;C.S. BELORADO;C.L. CUEVA CARDIEL
1702;Gerencia de Burgos;170204;C.S. BELORADO;C.L. ESPINOSA DEL CAMINO
1702;Gerencia de Burgos;170204;C.S. BELORADO;C.L. QUINTANALORANCO
1702;Gerencia de Burgos;170204;C.S. BELORADO;C.L. VILLALBOS
1702;Gerencia de Burgos;170205;C.S. BRIVIESCA;C.L. BUSTO DE BUREBA
1702;Gerencia de Burgos;170205;C.S. BRIVIESCA;C.L. CUBO DE BUREBA
1702;Gerencia de Burgos;170205;C.S. BRIVIESCA;C.L. HOZABEJAS
1702;Gerencia de Burgos;170205;C.S. BRIVIESCA;C.L. LENCES
1702;Gerencia de Burgos;170205;C.S. BRIVIESCA;C.L. LLANO DE BUREBA
1702;Gerencia de Burgos;170205;C.S. BRIVIESCA;C.L. PADRONES DE BUREBA
1702;Gerencia de Burgos;170205;C.S. BRIVIESCA;C.L. POZA DE LA SAL
1702;Gerencia de Burgos;170205;C.S. BRIVIESCA;C.L. ROJAS
1702;Gerencia de Burgos;170205;C.S. BRIVIESCA;C.L. RUCANDIO
1702;Gerencia de Burgos;170208;C.S. BURGOS RURAL NORTE;C.L. AGES
1702;Gerencia de Burgos;170208;C.S. BURGOS RURAL NORTE;C.L. ARROYAL
1702;Gerencia de Burgos;170208;C.S. BURGOS RURAL NORTE;C.L. QUINTANADUEÑAS
1702;Gerencia de Burgos;170208;C.S. BURGOS RURAL NORTE;C.L. REBOLLEDAS LAS
1702;Gerencia de Burgos;170208;C.S. BURGOS RURAL NORTE;C.L. RIOSERAS
1702;Gerencia de Burgos;170208;C.S. BURGOS RURAL NORTE;C.L. ROBREDO TEMIÑO
1702;Gerencia de Burgos;170208;C.S. BURGOS RURAL NORTE;C.L. SANTOVENIA DE OCA
1702;Gerencia de Burgos;170209;C.S. BURGOS RURAL SUR;C.L. CASTRILLO DEL VAL
1702;Gerencia de Burgos;170209;C.S. BURGOS RURAL SUR;C.L. COJOBAR
1702;Gerencia de Burgos;170209;C.S. BURGOS RURAL SUR;C.L. FRANDOVINEZ
1702;Gerencia de Burgos;170209;C.S. BURGOS RURAL SUR;C.L. QUINTANILLA
1702;Gerencia de Burgos;170209;C.S. BURGOS RURAL SUR;C.L. QUINTANILLA SOMUÑO
1702;Gerencia de Burgos;170209;C.S. BURGOS RURAL SUR;C.L. SALGUERO DE JUARROS
1702;Gerencia de Burgos;170209;C.S. BURGOS RURAL SUR;C.L. SANTA MARIA TAJADURA
1702;Gerencia de Burgos;170209;C.S. BURGOS RURAL SUR;C.L. VILLANUEVA-MATAMALA
1702;Gerencia de Burgos;170209;C.S. BURGOS RURAL SUR;C.L. VILLARIEZO
1702;Gerencia de Burgos;170209;C.S. BURGOS RURAL SUR;C.S. BURGOS RURAL SUR
1702;Gerencia de Burgos;170210;C.S. CONDADO DE TREVIÑO;C.L. ALBAINA
1702;Gerencia de Burgos;170211;C.S. ESPINOSA MONTEROS;C.L. QUISICEDO SOTOSCUEVA
1702;Gerencia de Burgos;170215;C.S. HUERTA DE REY;C.L. BRAZACORTA
1702;Gerencia de Burgos;170216;C.S. LERMA;C.L. CUEVAS DE SAN CLEMENTE
1702;Gerencia de Burgos;170216;C.S. LERMA;C.L. REVILLA CABRIADA
1702;Gerencia de Burgos;170216;C.S. LERMA;C.L. ROYUELA DE RIO FRANCO
1702;Gerencia de Burgos;170216;C.S. LERMA;C.L. TORDOMAR
1702;Gerencia de Burgos;170216;C.S. LERMA;C.L. TORRECITORES
1702;Gerencia de Burgos;170216;C.S. LERMA;C.L. TORREPADRE
1702;Gerencia de Burgos;170216;C.S. LERMA;C.L. VEGUECILLA LA
1702;Gerencia de Burgos;170216;C.S. LERMA;C.L. VILLALMANZO
1702;Gerencia de Burgos;170218;C.S. LOS CUBOS;C.S. LOS CUBOS
1702;Gerencia de Burgos;170220;C.S. MELGAR FERNAMENTAL;C.L. CASTROJERIZ
1702;Gerencia de Burgos;170220;C.S. MELGAR FERNAMENTAL;C.L. VALLUNQUERA
1702;Gerencia de Burgos;170223;C.S. PAMPLIEGA;C.L. MAHAMUD
1702;Gerencia de Burgos;170223;C.S. PAMPLIEGA;C.L. STA MARIA CAMPO
1702;Gerencia de Burgos;170224;C.S. QUINTANAR SIERRA;C.L. CANICOSA DE LA SIERRA
1702;Gerencia de Burgos;170224;C.S. QUINTANAR SIERRA;C.L. NEILA
1702;Gerencia de Burgos;170224;C.S. QUINTANAR SIERRA;C.L. PALACIOS DE LA SIERRA
1702;Gerencia de Burgos;170224;C.S. QUINTANAR SIERRA;C.L. REGUMIEL DE LA SIERRA
1702;Gerencia de Burgos;170225;C.S. ROA DE DUERO;C.L. FUENTECEN
1702;Gerencia de Burgos;170225;C.S. ROA DE DUERO;C.L. NAVA DE ROA
1702;Gerencia de Burgos;170226;C.S. SALAS LOS INFANTES;C.L. BARBADILLO DE HERREROS
1702;Gerencia de Burgos;170226;C.S. SALAS LOS INFANTES;C.L. CAMPOLARA
1702;Gerencia de Burgos;170226;C.S. SALAS LOS INFANTES;C.L. HINOJAR DE CERVERA
1702;Gerencia de Burgos;170226;C.S. SALAS LOS INFANTES;C.L. QUINTANILLA DE URRILLA
1702;Gerencia de Burgos;170229;C.S. SEDANO;C.L. AHEDO DEL BRUTRON
1702;Gerencia de Burgos;170229;C.S. SEDANO;C.L. GALLEJONES
1702;Gerencia de Burgos;170229;C.S. SEDANO;C.L. PESQUERA DE EBRO
1702;Gerencia de Burgos;170229;C.S. SEDANO;C.L. TABLADA DE RUDRON
1702;Gerencia de Burgos;170229;C.S. SEDANO;C.S. SEDANO
1702;Gerencia de Burgos;170230;C.S. VALLE DE LOSA;C.L. OTEO
1702;Gerencia de Burgos;170231;C.S. VALLE TOBALINA;C.L. RANERA
1702;Gerencia de Burgos;170231;C.S. VALLE TOBALINA;C.S. VALLE TOBALINA
1702;Gerencia de Burgos;170233;C.S. VILLADIEGO;C.L. CASTROMORCA
1702;Gerencia de Burgos;170233;C.S. VILLADIEGO;C.L. RIOPARAISO
1702;Gerencia de Burgos;170233;C.S. VILLADIEGO;C.L. VILLANUEVA DE PUERTA
1702;Gerencia de Burgos;170233;C.S. VILLADIEGO;C.L. VILLUSTO
1702;Gerencia de Burgos;170233;C.S. VILLADIEGO;C.S. VILLADIEGO
1702;Gerencia de Burgos;170234;C.S. VALLE DE MENA;C.L. VILLASUSO DE MENA
1702;Gerencia de Burgos;170235;C.S. VILLARCAYO;C.L. ARROYO VALDIVIELSO
1702;Gerencia de Burgos;170236;C.S. JOSE LUIS SANTAMARIA;C.S. DR. JOSE LUIS SANTAMARIA GARCIA
1703;Gerencia de León;170301;C.S. ARMUNIA;C.L. ONZONILLA
1703;Gerencia de León;170301;C.S. ARMUNIA;C.L. RIBASECA
1703;Gerencia de León;170301;C.S. ARMUNIA;C.L. TORNEROS DEL BERNESGA
1703;Gerencia de León;170301;C.S. ARMUNIA;C.L. TROBAJO DEL CERECEDO
1703;Gerencia de León;170301;C.S. ARMUNIA;C.L. VILORIA DE LA JURISDICCION
1703;Gerencia de León;170303;C.S. ASTORGA II;C.L. BARRIENTOS
1703;Gerencia de León;170303;C.S. ASTORGA II;C.L. BOISAN
1703;Gerencia de León;170303;C.S. ASTORGA II;C.L. COGORDEROS
1703;Gerencia de León;170303;C.S. ASTORGA II;C.L. DONILLAS
1703;Gerencia de León;170303;C.S. ASTORGA II;C.L. MANZANAL DEL PUERTO
1703;Gerencia de León;170303;C.S. ASTORGA II;C.L. QUINTANILLA DE COMBARROS
1703;Gerencia de León;170303;C.S. ASTORGA II;C.L. SANTA COLOMBA DE SOMOZA
1703;Gerencia de León;170303;C.S. ASTORGA II;C.L. SUEROS DE CEPEDA
1703;Gerencia de León;170303;C.S. ASTORGA II;C.L. VAL DE SAN ROMAN
1703;Gerencia de León;170303;C.S. ASTORGA II;C.L. VILLAGATON
1703;Gerencia de León;170303;C.S. ASTORGA II;C.L. VILLALIBRE DE SOMOZA
1703;Gerencia de León;170305;C.S. BOÑAR;C.L. LA VECILLA
1703;Gerencia de León;170305;C.S. BOÑAR;C.L. LUGUEROS
1703;Gerencia de León;170305;C.S. BOÑAR;C.S. BOÑAR
1703;Gerencia de León;170306;C.S. CISTIERNA;C.L. LA ERCINA
1703;Gerencia de León;170306;C.S. CISTIERNA;C.L. MORGOVEJO
1703;Gerencia de León;170306;C.S. CISTIERNA;C.L. PUENTE ALMUHEY
1703;Gerencia de León;170307;C.S. CUENCA BERNESGA;C.L. CANDANEDO DE FENAR
1703;Gerencia de León;170307;C.S. CUENCA BERNESGA;C.L. PUENTE DE ALBA
1703;Gerencia de León;170307;C.S. CUENCA BERNESGA;C.L. RODIEZMO DE LA TERCIA
1703;Gerencia de León;170308;C.S. LA BAÑEZA I;C.L. OTERUELO DE LA VEGA
1703;Gerencia de León;170308;C.S. LA BAÑEZA I;C.S. Bañeza I
1703;Gerencia de León;170309;C.S. BAÑEZA II;C.L. ALIJA DEL INFANTADO
1703;Gerencia de León;170309;C.S. BAÑEZA II;C.L. AUDANZAS DEL VALLE
1703;Gerencia de León;170309;C.S. BAÑEZA II;C.L. CALZADA DE LA VALDERIA
1703;Gerencia de León;170309;C.S. BAÑEZA II;C.L. CASTROCALBON
1703;Gerencia de León;170309;C.S. BAÑEZA II;C.L. GRAJAL DE LA RIBERA
1703;Gerencia de León;170309;C.S. BAÑEZA II;C.L. POBLADURA DE YUSO
1703;Gerencia de León;170309;C.S. BAÑEZA II;C.L. POSADA Y TORRE DE LA VALDUERNA
1703;Gerencia de León;170309;C.S. BAÑEZA II;C.L. REDELGA DE LA VALDUERNA
1703;Gerencia de León;170309;C.S. BAÑEZA II;C.L. SANTIBAÑEZ DE LA ISLA
1703;Gerencia de León;170309;C.S. BAÑEZA II;C.L. TABUYUELO
1703;Gerencia de León;170310;C.S. TRUCHAS;C.L. LA BAÑA
1703;Gerencia de León;170311;C.S. LA MAGDALENA;C.L. BARRIO DE LA PUENTE
1703;Gerencia de León;170311;C.S. LA MAGDALENA;C.L. MATALUENGA
1703;Gerencia de León;170311;C.S. LA MAGDALENA;C.L. MURIAS DE PAREDES
1703;Gerencia de León;170312;C.S. ERAS DE RENUEVA;C.L. GARRAFE DE TORIO
1703;Gerencia de León;170312;C.S. ERAS DE RENUEVA;C.L. ROBLEDO DE TORIO
1703;Gerencia de León;170312;C.S. ERAS DE RENUEVA;C.L. VILLAOBISPO REGUERAS
1703;Gerencia de León;170312;C.S. ERAS DE RENUEVA;C.L. VILLARRODRIGO DE LAS REGUERAS
1703;Gerencia de León;170315;C.S. CRUCERO;C.S. CRUCERO
1703;Gerencia de León;170317;C.S. JOSE AGUADO II;C.L. MARIALBA DE LA RIBERA
1703;Gerencia de León;170317;C.S. JOSE AGUADO II;C.L. SANTA MARIA DEL MONTE DEL CONDADO
1703;Gerencia de León;170317;C.S. JOSE AGUADO II;C.L. SANTA OLAJA DE LA RIBERA
1703;Gerencia de León;170317;C.S. JOSE AGUADO II;C.L. VEGAS DEL CONDADO
1703;Gerencia de León;170318;C.S. MANSILLA MULAS;C.L. BURGO RANERO
1703;Gerencia de León;170318;C.S. MANSILLA MULAS;C.L. LAS GRAÑERAS
1703;Gerencia de León;170318;C.S. MANSILLA MULAS;C.L. PUENTE VILLARENTE
1703;Gerencia de León;170318;C.S. MANSILLA MULAS;C.L. VILLAMUÑIO
1703;Gerencia de León;170318;C.S. MANSILLA MULAS;C.L. VILLAVERDE DE SANDOVAL
1703;Gerencia de León;170318;C.S. MANSILLA MULAS;C.L. VILLIMER
1703;Gerencia de León;170320;C.S. RIAÑO;C.L. BARNIEDO DE LA REINA
1703;Gerencia de León;170320;C.S. RIAÑO;C.L. LIEGOS
1703;Gerencia de León;170320;C.S. RIAÑO;C.S. RIAÑO
1703;Gerencia de León;170321;C.S. RIBERA DEL ESLA;C.L. QUINTANA DE RUEDA
1703;Gerencia de León;170322;C.S. RIBERA DEL ORBIGO;C.L. CARRIZO DE LA RIBERA
1703;Gerencia de León;170322;C.S. RIBERA DEL ORBIGO;C.L. MORRIONDO
1703;Gerencia de León;170322;C.S. RIBERA DEL ORBIGO;C.L. QUINTANILLA DEL MONTE
1703;Gerencia de León;170323;C.S. SAHAGUN CAMPOS;C.L. ARCAYOS
1703;Gerencia de León;170323;C.S. SAHAGUN CAMPOS;C.L. JOARILLA DE LAS MATAS
1703;Gerencia de León;170323;C.S. SAHAGUN CAMPOS;C.L. SAN PEDRO VALDERADUEY
1703;Gerencia de León;170323;C.S. SAHAGUN CAMPOS;C.L. VALDESPINO DE VACA
1703;Gerencia de León;170323;C.S. SAHAGUN CAMPOS;C.L. VILLEZA
1703;Gerencia de León;170324;C.S. SAN ANDRES RABANEDO;C.L. AZADINOS
1703;Gerencia de León;170324;C.S. SAN ANDRES RABANEDO;C.L. CABANILLAS
1703;Gerencia de León;170324;C.S. SAN ANDRES RABANEDO;C.L. LORENZANA
1703;Gerencia de León;170324;C.S. SAN ANDRES RABANEDO;C.S. SAN ANDRES RABANEDO
1703;Gerencia de León;170325;C.S. STA. MARIA PARAMO;C.L. LA MILLA DEL PARAMO
1703;Gerencia de León;170325;C.S. STA. MARIA PARAMO;C.L. VILLAMORICO
1703;Gerencia de León;170326;C.S. VALDERAS;C.S. VALDERAS
1703;Gerencia de León;170327;C.S. VALENCIA DE D. JUAN;C.L. BENAMARIEL
1703;Gerencia de León;170327;C.S. VALENCIA DE D. JUAN;C.L. VALDEMORA
1703;Gerencia de León;170327;C.S. VALENCIA DE D. JUAN;C.L. VALDESPINO DE CERON
1703;Gerencia de León;170327;C.S. VALENCIA DE D. JUAN;C.L. VILLARRABINES
1703;Gerencia de León;170328;C.S. TROBAJO DEL CAMINO;C.L. FRESNO DEL CAMINO
1704;Gerencia de Ponferrada;170401;C.S. BEMBIBRE;C.L. POBLADURA DE LAS REGUERAS
1704;Gerencia de Ponferrada;170401;C.S. BEMBIBRE;C.L. ROBLEDO DE LAS TRAVIESAS
1704;Gerencia de Ponferrada;170402;C.S. CACABELOS;C.L. LA VALGOMA
1704;Gerencia de Ponferrada;170402;C.S. CACABELOS;C.L. POSADA
1704;Gerencia de Ponferrada;170402;C.S. CACABELOS;C.L. VILLAMARTIN DE LA ABADIA
1704;Gerencia de Ponferrada;170403;C.S. FABERO;C.L. PERANZANES
1704;Gerencia de Ponferrada;170403;C.S. FABERO;C.L. VEGA ESPINAREDA
1704;Gerencia de Ponferrada;170404;C.S. PONFERRADA I;C.L. CONGOSTO
1704;Gerencia de Ponferrada;170406;C.S. PONFERRADA III;C.L. DEHESAS
1704;Gerencia de Ponferrada;170406;C.S. PONFERRADA III;C.L. PRIARANZA BIERZO
1704;Gerencia de Ponferrada;170406;C.S. PONFERRADA III;C.S. PONFERRADA III
1704;Gerencia de Ponferrada;170407;C.S. PUENTE DOMINGO FLOREZ;C.L. LAS MEDULAS
1704;Gerencia de Ponferrada;170407;C.S. PUENTE DOMINGO FLOREZ;C.L. SAN PEDRO TRONES
1704;Gerencia de Ponferrada;170408;C.S. TORENO;C.L. ANLLARES DEL SIL
1704;Gerencia de Ponferrada;170408;C.S. TORENO;C.L. VILLAMARTIN DEL SIL
1704;Gerencia de Ponferrada;170409;C.S. VILLABLINO;C.L. CABOALLES ARRIBA
1704;Gerencia de Ponferrada;170410;C.S. VILLAFRANCA BIERZO;C.L. ARNADELO
1704;Gerencia de Ponferrada;170410;C.S. VILLAFRANCA BIERZO;C.L. PORTELA DE AGUIAR
1704;Gerencia de Ponferrada;170411;C.S. PONFERRADA IV;C.L. CABAÑAS RARAS
1705;Gerencia de Palencia;170501;C.S. AGUILAR DE CAMPOO;C.L. ARCELLARES DEL TOZO
1705;Gerencia de Palencia;170501;C.S. AGUILAR DE CAMPOO;C.L. LLANILLO DE VALDELUCIO
1705;Gerencia de Palencia;170502;C.S. BALTANAS;C.L. VILLAVIUDAS
1705;Gerencia de Palencia;170503;C.S. CARRION DE LOS CONDES;C.L. CALZADILLA DE LA CUEZA
1705;Gerencia de Palencia;170503;C.S. CARRION DE LOS CONDES;C.L. LOMAS
1705;Gerencia de Palencia;170503;C.S. CARRION DE LOS CONDES;C.L. NOGAL DE LAS HUERTAS
1705;Gerencia de Palencia;170503;C.S. CARRION DE LOS CONDES;C.L. PERALES
1705;Gerencia de Palencia;170503;C.S. CARRION DE LOS CONDES;C.L. SAN MAMES DE CAMPOS
1705;Gerencia de Palencia;170504;C.S. CERVERA PISUERGA;C.L. COLMENARES
1705;Gerencia de Palencia;170504;C.S. CERVERA PISUERGA;C.L. PISON DE CASTREJON
1705;Gerencia de Palencia;170504;C.S. CERVERA PISUERGA;C.L. SALINAS DE PISUERGA
1705;Gerencia de Palencia;170505;C.S. FROMISTA;C.L. BOADILLA DEL CAMINO
1705;Gerencia de Palencia;170505;C.S. FROMISTA;C.L. ITERO DEL CASTILLO
1705;Gerencia de Palencia;170505;C.S. FROMISTA;C.L. SANTOYO
1705;Gerencia de Palencia;170505;C.S. FROMISTA;C.L. VILLALACO
1705;Gerencia de Palencia;170505;C.S. FROMISTA;C.S. FROMISTA
1705;Gerencia de Palencia;170506;C.S. GUARDO;C.L. OTERO DE GUARDO
1705;Gerencia de Palencia;170506;C.S. GUARDO;C.L. RESPENDA DE LA PEÑA
1705;Gerencia de Palencia;170506;C.S. GUARDO;C.L. TARILONTE DE LA PEÑA
1705;Gerencia de Palencia;170506;C.S. GUARDO;C.S. GUARDO
1702;Gerencia de Burgos;170215;C.S. HUERTA DE REY;C.S. HUERTA DE REY
1705;Gerencia de Palencia;170507;C.S. HERRERA DE PISUERGA;C.L. OTEROS DE BOEDO
1702;Gerencia de Burgos;170216;C.S. LERMA;C.L. CILLERUELO DE ARRIBA
1705;Gerencia de Palencia;170507;C.S. HERRERA DE PISUERGA;C.L. VILLAMERIEL
1702;Gerencia de Burgos;170216;C.S. LERMA;C.L. PUENTEDURA
1705;Gerencia de Palencia;170510;C.S. OSORNO;C.L. BARCENA DE CAMPOS
1702;Gerencia de Burgos;170216;C.S. LERMA;C.L. SANTIBAÑEZ DEL VAL
1705;Gerencia de Palencia;170514;C.S. SALDAÑA;C.L. AYUELA DE VALDAVIA
1702;Gerencia de Burgos;170216;C.S. LERMA;C.L. ZAEL
1705;Gerencia de Palencia;170514;C.S. SALDAÑA;C.L. SAN LLORENTE DEL PARAMO
1702;Gerencia de Burgos;170217;C.S. LOS COMUNEROS;C.S. LOS COMUNEROS
1705;Gerencia de Palencia;170518;C.S. VILLARRAMIEL;C.L. BAQUERIN
1702;Gerencia de Burgos;170220;C.S. MELGAR FERNAMENTAL;C.L. VILLASILOS
1705;Gerencia de Palencia;170519;C.S. VILLADA;C.L. TERRADILLOS TEMPLARIO
1702;Gerencia de Burgos;170221;C.S. MIRANDA ESTE;C.L. ALTABLE
1706;Gerencia de Salamanca;170601;C.S. ALBA DE TORMES;C.L. BELEÑA
1702;Gerencia de Burgos;170221;C.S. MIRANDA ESTE;C.L. VILLANUEVA SOPORTILLA
1702;Gerencia de Burgos;170223;C.S. PAMPLIEGA;C.L. MAZUELA
1706;Gerencia de Salamanca;170601;C.S. ALBA DE TORMES;C.L. GAJATES
1702;Gerencia de Burgos;170224;C.S. QUINTANAR SIERRA;C.L. VILVIESTRE DEL PINAR
1706;Gerencia de Salamanca;170601;C.S. ALBA DE TORMES;C.L. HORCAJO MEDIANERO
1702;Gerencia de Burgos;170225;C.S. ROA DE DUERO;C.L. HORRA LA
1706;Gerencia de Salamanca;170602;C.S. ALDEADAVILA RIBERA;C.L. VILVESTRE
1702;Gerencia de Burgos;170226;C.S. SALAS LOS INFANTES;C.L. BARBADILLO DEL PEZ
1706;Gerencia de Salamanca;170603;C.S. BEJAR;C.L. COLMENAR DE MONTEMAYOR
1702;Gerencia de Burgos;170226;C.S. SALAS LOS INFANTES;C.L. HORTIGUELA
1706;Gerencia de Salamanca;170603;C.S. BEJAR;C.L. SANCHOTELLO
1702;Gerencia de Burgos;170226;C.S. SALAS LOS INFANTES;C.L. VALLEJIMENO
1702;Gerencia de Burgos;170227;C.S. SAN AGUSTIN;C.S. SAN AGUSTIN
1706;Gerencia de Salamanca;170608;C.S. FUENTE DE SAN ESTEBAN;C.L. SAGRADA LA
1702;Gerencia de Burgos;170233;C.S. VILLADIEGO;C.L. FUENTEODRA
1706;Gerencia de Salamanca;170610;C.S. FUENTES DE OÑORO;C.L. MARTILLAN
1702;Gerencia de Burgos;170233;C.S. VILLADIEGO;C.L. VILLANDIEGO
1706;Gerencia de Salamanca;170610;C.S. FUENTES DE OÑORO;C.L. VILLAR DE LA YEGUA
1702;Gerencia de Burgos;170235;C.S. VILLARCAYO;C.L. QUINTANA VALDIVIELSO
1706;Gerencia de Salamanca;170613;C.S. GUIJUELO;C.L. GUIJO DE AVILA
1703;Gerencia de León;170301;C.S. ARMUNIA;C.L. CEMBRANOS
1706;Gerencia de Salamanca;170613;C.S. GUIJUELO;C.L. SAN MEDEL
1703;Gerencia de León;170301;C.S. ARMUNIA;C.L. FRESNELLINO
1706;Gerencia de Salamanca;170613;C.S. GUIJUELO;C.L. VALDELACASA
1703;Gerencia de León;170302;C.S. ASTORGA I;C.L. CELADA
1706;Gerencia de Salamanca;170616;C.S. LEDESMA;C.L. MANZANO EL
1706;Gerencia de Salamanca;170616;C.S. LEDESMA;C.L. ZAFRONCINO
1706;Gerencia de Salamanca;170619;C.S. MATILLA CAÑOS;C.L. CARRASCAL DEL OBISPO
1706;Gerencia de Salamanca;170619;C.S. MATILLA CAÑOS;C.L. VILLALBA DE LOS LLANOS
1706;Gerencia de Salamanca;170620;C.S. MIRANDA DEL CASTAÑAR;C.L. VILLANUEVA DEL CONDE
1706;Gerencia de Salamanca;170621;C.S. PEDROSILLO EL RALO;C.L. VALLESA DE LA GUAREÑA
1706;Gerencia de Salamanca;170622;C.S. PERIURBANA NORTE;C.L. ALDEASECA DE ARMUÑA
1706;Gerencia de Salamanca;170622;C.S. PERIURBANA NORTE;C.L. JUZBADO
1706;Gerencia de Salamanca;170622;C.S. PERIURBANA NORTE;C.L. VILLAMAYOR
1706;Gerencia de Salamanca;170622;C.S. PERIURBANA NORTE;C.S. PERIURBANA NORTE
1703;Gerencia de León;170303;C.S. ASTORGA II;C.L. LUCILLO
1706;Gerencia de Salamanca;170623;C.S. PERIURBANO SUR;C.L. SAN PEDRO DE ROZADOS
1703;Gerencia de León;170303;C.S. ASTORGA II;C.L. VEGA MAGAZ
1706;Gerencia de Salamanca;170628;C.S. SANTA MARTA DE TORMES;C.L. CALVARRASA DE ABAJO
1703;Gerencia de León;170306;C.S. CISTIERNA;C.L. CASTROMUDARRA
1706;Gerencia de Salamanca;170630;C.S. TAMAMES;C.L. LA BASTIDA
1703;Gerencia de León;170307;C.S. CUENCA BERNESGA;C.L. ALCEDO DE ALBA
1703;Gerencia de León;170307;C.S. CUENCA BERNESGA;C.L. HUERGAS DE GORDON
1706;Gerencia de Salamanca;170634;C.S. VITIGUDINO;C.L. MORONTA
1703;Gerencia de León;170307;C.S. CUENCA BERNESGA;C.L. PEREDILLA
1706;Gerencia de Salamanca;170634;C.S. VITIGUDINO;C.L. PEÑA LA
1703;Gerencia de León;170308;C.S. LA BAÑEZA I;C.L. SANTA COLOMBA DE LA VEGA
1706;Gerencia de Salamanca;170634;C.S. VITIGUDINO;C.L. PEREÑA DE LA RIBERA
1703;Gerencia de León;170309;C.S. BAÑEZA II;C.L. CASTROTIERRA VALDUERNA
1706;Gerencia de Salamanca;170634;C.S. VITIGUDINO;C.L. VILLARES DE YELTES
1703;Gerencia de León;170309;C.S. BAÑEZA II;C.L. CEBRONES DEL RIO
1707;Gerencia de Segovia;170701;C.S. CANTALEJO;C.L. CABEZUELA
1703;Gerencia de León;170309;C.S. BAÑEZA II;C.L. MATILLA DE LA VEGA
1707;Gerencia de Segovia;170702;C.S. CARBONERO EL MAYOR;C.L. AGUILAFUENTE
1707;Gerencia de Segovia;170702;C.S. CARBONERO EL MAYOR;C.L. CANTIMPALOS
1707;Gerencia de Segovia;170704;C.S. FUENTESAUCO;C.L. PEROSILLO
1703;Gerencia de León;170309;C.S. BAÑEZA II;C.L. TORAL DEL FONDO
1707;Gerencia de Segovia;170706;C.S. NAVA DE LA ASUNCION;C.L. ALDEHUELA DEL CODONAL
1703;Gerencia de León;170309;C.S. BAÑEZA II;C.L. VALLE DE LA VALDUERNA
1707;Gerencia de Segovia;170706;C.S. NAVA DE LA ASUNCION;C.L. NIEVA
1703;Gerencia de León;170310;C.S. TRUCHAS;C.L. ENCINEDO I
1707;Gerencia de Segovia;170707;C.S. RIAZA;C.S. RIAZA
1707;Gerencia de Segovia;170709;C.S. SEGOVIA II;C.S. SEGOVIA II
1703;Gerencia de León;170311;C.S. LA MAGDALENA;C.L. CAMPOSALINAS
1703;Gerencia de León;170311;C.S. LA MAGDALENA;C.L. LA UTRERA
1707;Gerencia de Segovia;170711;C.S. SEGOVIA RURAL;C.L. ESPIRDO
1703;Gerencia de León;170311;C.S. LA MAGDALENA;C.L. SANTOVENIA
1707;Gerencia de Segovia;170711;C.S. SEGOVIA RURAL;C.L. JUARROS DE RIOMOROS
1703;Gerencia de León;170317;C.S. JOSE AGUADO II;C.L. MANCILLEROS
1707;Gerencia de Segovia;170711;C.S. SEGOVIA RURAL;C.L. SANTO DOMINGO DE PIRON
1703;Gerencia de León;170317;C.S. JOSE AGUADO II;C.L. PUENTE VILLARENTE DE VILLATURIEL
1707;Gerencia de Segovia;170712;C.S. SEPULVEDA;C.L. CEDILLO DE LA TORRE
1703;Gerencia de León;170317;C.S. JOSE AGUADO II;C.L. VALDESOGO DE ARRIBA
1707;Gerencia de Segovia;170712;C.S. SEPULVEDA;C.L. LA MATILLA
1703;Gerencia de León;170318;C.S. MANSILLA MULAS;C.L. MALILLOS
1707;Gerencia de Segovia;170712;C.S. SEPULVEDA;C.L. PRADALES
1703;Gerencia de León;170318;C.S. MANSILLA MULAS;C.L. VILLACELAMA
1707;Gerencia de Segovia;170712;C.S. SEPULVEDA;C.L. VILLAR DE SOBREPEÑA
1703;Gerencia de León;170320;C.S. RIAÑO;C.L. BESANDE
1707;Gerencia de Segovia;170714;C.S. EL ESPINAR;C.L. ESTACION DE EL ESPINAR
1703;Gerencia de León;170320;C.S. RIAÑO;C.L. BURON
1707;Gerencia de Segovia;170716;C.S. SACRAMENIA;C.L. VIVAR DE FUENTIDUEÑA
1708;Gerencia de Soria;170801;C.S. AGREDA;C.L. AÑAVIEJA
1703;Gerencia de León;170320;C.S. RIAÑO;C.L. LARIO
1708;Gerencia de Soria;170802;C.S. ALMAZAN;C.L. BARCA
1703;Gerencia de León;170321;C.S. RIBERA DEL ESLA;C.L. QUINTANA DEL MONTE
1703;Gerencia de León;170321;C.S. RIBERA DEL ESLA;C.L. VILLAHIBIERA
1708;Gerencia de Soria;170802;C.S. ALMAZAN;C.L. JODRA DE CARDOS
1703;Gerencia de León;170322;C.S. RIBERA DEL ORBIGO;C.L. LLAMAS DE LA RIBERA
1708;Gerencia de Soria;170803;C.S. ARCOS DE JALON;C.L. UTRILLA
1703;Gerencia de León;170323;C.S. SAHAGUN CAMPOS;C.L. BUSTILLO DE CEA
1708;Gerencia de Soria;170804;C.S. BERLANGA DE DUERO;C.L. BORDECOREX
1703;Gerencia de León;170325;C.S. STA. MARIA PARAMO;C.L. VILLIBAÑE
1708;Gerencia de Soria;170804;C.S. BERLANGA DE DUERO;C.L. MORALES
1703;Gerencia de León;170326;C.S. VALDERAS;C.L. LA UNION DE CAMPOS
1708;Gerencia de Soria;170804;C.S. BERLANGA DE DUERO;C.L. TORREANADALUZ
1703;Gerencia de León;170326;C.S. VALDERAS;C.L. ROALES DE CAMPOS
1708;Gerencia de Soria;170805;C.S. EL BURGO DE OSMA;C.L. VALDEMALUQUE
1703;Gerencia de León;170328;C.S. TROBAJO DEL CAMINO;C.L. ROBLEDO DE LA VALDONCINA
1708;Gerencia de Soria;170806;C.S. SAN ESTEBAN GORMAZ;C.L. FUENTECAMBRON
1704;Gerencia de Ponferrada;170401;C.S. BEMBIBRE;C.L. LOSADA
1708;Gerencia de Soria;170806;C.S. SAN ESTEBAN GORMAZ;C.L. VALDANZO
1704;Gerencia de Ponferrada;170401;C.S. BEMBIBRE;C.L. QUINTANA DE FUSEROS
1708;Gerencia de Soria;170807;C.S. GOMARA;C.L. TEJADO
1704;Gerencia de Ponferrada;170401;C.S. BEMBIBRE;C.L. VILLAVERDE DE LOS CESTOS
1708;Gerencia de Soria;170808;C.S. OLVEGA;C.L. HINOJOSA DEL CAMPO
1704;Gerencia de Ponferrada;170402;C.S. CACABELOS;C.L. CAMPONARAYA
1708;Gerencia de Soria;170810;C.S. SAN LEONARDO YAGÜE;C.L. CUBILLA
1704;Gerencia de Ponferrada;170402;C.S. CACABELOS;C.L. QUILOS
1706;Gerencia de Salamanca;170603;C.S. BEJAR;C.L. LA HOYA
1706;Gerencia de Salamanca;170603;C.S. BEJAR;C.L. VALDESANGIL
1706;Gerencia de Salamanca;170603;C.S. BEJAR;C.S. BEJAR
1706;Gerencia de Salamanca;170604;C.S. CALZADA VALDUNCIEL;C.L. AÑOVER DE TORMES
1706;Gerencia de Salamanca;170606;C.S. CIUDAD RODRIGO;C.L. BOCACARA
1706;Gerencia de Salamanca;170606;C.S. CIUDAD RODRIGO;C.L. BODON EL
1706;Gerencia de Salamanca;170606;C.S. CIUDAD RODRIGO;C.L. ENCINA LA
1706;Gerencia de Salamanca;170608;C.S. FUENTE DE SAN ESTEBAN;C.L. CASTRAZ
1706;Gerencia de Salamanca;170608;C.S. FUENTE DE SAN ESTEBAN;C.L. MARTIN DE YELTES
1706;Gerencia de Salamanca;170609;C.S. FUENTEGUINALDO;C.L. ALBERGUERIA DE ARGAÑAN
1706;Gerencia de Salamanca;170610;C.S. FUENTES DE OÑORO;C.L. ALDEA DEL OBISPO
1706;Gerencia de Salamanca;170610;C.S. FUENTES DE OÑORO;C.L. GALLEGOS DE ARGAÑAN
1706;Gerencia de Salamanca;170611;C.S. GARRIDO NORTE;C.S. GARRIDO NORTE
1706;Gerencia de Salamanca;170615;C.S. LA ALBERCA;C.L. SAN MARTIN DEL CASTAÑAR
1706;Gerencia de Salamanca;170617;C.S. LINARES DE RIOFRIO;C.L. HONDURA
1706;Gerencia de Salamanca;170617;C.S. LINARES DE RIOFRIO;C.L. SAN MIGUEL DE VALERO
1706;Gerencia de Salamanca;170618;C.S. LUMBRALES;C.L. BERMELLAR
1706;Gerencia de Salamanca;170618;C.S. LUMBRALES;C.L. SOBRADILLO
1706;Gerencia de Salamanca;170618;C.S. LUMBRALES;C.S. LUMBRALES
1706;Gerencia de Salamanca;170619;C.S. MATILLA CAÑOS;C.L. ROBLIZA DE COJOS
1706;Gerencia de Salamanca;170622;C.S. PERIURBANA NORTE;C.L. ALDEALENGUA
1706;Gerencia de Salamanca;170622;C.S. PERIURBANA NORTE;C.L. CASTELLANOS DE MORISCOS
1706;Gerencia de Salamanca;170622;C.S. PERIURBANA NORTE;C.L. MORISCOS
1706;Gerencia de Salamanca;170622;C.S. PERIURBANA NORTE;C.L. SAN CRISTOBAL DE LA CUESTA
1706;Gerencia de Salamanca;170623;C.S. PERIURBANO SUR;C.L. DOÑINOS DE SALAMANCA
1706;Gerencia de Salamanca;170623;C.S. PERIURBANO SUR;C.L. GOLPEJAS
1706;Gerencia de Salamanca;170623;C.S. PERIURBANO SUR;C.L. PINO DE TORMES EL
1706;Gerencia de Salamanca;170624;C.S. PEÑARANDA;C.L. CANTARACILLO
1706;Gerencia de Salamanca;170626;C.S. ROBLEDA;C.L. MARTIAGO
1706;Gerencia de Salamanca;170626;C.S. ROBLEDA;C.L. VILLAREJO
1706;Gerencia de Salamanca;170628;C.S. SANTA MARTA DE TORMES;C.L. CALVARRASA DE ARRIBA
1706;Gerencia de Salamanca;170630;C.S. TAMAMES;C.L. SEPULCRO HILARIO
1706;Gerencia de Salamanca;170634;C.S. VITIGUDINO;C.L. AHIGAL DE VILLARINO
1706;Gerencia de Salamanca;170634;C.S. VITIGUDINO;C.L. BOGAJO
1706;Gerencia de Salamanca;170634;C.S. VITIGUDINO;C.L. GROO
1706;Gerencia de Salamanca;170634;C.S. VITIGUDINO;C.L. MANCERAS
1706;Gerencia de Salamanca;170634;C.S. VITIGUDINO;C.L. VILLARGORDO
1707;Gerencia de Segovia;170701;C.S. CANTALEJO;C.L. COBOS DE FUENTIDUEÑA
1707;Gerencia de Segovia;170703;C.S. CUELLAR;C.L. DEHESA MAYOR
1707;Gerencia de Segovia;170705;C.S. NAVAFRIA;C.L. EL ARENAL
1707;Gerencia de Segovia;170706;C.S. NAVA DE LA ASUNCION;C.L. ALDEANUEVA DEL CODONAL
1707;Gerencia de Segovia;170706;C.S. NAVA DE LA ASUNCION;C.L. OCHANDO
1707;Gerencia de Segovia;170706;C.S. NAVA DE LA ASUNCION;C.L. TABLADILLO
1707;Gerencia de Segovia;170707;C.S. RIAZA;C.L. ALCONADA DE MADERUELO
1707;Gerencia de Segovia;170707;C.S. RIAZA;C.L. CASTILLEJO DE MESLEON
1707;Gerencia de Segovia;170707;C.S. RIAZA;C.L. RIBOTA
1707;Gerencia de Segovia;170707;C.S. RIAZA;C.L. SANTIBAÑEZ DE AYLLON
1707;Gerencia de Segovia;170711;C.S. SEGOVIA RURAL;C.L. FUENTEMILANOS
1707;Gerencia de Segovia;170711;C.S. SEGOVIA RURAL;C.L. MUÑOPEDRO
1707;Gerencia de Segovia;170712;C.S. SEPULVEDA;C.L. SOTILLO
1707;Gerencia de Segovia;170714;C.S. EL ESPINAR;C.L. LOS ANGELES DE SAN RAFAEL
1707;Gerencia de Segovia;170716;C.S. SACRAMENIA;C.L. FUENTESOTO
1708;Gerencia de Soria;170801;C.S. AGREDA;C.S. AGREDA
1708;Gerencia de Soria;170802;C.S. ALMAZAN;C.L. MEZQUETILLAS
1708;Gerencia de Soria;170802;C.S. ALMAZAN;C.L. NEPAS
1708;Gerencia de Soria;170803;C.S. ARCOS DE JALON;C. L. TORRALBA DEL MORAL
1708;Gerencia de Soria;170803;C.S. ARCOS DE JALON;C.L. ARBUJUELO
1708;Gerencia de Soria;170803;C.S. ARCOS DE JALON;C.L. MEDINACELI
1708;Gerencia de Soria;170804;C.S. BERLANGA DE DUERO;C.L. RETORTILLO
1708;Gerencia de Soria;170804;C.S. BERLANGA DE DUERO;C.L. TARANCUEÑA
1708;Gerencia de Soria;170804;C.S. BERLANGA DE DUERO;C.L. VALDERRODILLA
1708;Gerencia de Soria;170805;C.S. EL BURGO DE OSMA;C.L. CARRASCOSA DE ABAJO
1708;Gerencia de Soria;170805;C.S. EL BURGO DE OSMA;C.L. GORMAZ
1708;Gerencia de Soria;170806;C.S. SAN ESTEBAN GORMAZ;C.L. ALCOBA DE LA TORRE
1708;Gerencia de Soria;170806;C.S. SAN ESTEBAN GORMAZ;C.L. OLMILLOS
1708;Gerencia de Soria;170807;C.S. GOMARA;C.L. REZNOS
1708;Gerencia de Soria;170808;C.S. OLVEGA;C.L. CIRIA
1708;Gerencia de Soria;170808;C.S. OLVEGA;C.L. POZALMURO
1708;Gerencia de Soria;170809;C.S. PINARES-COVALEDA;C.L. SALDUERO
1708;Gerencia de Soria;170809;C.S. PINARES-COVALEDA;C.L. VINUESA
1708;Gerencia de Soria;170810;C.S. SAN LEONARDO YAGÜE;C.L. ALDEA DEL PINAR
1708;Gerencia de Soria;170810;C.S. SAN LEONARDO YAGÜE;C.L. NAVAS DEL PINAR
1708;Gerencia de Soria;170811;C.S. SORIA RURAL;C.L. CABRERAS DEL CAMPO
1708;Gerencia de Soria;170811;C.S. SORIA RURAL;C.L. CIDONES
1708;Gerencia de Soria;170811;C.S. SORIA RURAL;C.L. GARRAY
1708;Gerencia de Soria;170811;C.S. SORIA RURAL;C.L. NAVALCABALLO
1708;Gerencia de Soria;170811;C.S. SORIA RURAL;C.L. TOZALMORO
1708;Gerencia de Soria;170812;C.S. S.PEDRO MANRIQUE;C.L. YANGUAS
1709;Gerencia de Valladolid Oeste;170909;C.S. LAGUNA DE DUERO;C.S. LAGUNA DE DUERO
1709;Gerencia de Valladolid Oeste;170914;C.S. MOTA DEL MARQUES;C.L. GALLEGOS DE HORNI.
1709;Gerencia de Valladolid Oeste;170920;C.S. TORDESILLAS;C.L. TORRECILLA DE LA TORRE
1709;Gerencia de Valladolid Oeste;170920;C.S. TORDESILLAS;C.L. VILLALAR DE LOS C.
1709;Gerencia de Valladolid Oeste;170920;C.S. TORDESILLAS;C.L. VILLAN DE TORDESI.
1709;Gerencia de Valladolid Oeste;170924;C.S. VILLAFRECHOS;C.L. VILLAMURIEL CAMPOS
1710;Gerencia de Valladolid Este;171015;C.S. PEÑAFIEL;C.L. FOMPEDRAZA
1710;Gerencia de Valladolid Este;171015;C.S. PEÑAFIEL;C.L. PADILLA DE DUERO
1710;Gerencia de Valladolid Este;171015;C.S. PEÑAFIEL;C.L. TORRE DE PEÑAFIEL
1710;Gerencia de Valladolid Este;171016;C.S. PORTILLO;C.L. ALDEA S.MIGUEL
1710;Gerencia de Valladolid Este;171017;C.S. SERRADA;C.L. VALDESTILLAS
1710;Gerencia de Valladolid Este;171018;C.S. TUDELA;C.L. HERRERA DE DUERO
1710;Gerencia de Valladolid Este;171018;C.S. TUDELA;C.L. TRASPINEDO
1710;Gerencia de Valladolid Este;171021;C.S. MEDINA CAMPO RURAL;C.L. CERVILLEGO
1701;Gerencia de Ávila;170101;C.S. ARENAS SAN PEDRO;C.S. ARENAS SAN PEDRO
1701;Gerencia de Ávila;170102;C.S. AREVALO;C.L. DON JIMENO
1701;Gerencia de Ávila;170102;C.S. AREVALO;C.L. DONVIDAS
1701;Gerencia de Ávila;170102;C.S. AREVALO;C.L. MARTIN MUÑOZ DE LAS POSADAS
1701;Gerencia de Ávila;170102;C.S. AREVALO;C.L. VILLANUEVA DEL ACERAL
1701;Gerencia de Ávila;170103;C.S. AVILA ESTACION;C.S. AVILA ESTACION
1701;Gerencia de Ávila;170105;C.S. AVILA RURAL;C.L. BERNUY- SALINERO
1701;Gerencia de Ávila;170105;C.S. AVILA RURAL;C.L. CAÑADA, LA
1701;Gerencia de Ávila;170105;C.S. AVILA RURAL;C.L. DURUELO
1701;Gerencia de Ávila;170105;C.S. AVILA RURAL;C.L. MUÑOCHAS
1701;Gerencia de Ávila;170105;C.S. AVILA RURAL;C.L. SANCHORREJA
1701;Gerencia de Ávila;170105;C.S. AVILA RURAL;C.L. URRACA- MIGUEL
1701;Gerencia de Ávila;170106;C.S. LANZAHITA;C.L. PEDRO BERNARDO
1701;Gerencia de Ávila;170107;C.S. AVILA SUR OESTE;C.S. AVILA SUR OESTE
1701;Gerencia de Ávila;170108;C.S. BARCO DE AVILA;C.L. AVELLANEDA
1701;Gerencia de Ávila;170108;C.S. BARCO DE AVILA;C.L. BARQUILLO, EL
1701;Gerencia de Ávila;170108;C.S. BARCO DE AVILA;C.L. COLLADO (STA. Mª.DE LOS CABALLEROS)
1701;Gerencia de Ávila;170108;C.S. BARCO DE AVILA;C.L. LOSAR EL
1701;Gerencia de Ávila;170108;C.S. BARCO DE AVILA;C.L. NAVALGUIJO
1701;Gerencia de Ávila;170108;C.S. BARCO DE AVILA;C.L. NAVALPERAL DE TORMES
1701;Gerencia de Ávila;170108;C.S. BARCO DE AVILA;C.L. PALACIOS DE BECEDAS
1701;Gerencia de Ávila;170108;C.S. BARCO DE AVILA;C.L. SANTA LUCIA DE LA SIERRA
1701;Gerencia de Ávila;170108;C.S. BARCO DE AVILA;C.L. TORMELLAS
1701;Gerencia de Ávila;170109;C.S. BURGOHONDO;C.L. NAVALUENGA
1701;Gerencia de Ávila;170109;C.S. BURGOHONDO;C.L. NAVANDRINAL
1701;Gerencia de Ávila;170109;C.S. BURGOHONDO;C.L. NAVATALGORDO
1701;Gerencia de Ávila;170110;C.S. CANDELEDA;C.L. RASO, EL
1701;Gerencia de Ávila;170113;C.S. NAVARREDONDA GREDOS;C.L. GARGANTA DEL VILLAR
1701;Gerencia de Ávila;170113;C.S. NAVARREDONDA GREDOS;C.L. NAVACEPEDA DE TORMES
1701;Gerencia de Ávila;170113;C.S. NAVARREDONDA GREDOS;C.L. NAVALSAUZ
1701;Gerencia de Ávila;170114;C.S. LAS NAVAS MARQUES;C.L. NAVALPERAL DE PINARES
1701;Gerencia de Ávila;170114;C.S. LAS NAVAS MARQUES;C.L. PEGUERINOS
1701;Gerencia de Ávila;170114;C.S. LAS NAVAS MARQUES;C.S. LAS NAVAS MARQUES
1701;Gerencia de Ávila;170116;C.S. MOMBELTRAN;C.L. VILLAREJO DEL VALLE
1701;Gerencia de Ávila;170116;C.S. MOMBELTRAN;C.S. MOMBELTRAN
1701;Gerencia de Ávila;170117;C.S. PIEDRAHITA;C.L. LASTRA, LA ( PIEDRAHITA)
1701;Gerencia de Ávila;170117;C.S. PIEDRAHITA;C.L. SAN MIGUEL DE CORNEJA
1701;Gerencia de Ávila;170117;C.S. PIEDRAHITA;C.L. TORTOLES
1701;Gerencia de Ávila;170117;C.S. PIEDRAHITA;C.L. VILLAFRANCA DE LA SIERRA
1701;Gerencia de Ávila;170118;C.S. SAN PEDRO ARROYO;C.L. BRABOS
1701;Gerencia de Ávila;170118;C.S. SAN PEDRO ARROYO;C.L. CASTILBLANCO
1701;Gerencia de Ávila;170118;C.S. SAN PEDRO ARROYO;C.L. SANTO TOME DE ZABARCOS
1701;Gerencia de Ávila;170120;C.S. MUÑANA;C.L. NARROS DEL PUERTO
1701;Gerencia de Ávila;170120;C.S. MUÑANA;C.L. PASCUAL MUÑOZ
1701;Gerencia de Ávila;170120;C.S. MUÑANA;C.S. MUÑANA
1701;Gerencia de Ávila;170121;C.S. MUÑICO;C.L. CHAMARTIN
1701;Gerencia de Ávila;170121;C.S. MUÑICO;C.L. GALLEGOS DE SOBRINO
1701;Gerencia de Ávila;170121;C.S. MUÑICO;C.L. MANCERA DE ARRIBA
1702;Gerencia de Burgos;170202;C.S. ARANDA RURAL;C.L. FUENTELCESPED
1702;Gerencia de Burgos;170202;C.S. ARANDA RURAL;C.L. HONRUBIA DE LA CUESTA
1702;Gerencia de Burgos;170202;C.S. ARANDA RURAL;C.L. VALDEANDE
1702;Gerencia de Burgos;170202;C.S. ARANDA RURAL;C.L. VALDEVACAS DE MONTEJO
1702;Gerencia de Burgos;170202;C.S. ARANDA RURAL;C.L. VILLANUEVA DE GUMIEL
1702;Gerencia de Burgos;170202;C.S. ARANDA RURAL;C.L. VILLAVERDE MONTEJO
1702;Gerencia de Burgos;170204;C.S. BELORADO;C.L. CEREZO DE RIO TIRON
1702;Gerencia de Burgos;170204;C.S. BELORADO;C.L. FRESNEÑA
1702;Gerencia de Burgos;170204;C.S. BELORADO;C.L. VILORIA DE RIOJA
1702;Gerencia de Burgos;170205;C.S. BRIVIESCA;C.L. AGUAS CANDIDAS
1702;Gerencia de Burgos;170205;C.S. BRIVIESCA;C.L. ALCOCERO DE MOLA
1702;Gerencia de Burgos;170205;C.S. BRIVIESCA;C.L. ARCONADA
1702;Gerencia de Burgos;170205;C.S. BRIVIESCA;C.L. CANTABRANA
1702;Gerencia de Burgos;170205;C.S. BRIVIESCA;C.L. MADRID DE CADERECHAS
1702;Gerencia de Burgos;170205;C.S. BRIVIESCA;C.L. PARTE DE BUREBA, LA
1702;Gerencia de Burgos;170205;C.S. BRIVIESCA;C.L. QUINTANAOPIO
1702;Gerencia de Burgos;170205;C.S. BRIVIESCA;C.L. VESGAS, LAS
1702;Gerencia de Burgos;170205;C.S. BRIVIESCA;C.L. VILEÑA
1702;Gerencia de Burgos;170205;C.S. BRIVIESCA;C.S. BRIVIESCA
1702;Gerencia de Burgos;170207;C.S. I. LOPEZ SAIZ;C.S. BURGOS CENTRO
1702;Gerencia de Burgos;170207;C.S. I. LOPEZ SAIZ;C.S. I. LOPEZ SAIZ
1702;Gerencia de Burgos;170207;C.S. I. LOPEZ SAIZ;GERENCIA A.P. BURGOS - SAN ZADORNIL
1702;Gerencia de Burgos;170208;C.S. BURGOS RURAL NORTE;C.L. CELADA DE LA TORRE
1702;Gerencia de Burgos;170208;C.S. BURGOS RURAL NORTE;C.L. CERNEGULA
1702;Gerencia de Burgos;170208;C.S. BURGOS RURAL NORTE;C.L. FRESNO DE RODILLA
1702;Gerencia de Burgos;170208;C.S. BURGOS RURAL NORTE;C.L. PIEDRAHITA DE JUARROS
1702;Gerencia de Burgos;170208;C.S. BURGOS RURAL NORTE;C.L. PINEDA DE LA SIERRA
1702;Gerencia de Burgos;170208;C.S. BURGOS RURAL NORTE;C.L. QUINTANILLA RIOPICO
1702;Gerencia de Burgos;170208;C.S. BURGOS RURAL NORTE;C.L. SANTIBAÑEZ ZARZAGUDA
1702;Gerencia de Burgos;170208;C.S. BURGOS RURAL NORTE;C.L. TOBES
1702;Gerencia de Burgos;170208;C.S. BURGOS RURAL NORTE;C.L. VILLAESCUSA LA SOMBRIA
1702;Gerencia de Burgos;170208;C.S. BURGOS RURAL NORTE;C.L. VILLANUEVA RIO UBIERNA
1702;Gerencia de Burgos;170208;C.S. BURGOS RURAL NORTE;C.L. VILLAVERDE-PEÑAHORADA
1702;Gerencia de Burgos;170208;C.S. BURGOS RURAL NORTE;C.S. BURGOS RURAL NORTE
1702;Gerencia de Burgos;170209;C.S. BURGOS RURAL SUR;C.L. ARCOS DE LA LLANA
1702;Gerencia de Burgos;170209;C.S. BURGOS RURAL SUR;C.L. CAYUELA
1702;Gerencia de Burgos;170209;C.S. BURGOS RURAL SUR;C.L. CUZCURRITA DE JUARROS
1702;Gerencia de Burgos;170209;C.S. BURGOS RURAL SUR;C.L. SALDAÑA DE BURGOS
1702;Gerencia de Burgos;170210;C.S. CONDADO DE TREVIÑO;C.L. AÑASTRO
1702;Gerencia de Burgos;170210;C.S. CONDADO DE TREVIÑO;C.L. CUCHO
1702;Gerencia de Burgos;170216;C.S. LERMA;C.L. CASTROCENIZA
1702;Gerencia de Burgos;170216;C.S. LERMA;C.L. COVARRUBIAS
1702;Gerencia de Burgos;170216;C.S. LERMA;C.L. TORDUELES
1702;Gerencia de Burgos;170220;C.S. MELGAR FERNAMENTAL;C.L. CASTRILLO DE MURCIA
1702;Gerencia de Burgos;170223;C.S. PAMPLIEGA;C.L. LOS BALBASES
1702;Gerencia de Burgos;170223;C.S. PAMPLIEGA;C.L. REVENGA
1702;Gerencia de Burgos;170223;C.S. PAMPLIEGA;C.L. REVILLA VALLEJERA
1702;Gerencia de Burgos;170224;C.S. QUINTANAR SIERRA;C.S. QUINTANAR SIERRA
1702;Gerencia de Burgos;170225;C.S. ROA DE DUERO;C.L. BERLANGAS DE ROA
1702;Gerencia de Burgos;170225;C.S. ROA DE DUERO;C.L. HAZA
1702;Gerencia de Burgos;170226;C.S. SALAS LOS INFANTES;C.L. HUERTA DE ABAJO
1702;Gerencia de Burgos;170226;C.S. SALAS LOS INFANTES;C.L. JARAMILLO DE LA FUENTE
1702;Gerencia de Burgos;170229;C.S. SEDANO;C.L. SANTA COLOMA DEL RUDRON
1702;Gerencia de Burgos;170230;C.S. VALLE DE LOSA;C.S. VALLE DE LOSA
1702;Gerencia de Burgos;170233;C.S. VILLADIEGO;C.L. CAÑIZAR DE AMAYA
1702;Gerencia de Burgos;170233;C.S. VILLADIEGO;C.L. SORDILLOS
1702;Gerencia de Burgos;170233;C.S. VILLADIEGO;C.L. TOBAR
1702;Gerencia de Burgos;170233;C.S. VILLADIEGO;C.L. VILLASIDRO
1702;Gerencia de Burgos;170234;C.S. VALLE DE MENA;C.L. BORTEDO
1703;Gerencia de León;170301;C.S. ARMUNIA;C.L. BENAZOLVE
1703;Gerencia de León;170303;C.S. ASTORGA II;C.L. CURILLAS
1703;Gerencia de León;170303;C.S. ASTORGA II;C.L. FILIEL
1703;Gerencia de León;170303;C.S. ASTORGA II;C.L. QUINTANA DEL CASTILLO
1703;Gerencia de León;170303;C.S. ASTORGA II;C.L. QUINTANILLA DE SOMOZA
1703;Gerencia de León;170303;C.S. ASTORGA II;C.L. RODRIGATOS OBISPALIA
1703;Gerencia de León;170303;C.S. ASTORGA II;C.L. TABUYO DEL MONTE
1703;Gerencia de León;170303;C.S. ASTORGA II;C.L. VALDESPINO DE SOMOZA
1703;Gerencia de León;170303;C.S. ASTORGA II;C.L. VILLARMERIEL
1703;Gerencia de León;170304;C.S. SAN EMILIANO;C.L. PIEDRAFITA DE BABIA
1703;Gerencia de León;170305;C.S. BOÑAR;C.L. VALDEPIELAGO
1703;Gerencia de León;170306;C.S. CISTIERNA;C.L. SANTIBAÑEZ DE RUEDA
1703;Gerencia de León;170306;C.S. CISTIERNA;C.L. YUGUEROS
1703;Gerencia de León;170307;C.S. CUENCA BERNESGA;C.L. BRUGOS DE FENAR
1703;Gerencia de León;170307;C.S. CUENCA BERNESGA;C.L. CIÑERA
1703;Gerencia de León;170307;C.S. CUENCA BERNESGA;C.L. CUBILLAS DE ARBAS
1703;Gerencia de León;170307;C.S. CUENCA BERNESGA;C.L. FOLLEDO
1703;Gerencia de León;170307;C.S. CUENCA BERNESGA;C.L. VILLAMANIN DE LA TERCIA
1703;Gerencia de León;170309;C.S. BAÑEZA II;C.L. DESTRIANA DE LA VALDUERNA
1703;Gerencia de León;170309;C.S. BAÑEZA II;C.L. LA ANTIGUA
1703;Gerencia de León;170309;C.S. BAÑEZA II;C.L. MIÑAMBRES VALDUERNA
1703;Gerencia de León;170309;C.S. BAÑEZA II;C.L. POZUELO
1703;Gerencia de León;170309;C.S. BAÑEZA II;C.L. SANTA MARINICA DEL PARAMO
1703;Gerencia de León;170309;C.S. BAÑEZA II;C.L. VEGUELLINA DE FONDO
1703;Gerencia de León;170309;C.S. BAÑEZA II;C.S. BAÑEZA II
1703;Gerencia de León;170310;C.S. TRUCHAS;C.L. MARRUBIO
1703;Gerencia de León;170310;C.S. TRUCHAS;C.L. SANTA EULALIA DE CABRERA
1703;Gerencia de León;170311;C.S. LA MAGDALENA;C.L. PORTILLA DE LUNA
1703;Gerencia de León;170311;C.S. LA MAGDALENA;C.L. SALCE
1703;Gerencia de León;170312;C.S. ERAS DE RENUEVA;C.L. STA COLOMBA DE CURUEÑO
1703;Gerencia de León;170312;C.S. ERAS DE RENUEVA;C.L. VILLANUEVA DEL ARBOL
1703;Gerencia de León;170312;C.S. ERAS DE RENUEVA;C.S. ERAS DE RENUEVA
1703;Gerencia de León;170314;C.S. CONDESA;C.S. CONDESA (LEON 3)
1703;Gerencia de León;170317;C.S. JOSE AGUADO II;C.L. VILLARROAÑE
1703;Gerencia de León;170318;C.S. MANSILLA MULAS;C.L. VEGA DE LOS ARBOLES
1703;Gerencia de León;170318;C.S. MANSILLA MULAS;C.S. MANSILLA MULAS
1703;Gerencia de León;170320;C.S. RIAÑO;C.L. HORCADAS
1703;Gerencia de León;170320;C.S. RIAÑO;C.L. LA UÑA
1703;Gerencia de León;170320;C.S. RIAÑO;C.L. RIBOTA DE SAJAMBRE
1703;Gerencia de León;170321;C.S. RIBERA DEL ESLA;C.L. SAN MIGUEL DE ESCALADA
1703;Gerencia de León;170322;C.S. RIBERA DEL ORBIGO;C.L. FERRERAS DE CEPEDA
1703;Gerencia de León;170322;C.S. RIBERA DEL ORBIGO;C.L. HOSPITAL DEL ORBIGO
1703;Gerencia de León;170322;C.S. RIBERA DEL ORBIGO;C.L. RIOFRIO
1703;Gerencia de León;170322;C.S. RIBERA DEL ORBIGO;C.L. STA. MARINA DEL REY
1703;Gerencia de León;170322;C.S. RIBERA DEL ORBIGO;C.L. VILLAVANTE
1703;Gerencia de León;170322;C.S. RIBERA DEL ORBIGO;C.L. VILLAVICIOSA DE LA RIBERA
1703;Gerencia de León;170322;C.S. RIBERA DEL ORBIGO;C.L. VILLORIA DE ORBIGO
1703;Gerencia de León;170323;C.S. SAHAGUN CAMPOS;C.L. SAN PEDRO DUEÑAS
1703;Gerencia de León;170323;C.S. SAHAGUN CAMPOS;C.L. SANTA MARIA DE MONTE CEA
1703;Gerencia de León;170324;C.S. SAN ANDRES RABANEDO;C.L. EL FERRAL DEL BERNESGA
1703;Gerencia de León;170325;C.S. STA. MARIA PARAMO;C.L. BERCIANOS DEL PARAMO
1703;Gerencia de León;170325;C.S. STA. MARIA PARAMO;C.L. VILLARRIN DEL PARAMO
1703;Gerencia de León;170327;C.S. VALENCIA DE D. JUAN;C.L. CASTILFALE
1703;Gerencia de León;170327;C.S. VALENCIA DE D. JUAN;C.S. VALENCIA DE D. JUAN
1704;Gerencia de Ponferrada;170401;C.S. BEMBIBRE;C.L. ESPINA DE TREMOR
1704;Gerencia de Ponferrada;170401;C.S. BEMBIBRE;C.L. LAS VENTAS DE ALBARES
1704;Gerencia de Ponferrada;170401;C.S. BEMBIBRE;C.L. NOCEDA
1704;Gerencia de Ponferrada;170401;C.S. BEMBIBRE;C.L. TURIENZO
1704;Gerencia de Ponferrada;170401;C.S. BEMBIBRE;C.S. BEMBIBRE
1704;Gerencia de Ponferrada;170402;C.S. CACABELOS;C.L. CARRACEDO DEL MONASTERIO
1704;Gerencia de Ponferrada;170402;C.S. CACABELOS;C.L. MAGAZ DE ABAJO
1704;Gerencia de Ponferrada;170402;C.S. CACABELOS;C.L. VILLABUENA
1704;Gerencia de Ponferrada;170403;C.S. FABERO;C.L. SAN PEDRO OLLEROS
1704;Gerencia de Ponferrada;170406;C.S. PONFERRADA III;C.L. TORAL DE MERAYO
1704;Gerencia de Ponferrada;170407;C.S. PUENTE DOMINGO FLOREZ;C.L. CARUCEDO
1704;Gerencia de Ponferrada;170407;C.S. PUENTE DOMINGO FLOREZ;C.L. SILVAN
1704;Gerencia de Ponferrada;170408;C.S. TORENO;C.S. TORENO
1704;Gerencia de Ponferrada;170409;C.S. VILLABLINO;C.L. MATALAVILLA
1704;Gerencia de Ponferrada;170410;C.S. VILLAFRANCA BIERZO;C.L. BALBOA
1704;Gerencia de Ponferrada;170410;C.S. VILLAFRANCA BIERZO;C.L. VEGA DE VALCARCEL
1705;Gerencia de Palencia;170501;C.S. AGUILAR DE CAMPOO;C.L. FUENCALIENTE DE LUCIO
1705;Gerencia de Palencia;170503;C.S. CARRION DE LOS CONDES;C.L. BUSTILLO DEL PARAMO DE CARRION
1705;Gerencia de Palencia;170503;C.S. CARRION DE LOS CONDES;C.L. ROBLADILLO DE UCIEZA
1705;Gerencia de Palencia;170503;C.S. CARRION DE LOS CONDES;C.L. VILLANUEVA DE LOS NABOS
1705;Gerencia de Palencia;170503;C.S. CARRION DE LOS CONDES;C.L. VILLANUEVA DEL RIO
1705;Gerencia de Palencia;170504;C.S. CERVERA PISUERGA;C.L. VILLANUEVA DE LA PEÑA
1705;Gerencia de Palencia;170505;C.S. FROMISTA;C.L. AMUSCO
1705;Gerencia de Palencia;170505;C.S. FROMISTA;C.L. PIÑA DE CAMPOS
1705;Gerencia de Palencia;170506;C.S. GUARDO;C.L. VILLANUEVA DE ABAJO
1705;Gerencia de Palencia;170507;C.S. HERRERA DE PISUERGA;C.L. VEGA DE BUR
1705;Gerencia de Palencia;170507;C.S. HERRERA DE PISUERGA;C.L. ZORITA DEL PARAMO
1705;Gerencia de Palencia;170511;C.S. PALENCIA RURAL;C.L. GRIJOTA
1705;Gerencia de Palencia;170511;C.S. PALENCIA RURAL;C.L. VILLAJIMENA
1705;Gerencia de Palencia;170514;C.S. SALDAÑA;C.L. ALBALA DE LA VEGA
1705;Gerencia de Palencia;170514;C.S. SALDAÑA;C.L. LAGUNILLA DE LA VEGA
1705;Gerencia de Palencia;170514;C.S. SALDAÑA;C.L. RENEDO DE LA VEGA
1705;Gerencia de Palencia;170514;C.S. SALDAÑA;C.L. TABANERA DE VALDAVIA
1705;Gerencia de Palencia;170514;C.S. SALDAÑA;C.L. VALENOSO
1705;Gerencia de Palencia;170514;C.S. SALDAÑA;C.L. VILLARRODRIGO DE LA VEGA
1705;Gerencia de Palencia;170517;C.S. VENTA DE BAÑOS;C.L. HONTORIA DE CERRATO
1705;Gerencia de Palencia;170518;C.S. VILLARRAMIEL;C.L. AUTILLO DE CAMPOS
1706;Gerencia de Salamanca;170601;C.S. ALBA DE TORMES;C.L. LA MAYA
1706;Gerencia de Salamanca;170601;C.S. ALBA DE TORMES;C.L. MARTINAMOR
1706;Gerencia de Salamanca;170601;C.S. ALBA DE TORMES;C.L. VALDEMIERQUE
1706;Gerencia de Salamanca;170602;C.S. ALDEADAVILA RIBERA;C.L. CEREZAL DE PEÑAHORCADA
1706;Gerencia de Salamanca;170602;C.S. ALDEADAVILA RIBERA;C.L. MILANO
1706;Gerencia de Salamanca;170602;C.S. ALDEADAVILA RIBERA;C.L. ZARZA DE PUMAREDA
1706;Gerencia de Salamanca;170603;C.S. BEJAR;C.L. FUENTEBUENA
1706;Gerencia de Salamanca;170604;C.S. CALZADA VALDUNCIEL;C.S. CALZADA VALDUNCIEL
1706;Gerencia de Salamanca;170605;C.S. CANTALAPIEDRA;C.L. ZORITA DE LA FRONTERA
1706;Gerencia de Salamanca;170608;C.S. FUENTE DE SAN ESTEBAN;C.S. FUENTE DE SAN ESTEBAN
1706;Gerencia de Salamanca;170609;C.S. FUENTEGUINALDO;C.L. CASILLAS DE FLORES
1706;Gerencia de Salamanca;170610;C.S. FUENTES DE OÑORO;C.L. ESPEJA
1706;Gerencia de Salamanca;170610;C.S. FUENTES DE OÑORO;C.L. PUERTO SEGURO
1706;Gerencia de Salamanca;170614;C.S. ALAMEDILLA;C.S. ALAMEDILLA
1706;Gerencia de Salamanca;170615;C.S. LA ALBERCA;C.L. NAVA DE FRANCIA
1706;Gerencia de Salamanca;170616;C.S. LEDESMA;C.L. BERGANCIANO
1706;Gerencia de Salamanca;170616;C.S. LEDESMA;C.L. GEJUELO DEL BARRO
1706;Gerencia de Salamanca;170616;C.S. LEDESMA;C.L. MONLERAS
1706;Gerencia de Salamanca;170616;C.S. LEDESMA;C.L. SANTA MARIA DE SANDO
1706;Gerencia de Salamanca;170617;C.S. LINARES DE RIOFRIO;C.L. HERGUIJUELA DEL CAMPO
1706;Gerencia de Salamanca;170617;C.S. LINARES DE RIOFRIO;C.L. MEMBRIBE DE LA SIERRA
1706;Gerencia de Salamanca;170618;C.S. LUMBRALES;C.L. FUENTELIANTE
1706;Gerencia de Salamanca;170619;C.S. MATILLA CAÑOS;C.L. VEGUILLAS LAS
1706;Gerencia de Salamanca;170620;C.S. MIRANDA DEL CASTAÑAR;C.L. REBOLLOSA LA
1706;Gerencia de Salamanca;170620;C.S. MIRANDA DEL CASTAÑAR;C.S. MIRANDA DEL CASTAÑAR
1706;Gerencia de Salamanca;170621;C.S. PEDROSILLO EL RALO;C.L. CAÑIZAL
1706;Gerencia de Salamanca;170621;C.S. PEDROSILLO EL RALO;C.L. GOMECELLO
1706;Gerencia de Salamanca;170621;C.S. PEDROSILLO EL RALO;C.L. OLMO DE LA GUAREÑA
1706;Gerencia de Salamanca;170622;C.S. PERIURBANA NORTE;C.L. CASTELLANOS DE VILLIQUERA
1706;Gerencia de Salamanca;170622;C.S. PERIURBANA NORTE;C.L. SAN MORALES
1706;Gerencia de Salamanca;170623;C.S. PERIURBANO SUR;C.L. MORILLE
1706;Gerencia de Salamanca;170623;C.S. PERIURBANO SUR;C.L. PARADA DE ARRIBA
1706;Gerencia de Salamanca;170624;C.S. PEÑARANDA;C.L. BOVEDA DEL RIO ALMAR
1706;Gerencia de Salamanca;170626;C.S. ROBLEDA;C.L. HERGUIJUELA DE CIUDAD RODRIGO
1706;Gerencia de Salamanca;170626;C.S. ROBLEDA;C.S. ROBLEDA
1706;Gerencia de Salamanca;170628;C.S. SANTA MARTA DE TORMES;C.L. AMATOS
1706;Gerencia de Salamanca;170628;C.S. SANTA MARTA DE TORMES;C.L. VILLAGONZALO DE TORMES
1706;Gerencia de Salamanca;170630;C.S. TAMAMES;C.L. BERROCAL DE HUEBRA
1706;Gerencia de Salamanca;170630;C.S. TAMAMES;C.L. DIOS LE GUARDE
1706;Gerencia de Salamanca;170630;C.S. TAMAMES;C.L. TEJEDA
1706;Gerencia de Salamanca;170633;C.S. VILLORIA;C.L. BABILAFUENTE
1706;Gerencia de Salamanca;170633;C.S. VILLORIA;C.L. CANTALPINO
1706;Gerencia de Salamanca;170633;C.S. VILLORIA;C.L. PEDROSO DE LA ARMUÑA
1706;Gerencia de Salamanca;170634;C.S. VITIGUDINO;C.L. BARCEO
1706;Gerencia de Salamanca;170634;C.S. VITIGUDINO;C.L. CIPEREZ
1706;Gerencia de Salamanca;170634;C.S. VITIGUDINO;C.L. MAJUGES
1706;Gerencia de Salamanca;170634;C.S. VITIGUDINO;C.L. MORALITA
1706;Gerencia de Salamanca;170634;C.S. VITIGUDINO;C.L. VILLAR DE SAMANIEGO
1706;Gerencia de Salamanca;170634;C.S. VITIGUDINO;C.L. VILLARINO DE LOS AIRES
1707;Gerencia de Segovia;170701;C.S. CANTALEJO;C.L. FUENTE OLMO DE FTDÑA.
1707;Gerencia de Segovia;170701;C.S. CANTALEJO;C.S. CANTALEJO
1707;Gerencia de Segovia;170702;C.S. CARBONERO EL MAYOR;C.L. ESCALONA DEL PRADO
1707;Gerencia de Segovia;170702;C.S. CARBONERO EL MAYOR;C.L. ESCARABAJOSA DE CABEZAS
1707;Gerencia de Segovia;170702;C.S. CARBONERO EL MAYOR;C.L. ZARZUELA DEL PINAR
1707;Gerencia de Segovia;170703;C.S. CUELLAR;C.L. CAMPO DE CUELLAR
1707;Gerencia de Segovia;170703;C.S. CUELLAR;C.L. FRESNEDA DE CUELLAR
1707;Gerencia de Segovia;170703;C.S. CUELLAR;C.L. SAN CRISTOBAL DE CUELLAR
1707;Gerencia de Segovia;170704;C.S. FUENTESAUCO;C.L. ADRADOS
1707;Gerencia de Segovia;170704;C.S. FUENTESAUCO;C.L. ALDEASOÑA
1707;Gerencia de Segovia;170704;C.S. FUENTESAUCO;C.L. FUENTEPIÑEL
1707;Gerencia de Segovia;170705;C.S. NAVAFRIA;C.L. CASLA
1707;Gerencia de Segovia;170705;C.S. NAVAFRIA;C.L. CEGUILLA
1707;Gerencia de Segovia;170705;C.S. NAVAFRIA;C.L. PEDRAZA
1707;Gerencia de Segovia;170706;C.S. NAVA DE LA ASUNCION;C.L. ARAGONESES
1707;Gerencia de Segovia;170706;C.S. NAVA DE LA ASUNCION;C.L. DOMINGO GARCIA
1707;Gerencia de Segovia;170706;C.S. NAVA DE LA ASUNCION;C.L. JEMENUÑO
1707;Gerencia de Segovia;170707;C.S. RIAZA;C.L. CEREZO DE ARRIBA
1707;Gerencia de Segovia;170707;C.S. RIAZA;C.L. CUEVAS DE AYLLON
1707;Gerencia de Segovia;170707;C.S. RIAZA;C.L. EL NEGREDO
1707;Gerencia de Segovia;170707;C.S. RIAZA;C.L. LANGUILLA
1707;Gerencia de Segovia;170707;C.S. RIAZA;C.L. MADRIGUERA
1707;Gerencia de Segovia;170707;C.S. RIAZA;C.L. STA. MARIA DE RIAZA
1707;Gerencia de Segovia;170708;C.S. SEGOVIA I;C.S. SEGOVIA I
1707;Gerencia de Segovia;170711;C.S. SEGOVIA RURAL;C.L. ABADES
1707;Gerencia de Segovia;170711;C.S. SEGOVIA RURAL;C.L. AÑE
1707;Gerencia de Segovia;170711;C.S. SEGOVIA RURAL;C.L. BRIEVA
1707;Gerencia de Segovia;170711;C.S. SEGOVIA RURAL;C.L. ETREROS
1707;Gerencia de Segovia;170711;C.S. SEGOVIA RURAL;C.L. LA LASTRILLA II
1707;Gerencia de Segovia;170711;C.S. SEGOVIA RURAL;C.L. LOS HUERTOS
1707;Gerencia de Segovia;170711;C.S. SEGOVIA RURAL;C.L. LOSANA DE PIRON
1707;Gerencia de Segovia;170711;C.S. SEGOVIA RURAL;C.L. MARAZOLEJA
1707;Gerencia de Segovia;170711;C.S. SEGOVIA RURAL;C.L. SAN CRISTOBAL DE SEGOVIA
1707;Gerencia de Segovia;170711;C.S. SEGOVIA RURAL;C.L. TRESCASAS
1707;Gerencia de Segovia;170712;C.S. SEPULVEDA;C.L. CARABIAS
1707;Gerencia de Segovia;170713;C.S. VILLACASTIN;C.L. MONTERRUBIO
1707;Gerencia de Segovia;170716;C.S. SACRAMENIA;C.L. CASERIO DE S. JOSE
1707;Gerencia de Segovia;170716;C.S. SACRAMENIA;C.L. TEJARES
1707;Gerencia de Segovia;170716;C.S. SACRAMENIA;C.L. VALTIENDAS
1708;Gerencia de Soria;170801;C.S. AGREDA;C.L. CASTIRUIZ
1708;Gerencia de Soria;170802;C.S. ALMAZAN;C.L. ALENTISQUE
1708;Gerencia de Soria;170802;C.S. ALMAZAN;C.L. CIADUEÑA
1708;Gerencia de Soria;170802;C.S. ALMAZAN;C.L. FUENTEGELMES
1708;Gerencia de Soria;170802;C.S. ALMAZAN;C.L. MOMBLONA
1708;Gerencia de Soria;170802;C.S. ALMAZAN;C.L. ONTALVILLA DE ALMAZAN
1708;Gerencia de Soria;170802;C.S. ALMAZAN;C.L. VELAMAZAN
1708;Gerencia de Soria;170802;C.S. ALMAZAN;C.L. VILLASAYAS
1708;Gerencia de Soria;170803;C.S. ARCOS DE JALON;C.L. BELTEJAR
1708;Gerencia de Soria;170803;C.S. ARCOS DE JALON;C.L. FUENCALIENTE DE MEDINACELI
1708;Gerencia de Soria;170803;C.S. ARCOS DE JALON;C.L. PUEBLA DE ECA
1708;Gerencia de Soria;170803;C.S. ARCOS DE JALON;C.L. UREX DE MEDINACELI
1708;Gerencia de Soria;170804;C.S. BERLANGA DE DUERO;C.L. CASILLAS DE BERLANGA
1708;Gerencia de Soria;170805;C.S. EL BURGO DE OSMA;C.L. BLACOS
1708;Gerencia de Soria;170805;C.S. EL BURGO DE OSMA;C.L. LA PERERA
1708;Gerencia de Soria;170805;C.S. EL BURGO DE OSMA;C.L. TORRALBA DEL BURGO
1708;Gerencia de Soria;170806;C.S. SAN ESTEBAN GORMAZ;C.L. ZAYAS DE TORRE
1708;Gerencia de Soria;170806;C.S. SAN ESTEBAN GORMAZ;C.L. ZAYUELAS
1708;Gerencia de Soria;170806;C.S. SAN ESTEBAN GORMAZ;C.S. S. ESTEBAN GORMAZ
1708;Gerencia de Soria;170806;C.S. SAN ESTEBAN GORMAZ;C.S. SAN ESTEBAN GORMAZ
1708;Gerencia de Soria;170807;C.S. GOMARA;C.L. LA ALAMEDA
1708;Gerencia de Soria;170807;C.S. GOMARA;C.S. GOMARA
1708;Gerencia de Soria;170808;C.S. OLVEGA;C.L. BERATON
1708;Gerencia de Soria;170808;C.S. OLVEGA;C.S. OLVEGA
1708;Gerencia de Soria;170810;C.S. SAN LEONARDO YAGÜE;C.L. HERRERA DE SORIA
1708;Gerencia de Soria;170811;C.S. SORIA RURAL;C.L. ALCONABA
1708;Gerencia de Soria;170811;C.S. SORIA RURAL;C.L. ALDEALAFUENTE
1708;Gerencia de Soria;170811;C.S. SORIA RURAL;C.L. ALDEASEÑOR
1708;Gerencia de Soria;170811;C.S. SORIA RURAL;C.L. CASCAJOSA
1708;Gerencia de Soria;170811;C.S. SORIA RURAL;C.L. FUENSAUCO
1708;Gerencia de Soria;170811;C.S. SORIA RURAL;C.L. FUENTETECHA
1708;Gerencia de Soria;170811;C.S. SORIA RURAL;C.L. TORREAREVALO
1708;Gerencia de Soria;170811;C.S. SORIA RURAL;C.L. VILLABUENA
1708;Gerencia de Soria;170811;C.S. SORIA RURAL;C.S. SORIA RURAL
1708;Gerencia de Soria;170812;C.S. S.PEDRO MANRIQUE;C.L. EL COLLADO
1708;Gerencia de Soria;170812;C.S. S.PEDRO MANRIQUE;C.L. LOS CAMPOS
1708;Gerencia de Soria;170812;C.S. S.PEDRO MANRIQUE;C.L. VENTOSA DE SAN PEDRO
1709;Gerencia de Valladolid Oeste;170910;C.S. MAYORGA DE CAMPOS;C.L. IZAGRE
1709;Gerencia de Valladolid Oeste;170910;C.S. MAYORGA DE CAMPOS;C.S. MAYORGA DE CAMPOS
1709;Gerencia de Valladolid Oeste;170914;C.S. MOTA DEL MARQUES;C.L. ADALIA
1709;Gerencia de Valladolid Oeste;170914;C.S. MOTA DEL MARQUES;C.L. CEBRIAN DE MAZO.
1709;Gerencia de Valladolid Oeste;170914;C.S. MOTA DEL MARQUES;C.L. MARZALES
1709;Gerencia de Valladolid Oeste;170914;C.S. MOTA DEL MARQUES;C.L. VILLARDEFRADES
1709;Gerencia de Valladolid Oeste;170916;C.S. PISUERGA;C.L. CIGUÑUELA
1709;Gerencia de Valladolid Oeste;170919;C.S. PARQUE ALAMEDA-COVARESA;PUENTE DUERO
1709;Gerencia de Valladolid Oeste;170920;C.S. TORDESILLAS;C.L. PEDROSA DEL REY
1709;Gerencia de Valladolid Oeste;170920;C.S. TORDESILLAS;C.L. TORRECILLA ABADESA
1709;Gerencia de Valladolid Oeste;170924;C.S. VILLAFRECHOS;C.L. MORALES DE CAMPOS
1710;Gerencia de Valladolid Este;171002;C.S. ESGUEVILLAS;C.L. AMUSQUILLO
1710;Gerencia de Valladolid Este;171002;C.S. ESGUEVILLAS;C.L. VILLACO
1710;Gerencia de Valladolid Este;171006;C.S. ISCAR;C.L. MATA DE CUELLAR
1710;Gerencia de Valladolid Este;171006;C.S. ISCAR;C.L. REMONDO
1710;Gerencia de Valladolid Este;171012;C.S. RONDILLA II;C.S. RONDILLA II
1710;Gerencia de Valladolid Este;171014;C.S. SAN PABLO;C.S. SAN PABLO
1710;Gerencia de Valladolid Este;171015;C.S. PEÑAFIEL;C.L. CANALEJAS DE P.
1710;Gerencia de Valladolid Este;171015;C.S. PEÑAFIEL;C.L. CURIEL DE DUERO
1710;Gerencia de Valladolid Este;171015;C.S. PEÑAFIEL;C.L. LANGAYO
1710;Gerencia de Valladolid Este;171015;C.S. PEÑAFIEL;C.L. PIÑEL DE ABAJO
1710;Gerencia de Valladolid Este;171015;C.S. PEÑAFIEL;C.L. VALDEARCOS DE VEGA
1710;Gerencia de Valladolid Este;171016;C.S. PORTILLO;C.S. ARRABAL DE PORTILLO
1710;Gerencia de Valladolid Este;171016;C.S. PORTILLO;C.S. PORTILLO
1710;Gerencia de Valladolid Este;171019;C.S. ALAEJOS;C.L. CASTRONUÑO
1710;Gerencia de Valladolid Este;171021;C.S. MEDINA CAMPO RURAL;C.L. BOBADILLA CAMPO
1710;Gerencia de Valladolid Este;171021;C.S. MEDINA CAMPO RURAL;C.L. EL CARPIO
1710;Gerencia de Valladolid Este;171021;C.S. MEDINA CAMPO RURAL;C.L. MURIEL ZAPARDIEL
1710;Gerencia de Valladolid Este;171021;C.S. MEDINA CAMPO RURAL;C.L. TORRECILLA VALLE
1710;Gerencia de Valladolid Este;171025;C.S. VALLADOLID RURAL I;C.L. CABEZON PISUERGA
1710;Gerencia de Valladolid Este;171026;C.S. CIGALES;C.L. MUCIENTES
1711;Gerencia de Zamora;171102;C.S. ALCAÑICES;C.L. BERCIANOS DE ALISTE
1711;Gerencia de Zamora;171102;C.S. ALCAÑICES;C.L. SANTA ANA
1711;Gerencia de Zamora;171102;C.S. ALCAÑICES;C.L. UFONES
1711;Gerencia de Zamora;171102;C.S. ALCAÑICES;C.L. VILLARINO DE MANZANAS
1711;Gerencia de Zamora;171103;C.S. ALTA SANABRIA;C.L. PORTO
1711;Gerencia de Zamora;171105;C.S. BENAVENTE SUR;C.L. BRETO DE LA RIBERA
1711;Gerencia de Zamora;171105;C.S. BENAVENTE SUR;C.L. SANTOVENIA
1711;Gerencia de Zamora;171106;C.S. CAMARZANA DE TERA;C.L. MELGAR DE TERA
1711;Gerencia de Zamora;171107;C.S. VILLARRIN;C.L. CERECINOS DEL CARRIZAL
1711;Gerencia de Zamora;171108;C.S. CARBAJALES DE ALBA;C.L. CASTILLO DE ALBA
1711;Gerencia de Zamora;171108;C.S. CARBAJALES DE ALBA;C.L. LOSACINO
1711;Gerencia de Zamora;171109;C.S. MOMBUEY;C.L. CIONAL
1711;Gerencia de Zamora;171109;C.S. MOMBUEY;C.L. JUSTEL
1711;Gerencia de Zamora;171109;C.S. MOMBUEY;C.L. VILLALVERDE
1711;Gerencia de Zamora;171110;C.S. CORRALES DEL VINO;C.L. MAYALDE
1711;Gerencia de Zamora;171110;C.S. CORRALES DEL VINO;C.L. PEÑAUSENDE
1711;Gerencia de Zamora;171112;C.S. SANTA ELENA;C.S. SANTA ELENA
1711;Gerencia de Zamora;171113;C.S. LA GUAREÑA;C.L. FUENTELAPEÑA
1711;Gerencia de Zamora;171113;C.S. LA GUAREÑA;C.L. SAN MIGUEL DE LA RIBERA
1711;Gerencia de Zamora;171113;C.S. LA GUAREÑA;C.S. FUENTESAUCO
1711;Gerencia de Zamora;171113;C.S. LA GUAREÑA;C.S. LA GUAREÑA
1711;Gerencia de Zamora;171114;C.S. PUEBLA DE SANABRIA;C.L. CASTELLANOS
1711;Gerencia de Zamora;171114;C.S. PUEBLA DE SANABRIA;C.L. GALENDE
1711;Gerencia de Zamora;171114;C.S. PUEBLA DE SANABRIA;C.L. ROBLEDO
1711;Gerencia de Zamora;171114;C.S. PUEBLA DE SANABRIA;C.L. VALDESPINO
1711;Gerencia de Zamora;171115;C.S. BERMILLO DE SAYAGO;C.L. ESCUADRO
1711;Gerencia de Zamora;171115;C.S. BERMILLO DE SAYAGO;C.L. FARIZA
1711;Gerencia de Zamora;171115;C.S. BERMILLO DE SAYAGO;C.L. VIÑUELA DE SAYAGO
1711;Gerencia de Zamora;171116;C.S. TABARA;C.L. FERRERAS DE ABAJO
1711;Gerencia de Zamora;171116;C.S. TABARA;C.L. SESNANDEZ
1711;Gerencia de Zamora;171116;C.S. TABARA;C.S. TABARA
1711;Gerencia de Zamora;171117;C.S. TORO;C.L. VILLAVENDIMIO
1711;Gerencia de Zamora;171118;C.S. SANTIBAÑEZ VIDRIAL;C.L. BERCIANOS DE VIDRIALES
1711;Gerencia de Zamora;171119;C.S. VILLALPANDO;C.L. CAÑIZO
1711;Gerencia de Zamora;171119;C.S. VILLALPANDO;C.L. VILLAR DE FALLAVES
1711;Gerencia de Zamora;171121;C.S. ZAMORA NORTE;C.L. ALMENDRA
1711;Gerencia de Zamora;171121;C.S. ZAMORA NORTE;C.L. CEREZAL DE ALISTE
1711;Gerencia de Zamora;171121;C.S. ZAMORA NORTE;C.L. RICOBAYO
1711;Gerencia de Zamora;171121;C.S. ZAMORA NORTE;C.L. VALCABADO
1711;Gerencia de Zamora;171122;C.S. ZAMORA SUR;C.L. CASASECA DE LAS CHANAS
1711;Gerencia de Zamora;171122;C.S. ZAMORA SUR;C.L. ENTRALA
1711;Gerencia de Zamora;171122;C.S. ZAMORA SUR;C.L. PERERUELA
1702;Gerencia de Burgos;170209;C.S. BURGOS RURAL SUR;C.L. ESTEPAR
1702;Gerencia de Burgos;170209;C.S. BURGOS RURAL SUR;C.L. REVILLARRUZ
1702;Gerencia de Burgos;170209;C.S. BURGOS RURAL SUR;C.L. TORRELARA
1702;Gerencia de Burgos;170211;C.S. ESPINOSA MONTEROS;C.L. MACHORRAS, LAS
1702;Gerencia de Burgos;170216;C.S. LERMA;C.L. CILLERUELO DE ABAJO
1702;Gerencia de Burgos;170216;C.S. LERMA;C.L. CIRUELOS DE CERVERA
1702;Gerencia de Burgos;170216;C.S. LERMA;C.L. SANTA INES
1702;Gerencia de Burgos;170216;C.S. LERMA;C.L. TEJADA
1702;Gerencia de Burgos;170216;C.S. LERMA;C.L. VILLAMAYOR DE LOS MONTES
1702;Gerencia de Burgos;170220;C.S. MELGAR FERNAMENTAL;C.L. HINESTROSA
1702;Gerencia de Burgos;170220;C.S. MELGAR FERNAMENTAL;C.L. TAGARROSA
1702;Gerencia de Burgos;170223;C.S. PAMPLIEGA;C.L. PRESENCIO
1702;Gerencia de Burgos;170223;C.S. PAMPLIEGA;C.L. VALLEGERA
1702;Gerencia de Burgos;170226;C.S. SALAS LOS INFANTES;C.L. HACINAS
1702;Gerencia de Burgos;170229;C.S. SEDANO;C.L. PORQUERA DEL BUTRON
1702;Gerencia de Burgos;170229;C.S. SEDANO;C.L. TUDANCA
1702;Gerencia de Burgos;170233;C.S. VILLADIEGO;C.L. BORCOS
1702;Gerencia de Burgos;170233;C.S. VILLADIEGO;C.L. SOLANO
1702;Gerencia de Burgos;170233;C.S. VILLADIEGO;C.L. VILLAMAYOR DE TREVIÑO
1702;Gerencia de Burgos;170234;C.S. VALLE DE MENA;C.L. BERRON EL
1703;Gerencia de León;170301;C.S. ARMUNIA;C.L. ANTIMIO DE ABAJO
1703;Gerencia de León;170301;C.S. ARMUNIA;C.L. GRULLEROS
