﻿NUM_REG;NOMBRE_COMERCIAL;TELEFONO;CALLE;PROVINCIA;LOCALIDAD;MUNICIPIO;CODIGO_POSTAL;NUMERO
49-E1-00076;SANCHEZ OREJA, MARIA TERESA;980651493;CALLE CALVO SOTELO;ZAMORA;MORALES DE REY;MORALES DE REY;49693;25
49-E1-00078;PARRA PEREZ, MARIA PALOMA;;CALLE MAJADA;ZAMORA;CUBO DE BENAVENTE;CUBO DE BENAVENTE;49327;S/N
49-E1-00079;GONZALEZ VAZQUEZ, TERESA;980531509;CALLE SAN BLAS;ZAMORA;ZAMORA;ZAMORA;49023;13
49-E1-00085;MACIAS MACIAS, MARIA ISABEL / PRIETO CORPAS, JUAN;980531417;CALLE FERIA;ZAMORA;ZAMORA;ZAMORA;49004;16
49-E1-00092;FERNANDEZ MOLOWNY, FERNANDA;980666016;PLAZA ESPAÑA;ZAMORA;VILLANUEVA DEL CAMPO;VILLANUEVA DEL CAMPO;49100;7
49-E1-00094;MAYADO COLINO, ANDREA;980621767;CALLE PLAZA PUENTE MERCADO;ZAMORA;PUENTE (EL);GALENDE;49360;37
49-E1-00099;MARCOS VIDAL, ANA MARIA;;PLAZA MAYOR;ZAMORA;VILLAR DEL BUEY;VILLAR DEL BUEY;49240;5
49-E1-00101;HERNANDEZ GOMEZ, ROBERTO;980565021;CALLE TORO;ZAMORA;SAN MIGUEL DE LA RIBERA;SAN MIGUEL DE LA RIBERA;49717;5
49-E1-00104;VARA DE LA IGLESIA, MARIA YOLANDA;980531606;CALLE RENOVA;ZAMORA;ZAMORA;ZAMORA;49002;19
49-E1-00105;FERNANDEZ GARCIA MUÑOZ, MARIA JESUS;980653079;AVDA  EMETERIO FURONES;ZAMORA;SANTIBAÑEZ DE TERA;SANTIBÁÑEZ DE TERA;49625;5
49-E1-00107;ALBERCA DE LA IGLESIA, FRANCISCO JAVIER;980520537;CALLE POLVORIN;ZAMORA;ZAMORA;ZAMORA;49030;12
49-E1-00108;TENORIO SANABRIA, RUBEN DARIO;980683047;CALLE FUENTE;ZAMORA;FIGUERUELA DE ARRIBA;FIGUERUELA DE ARRIBA;49520;S/N
49-E1-00118;ORDAX MARTIN, PILAR;980663135;CALLE GASPAR DE CEPEDA;ZAMORA;FUENTES DE ROPEL;FUENTES DE ROPEL;;S/N
49-E1-00119;GALLEGO RODRIGUEZ, ANGEL;980597624;CALLE JOSE FOLGADO;ZAMORA;OLMILLOS DE CASTRO;OLMILLOS DE CASTRO;49147;2
49-E1-00122;CALVO MARTINEZ, ANA;;CALLE ANTONIO FRANCO;ZAMORA;FRESNO DE LA RIBERA;FRESNO DE LA RIBERA;49590;5
49-E1-00124;ALFAGEME COCA, MARIA NURIA;980573182;CALLE CAÑO;ZAMORA;VENIALBO;VENIALBO;49153;11
49-E1-00125;MULAS CECILIO, MARIA;980575113;CALLE CALZADA;ZAMORA;SANZOLES;SANZOLES;49152;1
49-E1-00129;FERRERO CARVAJAL, MARIA ANGELES;980654223;CALLE MOLINO;ZAMORA;ARCOS DE LA POLVOROSA;ARCOS DE LA POLVOROSA;49699;44
49-E1-00134;GARCIA GARCIA, MARIA MERCEDES;;CALLE MARCHA PARALELA;ZAMORA;CAÑIZAL;CAÑIZAL;;7
49-E1-00135;VALERO DOMINGUEZ, MARTA;980606299;CALLE SEGOVIA;ZAMORA;PEGO (EL);PEGO, EL;49154;16
49-E1-00138;GALLEGO FERNANDEZ, ADRIANA;980552158;CALLE VILLAR;ZAMORA;HINIESTA (LA);HINIESTA, LA;49192;4
49-E1-00139;SANCHEZ IGLESIAS, MARIA ELENA;;CALLE SAN PEDRO;ZAMORA;MORALES DE VALVERDE;MORALES DE VALVERDE;49697;6
49-E1-00140;ALONSO FELIZ, VICTOR CONRADO;980695540;TRVA  CASTILLO;ZAMORA;VEZDEMARBAN;VEZDEMARBÁN;49840;9
49-E1-00141;GONZALEZ ESCRIBANO, NURIA;980538739;CTRA  GIJON SEVILLA;ZAMORA;ROALES;ROALES;49192;13
49-E1-00145;HERNANDEZ PIRIZ, IRENE;;CALLE BAJO DE LA IGLESIA;ZAMORA;MAHIDE;MAHIDE;49522;0
49-E1-00146;MATALLANA BORDAS, MONTSERRAT;;CALLE LA IGLESIA;ZAMORA;MOZAR;VILLANÁZAR;49698;1
49-E1-00157;DEZA MARBAN, MARIA DEL CARMEN;;CALLE SACRAMENTO;ZAMORA;VILLALBA DE LA LAMPREANA;VILLALBA DE LA LAMPREANA;49126;12
49-E1-00160;SAEZ TORMO, M PILAR ANA JESUS;;CALLE CARRETERA;ZAMORA;PUMAREJO DE TERA;MELGAR DE TERA;49626;7
49-E1-00165;GONZALEZ HIERRO, JAVIER;980511560;CTRA  HINIESTA;ZAMORA;ZAMORA;ZAMORA;49025;121
49-E1-00166;PEREZ PORDOMINGO, SANTIAGO;;PLAZA ESPAÑA;ZAMORA;CARBELLINO;CARBELLINO;49211;2
49-E1-00171;ESCRIBANO ARAGON, M YOLANDA;;AVDA  BARRIO TRANVASEVES;ZAMORA;PALACIOS DE SANABRIA;PALACIOS DE SANABRIA;49322;19
49-E1-00172;ANTOLIN ANDRES, MARIA PILAR;;CALLE ALFONSO XIII;ZAMORA;GUARRATE;GUARRATE;49156;19
49-E1-00173;DEL HOYO LOPEZ, LAURA;;CALLE CAÑADA DE LA VIZANA;ZAMORA;BENAVENTE;BENAVENTE;49600;90
49-E1-00174;VICENTE GOMEZ, REBECA;;CALLE ALMARAZ;ZAMORA;ZAMORA;ZAMORA;49026;3
05-E1-00001;LOPEZ SANTIAGO, MARIA VIRTUDES;920211266;PLAZA SANTA TERESA;AVILA;AVILA;ÁVILA;05001;6
05-E1-00008;HERNANDEZ TERCIADO, CARLOS;920221772;CALLE CAPITAN PEÑAS;AVILA;AVILA;ÁVILA;05003;17
05-E1-00016;DEGANO HERNANDEZ DE LA TORRE, CESAR;920383325;PLAZA PILON (DEL);AVILA;SAN ESTEBAN DEL VALLE;SAN ESTEBAN DEL VALLE;05412;11
05-E1-00021;MARTIN MOÑIVAS, CESAR;920281006;CALLE SANTA TERESA;AVILA;BARRACO (EL);BARRACO, EL;05110;61
05-E1-00031;MEDINA SANCHEZ, MARIA DEL CARMEN;920385170;CTRA  GAVILANES;AVILA;MIJARES;MIJARES;05461;3
05-E1-00034;MORCUENDE CRESPO, ANA MARIA;920380075;CALLE DOMINGO LABAJO;AVILA;CANDELEDA;CANDELEDA;05480;2
05-E1-00037;GOMEZ CIRUJANO, JOSE MANUEL / GONZALEZ BARROSO, MARTA;918660944;CALLE CERVANTES;AVILA;SOTILLO DE LA ADRADA;SOTILLO DE LA ADRADA;;22
05-E1-00040;SANCHEZ GARCIA, CESAR;920245120;CALLE CALVO SOTELO;AVILA;FONTIVEROS;FONTIVEROS;05310;2
05-E1-00041;BARCO MARTIN, MARIA INES;920231439;CALLE ALCALDE MARTIN MARTIN BLAZQUEZ;AVILA;MUÑANA;MUÑANA;;S/N
05-E1-00050;SANCHEZ MONGE GOMEZ, CARLOS JOSE;920370028;CALLE TRISTE CONDESA;AVILA;ARENAS DE SAN PEDRO;ARENAS DE SAN PEDRO;05400;19
05-E1-00059;CASELLES ALBARRAN, ROSA;920342805;AVDA  ESCUELAS;AVILA;PUERTO CASTILLA;PUERTO CASTILLA;05621;S/N
05-E1-00068;DE VILLAREAL MENA, JOAQUIN;920378602;CALLE REGUERA (LA);AVILA;LANZAHITA;LANZAHÍTA;05490;2
05-E1-00075;LADRON DE CEGAMA MARTIN, MARIA ROCIO;920320565;CALLE ISABEL LA CATOLICA;AVILA;MADRIGAL DE LAS ALTAS TORRES;MADRIGAL DE LAS ALTAS TORRES;05220;11
05-E1-00076;SANCHEZ BLAZQUEZ, MARIA BELEN;920367130;CALLE SAN CRISTOBAL;AVILA;SANTA MARIA DEL BERROCAL;SANTA MARÍA DEL BERROCAL;05510;8
05-E1-00077;MONTEAGUDO BENITO, MONTSERRAT;920286162;CALLE IGLESIA;AVILA;NAVALUENGA;NAVALUENGA;05100;24
05-E1-00078;FERNANDO GARCIA, SARA;920222858;CALLE SEGOVIA;AVILA;AVILA;ÁVILA;05005;20
05-E1-00080;DE ANCOS LUMBRERAS, MARIA NATIVIDAD;920352098;CALLE NUESTRA SEÑORA DE SONSOLES;AVILA;AVILA;ÁVILA;05002;83
05-E1-00083;AYUSO RODRIGUEZ, SUSANA;918667125;CALLE ARROZ (EL);AVILA;CASILLAS;CASILLAS;05428;28
05-E1-00087;DE CASTRO RODRIGUEZ, OSCAR;920383296;CTRA  AVILA;AVILA;CUEVAS DEL VALLE;CUEVAS DEL VALLE;05414;36
05-E1-00091;LOPEZ MAYA, MARIA SOFIA;920297150;PLAZA GENERAL MOLA;AVILA;SAN JUAN DE LA NAVA;SAN JUAN DE LA NAVA;05111;43
05-E1-00096;VALDES SANCHEZ, CARMEN;920299356;CALLE PILON;AVILA;NAVALOSA;NAVALOSA;05123;S/N
05-E1-00098;PEREZ GASCH, CARLOS;920308109;CALLE CAÑO (DEL);AVILA;PALACIOS DE GODA;PALACIOS DE GODA;05215;7
05-E1-00099;CORDON MARCOS, CARLOS;920261053;PLAZA IGLESIA (DE LA);AVILA;HERNANSANCHO;HERNANSANCHO;05164;19
05-E1-00107;KARINA SENKOVICH, DRINKA;918673012;CALLE CONSTITUCION;AVILA;HIGUERA DE LAS DUEÑAS;HIGUERA DE LAS DUEÑAS;05427;38
05-E1-00109;LASTRAS AJATES, ESTEFANIA;920241407;CALLE AVILA;AVILA;PAPATRIGO;PAPATRIGO;05358;S/N
05-E1-00111;ZAMORA JIMENEZ, NURIA;920269474;CTRA  AVILA MUÑICO;AVILA;MARTIHERRERO;MARTIHERRERO;05140;S/N
05-E1-00121;HERNANDEZ GARCIA, MARIA CRISTINA;920306182;PLAZA ESCUELAS;AVILA;ALDEASECA;ALDEASECA;05212;3
05-E1-00122;BECERRIL CHAMORRO, ELVIRA;920223572;CALLE PLAZA (DE LA);AVILA;PADIERNOS;PADIERNOS;05520;22
05-E1-00123;DEL RIO VIDAL, MARIA TERESA;920344106;CALLE ANGOSTA;AVILA;ALDEHUELA (LA);ALDEHUELA, LA;05593;5
05-E1-00124;GARCIA HOLGADO, MARIA ANGELES;920370980;CALLE AVDA. DE LOURDES;AVILA;ARENAS DE SAN PEDRO;ARENAS DE SAN PEDRO;05400;29
05-E1-00132;SAENZ DE MIERA MUÑOZ, ALFREDO;;CALLE HORNOS CALEROS (DE LOS);AVILA;AVILA;ÁVILA;05003;60
05-E1-00134;GRANDE FERNANDEZ, MARIA;;CALLE CALENDULA;AVILA;AVILA;ÁVILA;05001;2
09-E1-00002;MORAL ORTIZ, ANA PILAR;947204274;CALLE JOSE LUIS SANTAMARIA;BURGOS;BURGOS;BURGOS;09003;47
09-E1-00003;MARMOLEJOS , CATHERINE FAVEL;947201717;PASEO ESPOLON;BURGOS;BURGOS;BURGOS;09003;22
09-E1-00005;TOMAS GARCIA, MARIA PILAR;;PLAZA VEGA;BURGOS;BURGOS;BURGOS;09002;11
09-E1-00007;GONZALEZ DE LA FUENTE, MARTA;947201530;AVDA  CID CAMPEADOR;BURGOS;BURGOS;BURGOS;09005;6
09-E1-00013;MARTINEZ PEÑA, CRISTINA;947201545;CALLE CARDENAL SEGURA;BURGOS;BURGOS;BURGOS;09003;8
09-E1-00014;SERRANO LLAMAZARES, ROBERTO;947405076;CALLE SAN MIGUEL;BURGOS;ARCOS;ARCOS;;38
09-E1-00018;MARTINEZ PEREZ, LUIS ANGEL;947451022;CALLE MEDIODIA;BURGOS;TARDAJOS;TARDAJOS;09130;6
09-E1-00019;PRADA DE LAS HERAS, ANA;947500185;CALLE ISILLA;BURGOS;ARANDA DE DUERO;ARANDA DE DUERO;09400;30
09-E1-00021;LAZARO CEBAS, JULIAN;947500269;PLAZA MAYOR;BURGOS;ARANDA DE DUERO;ARANDA DE DUERO;09400;10
09-E1-00023;ANGULO ROSA, MARIA CARMEN;;CALLE ARIAS DE MIRANDA;BURGOS;FUENTESPINA;FUENTESPINA;;22
09-E1-00027;ORTIZ TORRES, LARA;947536170;CALLE COSTANILLA;BURGOS;CASTRILLO DE LA VEGA;CASTRILLO DE LA VEGA;09391;56
09-E1-00034;JIMENO SANCHEZ, MARIA JOSEFA;947552006;CALLE BOTICA (DE LA);BURGOS;PEÑARANDA DE DUERO;PEÑARANDA DE DUERO;09410;19
09-E1-00036;JABONERO CALLEJO, AGUSTIN;947553100;CALLE GENERAL SANZ PASTOR;BURGOS;ZAZUAR;ZAZUAR;09490;47
09-E1-00037;VALLADARES MONTOYA, CARMEN;947580020;CALLE CERCAS;BURGOS;BELORADO;BELORADO;09250;1
09-E1-00038;RUIZ LOPEZ, MARIA CANDELAS;947583019;CALLE PUENTE;BURGOS;CEREZO DE RIO TIRON;CEREZO DE RÍO TIRÓN;09270;5
09-E1-00047;ROJO ESCUDERO, MARIA CRISTINA;947484208;CALLE SAN ISIDRO;BURGOS;CARDEÑAJIMENO;CARDEÑAJIMENO;;20
09-E1-00049;HERRERO DIEZ DEL CORRAL, CARMEN;;PLAZA IGLESIA;BURGOS;POZA DE LA SAL;POZA DE LA SAL;09246;5
09-E1-00051;CORBALAN TUTAU, MARIA DOLORES;947377040;CALLE CARRETERILLA;BURGOS;CASTROJERIZ;CASTROJERIZ;09110;S/N
09-E1-00053;GUTIERREZ GUTIERREZ, EVA / RODRIGUEZ HERVELLA, AVELINO;947484836;CTRA  POZA;BURGOS;BURGOS;BURGOS;09007;12
09-E1-00055;CALLEJA SETIEN, ITZIAR;947358776;CALLE CARRETERA MIRANDA;BURGOS;QUINTANA MARTIN GALINDEZ;VALLE DE TOBALINA;09210;27
09-E1-00064;GONZALEZ GARCIA, MARIA MANUELA;947220925;CALLE ARZOBISPO DE CASTRO;BURGOS;BURGOS;BURGOS;09007;1
09-E1-00066;YENES VARELA, ALEJANDRO;947171288;CALLE PONIENTE;BURGOS;VILLALMANZO;VILLALMANZO;09390;9
09-E1-00067;ARROYO DOMINGO, PALOMA LUISA;;CALLE FEDERICO OLMEDA;BURGOS;BURGOS;BURGOS;09006;21
09-E1-00069;DOMINGO BROTONS, MARI LUZ;947205178;CALLE BARRIO GIMENO;BURGOS;BURGOS;BURGOS;09001;30
09-E1-00075;SAIZ DIAZ, JIMENA;947174266;CALLE ANTONIO SANCHEZ;BURGOS;SANTA MARIA DEL CAMPO;SANTA MARÍA DEL CAMPO;09342;S/N
09-E1-00077;CORNEJO MARROQUIN, MARIA CONCEPCION INMACULADA;947204585;CALLE SAN PEDRO Y SAN FELICES;BURGOS;BURGOS;BURGOS;09001;14
09-E1-00082;PRIOR DE CASTRO, CONCEPCION;947320006;CALLE ARENAL;BURGOS;MIRANDA DE EBRO;MIRANDA DE EBRO;09200;79
09-E1-00091;GONZALEZ HORTIGUELA, ANA;947214510;AVDA  VENA;BURGOS;BURGOS;BURGOS;09005;6
09-E1-00093;RUIZ BARREDO, BEGOÑA;947321151;CALLE ALMIRANTE BONIFAZ;BURGOS;MIRANDA DE EBRO;MIRANDA DE EBRO;09200;29
09-E1-00094;MARTINEZ DE SIMON ALAMEDA, CARMEN / MARTINEZ DE SIMON ALAMEDA, MARIA;947276843;PASEO REGINO SAINZ DE LA MAZA;BURGOS;BURGOS;BURGOS;09004;12
09-E1-00101;PEREZ FERNANDEZ, ALICIA;947226854;AVDA  CID CAMPEADOR;BURGOS;BURGOS;BURGOS;09006;89
09-E1-00102;GUTIERREZ ORDAZ, BEGOÑA;947310184;CALLE ESTACION;BURGOS;MIRANDA DE EBRO;MIRANDA DE EBRO;09200;5
09-E1-00108;IPARRAGUIRRE MARTINEZ, CECILIA;947190802;CALLE JUAN DE MEDINA;BURGOS;MEDINA DE POMAR;MEDINA DE POMAR;09500;7
09-E1-00109;DE LA CRUZ MARTINEZ, MARIA VICTORIA;;AVDA  DE LA PAZ;BURGOS;BURGOS;BURGOS;;22
09-E1-00111;SALAZAR LAVILLA, LEIRE;945360063;CALLE CARRETERA DE MIRANDA DE EBRO;BURGOS;TREVIÑO;CONDADO DE TREVIÑO;09215;0
09-E1-00114;SANCHEZ ALONSO, JOSE JUAN / SANCHEZ MARTIN, LUCIA;947214302;AVDA  ELADIO PERLADO;BURGOS;BURGOS;BURGOS;09007;16
09-E1-00118;CARAZO ORTEGA, JOSE CARLOS;947266028;CALLE SAN PABLO;BURGOS;BURGOS;BURGOS;09002;37
09-E1-00120;OJEDA SAN MIGUEL, JOSE MIGUEL;947310498;CALLE CIUDAD VIERZON;BURGOS;MIRANDA DE EBRO;MIRANDA DE EBRO;09200;36
09-E1-00122;NIÑO RODRIGUEZ, ESTHER EULALIA;947240159;CALLE JUAN DE PADILLA;BURGOS;BURGOS;BURGOS;09006;19
09-E1-00126;GARCIA VIVANCO, CARLOS;947292603;CALLE VILLARMERO;BURGOS;QUINTANADUEÑAS;ALFOZ DE QUINTANADUEÑAS;09197;4
09-E1-00127;LABRADOR MAROTO, TERESA;947265681;CALLE ANDRES MARTINEZ ZATORRE;BURGOS;BURGOS;BURGOS;09002;1
09-E1-00128;DEL CURA SOTO, MARIA ELENA;947512666;AVDA  LUIS MATEOS;BURGOS;ARANDA DE DUERO;ARANDA DE DUERO;09400;1
09-E1-00131;CORTES PEÑA, YOHANA;947532677;CALLE IGLESIA;BURGOS;FUENTECEN;FUENTECÉN;09315;S/N
09-E1-00132;MARTINEZ GOMEZ, MARIA EUGENIA;947186038;AVDA  GENERALISIMO;BURGOS;TORDOMAR;TORDÓMAR;09341;32
09-E1-00133;MARTIN DE VALMASEDA GUIJARRO, ESTHER;947542163;CALLE SAN PEDRO;BURGOS;HORRA (LA);HORRA, LA;09311;32
09-E1-00148;TIELVE DIEZ, LETICIA;947393002;CALLE CAMINO DE LA FUENTE;BURGOS;PALACIOS DE LA SIERRA;PALACIOS DE LA SIERRA;09680;2
09-E1-00151;ROM VALLVERDU, JUAN LUIS;947153153;AVDA  ALEJANDRO RODRIGUEZ DE VALCARCEL;BURGOS;SONCILLO;VALLE DE VALDEBEZANA;;22
09-E1-00161;DELGADO SAINZ, BEATRIZ;947460300;CALLE BRASIL;BURGOS;BURGOS;BURGOS;09001;19
09-E1-00163;SANZ HERNAN, MARIA AMPARO;947513013;CALLE SAN FRANCISCO;BURGOS;ARANDA DE DUERO;ARANDA DE DUERO;09400;31
09-E1-00165;FARMACIA LCDO. CASTILLEJO BARRÓN, LOURDES;947244379;CALLE CONDESA MENCIA;BURGOS;BURGOS;BURGOS;09006;159
09-E1-00170;TORRECILLA SAN MILLAN, SANDRA;;CALLE RONDA DEL FERROCARRIL;BURGOS;MIRANDA DE EBRO;MIRANDA DE EBRO;09200;45
09-E1-00173;PRIOR DE CASTRO, TERESA;;CALLE ESTACION;BURGOS;MIRANDA DE EBRO;MIRANDA DE EBRO;09200;32
09-E1-00176;GARCIA ECHEVESTE, MARIA ISABEL;947228505;AVDA  CID CAMPEADOR;BURGOS;BURGOS;BURGOS;09005;20
09-E1-00177;LOSA VILLANUEVA, RAUL;947333458;CALLE ALFONSO VI;BURGOS;MIRANDA DE EBRO;MIRANDA DE EBRO;09200;23
09-E1-00180;MORAL ORTIZ, RODRIGO;947260121;CALLE CALLEJA Y ZURITA;BURGOS;BURGOS;BURGOS;09001;6
09-E1-00182;BRIME BERDUGO, INES;947501237;CALLE CASTILLA;BURGOS;ARANDA DE DUERO;ARANDA DE DUERO;;58
09-E1-00183;PEÑA VALBUENA, MERCEDES;947311144;CALLE RAMON Y CAJAL;BURGOS;MIRANDA DE EBRO;MIRANDA DE EBRO;09200;11
09-E1-00190;SANTOS FRAILE, MARIA LUISA;;CALLE AMISTAD;BURGOS;VILLASANA DE MENA;VALLE DE MENA;;2
09-E1-00195;GARCIA HERNANDO, ANA MARIA;;AVDA  CASTILLA;BURGOS;ARANDA DE DUERO;ARANDA DE DUERO;09400;57
09-E1-00201;GONZALEZ MARTINEZ, BLANCA;;CALLE ESTEBAN SAEZ ALVARADO;BURGOS;BURGOS;BURGOS;09007;32
09-E1-00203;BELLIDO ARMENTEROS, MARIA PAZ;;CALLE C/ PASEO LA SERNA;BURGOS;BURGOS;BURGOS;;3
09-E1-00205;ARRANZ GUTIERREZ, MARIA RAQUEL;;CALLE NUESTRA SEÑORA DE FATIMA;BURGOS;BURGOS;BURGOS;09007;18
09-E1-00207;MARIA GARCIA, AURELIANA;;CALLE CALLE EL FRONTON;BURGOS;NOFUENTES;MERINDAD DE CUESTA-URRIA;;6
24-E1-00005;GARCIA MAGAZ, INMACULADA;;CALLE GARCIA PRIETO;LEON;ASTORGA;ASTORGA;24700;2
24-E1-00007;ESPINETE CABEZA, VICTORIA / FERNANDEZ FERNANDEZ, MARCOS;987718008;CALLE JOSE LEON IZAGUIRRE;LEON;SABERO;SABERO;;2
24-E1-00008;BOTE RAMA, ALICIA;;CALLE REPUBLICA ARGENTINA;LEON;PONFERRADA;PONFERRADA;24400;6
24-E1-00011;LOZANO REBOLLO, ANA BELEN;;CALLE ASTORGA;LEON;DESTRIANA;DESTRIANA;24730;S/N
24-E1-00021;RODRIGUEZ FERNANDEZ, YOLANDA;;CTRA  CAMPO;LEON;SAN EMILIANO;SAN EMILIANO;24144;0
24-E1-00023;GARCIA PEREZ, CARMEN;;CALLE AVDA. SAN ANDRES;LEON;LEON;LEÓN;24009;9
24-E1-00029;ALVAREZ MORAN, YOLANDA;;AVDA  ANCARES;LEON;VEGA DE ESPINAREDA;VEGA DE ESPINAREDA;24430;14
24-E1-00030;CACHON LOPEZ, MARIA CONSUELO;;CALLE RAMON Y CAJAL;LEON;ROBLA (LA);ROBLA, LA;24640;22
24-E1-00032;SALGADO VERANO, MARIA;;CALLE CARRETERA DEGAÑA;LEON;CABOALLES DE ABAJO;VILLABLINO;24110;36
24-E1-00035;RUBIO RUBIO, GUMERSINDO;;CALLE VEGA (LA);LEON;PARAMO DEL SIL;PÁRAMO DEL SIL;24470;S/N
24-E1-00036;ROJO BLANCO, DAVID;987374757;AVDA  BAÑEZA (LA);LEON;VEGUELLINA DE ORBIGO;VILLAREJO DE ÓRBIGO;24350;1
24-E1-00037;FERNANDEZ DE LAS MORAS, MARIA JOSE;;CALLE ASTORGA;LEON;BAÑEZA (LA);BAÑEZA, LA;24750;4
24-E1-00041;PACHECO SANZ, MARTA;;AVDA  MARIANO ANDRES;LEON;LEON;LEÓN;24008;53
24-E1-00047;GAVELA GARCIA, MARIA CARMEN;;AVDA  AVDA. GENERAL GOMEZ NUÑEZ;LEON;PONFERRADA;PONFERRADA;24400;24
24-E1-00049;LANGE GIRON, MARIA;;AVDA  LEON;LEON;MATALLANA DE VALMADRIGAL;SANTA CRISTINA DE VALMADRIGAL;;32
24-E1-00056;FERNANDEZ NUÑEZ, MARTA;;CALLE PUENTE DE HIERRO;LEON;CARRIZO DE LA RIBERA;CARRIZO;24270;64
24-E1-00057;TOURIÑO SIERRA, LAURA;;AVDA  MADRID;LEON;LEON;LEÓN;24005;24
24-E1-00058;PEINADOR FERNANDEZ, MARIA BELEN;;CALLE CARRETERA ALMANZA;LEON;PUENTE ALMUHEY;VALDERRUEDA;24880;S/N
24-E1-00060;SANCHEZ MAYA, ANA BELEN;987584003;CALLE AMADEO LARAN;LEON;CIÑERA;POLA DE GORDÓN, LA;24660;6
24-E1-00063;ALVAREZ ALONSO, CLARA MARIA / QUINTANA ALVAREZ, EZEQUIEL;987544246;AVDA  SANTALLA DE OSCOS;LEON;TORAL DE LOS VADOS;TORAL DE LOS VADOS;24560;20
24-E1-00064;PICOUTO GONZALEZ, SANTIAGO;;PLAZA MAYOR;LEON;SANTA MARIA DEL PARAMO;SANTA MARÍA DEL PÁRAMO;24240;S/N
24-E1-00065;ORDUÑA YAÑEZ, BLANCA;;AVDA  PORTUGAL;LEON;PONFERRADA;PONFERRADA;24400;S/N
24-E1-00066;VEGA GORDON, CELIA MARIA / VEGA GORDON, ROBERTO;;CALLE SAN PEDRO;LEON;LEON;LEÓN;24007;2
24-E1-00071;ESCUDERO RUBIO, MARIA DEL MAR;;VIA   PICO TUERTO;LEON;PONFERRADA;PONFERRADA;24400;5
24-E1-00074;FERNANDEZ PASTRANA, BLANCA ESTHER;;CALLE PASEO NUEVO;LEON;VALDERAS;VALDERAS;24220;1
24-E1-00079;MARTIN PEREZ, MARIA SALOME / RUBIO DIAZ, DAVID;987460158;AVDA  ORENSE;LEON;PUENTE DE DOMINGO FLOREZ;PUENTE DE DOMINGO FLÓREZ;24380;S/N
24-E1-00083;RODRIGUEZ MATA, LUCIA;;AVDA  ANTIBIOTICOS;LEON;ARMUNIA;LEÓN;24190;86
24-E1-00084;BERDUGO GONZALEZ, SARAH / MAYORAL ALONSO, ELISA;;CALLE CASTILLA;LEON;BEMBIBRE;BEMBIBRE;24300;5
24-E1-00086;ALVAREZ LORENZO, MARIA ARACELI;;CALLE ANTONIO GAMONEDA;LEON;LEON;LEÓN;24003;3
24-E1-00087;CASADO ALDARIZ, MARIA CARMEN;987752675;AVDA  CARLOS PINILLA;LEON;VALENCIA DE DON JUAN;VALENCIA DE DON JUAN;24200;9
24-E1-00088;GONZALEZ LOPEZ, IGNACIO;;CALLE GENERAL BENAVIDES;LEON;BAÑEZA (LA);BAÑEZA, LA;24750;3
24-E1-00089;SILVAN GONZALEZ, DANIEL;;AVDA  CAMINO DE SANTIAGO;LEON;CAMPONARAYA;CAMPONARAYA;24410;151
24-E1-00090;TEJERINA GARCIA, JESUS MARIA;;PLAZA CONCORDIA;LEON;BOÑAR;BOÑAR;24850;3
24-E1-00091;RODRIGUEZ TATO, MARTA;;AVDA  ESPAÑA;LEON;PONFERRADA;PONFERRADA;24400;1
24-E1-00095;CURRAS MARTINEZ, GRACIELA;987741054;CALLE JOSE ANTONIO;LEON;VECILLA DE CURUEÑO (LA);VECILLA, LA;24840;6
24-E1-00106;ANTON DE SOTO, JAVIER;;AVDA  FERNANDEZ LADREDA;LEON;LEON;LEÓN;24005;52
24-E1-00107;ALLER MARTINEZ, ANA MARIA;;CALLE TORRE (LA);LEON;LEON;LEÓN;24002;3
24-E1-00112;ORTEGA CARNERO, MARTA;;AVDA  DOCTOR FLEMING;LEON;LEON;LEÓN;24009;44
24-E1-00114;ROBLES RAMOS, PILAR;;CALLE ALCAZAR DE TOLEDO;LEON;LEON;LEÓN;24001;4
24-E1-00115;SANTOS GARCIA, CLARA ISABEL;;AVDA  PARROCO PABLO DIEZ;LEON;TROBAJO DEL CAMINO;SAN ANDRÉS DEL RABANEDO;24010;238
24-E1-00116;FERNANDEZ GARCIA, MARIA DOLORES;;AVDA  MAGDALENA (LA);LEON;CANALES-LA MAGDALENA;SOTO Y AMÍO;24120;2
24-E1-00117;PABLOS HERREZUELO, MAGDALENA;987488839;CTRA  LEON;LEON;CABRILLANES;CABRILLANES;24142;0
24-E1-00119;GEIJO ALVAREZ, MARIA JOSE;;CALLE SANTA CLARA;LEON;LEON;LEÓN;24002;12
24-E1-00124;FIOL MARTINEZ, FRANCISCO DE ASIS / FIOL MARTINEZ, LUCIA;;AVDA  ALCALDE MIGUEL CASTAÑO;LEON;LEON;LEÓN;;38
24-E1-00133;HERNANDEZ HERNANDEZ, MARIA VISITACION;;CALLE REAL;LEON;ALIJA DEL INFANTADO;ALIJA DEL INFANTADO;24761;166
24-E1-00134;CRESPO DIAZ, CRISTINA / MARTINEZ BUJANDA DIAZ, FERNANDO;;CALLE VILLA BENAVENTE;LEON;LEON;LEÓN;;25
24-E1-00137;VALLES SANTAMARTA, ISABEL;;AVDA  DOCTOR FLEMING;LEON;LEON;LEÓN;24009;8
24-E1-00138;MARQUES MARTINEZ, ANA ISABEL;;AVDA  SAN MAMES;LEON;LEON;LEÓN;24007;22
24-E1-00140;RODRIGUEZ GAGO, MARIA TERESA;;AVDA  SAN MAMES;LEON;LEON;LEÓN;24007;62
24-E1-00144;GARCIA BERCIANO, MARIA ASUNCION EULALIA;;CALLE CERVANTES;LEON;VIRGEN DEL CAMINO (LA);VALVERDE DE LA VIRGEN;24198;5
24-E1-00146;GARCIA DEL MORAL GARCIA, MARIA PILAR;;CALLE FRAY LUIS DE LEON;LEON;LEON;LEÓN;24005;24
24-E1-00147;GARCIA PEÑA GONZALEZ, RUBEN;;CALLE REYES LEONESES;LEON;LEON;LEÓN;24008;14
24-E1-00150;GONZALEZ NUÑEZ, JOSE CARLOS;;AVDA  PORTUGAL;LEON;PONFERRADA;PONFERRADA;24400;87
24-E1-00156;ESTEBAN FERNANDEZ, BEATRIZ;;AVDA  BIERZO (EL);LEON;BEMBIBRE;BEMBIBRE;24300;15
24-E1-00160;GUERRERO ABELLA, MATILDE M LEONOR / ALFONSO GUERRERO, ANA MARIA;;AVDA  PUEBLA;LEON;PONFERRADA;PONFERRADA;24400;6
24-E1-00161;QUINTANAL ALMAGRO, ELENA;;AVDA  ALCALDE MIGUEL CASTAÑO;LEON;LEON;LEÓN;24005;60
24-E1-00163;GAMEZ PEREZ, MARIA ANGUSTIAS / PEREZ GUERRERO, MARIA ANGUSTIAS;;CALLE MAESTRO NICOLAS;LEON;LEON;LEÓN;24005;46
24-E1-00164;ALVAREZ ROBLES, PABLO;;AVDA  NOCEDO;LEON;LEON;LEÓN;24007;20
24-E1-00165;URIA SANTAMARINA, MIGUEL ANGEL;;CALLE ELADIA BAYLINA;LEON;PONFERRADA;PONFERRADA;24400;4
24-E1-00166;TERRON GARCIA, ANA MARIA;;AVDA  PORTUGAL;LEON;PONFERRADA;PONFERRADA;24400;6
24-E1-00168;GUNDIN LUNA, MARIA ENCARNACION;;AVDA  AVDA. PONFERRADA;LEON;ASTORGA;ASTORGA;24700;45
24-E1-00171;DIEZ GARCIA, MARIA TERESA;;AVDA  FERNANDEZ LADREDA;LEON;LEON;LEÓN;;S/N
24-E1-00174;ORALLO CAMBEIRO, MARIA GEMMA;;AVDA  DOCTORES TERRON;LEON;FABERO;FABERO;;11
24-E1-00181;FERNANDEZ SEVILLANO, MARIA VICTORIA;;CALLE ASTORGA;LEON;LEON;LEÓN;;6
40-E1-00012;PALOMO COLLAZO, MARIA DOLORES;921440673;CALLE JOSE ZORRILLA;SEGOVIA;SEGOVIA;SEGOVIA;40002;41
40-E1-00015;BAUTISTA SALCEDO, MARIA DEL CARMEN;921520005;CALLE INGENIERO MARTIN GIL;SEGOVIA;CANTALEJO;CANTALEJO;40320;10
40-E1-00016;CABAÑAS DE ORO, CRISTINA / DE ORO SANZ, LUISA MARIA;921520053;CALLE FRONTON;SEGOVIA;CANTALEJO;CANTALEJO;;15
40-E1-00019;ANTON ELOSEGUI, ROSA MARIA;921420575;PLAZA RAMIRO LEDESMA;SEGOVIA;SEGOVIA;SEGOVIA;40005;1
40-E1-00023;CHAMORRO GARCIA, MIRIAM;921570030;CALLE FLORENTINO TRAPERO;SEGOVIA;AGUILAFUENTE;AGUILAFUENTE;;5
40-E1-00029;USEROS HERNANDEZ, PEDRO;921421849;CALLE SANTA TERESA DE JESUS;SEGOVIA;SEGOVIA;SEGOVIA;40004;24
40-E1-00033;POSTIGO RUBIO, PAULA;;AVDA  VIA ROMA (LA);SEGOVIA;SEGOVIA;SEGOVIA;40003;30
40-E1-00037;MARTIN DE SANTOS, MARIA EUGENIA;921520534;CALLE FRAGUA;SEGOVIA;CABEZUELA;CABEZUELA;40396;26
40-E1-00040;DEL ESTAL PADILLO, JOSE EMILIO;921155108;URB   PINAR;SEGOVIA;CHAÑE;CHAÑE;40216;S/N
40-E1-00042;GARCIA GARCIA, MATILDE;921570261;CALLE CRUZ;SEGOVIA;ESCALONA DEL PRADO;ESCALONA DEL PRADO;40350;6
40-E1-00044;PRIETO PEREZ, PALOMA MARIA;921169514;PLAZA MERCADO;SEGOVIA;FUENTESAUCO DE FUENTIDUEÑA;FUENTESAÚCO DE FUENTIDUEÑA;40355;S/N
40-E1-00045;MIGUEL SANZ, MARIA BEGOÑA;921521676;AVDA  GENERALISIMO;SEGOVIA;FUENTERREBOLLO;FUENTERREBOLLO;40330;13
40-E1-00046;BURGOS BURGOS, MARIA ISABEL;921148191;PLAZA MAYOR;SEGOVIA;HONTALBILLA;HONTALBILLA;40353;1
40-E1-00047;SACRISTAN RODRIGUEZ, MARIA ANTONIA;921169250;CALLE LABRADOR;SEGOVIA;LASTRAS DE CUELLAR;LASTRAS DE CUÉLLAR;40352;3
40-E1-00058;SANTOS DEL CURA, JESUS;921164027;CALLE REAL;SEGOVIA;OLOMBRADA;OLOMBRADA;40220;3
40-E1-00061;TOMERO DIEZ, ANA BELEN;921507050;CALLE PLAZA;SEGOVIA;PRADENA;PRÁDENA;40165;S/N
40-E1-00062;HERNANDO BAYON, GLORIA;921527501;CALLE MANUEL SANZ BURGOS;SEGOVIA;SACRAMENIA;SACRAMENIA;40237;7
40-E1-00063;MINGUEZ DEL POZO, CRISTINA;921470038;CALLE VALENCIANA;SEGOVIA;SAN ILDEFONSO O LA GRANJA;REAL SITIO DE SAN ILDEFONSO;40100;3
40-E1-00071;MARTIN CUESTA, MARIA JESUS;921506113;CALLE REINA;SEGOVIA;NAVAFRIA;NAVAFRÍA;40161;1
40-E1-00075;ALONSO ARCONES, MARIA;921490196;CALLE PRADO;SEGOVIA;VALVERDE DEL MAJANO;VALVERDE DEL MAJANO;;S/N
40-E1-00078;BENITO SANZ, MARIA SOL;921574353;CALLE CAÑO;SEGOVIA;ZARZUELA DEL PINAR;ZARZUELA DEL PINAR;40293;7
40-E1-00079;RODRIGUEZ LLORENTE, LUCIA;921532615;CALLE ARENAL;SEGOVIA;NAVALILLA;NAVALILLA;40331;S/N
40-E1-00080;GOMEZ ROAN, MARIA DOLORES;921594461;CALLE AYUNTAMIENTO VIEJO;SEGOVIA;NIEVA;NIEVA;;12
40-E1-00086;DE LAS HERAS MARTIN, M EVA;921193128;CALLE DIANA;SEGOVIA;NAVAS DE SAN ANTONIO;NAVAS DE SAN ANTONIO;40408;21
40-E1-00089;MUÑOZ MARTIN, ANA BELEN;921155499;CALLE CUELLAR;SEGOVIA;REMONDO;REMONDO;40216;5
40-E1-00091;REGUERA BURGUEÑO, EVA MARIA;921406280;CALLE POZAS (LAS);SEGOVIA;TRESCASAS;TRESCASAS;40194;15
40-E1-00093;SANCHEZ GUTIERREZ, LORENA;921144794;CTRA  BAHABON;SEGOVIA;CUELLAR;CUÉLLAR;40200;9
40-E1-00094;RUJAS GOMEZ, LAURA / RUJAS GOMEZ, SILVIA MANUELA;921441043;CALLE LARGA;SEGOVIA;SEGOVIA;SEGOVIA;40004;5
40-E1-00095;SANCHEZ MORILLAS, MARIA DOLORES;921489205;CALLE REAL;SEGOVIA;ORTIGOSA DEL MONTE;ORTIGOSA DEL MONTE;40421;42
40-E1-00098;BRICEÑO GONZALEZ, PALOMA;;CALLE GREGORIA DIEZ BENITO;SEGOVIA;SEBULCOR;SEBÚLCOR;40380;1
40-E1-00099;GARCIA VALVERDE, PEDRO;;CALLE PLAZUELA;SEGOVIA;MARUGAN;MARUGÁN;40142;6
40-E1-00100;CARRILLO MIGUEL, MONICA;921171105;TRVA  ALTO DEL LEON;SEGOVIA;SAN RAFAEL;ESPINAR, EL;40410;19
40-E1-00103;SANZ DE PABLOS, DANIEL;;PASEO CONDE DE SEPULVEDA (DEL);SEGOVIA;SEGOVIA;SEGOVIA;40006;35
40-E1-00104;PALOMO PALOMO, MARIA MERCEDES;;PLAZA ESPRONCEDA;SEGOVIA;SEGOVIA;SEGOVIA;40006;7
42-E1-00002;DEL VISO LARREA, BERTA;975250159;CALLE EGIDO;SORIA;ALMARZA;ALMARZA;42160;35
42-E1-00009;NUÑEZ MOTILVA, JOSE MARIA;976647411;CALLE PUERTA DEL ZURO;SORIA;AGREDA;ÁGREDA;42100;2
42-E1-00011;RAMON VALLEJO, PABLO;975343024;CALLE MAYOR;SORIA;BERLANGA DE DUERO;BERLANGA DE DUERO;42360;8
42-E1-00013;CAMPOS MARQUES, ALMUDENA;975340052;CALLE ACOSTA;SORIA;BURGO DE OSMA (EL);BURGO DE OSMA-CIUDAD DE OSMA;42300;17
42-E1-00019;ESTEBARANZ GARCIA, JUANA;;CALLE ESCUELA;SORIA;CABREJAS DEL PINAR;CABREJAS DEL PINAR;42147;6
42-E1-00020;OTEO RUPEREZ, ESTEFANIA;;CALLE LAS HERAS;SORIA;CUBO DE LA SOLANA;CUBO DE LA SOLANA;42191;0
42-E1-00021;RODRIGUEZ LUQUE, ANGEL;;CTRA  ALAMEDA (LA);SORIA;DEZA;DEZA;;10
42-E1-00022;DE LA ORDEN HERRERO, PATRICIA;975371041;CALLE ORIENTE;SORIA;DURUELO DE LA SIERRA;DURUELO DE LA SIERRA;42158;6
42-E1-00026;GONZALEZ RUBIO, JUAN CARLOS;975380032;CALLE MAYOR;SORIA;GOMARA;GÓMARA;42120;15
42-E1-00027;APARICIO GUTIERREZ, IRENE;975353108;CALLE RIO;SORIA;LANGA DE DUERO;LANGA DE DUERO;42320;8
42-E1-00028;ALVAREZ SAL DEL RIO, RAFAEL;;CALLE NUEVA;SORIA;MATAMALA DE ALMAZAN;MATAMALA DE ALMAZÁN;;3
42-E1-00035;SAN QUIRICO RUBIO, ANDREA;;CTRA  CONSTITUCION (DE LA);SORIA;NAVALENO;NAVALENO;42149;48
42-E1-00037;ANTON CEREZANO, MIGUEL ANGEL;975308037;CALLE COSO (EL);SORIA;QUINTANA REDONDA;QUINTANA REDONDA;;28
42-E1-00040;LUCAS DE MIGUEL, MARIA DEL PILAR;975271018;CALLE ERAS (LAS);SORIA;ROYO (EL);ROYO, EL;42153;S/N
42-E1-00041;ESTEBAN ORTEGO, AINHOA;;CALLE HERRADERO;SORIA;RECUERDA;RECUERDA;42313;0
42-E1-00043;RUIZ DOMINGUEZ, ANA GRISELDA;975276011;CALLE SAN PEDRO;SORIA;SAN LEONARDO DE YAGÜE;SAN LEONARDO DE YAGÜE;42140;6
42-E1-00044;ERRAZQUIN IRIGOYEN, DIEGO;975350208;CALLE ESCUELAS;SORIA;SAN ESTEBAN DE GORMAZ;SAN ESTEBAN DE GORMAZ;;5
42-E1-00049;ALONSO MARTINEZ, JAVIER;975211183;CALLE MARQUES DE VADILLO;SORIA;SORIA;SORIA;42002;3
42-E1-00050;MILLA ROMERA, ELENA;975211099;CALLE COLLADO (EL);SORIA;SORIA;SORIA;42002;28
42-E1-00056;CALZAS CAMPOS, ANA M;975363510;CALLE CARRETERA;SORIA;VALDEMALUQUE;VALDEMALUQUE;;0
42-E1-00057;TALAVERA GARCIA, FERNANDO JOSE;;CALLE ALMAZAN;SORIA;SORIA;SORIA;42004;5
42-E1-00060;CARRASCOSA MARTINEZ, ELENA;975921249;CALLE MANUEL VICENTE TUTOR;SORIA;SORIA;SORIA;42001;8
42-E1-00061;VELASCO IZQUIERDO, MARIA;975223053;CALLE TERUEL;SORIA;SORIA;SORIA;42004;2
42-E1-00066;SASTRE RAPOSO, ANA;;CALLE SAN ANTONIO;SORIA;NOVIERCAS;NOVIERCAS;42132;6
42-E1-00070;ALBINA OLALLA, ESTHER;;PLAZA ANTONIO MACHADO;SORIA;SORIA;SORIA;42001;1
47-E1-00002;CASADO LOPEZ, CARMEN;983351032;CALLE SANTIAGO;VALLADOLID;VALLADOLID;VALLADOLID;47001;14
47-E1-00006;FERNANDEZ FERNANDEZ, VIRGINIA;983303972;CALLE GAMAZO;VALLADOLID;VALLADOLID;VALLADOLID;47004;30
47-E1-00010;ARROITA GARCIA, FERNANDO;;CALLE DUQUE DE LA VICTORIA;VALLADOLID;VALLADOLID;VALLADOLID;47001;18
47-E1-00015;CRESPO ESCUDERO, CAROLINA / CRESPO ESCUDERO, SILVIA MARIA;;PLAZA CIRCULAR;VALLADOLID;VALLADOLID;VALLADOLID;47005;2
47-E1-00016;GARCIA ARROITA, IRENE;983352218;CALLE RONDILLA SANTA TERESA;VALLADOLID;VALLADOLID;VALLADOLID;47010;24
47-E1-00024;MARTINEZ MUÑOZ, MONICA;983201385;CALLE MANTERIA;VALLADOLID;VALLADOLID;VALLADOLID;47004;33
47-E1-00029;MARTIN GONZALEZ, MARIA PAZ / MARTIN GONZALEZ, MARIA PAZ;983233169;CMNO  ESPERANZA;VALLADOLID;VALLADOLID;VALLADOLID;47008;87
47-E1-00030;FURONES GIL, FRANCISCO;983393897;CALLE FERROCARRIL;VALLADOLID;VALLADOLID;VALLADOLID;47002;33
47-E1-00038;SAIZ VILLORIA, CRISTINA;983251536;CALLE PORTILLO DE BALBOA;VALLADOLID;VALLADOLID;VALLADOLID;47010;56
47-E1-00039;PUENTE LAZARO, VICTOR;983250427;CALLE REAL DE BURGOS;VALLADOLID;VALLADOLID;VALLADOLID;47011;15
47-E1-00040;LARREA PRIETO, CRISTINA;983230355;CALLE HORNIJA;VALLADOLID;VALLADOLID;VALLADOLID;47013;2
47-E1-00048;GARCIA EVANGELIO, MARTA;983359077;PLAZA MAYOR;VALLADOLID;VALLADOLID;VALLADOLID;47001;15
47-E1-00055;NAVARRO GOMEZ, JUAN ANTONIO;;CALLE MONASTERIO SANTO DOMINGO DE SILOS;VALLADOLID;VALLADOLID;VALLADOLID;;8
47-E1-00062;RODRIGUEZ GARCIA, CONCEPCION;983251296;CALLE LINARES;VALLADOLID;VALLADOLID;VALLADOLID;47010;16
47-E1-00063;LOPEZ FRANCO, MIGUEL ANGEL;983334702;AVDA  BURGOS;VALLADOLID;VALLADOLID;VALLADOLID;47009;6
47-E1-00064;GUTIERREZ GARCIA, ANTONIO JOSE;983343712;CALLE MIESES;VALLADOLID;VALLADOLID;VALLADOLID;47014;24
47-E1-00066;RUIZ ALONSO, JESUS;983232828;PASEO ZORRILLA;VALLADOLID;VALLADOLID;VALLADOLID;47008;5
47-E1-00067;ESCUDERO DIEZ, MARIA LUISA;;PASEO ZORRILLA;VALLADOLID;VALLADOLID;VALLADOLID;47008;127
47-E1-00070;PRESA VALENTIN, VICENTE;983305319;CALLE DOS DE MAYO;VALLADOLID;VALLADOLID;VALLADOLID;47004;7
47-E1-00071;PRESA VALENTIN, JUAN CARLOS;983399079;PLAZA ESPAÑA;VALLADOLID;VALLADOLID;VALLADOLID;47001;11
47-E1-00074;VILLANUEVA SOLARES, JULIA;983291769;PLAZA UNIVERSIDAD;VALLADOLID;VALLADOLID;VALLADOLID;47003;8
47-E1-00076;ARROYO FRAGUA, MARIA JESUS;983751213;PLAZA SANTIAGO;VALLADOLID;MAYORGA;MAYORGA;47680;2
47-E1-00089;SALAMANQUES PEREZ, JOSE MARIA;983816428;CALLE TOMAS BAYON;VALLADOLID;SECA (LA);SECA, LA;47491;20
47-E1-00090;POSADA GOMEZ, CRISTINA;983819133;CALLE AGUSTIN VELASCO;VALLADOLID;BOBADILLA DEL CAMPO;BOBADILLA DEL CAMPO;47462;14
47-E1-00091;MUÑOZ DOMINGUEZ, TERESA;983714047;PLAZA MAYOR;VALLADOLID;TORDEHUMOS;TORDEHUMOS;47830;2
47-E1-00093;ALBARRAN SANZ, ROCIO;983723558;CTRA  MESONES;VALLADOLID;VILLARDEFRADES;VILLARDEFRADES;47860;4
47-E1-00095;GALLARDO MARTIN, BELEN;983694104;CALLE REVILLA;VALLADOLID;MONTEMAYOR DE PILILLA;MONTEMAYOR DE PILILLA;47320;1
47-E1-00096;GALLEGO ARRANZ, TERESA / SINOVA TEJEDO, IRENE;983850263;PLAZA ESPAÑA;VALLADOLID;NAVA DEL REY;NAVA DEL REY;47500;15
47-E1-00097;MARCOS GARCIA, ADORACION;983580270;AVDA  VALLADOLID;VALLADOLID;CIGALES;CIGALES;;20
47-E1-00104;FERNANDEZ ALONSO, MARIA ANGELES;983791612;PLAZA MAYOR;VALLADOLID;TIEDRA;TIEDRA;47870;10
47-E1-00105;CARRERA DOMINGUEZ, MARINA;983682547;CTRA  SANTIBAÑEZ;VALLADOLID;TRASPINEDO;TRASPINEDO;47330;S/N
47-E1-00107;LABAJO MOLPECERES, ANA;983551024;PASEO RIBERA;VALLADOLID;VALDESTILLAS;VALDESTILLAS;47240;2
47-E1-00108;SANCHEZ RAMOS, CRISTINA;983698349;CALLE ESPAÑA;VALLADOLID;CAMPASPERO;CAMPASPERO;47310;14
47-E1-00109;GUTIERREZ LAGUNA, MYRIAM;983700337;CALLE SAN JUAN;VALLADOLID;MEDINA DE RIOSECO;MEDINA DE RIOSECO;47800;2
47-E1-00110;BERMUDEZ GONZALEZ, LIDIA;983815299;PLAZA MAYOR;VALLADOLID;ATAQUINES;ATAQUINES;47210;16
47-E1-00112;RODRIGUEZ TEJEDOR, MARIA TERESA;983822337;CALLE MAURO GARCIA;VALLADOLID;POZALDEZ;POZALDEZ;47220;S/N
47-E1-00119;PACHON JULIAN, JESUS IGNACIO;983721685;CALLE MAYOR;VALLADOLID;VILLALBA DE LOS ALCORES;VILLALBA DE LOS ALCORES;47639;2
47-E1-00124;JODAR PEREÑA, ANA TERESA;983609024;CALLE VALLELLANO;VALLADOLID;ALCAZAREN;ALCAZARÉN;47238;39
47-E1-00127;GARCIA POZO, MARIA DOLORES;983880818;TRVA  CALVARIO;VALLADOLID;PEÑAFIEL;PEÑAFIEL;47300;1
47-E1-00131;RODRIGUEZ SIGUENZA, JOSE MARIA;983770120;CALLE SANTA MARIA;VALLADOLID;TORDESILLAS;TORDESILLAS;47100;27
47-E1-00139;PACHECO SANCHEZ, LORENA;983870165;CALLE ONESIMO REDONDO;VALLADOLID;PESQUERA DE DUERO;PESQUERA DE DUERO;47315;12
47-E1-00144;GARCIA NOGUEIRAS, ALEJANDRO;983230729;CALLE PADRE MANJON;VALLADOLID;VALLADOLID;VALLADOLID;47013;54
47-E1-00148;BUIZA BADAS, BEATRIZ / PEREZ PEREIRA, JOSE ANTONIO;983333821;AVDA  VICENTE MORTES;VALLADOLID;VALLADOLID;VALLADOLID;47014;4
47-E1-00149;HERRERO VACA, MARIA;983231098;CALLE JOAQUIN MARIA JALON;VALLADOLID;VALLADOLID;VALLADOLID;47008;5
47-E1-00151;SANZ VIRSEDA, MARINA / SANZ VIRSEDA, MIGUEL;983620241;CALLE RONDA;VALLADOLID;ISCAR;ÍSCAR;47420;55
47-E1-00152;LOPEZ ESCORIAL, CRISTINA;983235954;CALLE PADRE FRANCISCO SUAREZ;VALLADOLID;VALLADOLID;VALLADOLID;47006;10
47-E1-00156;LARRIBA CALLE, DIODORO;983237628;PASEO ZORRILLA;VALLADOLID;VALLADOLID;VALLADOLID;47008;53
47-E1-00159;DOMINGO REDONDO, LUISA;983255932;CALLE LINARES;VALLADOLID;VALLADOLID;VALLADOLID;47010;31
47-E1-00163;PEREZ RODRIGUEZ, MERCEDES;983334783;CALLE VILLANUBLA;VALLADOLID;VALLADOLID;VALLADOLID;47009;7
47-E1-00169;PASTOR MUÑIZ, MARIA INMACULADA;983212588;CALLE CIGUEÑA;VALLADOLID;VALLADOLID;VALLADOLID;47012;29
47-E1-00171;CALLEJA DIEZ, PAULA;983331210;CALLE SAN LORENZO;VALLADOLID;VALLADOLID;VALLADOLID;47001;5
47-E1-00172;CORONA SUANCES, MARIA TERESA / GARCIA CORONA, MARIA / GARCIA CORONA, ROSARIO DE FATIMA;983234195;CALLE GENERAL SHELLY;VALLADOLID;VALLADOLID;VALLADOLID;47013;28
47-E1-00178;MARTINEZ OLMEDO, RAFAEL;983231652;CALLE ARGALES;VALLADOLID;VALLADOLID;VALLADOLID;47013;3
47-E1-00185;MARTIN VIADA, JOSE RODRIGO;983259916;CALLE DOCTOR ESQUERDO;VALLADOLID;VALLADOLID;VALLADOLID;47011;12
47-E1-00189;CANO BORREGO, PATRICIA MARIA;983354889;CALLE RONDILLA SANTA TERESA;VALLADOLID;VALLADOLID;VALLADOLID;;34
47-E1-00192;ESTEBAN RODRIGUEZ, MARIA DEL MAR;983330281;CALLE JOAQUIN VELASCO MARTIN;VALLADOLID;VALLADOLID;VALLADOLID;47014;15
47-E1-00208;GARCIA SANTOS, ANTONIO;983816176;CALLE BARRIO NUEVO;VALLADOLID;SIETE IGLESIAS DE TRABANCOS;SIETE IGLESIAS DE TRABANCOS;;13
47-E1-00211;ALVAREZ MOURE, ANA MARIA;983780210;TRVA  DE LA PARRA;VALLADOLID;SAN CEBRIAN DE MAZOTE;SAN CEBRIÁN DE MAZOTE;47129;S/N
47-E1-00215;GOMEZ GARCIA-BERMEJO, SARA;983405428;CALLE REAL;VALLADOLID;PUENTE DUERO-ESPARRAGAL;VALLADOLID;47152;81
47-E1-00219;GARCIA ABASCAL, VERONICA;;CALLE CARRETERA DE VENTAS;VALLADOLID;GERIA;GERIA;47131;4
47-E1-00223;REGALADO DEL POZO, MANUEL EDUARDO;983520864;CALLE OLIVARES;VALLADOLID;VILLABAÑEZ;VILLABÁÑEZ;47329;S/N
47-E1-00228;MAESO MIGUEL, ISABEL;983770615;CALLE COLABORADORES;VALLADOLID;TORDESILLAS;TORDESILLAS;47100;14
47-E1-00229;OLLEROS ANAYA, ANA MARIA;983819380;CALLE VIVAQUE;VALLADOLID;NUEVA VILLA DE LAS TORRES;NUEVA VILLA DE LAS TORRES;47464;2
47-E1-00242;HERRERA TASIS, BELEN;983543654;AVDA  JUAN DE AUSTRIA;VALLADOLID;LAGUNA DE DUERO;LAGUNA DE DUERO;47140;12
47-E1-00243;CRUZ DE LA CUESTA, DOLORES;983252858;AVDA  PALENCIA;VALLADOLID;VALLADOLID;VALLADOLID;47011;37
47-E1-00246;PUENTE LAZARO, CLARA;;CALLE MIRABEL;VALLADOLID;VALLADOLID;VALLADOLID;47010;56
47-E1-00250;GARCIA VAZQUEZ, MARIA VICTORIA;983219734;CALLE NUEVA DEL CARMEN;VALLADOLID;VALLADOLID;VALLADOLID;47011;34
47-E1-00252;ESPINEL GARCIA, ANGEL / ESPINEL DIAZ, VIRGINIA;;CALLE MANUEL AZAÑA;VALLADOLID;VALLADOLID;VALLADOLID;47014;22
47-E1-00255;SANTOLINO GARCIA, ELENA;983397789;CALLE SANTA MARIA DE LA CABEZA;VALLADOLID;VALLADOLID;VALLADOLID;47012;3
47-E1-00258;SANZ FERNANDEZ MELLADO, LAURA;983803385;CALLE PADILLA;VALLADOLID;MEDINA DEL CAMPO;MEDINA DEL CAMPO;47400;7
47-E1-00259;GARCIA ESCRIBANO, MANUEL / GARCIA ESCRIBANO, ANGELA / GARCIA ESCRIBANO, NORBERTO;983811391;CALLE CLAUDIO MOYANO;VALLADOLID;MEDINA DEL CAMPO;MEDINA DEL CAMPO;47400;1
47-E1-00262;ANDRES GARCIA, ANA MARIA;983299982;CALLE SALUD;VALLADOLID;VALLADOLID;VALLADOLID;47012;12
47-E1-00265;GORDO FRUTOS, ENRIQUE;983813970;CALLE ARTILLERIA;VALLADOLID;MEDINA DEL CAMPO;MEDINA DEL CAMPO;47400;22
47-E1-00271;COLMENERO DIEZ, AUXILIADORA;;PASEO ZORRILLA;VALLADOLID;VALLADOLID;VALLADOLID;47008;153
47-E1-00274;VIDAL PEREZ, ALEXIA MARIA;;PLAZA MAYOR;VALLADOLID;VILLALON DE CAMPOS;VILLALÓN DE CAMPOS;47600;5
47-E1-00276;MAESTRE MARTINEZ, ROSARIO;;CALLE CARROMAJADA;VALLADOLID;ARROYO;ARROYO DE LA ENCOMIENDA;47195;9
47-E1-00278;SANCHEZ NAVARRO, DOLORES;;CALLE CAÑADA REAL DE SORIA;VALLADOLID;CISTERNIGA;CISTÉRNIGA;47193;2
47-E1-00280;NIETO GONZALEZ, JOSE FERNANDO;;CALLE MOLINO;VALLADOLID;ESGUEVILLAS DE ESGUEVA;ESGUEVILLAS DE ESGUEVA;47176;2
47-E1-00285;GARCIA PUENTE RIVAS, ENRIQUE;;CALLE PENSAMIENTO;VALLADOLID;LAGUNA DE DUERO;LAGUNA DE DUERO;47140;40
47-E1-00286;DE PEDRO MUÑEZ, SOFIA;;CALLE HERNANDO DE SOTO;VALLADOLID;ARROYO;ARROYO DE LA ENCOMIENDA;47195;1
47-E1-00287;ILLANA FERNANDEZ, BASILIA;;PASEO FARNESIO;VALLADOLID;VALLADOLID;VALLADOLID;47013;29
47-E1-00292;GOMEZ MARTIN, MARIA JOSE;;PQUE  MILLAN SANTOS;VALLADOLID;VALLADOLID;VALLADOLID;47013;S/N
49-E1-00015;CRUZ PUERTO, MARTA;;LUGAR MOMBUEY;ZAMORA;MOMBUEY;MOMBUEY;49310;0
49-E1-00026;RODRIGUEZ REVILLA, MARIA JULIA / RODRIGUEZ LEDESMA, JUAN;980690072;CALLE CORREDERA;ZAMORA;TORO;TORO;;59
49-E1-00027;COLINO GANDARILLAS, CLARA ISABEL / PELAEZ FRANCO, MARIA CARMEN;980533534;AVDA  PORTUGAL;ZAMORA;ZAMORA;ZAMORA;49016;10
49-E1-00030;NUÑEZ ESCUDERO, DACIO;980630291;CALLE LA RUA;ZAMORA;BENAVENTE;BENAVENTE;49600;9
49-E1-00035;LUELMO HERNANDEZ, VIOLETA JULIA;;AVDA  PRINCIPE DE ASTURIAS;ZAMORA;ZAMORA;ZAMORA;49011;27
49-E1-00040;GALVAN PASCUAL, MARIA CANDELAS;980616032;CALLE PLAZA;ZAMORA;MORALINA;MORALINA;49253;2
49-E1-00043;PRIETO CORPAS, RUPERTO / SANCHEZ ARIZ, MARTA;980530162;CALLE RAMOS CARRION;ZAMORA;ZAMORA;ZAMORA;49001;2
49-E1-00044;MURCIEGO ALVAREZ, MARIA CONSOLACION / REGLERO CHILLON, JOSE MANUEL;980670877;AVDA  ALFONSO PEÑA;ZAMORA;ZAMORA;ZAMORA;49010;2
49-E1-00054;RAMOS GATO, YOLANDA;980662732;CALLE ESTRECHA;ZAMORA;VILLAMAYOR DE CAMPOS;VILLAMAYOR DE CAMPOS;49131;12
49-E1-00058;DE LA FUENTE CIFUENTES, NATIVIDAD;980502064;CALLE LARGA;ZAMORA;TORRES DEL CARRIZAL;TORRES DEL CARRIZAL;49122;S/N
49-E1-00067;RUBIO GONZALEZ, AURORA;980571004;AVDA  JOSA;ZAMORA;MORALEJA DEL VINO;MORALEJA DEL VINO;49150;1
49-E1-00069;GALVAN MORAN, PAULINO;980631242;CALLE VILLALPANDO;ZAMORA;BENAVENTE;BENAVENTE;49600;4
47-E1-00122;MARTINEZ OLMEDO, JORGE;983600889;AVDA  DIEZ DE OCTUBRE;VALLADOLID;OLMEDO;OLMEDO;47410;13
47-E1-00130;VEIGA BAO, MARIA ELENA;;CALLE RODRIGO VAZQUEZ DE ARCE;VALLADOLID;CARPIO;CARPIO;47470;6
47-E1-00179;TRECEÑO LOBATO, CARLOS / TRECEÑO LOBATO, PEDRO;983264129;CALLE DOCTOR MORALES;VALLADOLID;VALLADOLID;VALLADOLID;47011;S/N
47-E1-00181;CASADO DEL POZO, SUSANA;983296827;CALLE FAISAN;VALLADOLID;VALLADOLID;VALLADOLID;47012;19
47-E1-00194;FRAGUA LAZARO, MARIA / MAROTO ARENAS, ESTER;983336273;AVDA  JOSE LUIS ARRESE;VALLADOLID;VALLADOLID;VALLADOLID;47014;3
47-E1-00204;ALCALDE RODRIGO, SARA;983508020;CALLE GENERAL FRANCO;VALLADOLID;RENEDO DE ESGUEVA;RENEDO DE ESGUEVA;47170;3
47-E1-00224;GARCIA PINTO, IGNACIO;983890134;CALLE CALVO SOTELO;VALLADOLID;LANGAYO;LANGAYO;47314;10
47-E1-00239;SANCHEZ MARTIN, MARIA ALMUDENA;983379614;AVDA  RAMON PRADERA;VALLADOLID;VALLADOLID;VALLADOLID;47009;12
47-E1-00241;MARTIN DEL CAMPO, ANA MARIA;;CALLE ANCHA,;VALLADOLID;MUDARRA (LA);MUDARRA, LA;;8
47-E1-00249;SOBRINO MORENO, ALVARO;;PASEO JUAN CARLOS I;VALLADOLID;VALLADOLID;VALLADOLID;47013;11
47-E1-00251;PELETEIRO BENITO, ALICIA;983221788;PASEO ARCO DE LADRILLO;VALLADOLID;VALLADOLID;VALLADOLID;47013;29
47-E1-00268;GARCIA GARCIA, JESUS MANUEL;983552192;CALLE MATAS ALTAS;VALLADOLID;BOECILLO;BOECILLO;47151;2
49-E1-00003;FERNANDEZ DELGADO, MARIA LUISA;980557598;CALLE ARGENTINA;ZAMORA;ZAMORA;ZAMORA;49030;32
49-E1-00028;ARRIBAS CATOIRA, GONZALO / MONTESINOS HERNANDEZ, MARIA AURORA;980532022;CALLE SAN TORCUATO;ZAMORA;ZAMORA;ZAMORA;49014;46
49-E1-00047;ABAD BLANCO, COVADONGA / ABAD BLANCO, JORGE;980522066;AVDA  VICTOR GALLEGO;ZAMORA;ZAMORA;ZAMORA;49009;24
49-E1-00064;PRIETO NIETO, ANA BELEN;980699153;CALLE ESTEVEZ;ZAMORA;PELEAGONZALO;PELEAGONZALO;49880;7
24-E1-00186;GONZALEZ VILLADANGOS, PILAR;;CALLE PADRE ANGEL MARTINEZ FUERTES;LEON;VILLADANGOS DEL PARAMO;VILLADANGOS DEL PÁRAMO;24392;37
24-E1-00187;GARCIA RODRIGUEZ, MARIA ENCARNACION;;CALLE PALACIO (EL);LEON;RIEGO DE LA VEGA;RIEGO DE LA VEGA;24794;25
24-E1-00188;SECO MARTIN, NURIA PILAR;;CALLE DOCTOR VELEZ;LEON;SANTA MARINA DEL REY;SANTA MARINA DEL REY;24393;15
24-E1-00189;DEL RIO PEREZ, PEDRO;987337151;CALLE MAYOR;LEON;QUINTANA DE RUEDA;VALDEPOLO;24930;S/N
24-E1-00192;CAMPOS FIDALGO, BRENDA;;CALLE REAL;LEON;SAN JUSTO DE LA VEGA;SAN JUSTO DE LA VEGA;24710;35
24-E1-00193;LIEBANA ARIAS, KEVIN;;AVDA  CONSTITUCION (LA);LEON;SAHAGUN;SAHAGÚN;24320;83
24-E1-00196;GOMEZ ALAIZ, JUAN CARLOS;;CALLE REAL;LEON;VILLAOBISPO DE LAS REGUERAS;VILLAQUILAMBRE;24012;23
24-E1-00201;VIOLA MORATO, FRANCISCA;;CALLE REAL;LEON;VILLARES DE ORBIGO;VILLARES DE ÓRBIGO;24288;9
24-E1-00202;VAZQUEZ SALOM, CARMEN;;AVDA  PLAZA (LA);LEON;BUSTILLO DEL PARAMO;BUSTILLO DEL PÁRAMO;24357;18
24-E1-00205;DE LA FUENTE GEIJO, MARIA PILAR;;CALLE JOSE CORDERO;LEON;VAL DE SAN LORENZO;VAL DE SAN LORENZO;24717;S/N
24-E1-00206;GARCIA GONZALEZ, MARIA ANGELES;987384415;CALLE DOCTOR PAGIN ALLENDE;LEON;ZOTES DEL PARAMO;ZOTES DEL PÁRAMO;24791;4
24-E1-00208;ALZAGA GARCIA, JAIME;;CTRA  CABOALLES;LEON;LORENZANA;CUADROS;24122;S/N
24-E1-00211;DE BENITO MARTINEZ, CRISTINA;;AVDA  PRINCIPAL;LEON;LLAMAS DE LA RIBERA;LLAMAS DE LA RIBERA;24271;60
24-E1-00213;GARCIA ALVAREZ, NURIA;987664200;CALLE CARRO PINILLAS;LEON;JIMENEZ DE JAMUZ;SANTA ELENA DE JAMUZ;24767;S/N
24-E1-00214;ANDRES CANDANEDO, JOSE ALFREDO / RODRIGUEZ FERNANDEZ, ROSARIO;987458156;AVDA  SEVERO GOMEZ NUÑEZ;LEON;CUBILLOS DEL SIL;CUBILLOS DEL SIL;24492;0
24-E1-00217;LLAMAS ANDRES, FELIX;;CALLE REYES LEONESES;LEON;LEON;LEÓN;24008;15
24-E1-00219;LOPEZ PONCELAS, ENRIQUE;;CALLE ENTRAYO (EL);LEON;POMBRIEGO;BENUZA;24389;3
24-E1-00220;CRUZ SANCHEZ, JOSE;;CALLE SERNA (LA);LEON;FRESNO DE LA VEGA;FRESNO DE LA VEGA;24223;8
24-E1-00223;RUA RODRIGUEZ, ELENA;;CALLE ISIDRO ARIAS;LEON;NOCEDA;NOCEDA DEL BIERZO;24319;S/N
24-E1-00225;FRECHA FERREIRO, SILVIA;;CALLE VIRGEN DE LAS ANGUSTIAS;LEON;POBLADURA DE PELAYO GARCIA;POBLADURA DE PELAYO GARCÍA;24249;14
24-E1-00226;CALLEJA BARBA, MARIA ANGELES;987787085;PLAZA MAYOR;LEON;CEA;CEA;24174;S/N
24-E1-00236;MIRAGAYA PRIETO, MIGUEL ANGEL / MUIÑOS CAMPOS, MARIA DEL CARMEN;;AVDA  PICOS DE EUROPA;LEON;CUBILLAS DE RUEDA;CUBILLAS DE RUEDA;24940;49
24-E1-00237;MORENO CARRILLO, JOSE LUIS;;PASEO DAMAS (LAS);LEON;MIÑAMBRES DE LA VALDUERNA;VILLAMONTÁN DE LA VALDUERNA;24765;0
24-E1-00240;GONZALEZ VEGA, ANA MARIA;;CALLE MOLINO;LEON;VILLAMARTIN DE DON SANCHO;VILLAMARTÍN DE DON SANCHO;24344;S/N
24-E1-00241;SUAREZ ANGULO, CARMEN;;CALLE ESCUELA GRANJA;LEON;LAGUNA DALGA;LAGUNA DALGA;24248;3
24-E1-00243;LAFUENTE SANCHEZ, ELENA;;CALLE PABLO DIEZ;LEON;VEGAQUEMADA;VEGAQUEMADA;24152;S/N
24-E1-00246;GERVASI VIDAL, JUAN JOSE;;CALLE SAN JULIAN;LEON;QUINTANA DEL CASTILLO;QUINTANA DEL CASTILLO;24397;17
24-E1-00247;QUIÑONES PEREZ, PABLO;987590203;CALLE NUEVA;LEON;SANTA MARIA DE ORDAS;SANTA MARÍA DE ORDÁS;;3
24-E1-00252;DE LA CUESTA MELGAR, EVA;;CALLE REAL;LEON;VALDESANDINAS;VILLAZALA;24763;37
24-E1-00256;TATO MARTINEZ, ELSA;;AVDA  ESPINA (LA);LEON;MATARROSA DEL SIL;TORENO;24460;42
24-E1-00259;ALVAREZ OTERO, NATALIA;;CTRA  PANDORADO;LEON;SOPEÑA DE CARNEROS;VILLAOBISPO DE OTERO;24719;S/N
24-E1-00260;LOBO MARTIN DE JORGE, CARLOS;;CALLE TELENO (EL);LEON;TABUYO DEL MONTE;LUYEGO;24721;18
24-E1-00267;GARNELO BLANCO, MARIA MONTSERRAT;;CTRA  MEDULAS (LAS);LEON;CARUCEDO;CARUCEDO;24442;S/N
24-E1-00268;LOPEZ GONZALEZ, AMOR MARIA;;CALLE ERAS (LAS);LEON;BARRIENTOS;VALDERREY;24394;S/N
24-E1-00269;DELAS TATO, MARIA LUISA / DELAS VEGA, JOAQUIN;987619153;AVDA  MURALLAS (LAS);LEON;ASTORGA;ASTORGA;24700;62
24-E1-00270;VALCARCEL SALGADO, MARIA PILAR;;CALLE CARBA (LA);LEON;AUDANZAS DEL VALLE;ANTIGUA, LA;24796;23
24-E1-00272;TASCON GONZALEZ, AZUCENA;;AVDA  SAN VICENTE;LEON;URDIALES DEL PARAMO;URDIALES DEL PÁRAMO;24248;3
24-E1-00276;MARTINEZ FERNANDEZ, ANGEL;;PLAZA ERA GRANDE;LEON;BAÑA (LA);ENCINEDO;24746;0
24-E1-00279;SAAVEDRA MORAN, ANA ISABEL;987783652;CALLE CARCAVA (LA);LEON;JOARILLA DE LAS MATAS;JOARILLA DE LAS MATAS;24324;11
24-E1-00283;MILLAN GARCIA, MARIA PILAR;;CTRA  PUEBLA DE SANABRIA;LEON;PONFERRADA;PONFERRADA;24400;S/N
24-E1-00285;FERNANDEZ RODILLA, BELEN;;CALLE MAYOR;LEON;ALGADEFE;ALGADEFE;24238;45
24-E1-00286;DE MARINO CABA, ANGELES JULIA;;CALLE PASO;LEON;VILLAMANDOS;VILLAMANDOS;24238;10
24-E1-00291;SALVADOR SANCHEZ, FERNANDO;987338600;CALLE CARRETERA (LA);LEON;ALBIRES;IZAGRE;24293;24
24-E1-00293;GOMEZ DOMINGUEZ, ANGELES;;CALLE LAGUNA;LEON;GRAJAL DE CAMPOS;GRAJAL DE CAMPOS;;11
24-E1-00297;GARCIA MARTINEZ, MARIA DEL CARMEN;;CALLE SUSANA GONZALEZ;LEON;BEMBIBRE;BEMBIBRE;24300;41
24-E1-00299;PANADERO HERNANDEZ, JUAN CARLOS;;CALLE UNICA;LEON;OSEJA DE SAJAMBRE;OSEJA DE SAJAMBRE;;0
24-E1-00303;GARCIA ARIAS, ALMUDENA;987405457;AVDA  FERROCARRIL;LEON;PONFERRADA;PONFERRADA;24400;25
24-E1-00307;GARCIA ARIAS, MARIA TRINIDAD;;CALLE TERESA MONJE;LEON;TROBAJO DEL CAMINO;SAN ANDRÉS DEL RABANEDO;24010;3
24-E1-00309;HERRADON MUÑOZ, JAVIER;;CALLE SAN IGNACIO DE LOYOLA;LEON;SAN ANDRES DEL RABANEDO;SAN ANDRÉS DEL RABANEDO;24010;58
24-E1-00311;ALVAREZ LERA, VICTOR /DELGADO ALVAREZ, SARA;;CALLE SANTA ANA;LEON;CABAÑAS RARAS;CABAÑAS RARAS;24412;S/N
24-E1-00314;BERMUDEZ BOBILLO, JOSE RAMON;;CALLE AVDA. DE ASTURIAS;LEON;COMPOSTILLA;PONFERRADA;24492;110
24-E1-00317;FERNANDEZ VILAS, SILVIA / RODRIGUEZ SECO, DANIEL;;CALLE MAYOR;LEON;ROBLA (LA);ROBLA, LA;;8
24-E1-00326;RODRIGUEZ TOBIO, ADRIAN;;AVDA  RIO LUNA;LEON;RIOSECO DE TAPIA;RIOSECO DE TAPIA;24275;37
24-E1-00328;PADILLA GARCIA, MARIA DEL CARMEN;;AVDA  CONSTANTINO GANCEDO;LEON;VILLABLINO;VILLABLINO;24100;27
24-E1-00331;FERNANDEZ PRADO, MARIA CRUZ;;CALLE AZORIN;LEON;TROBAJO DEL CAMINO;SAN ANDRÉS DEL RABANEDO;;85
24-E1-00334;RUIZ MARTIL, CONCEPCION;;CALLE CTRA. LEON-COLLANZO;LEON;VILLAQUILAMBRE;VILLAQUILAMBRE;;7
34-E1-00001;TRANCHO ARAGON, VIRGINIA;979720277;CALLE MALDONADO;PALENCIA;PALENCIA;PALENCIA;34003;S/N
34-E1-00002;MONTE RUIZ, FELIPE;979133150;CALLE GENERAL FRANCO;PALENCIA;ALAR DEL REY;ALAR DEL REY;;12
34-E1-00005;MELENDRE ARAGON, PATRICIA;979742114;CALLE BARRIO Y MIER;PALENCIA;PALENCIA;PALENCIA;34001;8
34-E1-00007;RAMOS MARTINEZ, DANIEL;979833218;CALLE NATALIO REDONDO;PALENCIA;BECERRIL DE CAMPOS;BECERRIL DE CAMPOS;34310;8
34-E1-00008;PRIEGO OBREGON, CRISTINO;979817361;CALLE CONDE GARAY;PALENCIA;OSORNO;OSORNO LA MAYOR;34460;63
34-E1-00009;MIGUEL GIL, ELISA;979784031;CALLE REAL;PALENCIA;MAGAZ DE PISUERGA;MAGAZ DE PISUERGA;34220;5
34-E1-00011;LOPEZ VIDAL, ALBERTO;;CALLE JOSE ANTONIO PRIMO DE RIVERA;PALENCIA;CARRION DE LOS CONDES;CARRIÓN DE LOS CONDES;34120;6
34-E1-00016;NAJERA GARCIA, JOSE LUIS;979830129;PLAZA ESPAÑA;PALENCIA;PAREDES DE NAVA;PAREDES DE NAVA;;1
34-E1-00019;SANZ CID, LUIS;979780268;AVDA  ABILIO CALDERON;PALENCIA;DUEÑAS;DUEÑAS;34210;23
34-E1-00020;SALVADOR RIVAS, AUREA;979792096;CALLE IGLESIA (LA);PALENCIA;QUINTANA DEL PUENTE;QUINTANA DEL PUENTE;34250;5
34-E1-00023;ZAMARRIEGO FERNANDEZ, JUAN PABLO;979770898;AVDA  PRIMERO DE JUNIO;PALENCIA;VENTA DE BAÑOS;VENTA DE BAÑOS;34200;46
34-E1-00027;SANCHEZ MARTIN, IRENE;;CALLE CARRETERA;PALENCIA;SAN SALVADOR DE CANTAMUDA;PERNÍA, LA;34847;0
34-E1-00032;DAVARA SANCHEZ, ALMUDENA;979887220;PLAZA MAYOR;PALENCIA;CASTRILLO DE VILLAVEGA;CASTRILLO DE VILLAVEGA;34478;S/N
34-E1-00033;GALLO DAMAS, MARIA SONIA;;CALLE RIO (DEL);PALENCIA;LANTADILLA;LANTADILLA;34468;S/N
34-E1-00036;PUENTE RODRIGUEZ, JOSE RAMON;979122834;CALLE SANTIAGO AMON;PALENCIA;AGUILAR DE CAMPOO;AGUILAR DE CAMPOO;34800;12
34-E1-00037;BLAZQUEZ DE CASTRO, FRANCISCO JAVIER;;AVDA  VALDEGUDIN;PALENCIA;VILLAMURIEL DE CERRATO;VILLAMURIEL DE CERRATO;34190;9
34-E1-00049;REVILLA TORRIJOS, MARIA TERESA;979741036;CALLE MAYOR PRINCIPAL;PALENCIA;PALENCIA;PALENCIA;34001;104
34-E1-00050;CONDE ZAPATERO, AMPARO;979154127;CALLE HUERTOS (LOS);PALENCIA;SAN CEBRIAN DE CAMPOS;SAN CEBRIÁN DE CAMPOS;34429;4
34-E1-00051;RODRIGUEZ BARBERO, MARIA GUADALUPE;979776197;AVDA  AGUILERA;PALENCIA;VILLAMURIEL DE CERRATO;VILLAMURIEL DE CERRATO;34190;1
34-E1-00052;BECERRIL RAMOS, RAFAEL;979751687;CALLE COLON;PALENCIA;PALENCIA;PALENCIA;34002;20
34-E1-00065;RUIZ ZORRILLA SENIN, MARIA SARA;979890024;CALLE HUERTAS (LAS);PALENCIA;SALDAÑA;SALDAÑA;;1
34-E1-00066;MARTINEZ CISNEROS, BEATRIZ;979860380;CTRA  MAGDALENA (LA);PALENCIA;SANTIBAÑEZ DE LA PEÑA;SANTIBÁÑEZ DE LA PEÑA;34885;25
34-E1-00067;ORTEGA FERNANDEZ, MARIA CARMEN;979851954;CALLE HERRADURA (LA);PALENCIA;GUARDO;GUARDO;34880;2
34-E1-00078;GARCIA MALVAR GUTIERREZ, FRANCISCO;;CALLE FRANCISCO VIGHI;PALENCIA;PALENCIA;PALENCIA;;S/N
34-E1-00080;MERINO LOZANO, VALENTIN;979742479;CALLE HERMANOS LOPEZ FRANCOS;PALENCIA;PALENCIA;PALENCIA;34003;1
34-E1-00085;RODRIGUEZ BARBERO, EMILIO;979744459;PLAZA CERVANTES;PALENCIA;PALENCIA;PALENCIA;34005;1
34-E1-00086;VELASCO GARCIA, JOSE IGNACIO;979165326;AVDA  VALLADOLID;PALENCIA;PALENCIA;PALENCIA;34004;29
34-E1-00087;DE LA FUENTE MARCOS, MARIA BEATRIZ;;PLAZA RABI SEM TOB;PALENCIA;PALENCIA;PALENCIA;34004;4
34-E1-00088;HERNANDEZ TESORERO, NURIA;979743536;CALLE ABETOS (LOS);PALENCIA;PALENCIA;PALENCIA;34003;4
34-E1-00094;ARIAS BARRA, JUAN ALFONSO;;AVDA  CONSTITUCION (DE LA);PALENCIA;AGUILAR DE CAMPOO;AGUILAR DE CAMPOO;;26
37-E1-00003;BECERRO CERECEDA, MARIA TERESA;;CALLE SALVADOR;SALAMANCA;SALAMANCA;SALAMANCA;37003;0
37-E1-00004;MARTIN HERNANDEZ, LAURA;;CALLE PALOMA;SALAMANCA;ALBA DE TORMES;ALBA DE TORMES;;S/N
37-E1-00010;CARBALLO CUADRADO, ANA MARIA;;PASEO ESTACION;SALAMANCA;SALAMANCA;SALAMANCA;37004;53
37-E1-00012;BRUSI ROMO, MARINO;;CALLE MAYOR DE SANCHEZ OCAÑA;SALAMANCA;BEJAR;BÉJAR;37700;32
37-E1-00014;RUEDA BLANCO, JUAN FRANCISCO;;AVDA  CAMPOAMOR;SALAMANCA;SALAMANCA;SALAMANCA;37003;26
37-E1-00019;HERNANDEZ IGLESIAS, MARIA SAGRARIO;;CALLE LARGA;SALAMANCA;TAMAMES;TAMAMES;37600;89
37-E1-00035;APARICIO FERNANDEZ DE GATTA, ELISA;;CALLE LARGA;SALAMANCA;VILLAVIEJA DE YELTES;VILLAVIEJA DE YELTES;37260;2
37-E1-00036;FLORES ESTADES, ANGEL JULIO;;CALLE NUESTRA SEÑORA DE LA MISERICORDIA;SALAMANCA;CANTALAPIEDRA;CANTALAPIEDRA;37400;14
37-E1-00038;DE DIOS CABEZAS, ALEJANDRO;;AVDA  PORTUGAL;SALAMANCA;SALAMANCA;SALAMANCA;37006;82
37-E1-00043;ACEDO DEL POZO, MARIA CONCEPCION;;CALLE ALFONSO DE CASTRO;SALAMANCA;SALAMANCA;SALAMANCA;37005;21
37-E1-00049;GUTIERREZ NAVARRO, CARMEN;;CALLE ARZOBISPO ALMARAZ;SALAMANCA;VELLES (LA);VELLÉS, LA;37427;2
37-E1-00055;GARCIA SANCHEZ, MARIA LOURDES;;CALLE RODEROS;SALAMANCA;LEDESMA;LEDESMA;37100;S/N
37-E1-00056;CASADO NORATO, MARIA NATIVIDAD;;LUGAR BARREROS;SALAMANCA;MIRANDA DEL CASTAÑAR;MIRANDA DEL CASTAÑAR;;6
37-E1-00057;RUEDA BLANCO, MARIA MERCEDES;;CALLE AVILA;SALAMANCA;SALAMANCA;SALAMANCA;37004;15
37-E1-00058;MARTIN GARCIA, INES;;PLAZA JULIAN COCA;SALAMANCA;GUIJUELO;GUIJUELO;37770;11
37-E1-00064;DE ORAA MORTE, MARIA PALOMA;;CALLE MARÍA AUXILIADORA;SALAMANCA;SALAMANCA;SALAMANCA;37005;45
37-E1-00072;MATEOS RODRIGUEZ, MARIA DOLORES / MATEO MATEOS, DOLORES;;AVDA  VILLAS;SALAMANCA;VILLORIA;VILLORIA;37339;44
37-E1-00073;GOMEZ GOSALVEZ, MARIA VICTORIA;;CALLE REINA SOFIA;SALAMANCA;LEDRADA;LEDRADA;37730;36
37-E1-00074;OLLEROS SANTOS RUIZ, MARIA AMALIA;;PLAZA PUERTA DE AVILA;SALAMANCA;BEJAR;BÉJAR;37700;22
37-E1-00079;GONZALEZ SANCHEZ, ROCIO / MATEOS HERNANDEZ, LAURA;;CALLE ROLLO;SALAMANCA;SALAMANCA;SALAMANCA;37003;62
37-E1-00081;SANCHEZ AVILA, ADELA;;CALLE GRAN VIA;SALAMANCA;SALAMANCA;SALAMANCA;37001;24
37-E1-00086;DE LA PEÑA HERNANDEZ, CARLOS;;PLZLA JEAN MONET;SALAMANCA;SALAMANCA;SALAMANCA;;1
37-E1-00090;CABO HARGUINDEY, ROSA MARIA;;CALLE LAGUNA;SALAMANCA;CIUDAD RODRIGO;CIUDAD RODRIGO;37500;5
37-E1-00092;MARTIN MARTIN, CRISANTO;;PLAZA BRETON;SALAMANCA;SALAMANCA;SALAMANCA;37001;10
37-E1-00093;MIRALLES PUENTE, AGUSTIN;;PASEO DOCTOR TORRES VILLARROEL;SALAMANCA;SALAMANCA;SALAMANCA;37006;45
37-E1-00094;GONZALEZ MARTIN, MARCOS;;CALLE LUIS VIVES;SALAMANCA;SALAMANCA;SALAMANCA;37006;13
37-E1-00096;FUENTES FERNANDEZ, MARTA MARIA;;AVDA  COMUNEROS;SALAMANCA;SALAMANCA;SALAMANCA;37003;25
37-E1-00097;RECIO FLEMMICH, JAVIER ERNESTO;;CALLE TORO;SALAMANCA;SALAMANCA;SALAMANCA;37002;70
37-E1-00098;RODRIGUEZ MARTIN, ELENA;;CALLE MARIA AUXILIADORA;SALAMANCA;SALAMANCA;SALAMANCA;37004;74
37-E1-00099;SANCHEZ RUBIO, MARIA ISABEL;;PASEO FLORENCIO MARCOS;SALAMANCA;SALAMANCA;SALAMANCA;37008;21
37-E1-00102;PARADINAS RODRIGUEZ, MARIA ROSA;;PASEO GRAN CAPITAN;SALAMANCA;SALAMANCA;SALAMANCA;37006;17
37-E1-00109;CIURANA SANCHEZ, JUAN FERNANDO;;CALLE COMERCIO;SALAMANCA;SALAMANCA;SALAMANCA;37006;2
37-E1-00111;MANGAS HERNANDEZ, DANIEL;;CALLE MIRANDA;SALAMANCA;CEPEDA;CEPEDA;37656;2
37-E1-00123;MARTIN SIMON, MYRIAM;;CTRA  MADRID;SALAMANCA;SANTA MARTA DE TORMES;SANTA MARTA DE TORMES;37900;79
37-E1-00126;PEREZ DEL MOLINO BERNAL, MARIA ELENA;;CALLE RECREO;SALAMANCA;BEJAR;BÉJAR;37700;12
37-E1-00139;SANCHEZ TOCINO, MONTSERRAT;;CALLE ARRABAL;SALAMANCA;HORCAJO DE MONTEMAYOR;HORCAJO DE MONTEMAYOR;37712;8
37-E1-00144;CALZADA SANCHEZ, ANA NOELIA;;CALLE SALAS POMBO;SALAMANCA;SERRADILLA DEL ARROYO;SERRADILLA DEL ARROYO;37531;S/N
37-E1-00146;SANCHEZ SANCHEZ, LUIS MANUEL;;CALLE CARCABA;SALAMANCA;TORDILLOS;TORDILLOS;;46
37-E1-00150;CARDEDAL MAYORAL, ELENA;;CALLE ERMITA;SALAMANCA;CESPEDOSA DE TORMES;CESPEDOSA DE TORMES;;23
37-E1-00152;DE LUIS ALONSO, JOSE MANUEL;;PLAZA MAYOR;SALAMANCA;CASTELLANOS DE MORISCOS;CASTELLANOS DE MORISCOS;37439;13
37-E1-00155;SARMIENTO GONZALEZ, RAQUEL;;CALLE AVE MARIA;SALAMANCA;PALACIOSRUBIOS;PALACIOSRUBIOS;37406;4
37-E1-00156;CALLE VICENTE, MARIA VICTORIA;;CALLE SANTA TERESA;SALAMANCA;ENCINAS DE ABAJO;ENCINAS DE ABAJO;37893;S/N
37-E1-00158;PARIENTE VELASCO, MARIA JESUS;;CALLE TORMES;SALAMANCA;URBANIZACION EL ENCINAR;TERRADILLOS;37190;7
37-E1-00161;MARTIN SANCHEZ, JOSE LUIS;;CZADA ALBA;SALAMANCA;CALVARRASA DE ARRIBA;CALVARRASA DE ARRIBA;37191;21
37-E1-00162;CUADRADO MORO, ANA;;CALLE ERAS;SALAMANCA;HINOJOSA DE DUERO;HINOJOSA DE DUERO;37230;24
37-E1-00167;GARCIA VALLE, SILVIA;;CALLE CANTARRANAS;SALAMANCA;PARADINAS DE SAN JUAN;PARADINAS DE SAN JUAN;37318;S/N
37-E1-00171;PEREZ PEREZ, LAURA;;CALLE DOCTOR BUSTOS;SALAMANCA;GALINDUSTE;GALINDUSTE;37785;32
37-E1-00175;FRANCIA BOGAJO, MARIA ISABEL;;CALLE FELIPE BENITEZ;SALAMANCA;PEREÑA DE LA RIVERA;PEREÑA DE LA RIBERA;;5
37-E1-00176;DIAZ RODRIGUEZ, MARIA ANGELES;;CALLE JESUS;SALAMANCA;MIEZA;MIEZA;37254;17
37-E1-00180;GARCIA CUANDA, CARLOS;;CALLE SANTA MARTA;SALAMANCA;CARBAJOSA DE LA SAGRADA;CARBAJOSA DE LA SAGRADA;37188;S/N
37-E1-00189;MORALES HERRERO, JUAN IGNACIO;;CALLE C/ PEDRARIAS;SALAMANCA;ALDEALENGUA;ALDEALENGUA;;2
37-E1-00195;SANTANA GONZALEZ, MARIA NIEVES;;CALLE CONVENTO;SALAMANCA;MANCERA DE ABAJO;MANCERA DE ABAJO;37315;6
37-E1-00197;ALONSO MORAL, ESTEFANIA;;CALLE LARGA;SALAMANCA;CAMPO DE PEÑARANDA (EL);CAMPO DE PEÑARANDA, EL;37317;50
37-E1-00198;LUCAS RODRIGUEZ, BEATRIZ;;CALLE ABAJO;SALAMANCA;FUENTES DE BEJAR;FUENTES DE BÉJAR;37790;39
37-E1-00205;MANZANO IGLESIAS, MARIA DEL CARMEN;;CALLE BARRIO NUEVO;SALAMANCA;MASUECO;MASUECO;;48
37-E1-00209;BLANCO GONZALEZ, M. JESUS;;CALLE SANTIAGO;SALAMANCA;MONTEMAYOR DEL RIO;MONTEMAYOR DEL RÍO;37727;20
37-E1-00212;GARCIA HERNANDEZ, CARLOS;;CALLE C/ CARRETERA DE MADRID, 61-65;SALAMANCA;SANTA MARTA DE TORMES;SANTA MARTA DE TORMES;37900;S/N
37-E1-00213;CANUT SANCHEZ, MARIA LUISA;;CALLE GENERALISIMO FRANCO;SALAMANCA;VILLASBUENAS;VILLASBUENAS;37256;11
37-E1-00215;KASSEM HASSAN, FAWAZ MUHIEDDIN;;CALLE LUNA;SALAMANCA;PALACIOS DEL ARZOBISPO;PALACIOS DEL ARZOBISPO;37111;12
37-E1-00216;GONZALEZ BLANCO, MARIA DEL CARMEN;;CALLE VISTAHERMOSA;SALAMANCA;MONTERRUBIO DE ARMUÑA;MONTERRUBIO DE ARMUÑA;37798;8
37-E1-00220;ALONSO BERNAL, MYRIAN;;CTRA  VITIGUDINO;SALAMANCA;TRABANCA;TRABANCA;;4
37-E1-00221;PEREZ ARROYO, INES;;CALLE PAZ;SALAMANCA;NAVA DE SOTROBAL;NAVA DE SOTROBAL;37850;11
37-E1-00223;RIVAS CABAÑERO, LINA;;CALLE Avda. Peña de Francia;SALAMANCA;VECINOS;VECINOS;37450;10
37-E1-00225;FERNANDEZ FIDALGO, AURORA;;CALLE LARGA;SALAMANCA;VILLASRUBIAS;VILLASRUBIAS;37522;2
37-E1-00230;SANTOS BRAVO, MARIA CARIDAD;;PLAZA ESPAÑA;SALAMANCA;SAN CRISTOBAL DE LA CUESTA;SAN CRISTÓBAL DE LA CUESTA;;11
37-E1-00231;PEDRAZA DOMINGUEZ, ANGEL;;CALLE SALAS POMBO;SALAMANCA;ALDEHUELA DE LA BOVEDA;ALDEHUELA DE LA BÓVEDA;37460;16
37-E1-00234;SANCHEZ SANCHEZ, FELISA;;CALLE ERAS;SALAMANCA;SEPULCRO-HILARIO;SEPULCRO-HILARIO;37638;S/N
37-E1-00239;HEBRERO GOMEZ, MARIA BELEN;;CMNO  AGUAS;SALAMANCA;SALAMANCA;SALAMANCA;37003;59
37-E1-00241;FUENTES DE FRUTOS, JOSE ENRIQUE;;CALLE SUMATRA;SALAMANCA;SALAMANCA;SALAMANCA;37003;1
37-E1-00248;GARCIA SANTOS, MARIA AUXILIADORA;;CALLE SALIDA DE SALAMANCA;SALAMANCA;PARADA DE RUBIALES;PARADA DE RUBIALES;37419;12
37-E1-00250;SAGRADO IGLESIAS, JESUS;;CALLE COMUNEROS;SALAMANCA;SANDO;SANDO;37468;17
37-E1-00254;RAMIRO DE LA CAL, MANUEL / RODRIGO CURIEL, ANA;;AVDA  SALAMANCA;SALAMANCA;CIUDAD RODRIGO;CIUDAD RODRIGO;;59
37-E1-00255;VAQUERO SANCHEZ, MARIA VICTORIA;;AVDA  LASALLE;SALAMANCA;SALAMANCA;SALAMANCA;37008;46
37-E1-00258;ALVAREZ DEL CASTILLO, JORGE;;CALLE CALVO SOTELO;SALAMANCA;VALDECARROS;VALDECARROS;37881;4
37-E1-00259;SAYAGUES VEGA, MARIANO;;PASEO ESTACION;SALAMANCA;PEÑARANDA DE BRACAMONTE;PEÑARANDA DE BRACAMONTE;37300;8
37-E1-00260;CERRO SANTOS, MARIA CARMEN;;CALLE BODEGUITAS;SALAMANCA;SAN ESTEBAN DE LA SIERRA;SAN ESTEBAN DE LA SIERRA;37671;4
37-E1-00261;HERRERO MARTIN, JESUS ALBERTO;;CALLE CHORRO;SALAMANCA;ROBLEDA;ROBLEDA;37521;19
37-E1-00262;LANTADA PUEBLA, MARIA NIEVES;;CALLE NUEVA;SALAMANCA;MONTEJO;MONTEJO;37795;27
37-E1-00263;DE SANDE MEDEL, MARIA JOSEFA;;CALLE RICARDO PEREZ FERNANDEZ;SALAMANCA;SALAMANCA;SALAMANCA;37003;6
37-E1-00264;BALLESTERO VEGA, JESUS MARIA;;CALLE MONSEÑOR ROMERO;SALAMANCA;SANTA MARTA DE TORMES;SANTA MARTA DE TORMES;37900;2
37-E1-00265;FERNANDEZ MOLINERO, CARMEN ROSARIO;;CTRA  MATA;SALAMANCA;VILLARES DE LA REINA;VILLARES DE LA REINA;37184;78
37-E1-00270;MARTIN SIMON, SANDRA / SANCHO SANCHEZ, MARIA JESUS;;CTRA  MADRID;SALAMANCA;SANTA MARTA DE TORMES;SANTA MARTA DE TORMES;37900;103
40-E1-00002;RUANO VAZQUEZ, MARTA ISABEL;921428918;CALLE MUERTE Y VIDA;SEGOVIA;SEGOVIA;SEGOVIA;40005;2
40-E1-00004;GARCIA GONZALEZ, AURORA ESTEFANIA;921462711;CALLE JUAN BRAVO;SEGOVIA;SEGOVIA;SEGOVIA;40001;31
40-E1-00013;RUIZ CARRASCO, FRANCISCO;921540018;PLAZA ESPAÑA;SEGOVIA;SEPULVEDA;SEPÚLVEDA;40300;2
40-E1-00014;FERNANDEZ OLALLA, MARIANA;921442366;AVDA  VICENTE ALEIXANDRE;SEGOVIA;SEGOVIA;SEGOVIA;40006;13
40-E1-00022;CUELLAR BASTERRECHEA, BEGOÑA;;CALLE SANTA CATALINA;SEGOVIA;SEGOVIA;SEGOVIA;40003;16
40-E1-00026;DE LA PEÑA BUQUERIN, LUIS;921553003;PLAZA MAYOR;SEGOVIA;AYLLON;AYLLÓN;40520;12
40-E1-00028;VALADES CABELLO, M BEGOÑA;921480199;PLAZA POBOS (LOS);SEGOVIA;LOSA (LA);LOSA, LA;;2
40-E1-00031;GIL GARCIA, BLANCA;921160183;CTRA  SEGOVIA;SEGOVIA;SANCHONUÑO;SANCHONUÑO;40297;18
40-E1-00032;HERRERO ISERN, SANDRA;921427938;CTRA  VILLACASTIN;SEGOVIA;SEGOVIA;SEGOVIA;40006;10
40-E1-00034;COVISA NAGER, ENRIQUE;921496025;PLAZA MAYOR;SEGOVIA;CANTIMPALOS;CANTIMPALOS;40360;17
40-E1-00035;RODRIGUEZ DEL FRESNO, MARIA PERPETUO SOCORRO;921434858;AVDA  MARQUES DE LOZOYA (DEL);SEGOVIA;SEGOVIA;SEGOVIA;40004;13
40-E1-00041;AVELLON SENOVILLA, PATRICIA;921574392;CALLE SANTILLANA;SEGOVIA;FUENTEPELAYO;FUENTEPELAYO;40260;3
40-E1-00050;FRIAS LOPEZ, MARIA ISABEL;921577273;CALLE REAL;SEGOVIA;MOZONCILLO;MOZONCILLO;;16
40-E1-00052;ARRANZ MONTALVILLO, MANUELA;921582466;CALLE SIN NOMBRE;SEGOVIA;SAMBOAL;SAMBOAL;;S/N
40-E1-00053;VICENTE REBOLLO, JAVIER;921580833;CALLE ELIAS VIRSEDA;SEGOVIA;NAVA DE LA ASUNCION;NAVA DE LA ASUNCIÓN;40450;3
40-E1-00054;CUBERO DE BLAS, SERGIO;921591585;CALLE FRANCO;SEGOVIA;NAVAS DE ORO;NAVAS DE ORO;40470;1
40-E1-00064;MONEDERO MARTINEZ PARDO, LAURA;921470017;PLAZA DOLORES (DE) (LOS);SEGOVIA;SAN ILDEFONSO O LA GRANJA;REAL SITIO DE SAN ILDEFONSO;40100;13
40-E1-00065;DIEGO BARQUIN, ALBERTO JESUS;920309649;CALLE CONSISTORIO;SEGOVIA;RAPARIEGOS;RAPARIEGOS;40466;4
40-E1-00068;MAROTO GOMEZ, AMPARO;921596007;PLAZA IGLESIA;SEGOVIA;SANTIUSTE DE SAN JUAN BAUTISTA;SANTIUSTE DE SAN JUAN BAUTISTA;40460;5
40-E1-00069;GARCIA NIETO, SILVIA;921401105;CALLE CRTA. DE SORIA;SEGOVIA;TORRECABALLEROS;TORRECABALLEROS;40160;20
40-E1-00070;GALLEGO ESTEBAN, FERNANDO;921154099;CALLE POVEDAS;SEGOVIA;TORRECILLA DEL PINAR;TORRECILLA DEL PINAR;40359;4
40-E1-00073;LAZARO ALVAREZ, FRANCISCA;921150437;CALLE CONSTANTINO ARRANZ;SEGOVIA;VALLELADO;VALLELADO;40213;4
40-E1-00076;CASLA FRANCISCO, MARIA DOLORES;921500291;CALLE ELEUTERIO ADRADOS;SEGOVIA;VEGANZONES;VEGANZONES;40395;42
40-E1-00081;REVIRIEGO MORCUENDE, MARIA ANTONIA;921198297;AVDA  SAN ANTONIO;SEGOVIA;ZARZUELA DEL MONTE;ZARZUELA DEL MONTE;40152;2
40-E1-00082;REDONDO MONTORO, FERNANDO;921142248;AVDA  CAMILO JOSE CELA;SEGOVIA;CUELLAR;CUÉLLAR;40200;46
40-E1-00083;DEL RIO HERRERO, VICTOR;921441863;PLAZA COSTANA;SEGOVIA;LASTRILLA (LA);LASTRILLA, LA;40196;5
40-E1-00084;LAPORTA SANCHEZ, MARIA TERESA;921504134;PLAZA MAYOR;SEGOVIA;ARCONES;ARCONES;40164;3
40-E1-00090;GILSANZ PASCUAL, BEATRIZ OLGA;921562159;CALLE MAYOR S/N;SEGOVIA;ESCARABAJOSA DE CABEZAS;ESCARABAJOSA DE CABEZAS;;5
40-E1-00096;APARICIO HERNAN, ANA MARIA;;AVDA  HONTANILLA;SEGOVIA;ESPINAR (EL);ESPINAR, EL;40400;12
40-E1-00097;GILARRANZ LUENGO, SEILA;;PLAZA TIRSO DE MOLINA;SEGOVIA;SEGOVIA;SEGOVIA;40006;3
40-E1-00105;DE ELIAS HERNANDEZ, REBECA MARIA;;AVDA  CONSTITUCION (LA);SEGOVIA;SEGOVIA;SEGOVIA;40006;5
40-E1-00106;CARRIL BATALLA, PEDRO FRANCISCO;;CALLE CTRA. VILLACASTIN;SEGOVIA;SEGOVIA;SEGOVIA;;11
42-E1-00001;VALLECILLO AVILA, DORIS YAMILETH;622892000;CALLE RIO (DEL);SORIA;ALCUBILLA DE AVELLANEDA;ALCUBILLA DE AVELLANEDA;42353;0
42-E1-00007;ALMARZA SISTIAGA, ENRIQUE;975320003;CALLE GERARDO DIEGO;SORIA;ARCOS DE JALON;ARCOS DE JALÓN;42250;11
42-E1-00010;LOPEZ VALIENTE, EDUARDO;637337350;CALLE CUATRO CALLES;SORIA;ALMENAR DE SORIA;ALMENAR DE SORIA;42130;6
42-E1-00016;MARTINEZ ZALAYA, ANA CRISTINA;;AVDA  ARGENTINA;SORIA;CIDONES;CIDONES;42145;22
42-E1-00017;GARCIA SANCHEZ, ALICIA;975370474;CALLE MANUEL CAMARA RODRIGO;SORIA;COVALEDA;COVALEDA;42157;60
42-E1-00023;CRUZ LIAÑO, FELIPE JOSE;;PLAZA MAYOR;SORIA;ESPEJON;ESPEJÓN;42142;6
42-E1-00025;DE PEDRO BLAZQUEZ, SUSANA;975375031;CALLE ERAS (LAS);SORIA;FUENTEARMEGIL;FUENTEARMEGIL;42143;S/N
42-E1-00036;SUALDEA CALLEJA, PAOLA CLARA;;CALLE REAL;SORIA;OSMA;BURGO DE OSMA-CIUDAD DE OSMA;42300;151
42-E1-00039;CERDEIRAS URIA, MARIA JOSE;;CALLE FUENTE (LA);SORIA;RETORTILLO DE SORIA;RETORTILLO DE SORIA;42315;7
42-E1-00045;CABALLERO FERNANDEZ, JUAN JOSE;975381003;PLAZA MARISCAL DE GANTE;SORIA;SAN PEDRO MANRIQUE;SAN PEDRO MANRIQUE;42174;10
42-E1-00051;BARRIO ALONSO, DAVID;;PLAZA MAYOR;SORIA;TAJUECO;TAJUECO;42366;4
42-E1-00052;PARA ARENALES, PILAR;975308275;AVDA  RAMON Y CAJAL;SORIA;TARDELCUENDE;TARDELCUENDE;42294;10
42-E1-00053;BRAOJOS BRAOJOS, MARCO ANTONIO;975383138;PLAZA MAYOR;SORIA;CASTILRUIZ;CASTILRUIZ;42113;1
42-E1-00059;BUJARRABAL ANTON, MARIA ICIAR;975220435;AVDA  VALLADOLID;SORIA;SORIA;SORIA;42005;18
42-E1-00062;MARTINEZ GARCIA, RAQUEL;975211834;CALLE TEJERA (LA);SORIA;SORIA;SORIA;42001;2
42-E1-00063;CABEZON GARCIA, ANA;;CALLE FRANCISCO DE AGREDA;SORIA;SORIA;SORIA;;4
42-E1-00064;SAL DEL RIO ARGANZA, ELVIRA;;PLAZA RAMON BENITO ACEÑA;SORIA;VALDEAVELLANO DE TERA;VALDEAVELLANO DE TERA;;14
42-E1-00065;HERVAS HERNANDO, LAURA MAYELA;;CALLE RAMON BENITO ACEÑA;SORIA;GARRAY;GARRAY;42162;27
42-E1-00067;LOPEZ MARTIN, MARIA JOSE;;CALLE JORGE MANRIQUE;SORIA;SORIA;SORIA;42003;11
47-E1-00001;TORIO ABAD, MARIA ISABEL;983234098;CALLE LAS MERCEDES;VALLADOLID;VALLADOLID;VALLADOLID;;11
47-E1-00003;ARRANZ MADRIGAL, ESTHER;983293495;CALLE C/ LABRADORES;VALLADOLID;VALLADOLID;VALLADOLID;47004;15
47-E1-00008;CHANA GALVAN, CARMEN;983233329;CALLE PUENTE COLGANTE;VALLADOLID;VALLADOLID;VALLADOLID;47007;41
47-E1-00011;DE BENITO DEZA, MARIA PILAR;983352082;CALLE SANTIAGO;VALLADOLID;VALLADOLID;VALLADOLID;47001;19
47-E1-00020;COUPEAU BORRAS, PABLO;983305062;CALLE ANGUSTIAS;VALLADOLID;VALLADOLID;VALLADOLID;47003;26
47-E1-00025;GARCIA DEL POZO, VICTORINA;983291207;PLAZA SAN JUAN;VALLADOLID;VALLADOLID;VALLADOLID;47002;5
47-E1-00027;ARMENDIA PEREZ, MARIA ARRABAL;;CALLE CONDE DE BENAVENTE;VALLADOLID;VALLADOLID;VALLADOLID;47003;8
47-E1-00028;MINGUEZ IGLESIAS, ANA;983202263;CALLE PANADEROS;VALLADOLID;VALLADOLID;VALLADOLID;47004;39
47-E1-00033;GARCIA COLINO, MARIA DEL MAR;983230388;CALLE EMBAJADORES;VALLADOLID;VALLADOLID;VALLADOLID;47013;20
47-E1-00034;SOBRINO HEBRERO, CARMEN;983303601;CALLE DUQUE DE LA VICTORIA;VALLADOLID;VALLADOLID;VALLADOLID;47001;17
47-E1-00035;RODRIGUEZ ALVAREZ, EMILIO;983293286;CALLE LABRADORES;VALLADOLID;VALLADOLID;VALLADOLID;47004;49
47-E1-00036;DEL REAL LLORENTE, JUAN;983259003;CALLE PARAISO;VALLADOLID;VALLADOLID;VALLADOLID;47003;7
47-E1-00037;LOPEZ CASAMAYOR, MARIA PAZ;983352891;PLAZA RINCONADA;VALLADOLID;VALLADOLID;VALLADOLID;47001;1
47-E1-00042;RIVERA DE DIEGO, CARMEN;983293465;PLAZA CRUZ VERDE;VALLADOLID;VALLADOLID;VALLADOLID;47002;3
47-E1-00044;MOGOLLON MORILLA, PILAR;983291558;CALLE SANTA LUCIA;VALLADOLID;VALLADOLID;VALLADOLID;47005;19
47-E1-00045;SANTAMARIA VALDES, LORETO;983330596;PLAZA ARCES;VALLADOLID;VALLADOLID;VALLADOLID;47003;2
47-E1-00046;TEJEDOR TOQUERO, MARIA TERESA;983471881;CALLE BOLIVIA;VALLADOLID;VALLADOLID;VALLADOLID;47014;3
47-E1-00050;RODRIGUEZ BLANCO, MARIA EMMA;983220846;CALLE MAGALLANES;VALLADOLID;VALLADOLID;VALLADOLID;47006;25
47-E1-00052;DE LA CUESTA PUERTAS, ANA;983291764;PLAZA BATALLAS;VALLADOLID;VALLADOLID;VALLADOLID;47005;1
47-E1-00054;ALVAREZ CARBALLO, SALVIA;983379807;CALLE MARIA DE MOLINA;VALLADOLID;VALLADOLID;VALLADOLID;47001;14
47-E1-00058;COLINA RIVERA, PABLO;;CALLE VILLABAÑEZ;VALLADOLID;VALLADOLID;VALLADOLID;47012;3
47-E1-00061;NEBREDA CANTERO, ALFONSO FERNANDO;983356304;CALLE PROFESOR ADOLFO MIAJA DE LA MUELA;VALLADOLID;VALLADOLID;VALLADOLID;47014;10
47-E1-00065;SANTIAGO SASTRE, GENOVEVA;983337413;PASEO ZORRILLA;VALLADOLID;VALLADOLID;VALLADOLID;47008;14
47-E1-00073;SANZ VIDAL, MIGUEL A. / VIDAL CORCOBA, ROSARIO;983251589;CALLE SANTANDER;VALLADOLID;VALLADOLID;VALLADOLID;;93
47-E1-00075;NAVAS BARROCAL, EUSEBIO;983863385;CALLE PEÑARANDA;VALLADOLID;FRESNO EL VIEJO;FRESNO EL VIEJO;47480;15
47-E1-00077;REDONDO AVILA, MARIA ISABEL;983559233;CALLE PLAZA MAYOR;VALLADOLID;SERRADA;SERRADA;47239;10
47-E1-00080;RAMOS GOMEZ, JUAN;;CALLE SAN ROQUE;VALLADOLID;VILLAVICENCIO DE LOS CABALLEROS;VILLAVICENCIO DE LOS CABALLEROS;47676;S/N
47-E1-00081;RODRIGUEZ BURGOA, NATIVIDAD;983506364;CALLE ERAS;VALLADOLID;CASTRONUEVO DE ESGUEVA;CASTRONUEVO DE ESGUEVA;47171;1
47-E1-00082;SANCHEZ LEON, JOSE MARIA;983611789;CALLE REAL;VALLADOLID;ISCAR;ÍSCAR;47420;5
47-E1-00084;FERNANDEZ RODRIGUEZ, INMACULADA;983714433;CALLE PALACIO;VALLADOLID;VILLABRAGIMA;VILLABRÁGIMA;47820;3
47-E1-00092;DEL OLMO TORIBIO, HORTENSIA;983699178;CALLE MAYOR;VALLADOLID;COGECES DEL MONTE;COGECES DEL MONTE;47313;4
47-E1-00098;CUESTA RODRIGUEZ, PATRICIA;983866229;CALLE REAL;VALLADOLID;CASTRONUÑO;CASTRONUÑO;;S/N
47-E1-00101;PERAL PUPARELLI, MANUEL;983770581;CALLE SANTA MARIA;VALLADOLID;TORDESILLAS;TORDESILLAS;47100;1
47-E1-00102;LOPEZ MUÑOYERRO, PETRA MARIA;983555602;CALLE ALTA;VALLADOLID;VILLANUEVA DE DUERO;VILLANUEVA DE DUERO;47239;2
47-E1-00103;RODRIGUEZ GARCIA, CONCEPCION;983560020;AVDA  D.MARCELO GONZALEZ MARTIN;VALLADOLID;VILLANUBLA;VILLANUBLA;;10
47-E1-00106;MERINO MIGUEL, MARIA CARMEN;;CALLE CASTILLA Y LEON;VALLADOLID;VALORIA LA BUENA;VALORIA LA BUENA;47200;20
47-E1-00118;REINA DE LA TORRE, MERCEDES;983373588;PLAZA RONDA;VALLADOLID;ZARATAN;ZARATÁN;47610;9
47-E1-00120;GONZALEZ ANDRES, MARIA NIEVES;983686399;PLAZA MAYOR;VALLADOLID;FOMBELLIDA;FOMBELLIDA;47184;S/N
47-E1-00123;GONZALEZ LAMAS, LETICIA / OBESO GRIFOL, DAVID;983700086;CALLE LAZARO ALONSO;VALLADOLID;MEDINA DE RIOSECO;MEDINA DE RIOSECO;47800;26
47-E1-00132;SANTANA DE MIGUEL, JOSE MANUEL;983558275;CALLE CONSTITUCION;VALLADOLID;ALDEAMAYOR DE SAN MARTIN;ALDEAMAYOR DE SAN MARTÍN;47162;5
47-E1-00134;BERNALDEZ MIGUEL, CRISTINA;983716046;CALLE ALEJANDRO NAJERA;VALLADOLID;VILLAFRECHOS;VILLAFRECHÓS;47810;10
47-E1-00141;DIEGO GARCIA, ARANZAZU;983232771;PLAZA EJERCITO;VALLADOLID;VALLADOLID;VALLADOLID;47007;1
47-E1-00142;BLANCO GUERRA, MARIA CARMEN / FERNANDEZ BLANCO, FRANCISCO JAVIER;983291813;CALLE SILIO;VALLADOLID;VALLADOLID;VALLADOLID;47005;6
47-E1-00143;SANCHEZ CONCELLON, RICARDO;983232050;CALLE ESPERANTO;VALLADOLID;VALLADOLID;VALLADOLID;47007;7
47-E1-00145;EGIDO HERNANDEZ, OLGA;983352029;CALLE IMPERIAL;VALLADOLID;VALLADOLID;VALLADOLID;47003;5
47-E1-00146;FERNANDEZ MANTECA, MARIA JESUS;983252530;CALLE TIRSO DE MOLINA;VALLADOLID;VALLADOLID;VALLADOLID;47011;23
47-E1-00147;RODRIGUEZ CARRASCAL, JAVIER;983236114;CALLE JOAQUIN MARIA JALON;VALLADOLID;VALLADOLID;VALLADOLID;47008;31
47-E1-00153;PEREZ MARTIN, JORGE;983255431;CALLE SOTO;VALLADOLID;VALLADOLID;VALLADOLID;47010;47
47-E1-00157;EL-ASI SECO, YASMIN;983343264;CALLE PROFESOR ADOLFO MIAJA DE LA MUELA;VALLADOLID;VALLADOLID;VALLADOLID;47014;17
47-E1-00164;TORANZO RODRIGUEZ, ELENA;983290230;CALLE SALUD;VALLADOLID;VALLADOLID;VALLADOLID;47012;31
47-E1-00166;NAVAS MUÑOZ, AURORA;983294024;CALLE CANTERAC;VALLADOLID;VALLADOLID;VALLADOLID;47012;51
47-E1-00167;JUNQUERA FLOREZ, ANGEL;983239941;CALLE GABILONDO;VALLADOLID;VALLADOLID;VALLADOLID;47007;26
47-E1-00168;REDONDO FERNANDEZ, TELESFORO;;PASEO ZORRILLA;VALLADOLID;VALLADOLID;VALLADOLID;47008;205
47-E1-00170;TOCINO RAMOS, JUAN PABLO;983402535;CALLE SAN CRISTOBAL;VALLADOLID;CISTERNIGA;CISTÉRNIGA;47193;24
47-E1-00177;LLANES GARCIA, MARIA;983290262;CALLE JUAN CARLOS I;VALLADOLID;VALLADOLID;VALLADOLID;;138
47-E1-00180;MARTIN ALONSO, CARMEN;983554039;CALLE CARDIEL;VALLADOLID;VIANA DE CEGA;VIANA DE CEGA;47150;44
47-E1-00183;GOMEZ ARQUEROS, EDUARDO;983298305;CALLE TRABAJO;VALLADOLID;VALLADOLID;VALLADOLID;47013;8
47-E1-00184;SANJUAN GONZALEZ, ANDREA INES;983235787;CALLE ARCA REAL;VALLADOLID;VALLADOLID;VALLADOLID;47013;44
47-E1-00187;ZAMORA CRESPO, FABRICIO MANUEL / CRESPO ALONSO, MARIA ISABEL;983273075;CALLE ARCA REAL;VALLADOLID;VALLADOLID;VALLADOLID;47013;83
47-E1-00188;CARRERA AGUADO, ALFONSO / HUERTA ALBARRAN, ALMUDENA;983295967;CALLE PALACIO VALDES;VALLADOLID;VALLADOLID;VALLADOLID;47005;7
47-E1-00195;GARCIA MORATE, ALICIA / VEGA FERNANDEZ, OLGA;983217084;CALLE SAN ISIDRO;VALLADOLID;VALLADOLID;VALLADOLID;47012;9
47-E1-00196;LLANES GARCIA, LUIS MANUEL;983201206;CALLE HUELVA;VALLADOLID;VALLADOLID;VALLADOLID;47012;16
47-E1-00197;AGUADO PASCUAL, CARMEN;983271676;CALLE EMBAJADORES;VALLADOLID;VALLADOLID;VALLADOLID;47013;92
47-E1-00198;MIRALLES FISURE, CARMEN;983299251;CALLE ALONSO PESQUERA;VALLADOLID;VALLADOLID;VALLADOLID;47002;1
47-E1-00199;GOMEZ ARQUEROS, CARLOS;983291673;CALLE TORTOLA;VALLADOLID;VALLADOLID;VALLADOLID;47012;15
47-E1-00202;PASCUAL PAINO, JESUS MANUEL;983336171;CALLE GARCIA MORATO;VALLADOLID;VALLADOLID;VALLADOLID;47007;40
47-E1-00203;JIMENEZ GOMEZ, VICENTE JESUS;983360099;AVDA  MIGUEL ANGEL BLANCO;VALLADOLID;VALLADOLID;VALLADOLID;47014;5
47-E1-00207;ORDAX CARBAJO, MARIA LUCIA / CHAVER ARNAZ, MARIA ANGELES;983400068;CALLE JESUS;VALLADOLID;SANTOVENIA DE PISUERGA;SANTOVENIA DE PISUERGA;;44
47-E1-00209;IGLESIAS GARCIA, BEATRIZ;;PLAZA MAYOR;VALLADOLID;SARDON DE DUERO;SARDÓN DE DUERO;47340;5
47-E1-00212;CAÑIBANO ALVAREZ, SANTOS;983681503;CALLE POZO;VALLADOLID;PARRILLA (LA);PARRILLA, LA;47328;3
47-E1-00218;LERA FLOREZ, GERARDO;;CALLE REAL;VALLADOLID;MEGECES;MEGECES;47440;1
47-E1-00220;LOPEZ ANTON, CARLOS;983565335;CALLE HOSPITAL;VALLADOLID;PEÑAFLOR DE HORNIJA;PEÑAFLOR DE HORNIJA;47640;6
47-E1-00221;FARMACIA LCDO. DIEGO SÁNCHEZ, MARÍA ANTONIA;983811802;CALLE REAL;VALLADOLID;POZAL DE GALLINAS;POZAL DE GALLINAS;47450;22
47-E1-00231;GARCIA GUTIERREZ, CRISTINA;983771892;PLAZA REAL;VALLADOLID;TORRECILLA DE LA ABADESA;TORRECILLA DE LA ABADESA;47114;2
47-E1-00232;PEREZ CUADRADO, ANA;983796122;CALLE LOS CASTILLOS;VALLADOLID;TORDESILLAS;TORDESILLAS;47100;10
47-E1-00235;HERNANDEZ GARCIA, MARIA LUJAN;;CALLE ZARZA;VALLADOLID;AGUILAR DE CAMPOS;AGUILAR DE CAMPOS;;13
47-E1-00240;MILLARUELO FRONTELA, PILAR;983522529;CTRA  SORIA;VALLADOLID;TUDELA DE DUERO;TUDELA DE DUERO;47320;S/N
47-E1-00244;VIVAR COLLAZOS, RUTH;983246951;PASEO ZORRILLA;VALLADOLID;VALLADOLID;VALLADOLID;;179
47-E1-00247;SANTAMARIA ALONSO, BEATRIZ;983339182;CALLE MANUEL AZAÑA;VALLADOLID;VALLADOLID;VALLADOLID;47014;27
47-E1-00254;RUIZ CUADRADO, ANA BELEN;;CALLE MIRABEL;VALLADOLID;VALLADOLID;VALLADOLID;47010;28
47-E1-00256;DEL RIO VICENTE, ROSA MARIA;983540128;AVDA  MADRID;VALLADOLID;LAGUNA DE DUERO;LAGUNA DE DUERO;47140;24
47-E1-00257;FERNANDEZ MELLADO LOPEZ, JULIAN JESUS;;CALLE GAMAZO;VALLADOLID;MEDINA DEL CAMPO;MEDINA DEL CAMPO;47400;8
47-E1-00260;RUPEREZ GARCIA DEL CARRIZO, MIRIAN;983800833;PLAZA MAYOR DE LA HISPANIDAD;VALLADOLID;MEDINA DEL CAMPO;MEDINA DEL CAMPO;47400;36
47-E1-00261;VICENTE FRANQUEIRA RODRIGUEZ, RAMON MARIA;983800778;CALLE VALLADOLID;VALLADOLID;MEDINA DEL CAMPO;MEDINA DEL CAMPO;47400;21
47-E1-00263;FERNANDEZ ARIAS GONZALEZ, ANA MARIA / MATESANZ BERZAL, JESUS MANUEL;983527993;AVDA  DE LA LIBERTAD;VALLADOLID;LAGUNA DE DUERO;LAGUNA DE DUERO;47140;31
47-E1-00264;CASADO CASTAÑEDA, MARIA CARMEN;983803285;CALLE ANGEL MOLINA;VALLADOLID;MEDINA DEL CAMPO;MEDINA DEL CAMPO;47400;4
47-E1-00266;PINILLA MATEOS, JUAN CARLOS;983251530;CALLE TORRECILLA;VALLADOLID;VALLADOLID;VALLADOLID;47003;30
47-E1-00273;GARCIA VELASCO, ROSA MARIA;;CALLE NARCISO ALONSO CORTES;VALLADOLID;VALLADOLID;VALLADOLID;47006;12
47-E1-00277;COLOMA MILANO, CARLOS;;CALLE SAN ROQUE;VALLADOLID;TUDELA DE DUERO;TUDELA DE DUERO;47320;16
47-E1-00288;MONTEAGUDO PARRALEJO, MIGUEL A.;;CALLE COMUNIDAD DE CANARIAS;VALLADOLID;LAGUNA DE DUERO;LAGUNA DE DUERO;47140;3
47-E1-00290;ALAGUERO CALERO, SARA;;CALLE HIEDRA;VALLADOLID;VALLADOLID;VALLADOLID;47009;2
47-E1-00291;BARTOLOME GALLEGO, MARIA SONSOLES;;CALLE 1 DE MAYO;VALLADOLID;TUDELA DE DUERO;TUDELA DE DUERO;47320;6
47-E1-00293;GARCIA ARROITA, JOSE TEODORO;;PASEO CAUCE;VALLADOLID;VALLADOLID;VALLADOLID;47012;59
49-E1-00001;CADENAS CASO, MARIA ANABEL;980590060;PLAZA MAYOR;ZAMORA;TABARA;TÁBARA;49140;15
49-E1-00005;YAGUE ALONSO, MARIA ANGEL;980650006;AVDA  PURISIMA;ZAMORA;POBLADURA DEL VALLE;POBLADURA DEL VALLE;49780;3
49-E1-00009;REDONDO PAYO, VANESA;980577686;CALLE CALVO SOTELO;ZAMORA;CASASECA DE LAS CHANAS;CASASECA DE LAS CHANAS;49151;8
49-E1-00010;FUENTES PASCUAL, AUREA;980557418;CALLE MAESTRO ANTON;ZAMORA;ZAMORA;ZAMORA;49005;1
49-E1-00012;DE PAULA BLANCO, ANA;;CALLE ALMARAZ;ZAMORA;BERMILLO DE SAYAGO;BERMILLO DE SAYAGO;49200;9
49-E1-00013;FERNANDEZ HERNAEZ, IRENE;980690094;PLAZA SANTA MARINA;ZAMORA;TORO;TORO;49800;23
49-E1-00014;RIOL SANTOS, MATURINA / SAN JOSE RIOL, RAFAEL;980690720;CALLE PUERTA DEL MERCADO;ZAMORA;TORO;TORO;49800;19
49-E1-00018;CARBAJO ARIAS, JOSE FELIX;980602161;AVDA  TORO;ZAMORA;BOVEDA DE TORO (LA);BÓVEDA DE TORO, LA;49155;1
49-E1-00020;TOLA CORRALES, MARIA TERESA;980600150;CALLE IGLESIA;ZAMORA;FUENTESAUCO;FUENTESAÚCO;49400;9
49-E1-00023;RIVAS CEACERO, MARIA DEL MAR;980681431;TRVA  FUENTE;ZAMORA;SAN VITERO;SAN VITERO;49523;S/N
49-E1-00024;ALVAREZ FORTUOSO, MARIA INMACULADA;980690614;CALLE TABLARREDONDA;ZAMORA;TORO;TORO;49800;6
49-E1-00025;RODRIGUEZ BERMUDEZ, AQUILINO;;CALLE PLAZA DE LA IGLESIA;ZAMORA;MANGANESES DE LA POLVOROSA;MANGANESES DE LA POLVOROSA;;1
49-E1-00032;GOMEZ HERNANDEZ, RAQUEL;;CTRA  ZAMORA;ZAMORA;PEÑAUSENDE;PEÑAUSENDE;49178;0
49-E1-00033;GIL CEPEDA MORAN, MARTA;;CALLE LA RUA;ZAMORA;BENAVENTE;BENAVENTE;49600;14
49-E1-00036;PASCUA GARCIA, IRENE;980527188;AVDA  GALICIA;ZAMORA;ZAMORA;ZAMORA;49032;40
49-E1-00037;ALVAREZ GONZALEZ, CARLOS JAVIER;980522941;AVDA  TRES CRUCES;ZAMORA;ZAMORA;ZAMORA;49008;4
49-E1-00038;GOMEZ VICENTE, BERTA MARIA;980560020;CALLE PLAZA MAYOR;ZAMORA;CORRALES;CORRALES DEL VINO;49700;2
49-E1-00041;GONZALEZ LEON, MERCEDES;980570004;CALLE SOLANA;ZAMORA;MORALES DEL VINO;MORALES DEL VINO;49190;12
49-E1-00046;CATALINA COELLO, JOSE MANUEL;980520060;AVDA  TRES CRUCES;ZAMORA;ZAMORA;ZAMORA;49008;25
49-E1-00050;GOMEZ FIDALGO, MARIA JOSE;980500245;CALLE ARROYO;ZAMORA;CORESES;CORESES;49530;3
49-E1-00052;MACIAS HERNANDEZ, ENRIQUE JUAN;980681065;CALLE NUEVA;ZAMORA;TRABAZOS;TRABAZOS;49516;42
49-E1-00056;TURRION HERNANDEZ, EVA;980645214;CALLE BENAVENTE;ZAMORA;SANTA CROYA DE TERA;SANTA CROYA DE TERA;49626;2
49-E1-00074;PEREZ ALONSO, MARIA PILAR;980583095;CALLE MAGDALENA;ZAMORA;BELVER DE LOS MONTES;BELVER DE LOS MONTES;49830;12
49-E1-00077;CODESAL GERVAS, TOMAS;980530603;CALLE SAN TORCUATO;ZAMORA;ZAMORA;ZAMORA;49014;21
49-E1-00081;JAMBRINA SANCHEZ, YOLANDA;;CALLE MANZANERA;ZAMORA;GALLEGOS DEL RIO;GALLEGOS DEL RÍO;49559;S/N
49-E1-00082;ESPINOSA NAVARRO, JOSE;980620167;CALLE COSTANILLA;ZAMORA;PUEBLA DE SANABRIA;PUEBLA DE SANABRIA;49300;19
49-E1-00083;GARCIA HERRERO, MIRYAM;980575791;CALLE VIRIATO;ZAMORA;FUENTESPREADAS;FUENTESPREADAS;;7
49-E1-00086;MATELLAN MARTIN, MONICA;980554784;AVDA  PORTUGAL;ZAMORA;VILLALCAMPO;VILLALCAMPO;49166;S/N
49-E1-00088;ESCUDERO REQUEJO, ANGELES;980620363;CALLE PADRE VICENTE SALGADO;ZAMORA;PUEBLA DE SANABRIA;PUEBLA DE SANABRIA;49300;6
49-E1-00090;CONEJERO DOMINGUEZ, PEDRO DEMETRIO;980522511;CALLE AMARGURA;ZAMORA;ZAMORA;ZAMORA;49007;21
49-E1-00102;RUBIO GONZALEZ, BERNARDO;980613117;CALLE GENERAL SAN JURJO;ZAMORA;FERMOSELLE;FERMOSELLE;;86
49-E1-00103;ALVAREZ FORTUOSO, MANUEL;980585017;CALLE FONFRIA;ZAMORA;CARBAJALES DE ALBA;CARBAJALES DE ALBA;49160;16
49-E1-00106;GONZALEZ PINTO, ANA MARIA;980577412;CALLE MAYOR;ZAMORA;CUBO DE TIERRA DEL VINO (EL);CUBO DE TIERRA DEL VINO, EL;49710;12
49-E1-00110;MAGARZO FUENTES, CLEMENTINA;980654936;CALLE ALCAÑICES;ZAMORA;VILLARDECIERVOS;VILLARDECIERVOS;49562;2
49-E1-00112;BARRON GARCIA, JOSE LUIS;980624015;CTRA  GALICIA;ZAMORA;LUBIAN;LUBIÁN;49570;41
49-E1-00115;TUESTA RUEDA, SONIA;980698002;CALLE JUANA MONROY;ZAMORA;MORALES DE TORO;MORALES DE TORO;49810;24
49-E1-00121;SANCHEZ GUERRA, SOLEDAD;980503673;CALLE TRASCASTILLO;ZAMORA;VILLALUBE;VILLALUBE;49539;8
49-E1-00126;SERRANO PEÑA, SARA;980539620;CALLE FELIX RODRIGUEZ DE LA FUENTE;ZAMORA;VILLARALBO;VILLARALBO;49159;18
49-E1-00128;GONZALEZ FERNANDEZ, HENAR;980630708;CALLE CARRETAS;ZAMORA;SANTA CRISTINA DE LA POLVOROSA;SANTA CRISTINA DE LA POLVOROSA;49620;19
49-E1-00130;MONASOR MONTEAGUDO, FRANCISCO;980643622;CALLE LEON;ZAMORA;SAN CRISTOBAL DE ENTREVIÑAS;SAN CRISTÓBAL DE ENTREVIÑAS;49690;4
49-E1-00131;AVEDILLO MOSTAZA, GLORIA INOCENCIA;;CALLE CASTRO;ZAMORA;CASTRONUEVO DE LOS ARCOS;CASTRONUEVO;49127;10
49-E1-00144;GARCIA CARRACEDO, ANA MARIA;980607132;PLAZA ESPAÑA;ZAMORA;VADILLO DE LA GUAREÑA;VADILLO DE LA GUAREÑA;49420;0
49-E1-00150;LOZANO HERNANDEZ, JUAN;;CALLE ZAPATERIA;ZAMORA;MOLACILLOS;MOLACILLOS;;S/N
49-E1-00151;TURIEL CHANA, ROSA MARIA;;CALLE FRANCISCO PEÑA;ZAMORA;AGUILAR DE TERA;MICERECES DE TERA;49624;S/N
49-E1-00152;GONZALEZ PAEZ, JOSE MANUEL;980628303;AVDA  ANGEL ALONSO;ZAMORA;TREFACIO;TREFACIO;49359;S/N
49-E1-00162;RAMOS HERNANDEZ, MARIA CRISTINA;;CALLE BARRANCO;ZAMORA;GRANJA DE MORERUELA;GRANJA DE MORERUELA;49740;1
49-E1-00169;SEISDEDOS ALONSO, ANDRES JESUS;980640024;CALLE LISBOA;ZAMORA;VILLAVEZA DEL AGUA;VILLAVEZA DEL AGUA;49760;1
49-E1-00175;RODRIGUEZ RAMOS, CATALINA;;CALLE CALLE VEGA;ZAMORA;ZAMORA;ZAMORA;;1
24-E1-00191;GARCIA ACEDO, ISABEL;;CALLE PIORNAL (EL);LEON;TRUCHAS;TRUCHAS;24740;S/N
24-E1-00197;ORTIZ DE URBINA HIDALGO, LUIS;;CALLE ALMIRANTE MARTIN GRANIZO;LEON;PALANQUINOS;VILLANUEVA DE LAS MANZANAS;24225;44
24-E1-00198;SANCHEZ ALVAREZ, ISABEL;;CTRA  ZAMORA;LEON;ONZONILLA;ONZONILLA;24192;0
24-E1-00199;FERNANDEZ FERNANDEZ, BEATRIZ;;AVDA  EMILIANO ALONSO SANCHEZ LOMBA;LEON;PUEBLA DE LILLO;PUEBLA DE LILLO;24855;7
24-E1-00200;DE LERA CUERVO, MARIA DOLORES;;AVDA  ANGEL GARCIA DEL VELLO;LEON;CASTROCALBON;CASTROCALBÓN;24760;S/N
24-E1-00207;MERCHAN RODRIGUEZ, MARIA CRISTINA;;PLAZA IGLESIA (LA);LEON;GARRAFE DE TORIO;GARRAFE DE TORÍO;24891;2
24-E1-00212;SANCHEZ ALONSO, MIRIAM;;CALLE MAYOR;LEON;BARRIO DE NUESTRA SEÑORA;SANTA COLOMBA DE CURUEÑO;24150;22
24-E1-00215;GARCIA CAÑAMAQUE, ROCIO;987711025;CALLE JUAN GUEREÑO;LEON;CREMENES;CRÉMENES;24980;43
24-E1-00216;GARCIA VILLAESTRIGO, ROSA MARIA;987643120;PLAZA MAYOR;LEON;CEBRONES DEL RIO;CEBRONES DEL RÍO;24769;2
24-E1-00218;LOPEZ REGUERA, MARIA LUZ;;CALLE CAMINO DE SANTIAGO;LEON;TOLDANOS;VILLATURIEL;24226;67
24-E1-00222;PEREZ CALZADO, CRISTINA;987662150;CALLE OBISPO SANTIAGO;LEON;SAN CRISTOBAL DE LA POLANTERA;SAN CRISTÓBAL DE LA POLANTERA;24359;38
24-E1-00224;CACHERO GUERRERO, SOFIA;987593067;CALLE AVENIDA GENERAL;LEON;MURIAS DE PAREDES;MURIAS DE PAREDES;24130;17
24-E1-00228;RODRIGUEZ NUÑEZ, HIMILCE;;CALLE SAN ANTONIO;LEON;VILLAFAÑE;VILLASABARIEGO;24162;4
24-E1-00229;FLOREZ FUERTES, ALBERTO;;CALLE ENTRE LOS ESPINOS;LEON;AZADINOS;SARIEGOS;;6
24-E1-00234;MAGDALENO BRASA, YOLANDA;;CTRA  MADRID-CORUÑA;LEON;VALCABADO DEL PARAMO;ROPERUELOS DEL PÁRAMO;;16
24-E1-00238;GONZALEZ GOMEZ, MIRIAM / GONZALEZ GOMEZ, NOEMI;;CALLE GENERAL ARROYO JALON;LEON;MATACHANA;CASTROPODAME;24314;S/N
24-E1-00248;RODRIGUEZ CORRAL, IGNACIO;;CALLE REAL;LEON;GRULLEROS;VEGA DE INFANZONES;24346;0
24-E1-00261;SANTOS RODRIGUEZ, JORGE;;CALLE CARRETERA;LEON;LARIO;BURÓN;24995;S/N
24-E1-00262;DIEZ ROBLA, ROSA MARIA;;CALLE MOISES DE LEON;LEON;LEON;LEÓN;24006;28
24-E1-00263;ALVAREZ TEIJON, ISABEL MARIA;987318660;CALLE PUENTE (LA);LEON;CABREROS DEL RIO;CABREROS DEL RÍO;24224;S/N
24-E1-00266;BLASCO TROS DE ILARDUYA, MARIA;;PLAZA PLAZA (LA);LEON;BORRENES;BORRENES;24443;S/N
24-E1-00271;PEÑIN FALAGAN, JUAN CARLOS;;CALLE CANTON;LEON;ALTOBAR DE LA ENCOMIENDA;POZUELO DEL PÁRAMO;24792;2
24-E1-00275;FONS ALVAREZ, ELOISA;;CALLE EDUARDO GONZÁLEZ PASTRANA;LEON;TROBAJO DEL CAMINO;SAN ANDRÉS DEL RABANEDO;24010;4
24-E1-00277;DE VEGA DIÑEIRO, CRISTINA;;AVDA  BIERZO (EL);LEON;DEHESAS;PONFERRADA;24390;314
24-E1-00278;FRANCO DIEZ, MARIA ELENA;;CALLE MAYOR;LEON;GORDALIZA DEL PINO;GORDALIZA DEL PINO;24325;S/N
24-E1-00284;BAALIÑA INSUA, JOSE MANUEL;987564265;CALLE CARRETERA;LEON;CANDIN;CANDÍN;24433;13
24-E1-00289;GARCIA GOMEZ, MARIA ELENA;;CALLE MEDIO;LEON;VILLALOBAR;ARDÓN;24233;14
24-E1-00290;JIMENEZ POBLACION, FELIX;;AVDA  SAN JUAN DE SAHAGUN;LEON;LEON;LEÓN;24007;23
24-E1-00292;COSTERO SARMIENTO, RAUL;;CALLE PADRE MONTES;LEON;MATANZA DE LOS OTEROS;MATANZA;24207;3
24-E1-00301;DE LA VEGA DIEZ, OLIVA;;CTRA  SANTANDER;LEON;BOCA DE HUERGANO;BOCA DE HUÉRGANO;;20
24-E1-00310;LARGO TOVAR, ANA BELEN;987565380;CALLE CORTINA (LA);LEON;SANCEDO;SANCEDO;24439;10
24-E1-00313;GONZALEZ VALLINAS ALVAREZ, MARIA MILAGROS;;CALLE DUERNA;LEON;BARRIO DE PINILLA;SAN ANDRÉS DEL RABANEDO;24010;7
24-E1-00318;BLANCO VAZQUEZ, CLAUDIA / VAZQUEZ DOMINGUEZ, MARIA REYES;;AVDA  CAMINO DE SANTIAGO;LEON;CAMPONARAYA;CAMPONARAYA;24410;143
24-E1-00319;SALVADOR ESPAÑA, MARIA TERESA;;AVDA  PARROCO PABLO DIEZ;LEON;TROBAJO DEL CAMINO;SAN ANDRÉS DEL RABANEDO;24010;100
24-E1-00320;MUÑOZ GONZALEZ, JAVIER;;CALLE MAESTRO JOSE ALONSO BARRIO;LEON;BEMBIBRE;BEMBIBRE;24300;S/N
24-E1-00321;GOMEZ CANDAÑEDO, FRANCISCO JAVIER;;CALLE GIL Y CARRASCO;LEON;FABERO;FABERO;24420;3
24-E1-00322;LLORENTE BONILLA, ARANZAZU;;AVDA  AVIACION;LEON;VIRGEN DEL CAMINO (LA);VALVERDE DE LA VIRGEN;24198;56
24-E1-00323;GARCIA LLAN, MERCEDES / IZQUIERDO FERNANDEZ, JESUS;;CALLE AVDA. REYES LEONESES;LEON;LEON;LEÓN;;46
24-E1-00324;DOMINGO HERNANDEZ, FRANCISCO;;CALLE REYES LEONESES;LEON;LEON;LEÓN;24008;23
24-E1-00329;SANCHEZ LOZANO, MARIA MAGDALENA;;AVDA  LIBERTAD (LA);LEON;NAVATEJERA;VILLAQUILAMBRE;24012;85
24-E1-00330;GARCIA DEL POZO, JOSE ANTONIO;;BULEV JUAN CARLOS I REY DE ESPAÑA;LEON;PONFERRADA;PONFERRADA;24400;29
24-E1-00333;GARCIA CALAMA, MARIA ELENA;;AVDA  LEON;LEON;CARBAJAL DE LA LEGUA;SARIEGOS;24196;276
34-E1-00004;ARNAIZ POZA, JOSE MARIA;979744270;AVDA  SANTANDER;PALENCIA;PALENCIA;PALENCIA;34003;7
34-E1-00013;MINGUEZ SANZ, MARIA JESUS;979800263;PLAZA ESPAÑA;PALENCIA;TORQUEMADA;TORQUEMADA;34230;9
34-E1-00014;CACICEDO SANCHEZ, OLGA;979767128;CALLE MAYOR;PALENCIA;GRIJOTA;GRIJOTA;34192;20
34-E1-00015;CORRAL JUBETE, RAFAEL;979140015;PLAZA JOSE ANTONIO GIRON;PALENCIA;HERRERA DE PISUERGA;HERRERA DE PISUERGA;34400;23
34-E1-00017;ARRIBAS ANGULO, ENARA;979606048;AVDA  CONSTITUCION (LA);PALENCIA;BARRUELO DE SANTULLAN;BARRUELO DE SANTULLÁN;34820;12
34-E1-00018;RODRIGUEZ PLAZA, BLANCA / RODRIGUEZ PLAZA, CARMEN;979122152;PLAZA ESPAÑA;PALENCIA;AGUILAR DE CAMPOO;AGUILAR DE CAMPOO;;13
34-E1-00021;LLAMAS DURANTEZ, MARIA CARMEN;979740934;CALLE BURGOS;PALENCIA;PALENCIA;PALENCIA;34001;4
34-E1-00029;DE FUENTES CASAÑE, ISIDORO EMILIO;979723381;CALLE SAN JUAN DE DIOS;PALENCIA;PALENCIA;PALENCIA;34002;1
34-E1-00038;LEON ALONSO, RAQUEL;979788100;CALLE CAVA;PALENCIA;VILLAVIUDAS;VILLAVIUDAS;34249;5
34-E1-00039;CARBONELL GUTIERREZ DEL OLMO, ELENA;979122092;CALLE MATIAS BARRIO Y MIER;PALENCIA;AGUILAR DE CAMPOO;AGUILAR DE CAMPOO;34800;13
34-E1-00040;GARCIA RAMOS, ANA MARIA;979120065;PLAZA MAYOR;PALENCIA;SALINAS DE PISUERGA;SALINAS DE PISUERGA;34830;4
34-E1-00043;SANCHEZ LERMA, FRANCISCO;979848568;CALLE MAYOR;PALENCIA;CISNEROS;CISNEROS;34320;4
34-E1-00046;ARIAS BARRA, ANA ISABEL;979790046;PLAZA ESPAÑA;PALENCIA;BALTANAS;BALTANÁS;34240;3
34-E1-00054;TEJADA VELASCO, GERMAN;979847126;PLAZA MAYOR;PALENCIA;VILLADA;VILLADA;34340;7
34-E1-00057;PIZARRO HERVELLA, MARINA;;CALLE GENERAL FRANCO;PALENCIA;VILLALOBON;VILLALOBÓN;34419;9
34-E1-00061;IBAÑEZ MAÑERO, JUAN JOSE / IBAÑEZ MAÑERO, MANUEL;979724347;AVDA  SAN TELMO;PALENCIA;PALENCIA;PALENCIA;34004;13
34-E1-00062;CABEZA ALLER, ESPERANZA;979725030;AVDA  CARDENAL CISNEROS;PALENCIA;PALENCIA;PALENCIA;34004;29
34-E1-00068;FREIRE GARCIA, ROSA MARIA;979870065;PLAZA MAYOR;PALENCIA;CERVERA DE PISUERGA;CERVERA DE PISUERGA;34840;1
34-E1-00070;BOTILLO MARTIN, SUSANA;;PLAZA ESPAÑA;PALENCIA;SANTERVAS DE LA VEGA;SANTERVÁS DE LA VEGA;34112;1
34-E1-00073;PEREZ GOMEZ, LORENZO;979850442;CALLE SANTA BARBARA;PALENCIA;GUARDO;GUARDO;34880;5
34-E1-00076;GALVAN RUEDA, ESTHER ANA;;CALLE PLAZA DE CASTILLA Y LEON;PALENCIA;CASTRILLO DE DON JUAN;CASTRILLO DE DON JUAN;34246;12
34-E1-00077;PENAGOS MADRIGAL, LARA ALEJANDRA;;AVDA  VACCEOS (LOS);PALENCIA;PALENCIA;PALENCIA;34003;S/N
34-E1-00081;PINEDA FERNANDEZ, MARIA JOSE;979861157;PLAZA MAYOR;PALENCIA;VELILLA DEL RIO CARRION;VELILLA DEL RÍO CARRIÓN;34886;28
34-E1-00082;SANCHEZ MARTINEZ DE IRUJO, ANA;;PLAZA SAN PABLO;PALENCIA;PALENCIA;PALENCIA;34005;6
34-E1-00083;BUJ GARCIA, NURIA ESTHER;;CALLE PUEBLA (LA);PALENCIA;PALENCIA;PALENCIA;34002;15
34-E1-00084;MARTIN FOMBELLIDA, ANA BELEN;;CALLE DOCTOR FLEMING;PALENCIA;PALENCIA;PALENCIA;34004;12
34-E1-00092;DE FUENTES CASAÑE, MARIA TERESA;979743949;CALLE LOPE DE VEGA;PALENCIA;PALENCIA;PALENCIA;34001;7
34-E1-00093;GONZALEZ FERNANDEZ VALLEJO, ADOLFO;;CTRA  VILLAFOLFO;PALENCIA;CERVATOS DE LA CUEZA;CERVATOS DE LA CUEZA;34309;3
34-E1-00095;POLO TORREGO, SOLEDAD;;CALLE URBANIZACION SAN MIGUEL;PALENCIA;GUARDO;GUARDO;;S/N
34-E1-00100;GONZALEZ CELADA, ESPERANZA;;AVDA  SAN TELMO;PALENCIA;PALENCIA;PALENCIA;34004;25
34-E1-00101;NEBREDA CANTERO, RODRIGO MANUEL;;CALLE SAN JUAN DE LA CRUZ;PALENCIA;PALENCIA;PALENCIA;34004;42
37-E1-00002;ALONSO FELIZ, MARIA AMPARO;;PLAZA MAYOR;SALAMANCA;VILLARINO;VILLARINO DE LOS AIRES;37160;2
37-E1-00005;CERRATO TENA, PATRICIA;;PLAZA ESPAÑA;SALAMANCA;CANTALPINO;CANTALPINO;37405;5
37-E1-00007;VELASCO DIEGO, YOLANDA;;AVDA  FEDERICO ANAYA;SALAMANCA;SALAMANCA;SALAMANCA;37005;91
37-E1-00008;MARTIN DE ARRIBA, LEOPOLDO;;CALLE CRISTOBAL MARTIN HERRERA;SALAMANCA;ALDEADAVILA DE LA RIBERA;ALDEADÁVILA DE LA RIBERA;37250;8
37-E1-00013;GARCIA GOMEZ, M. PILAR;;PLAZA OESTE;SALAMANCA;SALAMANCA;SALAMANCA;37007;2
37-E1-00015;ALMENDRAL MUÑOZ, MARIA LUISA / ALMENDRAL MUÑOZ, PABLO BERNARDO;;CALLE CRUZ DE CARAVACA;SALAMANCA;SALAMANCA;SALAMANCA;37003;2
37-E1-00017;RODRIGUEZ SANCHEZ, MARTA;;CALLE MARIA AUXILIADORA;SALAMANCA;SALAMANCA;SALAMANCA;37004;8
37-E1-00018;SEVILLANO SANTOS, MARIA JOSE;;CALLE CONDES DE CRESPO RASCON;SALAMANCA;SALAMANCA;SALAMANCA;37002;2
37-E1-00024;SIMON CASAS, PEDRO;;PLAZA SAN JULIAN;SALAMANCA;SALAMANCA;SALAMANCA;37001;13
37-E1-00027;DORADO ALVAREZ, JOSE MARIA;;PLAZA CONSTITUCION;SALAMANCA;FUENTEGUINALDO;FUENTEGUINALDO;37540;7
37-E1-00028;DORADO ALVAREZ, ADRIAN;;PLAZA MAYOR;SALAMANCA;CIUDAD RODRIGO;CIUDAD RODRIGO;37500;6
37-E1-00029;SANTOS NAVARRO, ADELA;;PLAZA MERCADO;SALAMANCA;SALAMANCA;SALAMANCA;37001;4
37-E1-00030;ALBURQUERQUE SANCHEZ, TERESA;;CALLE ESCUELAS;SALAMANCA;BARRUECOPARDO;BARRUECOPARDO;;6
37-E1-00031;RODRIGUEZ TORRES, MARIA JOSE;;CALLE PRIOR;SALAMANCA;SALAMANCA;SALAMANCA;37002;9
37-E1-00032;FELIPE MARTIN, CARMEN;;CALLE GARGABETE;SALAMANCA;SALAMANCA;SALAMANCA;37004;1
37-E1-00034;SANCHEZ CARBAYO MARTIN, MARTA;;CTRA  LEDESMA;SALAMANCA;SALAMANCA;SALAMANCA;37006;2
37-E1-00039;REVUELTO SEVILLANO, SARA;;CALLE LIBERTAD;SALAMANCA;BEJAR;BÉJAR;37700;1
37-E1-00051;TAPIA TEJEDOR, MARIA PILAR;;CALLE VELARDE;SALAMANCA;SALAMANCA;SALAMANCA;37005;3
37-E1-00053;MARTINEZ GOMEZ RODULFO, MARIA CRUZ / MARTINEZ GOMEZ RODULFO, MARIA REFUGIO;;CALLE OBISPO ZARRANZ Y PUEYO;SALAMANCA;BEJAR;BÉJAR;37700;3
37-E1-00062;RUANO PARRA, BEATRIZ;;CALLE MORAL;SALAMANCA;SANTIAGO DE LA PUEBLA;SANTIAGO DE LA PUEBLA;37311;11
37-E1-00063;VERDEJO HERNANDEZ, VICENTE ANGEL;;PLAZA VIRGEN DE LA VEGA;SALAMANCA;SALAMANCA;SALAMANCA;37008;8
37-E1-00068;ESTELLA HOYOS, PURA CONCEPCION;;PLAZA POETA IGLESIAS;SALAMANCA;SALAMANCA;SALAMANCA;37001;21
37-E1-00069;DEL CASTILLO SANCHEZ, SALVADOR;;PLAZA ESPAÑA;SALAMANCA;PEÑARANDA DE BRACAMONTE;PEÑARANDA DE BRACAMONTE;37300;4
37-E1-00070;SANCHEZ ABARCA GORNALS, AMELIA;;CALLE MADRID;SALAMANCA;CIUDAD RODRIGO;CIUDAD RODRIGO;37500;1
37-E1-00075;SANTIAGO RODRIGUEZ, MARIA CRISTINA;;CALLE ZAMORA;SALAMANCA;SALAMANCA;SALAMANCA;37002;86
37-E1-00077;MORO FISAC, ANA M / MUÑOZ NAVARRO, JOSE;;CALLE ZAMORA;SALAMANCA;SALAMANCA;SALAMANCA;37002;67
37-E1-00078;SANCHEZ MATEOS, MARCO;;CALLE ALBERCA;SALAMANCA;SALAMANCA;SALAMANCA;37007;51
37-E1-00082;SANTOS ALONSO BURON, BLANCA;;PASEO CANALEJAS;SALAMANCA;SALAMANCA;SALAMANCA;37008;117
37-E1-00083;MARTIN FERNANDEZ, MARIA AURORA;;CALLE GRAN VIA;SALAMANCA;SALAMANCA;SALAMANCA;37001;21
37-E1-00084;SAN JULIAN PEREZ, ALMUDENA;;PLAZA RICARDO GARCIA MUÑOZ;SALAMANCA;PUERTO DE BEJAR;PUERTO DE BÉJAR;37720;6
37-E1-00085;GARCIA BURGOS, ALVARO;;CMNO  AGUAS;SALAMANCA;SALAMANCA;SALAMANCA;37003;8
37-E1-00087;VICENTE MERCHAN, MAXIMO;;PLAZA CORRILLO;SALAMANCA;SALAMANCA;SALAMANCA;37002;15
37-E1-00089;DIEZ PANERO, SONIA;;CALLE CLAUDIO ROMERO;SALAMANCA;TORRESMENUDAS;TORRESMENUDAS;37110;22
37-E1-00095;MIRAT ARROYO, ALICIA;;CALLE SAN ESTEBAN;SALAMANCA;FUENTE DE SAN ESTEBAN (LA);FUENTE DE SAN ESTEBAN, LA;37200;3
37-E1-00100;BAUTISTA GOMEZ, ENGRACIA / GARCIA PEREZ-TEIJON, SARA;;CALLE ARAPILES;SALAMANCA;SALAMANCA;SALAMANCA;37007;23
37-E1-00101;SORIANO ABEJARO, VICTOR MANUEL;;CALLE GRANDE;SALAMANCA;VILVESTRE;VILVESTRE;37258;36
37-E1-00103;FELIPE MARTIN, AMADOR;;CALLE TORO;SALAMANCA;SALAMANCA;SALAMANCA;37002;25
37-E1-00106;AMADOR ZAMARREÑO, JOSE ANGEL;;PASEO SAN VICENTE;SALAMANCA;SALAMANCA;SALAMANCA;37007;52
37-E1-00107;SANCHEZ MERINO, ANTONIO;;PASEO SAN VICENTE;SALAMANCA;SALAMANCA;SALAMANCA;37007;8
37-E1-00108;CLAVIJO COBALEDA, EMILIO;;PASEO NOGALES;SALAMANCA;SALAMANCA;SALAMANCA;37005;S/N
37-E1-00113;SANCHEZ ABARCA BERNAL, LUIS IGNACIO;;CALLE MAESTRO JIMENEZ;SALAMANCA;SALAMANCA;SALAMANCA;37008;14
37-E1-00114;CABEZUDO SANCHEZ, ALVARO;;CTRA  LEDESMA;SALAMANCA;SALAMANCA;SALAMANCA;37006;90
37-E1-00115;DE SANDE MUÑOZ DE LUCAS, MARIA ANGELES;;CALLE GRECO;SALAMANCA;SALAMANCA;SALAMANCA;37004;16
37-E1-00117;PALACIOS GALLEGO, ALBERTO;;AVDA  SALAS POMBO;SALAMANCA;CALVARRASA DE ABAJO;CALVARRASA DE ABAJO;37181;S/N
37-E1-00120;RINCON DIAZ, MARIA;;PASEO DOCTOR TORRES VILLARROEL;SALAMANCA;SALAMANCA;SALAMANCA;37006;22
37-E1-00121;ADANERO JIMENEZ, ANA / MADURGA LAMAS, MARIA ANGELES;;PASEO CARMELITAS;SALAMANCA;SALAMANCA;SALAMANCA;37007;54
37-E1-00122;BUSTOS GARCIA, MARIA TERESA;;AVDA  ALFONSO VI;SALAMANCA;SALAMANCA;SALAMANCA;37005;1
37-E1-00124;CALVO RODRIGUEZ, FERNANDO;;AVDA  CEDROS;SALAMANCA;SALAMANCA;SALAMANCA;37004;25
37-E1-00127;SANCHEZ MERINO, TERESA;;CALLE MANUEL PARADA;SALAMANCA;SALAMANCA;SALAMANCA;37008;11
37-E1-00128;BARELLI ARAGON, MIGUEL;;PASEO ROLLO;SALAMANCA;SALAMANCA;SALAMANCA;37003;29
37-E1-00129;HERMOSA HERNANDEZ, ALBERTO;;AVDA  PORTUGAL;SALAMANCA;CIUDAD RODRIGO;CIUDAD RODRIGO;;15
37-E1-00130;RUBIO AGENJO, JESUS MIGUEL;;CALLE VALLES MINEROS;SALAMANCA;SALAMANCA;SALAMANCA;37006;S/N
37-E1-00131;GUZMAN PUERTO, FILOMENA / HERRERA GUZMAN, MARIA JOSE;;AVDA  PORTUGAL;SALAMANCA;SALAMANCA;SALAMANCA;37006;234
37-E1-00134;SANCHEZ GARCIA, BEATRIZ;;CALLE ADOLFO SUAREZ;SALAMANCA;CABRILLAS;CABRILLAS;;54
37-E1-00135;SANCHEZ ACERA, ELIAN;;CALLE ESTELLA;SALAMANCA;SEQUEROS;SEQUEROS;37650;S/N
37-E1-00136;NOGUEIRAS VARA, ARACELI;;PLAZA DOCTOR HERNANDEZ CASTELLANOS;SALAMANCA;ROLLAN;ROLLÁN;;9
37-E1-00142;DE PANDO JIMENEZ RIDRUEJO, MIGUEL;;CALLE MARAVEDI;SALAMANCA;ALBERGUERIA DE ARGAÑAN (LA);ALBERGUERÍA DE ARGAÑÁN, LA;37555;9
37-E1-00145;ANAYA BUENO, MARIA ROSARIO;;PLAZA MAYOR;SALAMANCA;SAN PEDRO DE ROZADOS;SAN PEDRO DE ROZADOS;;2
37-E1-00151;ASTUDILLO SAGRADO, MARIA ENCARNACI;;CALLE LABRADORES;SALAMANCA;CABRERIZOS;CABRERIZOS;37193;11
37-E1-00153;ROMERO LEDESMA, ARTURO;;CALLE SOLANO;SALAMANCA;SANTOS (LOS);SANTOS, LOS;37768;1
37-E1-00157;MANZANERA MARTIN, MARIA;;CALLE SAN GREGORIO;SALAMANCA;MARTIAGO;MARTIAGO;37510;S/N
37-E1-00159;CUADRADO RODRIGUEZ, MARIA LUISA;;PLAZA JUAN PABLO;SALAMANCA;HORCAJO MEDIANERO;HORCAJO MEDIANERO;37860;S/N
37-E1-00165;SANCHEZ GARCIA, HECTOR;;CALLE ARENAL;SALAMANCA;ALDEARRUBIA;ALDEARRUBIA;;4
37-E1-00166;GARCIA COLMENERO, MARTIN;;AVDA  PEÑA DE FRANCIA;SALAMANCA;ALDEATEJADA;ALDEATEJADA;;14
37-E1-00169;CUADRADO VICENTE, ROMAN;;CALLE ESCUELAS;SALAMANCA;CABEZA DEL CABALLO;CABEZA DEL CABALLO;37214;S/N
37-E1-00173;ROBLEDO BAUTISTA, MARIA PILAR;;CALLE TRIANA;SALAMANCA;VALDELOSA;VALDELOSA;37799;23
37-E1-00174;GONZALEZ MANJARRES, MARIA INMACULADA;;CALLE SALAS POMBO;SALAMANCA;VILLAFLORES;VILLAFLORES;37406;S/N
37-E1-00179;HERNANDEZ HERNANDEZ, TOMAS;;CALLE MONTITO;SALAMANCA;SOTOSERRANO;SOTOSERRANO;37657;30
37-E1-00181;PINILLA VALBUENA, EMMA;;CALLE RAMON Y CAJAL;SALAMANCA;ARABAYONA DE MOGICA;ARABAYONA DE MÓGICA;37418;10
37-E1-00183;POLO MATEOS, POLONIA;;PLAZA MAYOR;SALAMANCA;SORIHUELA;SORIHUELA;;12
37-E1-00188;BLASCO MARTIN, JOSE EUSEBIO;;CALLE CARRETERA;SALAMANCA;MARTIN DE YELTES;MARTÍN DE YELTES;37494;31
37-E1-00190;PEREZ BUENO, FRANCISCO JAVIER;;CALLE ACACIAS;SALAMANCA;NUEVO NAHARROS;PELABRAVO;37181;0
37-E1-00194;PEREZ DE LA MONJA, ALFREDO;;CALLE CAÑOS;SALAMANCA;PAYO (EL);PAYO, EL;37524;46
37-E1-00196;URBINA CASILLAS, FERNANDO;;PLAZA MAYOR;SALAMANCA;CABACO (EL);CABACO, EL;37621;3
37-E1-00199;SEGUNDO SEGUNDO, FRANCISCA ADELIA;;CALLE LARGA;SALAMANCA;MAILLO (EL);MAÍLLO, EL;37621;1
37-E1-00201;GARCIA CIUDAD, MARIA PURIFICACION;;CALLE MIGUEL DE CERVANTES;SALAMANCA;SANTA TERESA;GALISANCHO;37891;5
37-E1-00202;MUÑIZ ROJAS, MARIA AFRICA;;CALLE SALAMANCA;SALAMANCA;TARAZONA DE GUAREÑA;TARAZONA DE GUAREÑA;37409;7
37-E1-00203;BENITO SALGADO, MARIA CARMEN;;CALLE YEDRA;SALAMANCA;SANCHOTELLO;SANCHOTELLO;37794;3
37-E1-00208;MONJE BERMEJO, JUAN;;CALLE CONCEJO;SALAMANCA;ALDEASECA DE LA FRONTERA;ALDEASECA DE LA FRONTERA;37317;7
37-E1-00210;RODRIGUEZ CALVO, FRANCISCO;;CALLE ESCUELAS;SALAMANCA;CASTILLEJO DE MARTIN VIEJO;CASTILLEJO DE MARTÍN VIEJO;37592;21
37-E1-00211;MARTINEZ DIAZ, MARIA ELENA;;PLAZA REAL;SALAMANCA;MOZARBEZ;MOZÁRBEZ;37796;4
37-E1-00222;BARTOL CANEDO, MARIA ISABEL;;CALLE IGLESIA;SALAMANCA;SAN MIGUEL DE VALERO;SAN MIGUEL DE VALERO;37763;14
37-E1-00224;AREAS JUANES, MARINA;;CALLE FRAY LUIS DE LEON;SALAMANCA;CARRASCAL DE BARREGAS;CARRASCAL DE BARREGAS;37129;1
37-E1-00226;TEJEDOR ALONSO, MARIA ELENA;;CALLE SALAS POMBO;SALAMANCA;LARRODRIGO;LARRODRIGO;37865;5
37-E1-00227;RODRIGUEZ SANCHEZ, MARTA;;CALLE JOSE ANTONIO;SALAMANCA;NAVALES;NAVALES;37882;7
37-E1-00228;GONZALEZ DURAN, MARIA CARMEN;;CALLE SALAMANCA;SALAMANCA;FLORIDA DE LIEBANA;FLORIDA DE LIÉBANA;37129;15
37-E1-00229;DIEZ TORRES, JOSE ANTONIO;;CALLE PLAZA;SALAMANCA;VILLASECO DE LOS REYES;VILLASECO DE LOS REYES;37150;6
37-E1-00232;AMIGO SALVADOR, MARIA ELENA;;CALLE LA RONDA;SALAMANCA;PEDRAZA DE ALBA;PEDRAZA DE ALBA;37882;31
37-E1-00240;MIGUEL DEL CORRAL RUBIO, LUIS;;AVDA  JUAN PABLO II;SALAMANCA;SALAMANCA;SALAMANCA;37008;4
37-E1-00244;GONZALEZ CARBALLO, ANA / REYES GONZALEZ, FRANCISCO;;AVDA  CIPRESES;SALAMANCA;SALAMANCA;SALAMANCA;37004;48
37-E1-00247;SANCHEZ PEREZ, RAQUEL;;CALLE SAN CRISTOBAL;SALAMANCA;SANTIZ;SANTIZ;37110;23
37-E1-00249;REY MARTIN, ELISABETH;;CALLE LODO;SALAMANCA;HUERTA;HUERTA;37338;15
37-E1-00251;ORTEGA MONTERO, INMACULADA;;CALLE PAVOS;SALAMANCA;VALDELAGUA;SANTA MARTA DE TORMES;37194;30
37-E1-00253;CUADRADO SANCHEZ, JOSE JAVIER;;PLAZA ESPAÑA;SALAMANCA;NUEVO POBLADO;FUENTES DE OÑORO;37480;10
37-E1-00256;ROLDAN SANZ, RAFAEL;;CALLE ERMITA;SALAMANCA;VILLAR DE PERALONSO;VILLAR DE PERALONSO;37147;5
37-E1-00257;GALVAN CALDERON, EDUARDO;;CALLE CAMPANARIO;SALAMANCA;ALARAZ;ALARAZ;;12
37-E1-00266;MARTIN SANCHEZ, ELENA;;CALLE FILIBERTO VILLALOBOS;SALAMANCA;GUIJUELO;GUIJUELO;;38
37-E1-00271;VICENTE HERNANDEZ, MANUELA;;CALLE FRANCISCO MALDONADO;SALAMANCA;SANTA MARTA DE TORMES;SANTA MARTA DE TORMES;37900;4
40-E1-00001;TAMAYO BARBERO, JOSE MARIA / TAMAYO SANTAMARIA, PALOMA;921435006;CALLE SANTO TOMAS;SEGOVIA;SEGOVIA;SEGOVIA;40002;5
40-E1-00003;MATEOS RODRIGUEZ, LUIS TEOFILO;921428220;CALLE SAN FRANCISCO;SEGOVIA;SEGOVIA;SEGOVIA;40001;9
40-E1-00008;ALCARAZ GARCIA DE LA BARRERA, FRANCISCO JAVIER;921143093;CALLE RESINA;SEGOVIA;CUELLAR;CUÉLLAR;40200;14
40-E1-00009;CABRERIZO IZQUIERDO, CESAR;921140606;CALLE SANTA MARINA;SEGOVIA;CUELLAR;CUÉLLAR;40200;5
40-E1-00010;GUTIERREZ MIGUEL, CESAR;921550131;CALLE RICARDO PROVENCIO;SEGOVIA;RIAZA;RIAZA;40500;16
05-E1-00002;MARTIN HERNANDEZ, PEDRO ADOLFO;920211120;PLAZA SANTA TERESA;AVILA;AVILA;ÁVILA;05001;2
05-E1-00003;GUERRAS FERNANDEZ, LUIS ANGEL;920211534;AVDA  PORTUGAL (DE);AVILA;AVILA;ÁVILA;05001;1
05-E1-00004;VINUESA MONTERO, JUAN;920211335;CALLE REYES CATOLICOS;AVILA;AVILA;ÁVILA;05001;31
05-E1-00007;APARICIO SAINZ, MARIA TERESA;920220196;PASEO ESTACION (DE LA);AVILA;AVILA;ÁVILA;05001;18
05-E1-00011;GUERRAS FERNANDEZ, CARMEN;920221577;PASEO SAN ROQUE (DE);AVILA;AVILA;ÁVILA;05003;33
05-E1-00013;CONDE GARCIA, MARIA PILAR;918980030;TRVA  JULIO ARENILLAS;AVILA;NAVALPERAL DE PINARES;NAVALPERAL DE PINARES;;1
05-E1-00015;MARCOS GAJATE, FRANCISCA;920229987;AVDA  JUVENTUD (DE LA);AVILA;AVILA;ÁVILA;05003;31
05-E1-00019;BELMAR GONZALEZ, VANESA;920270014;CALLE CARRTERA ÁVILA-TOLEDO;AVILA;SAN BARTOLOME DE PINARES;SAN BARTOLOMÉ DE PINARES;05267;3
05-E1-00022;RODRIGUEZ ROGERO, MARTA;920300067;PLAZA ARRABAL (DEL);AVILA;AREVALO;ARÉVALO;05200;1
05-E1-00025;CHICO SEGOVIA, MARIA MAGATI CRISTINA;918665084;CALLE CASTOR ROBLEDO;AVILA;PIEDRALAVES;PIEDRALAVES;05440;34
05-E1-00028;JOSE MARIA CONDE, SONIA;920318034;CALLE SAN ISIDRO;AVILA;SANCHIDRIAN;SANCHIDRIÁN;05290;4
05-E1-00032;GUERRA GARCIA, NOELIA;920192126;CALLE VILORIO;AVILA;MAELLO;MAELLO;05291;8
05-E1-00038;RUANO RODRIGUEZ, SAGRARIO;918668408;CALLE CANTO DE LA VIRGEN;AVILA;SOTILLO DE LA ADRADA;SOTILLO DE LA ADRADA;05420;2
05-E1-00039;DE PEDRO PORDOMINGO, EMILIO;920375191;AVDA  CARRETERA DE ARENAS;AVILA;ARENAL (EL);ARENAL, EL;05416;23
05-E1-00043;MARTIN SANCHEZ, MARIA ROSA;918630013;CALLE TOLEDO;AVILA;CEBREROS;CEBREROS;05260;7
05-E1-00046;RAMON GONZALEZ, ALVARO;920240054;TRVA  SANTO TOME DE ZABARCOS;AVILA;SAN PEDRO DEL ARROYO;SAN PEDRO DEL ARROYO;05350;2
05-E1-00051;ROSA SANCHEZ, PATRICIA PILAR;920386243;CALLE MEDIODIA;AVILA;SANTA CRUZ DEL VALLE;SANTA CRUZ DEL VALLE;05413;2
05-E1-00052;FADRIQUE JIMENEZ, SILVIA;920230145;CALLE CALVO SOTELO;AVILA;VILLATORO;VILLATORO;05560;45
05-E1-00053;MARTIN BAZO, MIGUEL ANGEL;920222736;CALLE VASCO DE LA ZARZA;AVILA;AVILA;ÁVILA;05002;9
05-E1-00054;GARCIA RODRIGUEZ, GONZALO;918625028;CALLE LOPE DE VEGA;AVILA;TIEMBLO (EL);TIEMBLO, EL;05270;4
05-E1-00062;GONZALEZ JIMENEZ, MARIA;920340020;CALLE AVDA. JOSE ANTONIO VACA DE OSMA;AVILA;BARCO DE AVILA (EL);BARCO DE ÁVILA, EL;;3
05-E1-00063;MANZANEQUE GARCIA, JOSE ALBERTO;920234233;CALLE SANTA TERESA;AVILA;CABEZAS DEL VILLAR;CABEZAS DEL VILLAR;05148;22
05-E1-00066;GARROSA BLAZQUEZ, BEATRIZ;920260050;CALLE MAYOR;AVILA;CARDEÑOSA;CARDEÑOSA;05320;4
05-E1-00067;BLASCO MARHUENDA, CARLOS;920300500;CALLE TESO NUEVO (DEL);AVILA;AREVALO;ARÉVALO;05200;6
05-E1-00072;JIMENEZ RODRIGUEZ, JOAQUIN;920297628;CALLE SANTIAGO;AVILA;NAVARREDONDILLA;NAVARREDONDILLA;05120;5
05-E1-00073;TERCIADO VALLS, MARTA;920200257;CALLE HERMANOS RAMOS SAEZ;AVILA;VELAYOS;VELAYOS;05292;9
05-E1-00079;MARTIN SANCHEZ, MARIA ISABEL;920365072;PLAZA EGIDO;AVILA;DIEGO ALVARO;DIEGO DEL CARPIO;05151;30
05-E1-00082;MARTIN HERNANDEZ, PATRICIA;920349561;CTRA  PLAZA CONSTITUCIÓN;AVILA;NAVALPERAL DE TORMES;NAVALPERAL DE TORMES;05631;1
05-E1-00086;ENCINAR SANTAMARIA, DIEGO;920272368;CALLE CARRETERA;AVILA;CAÑADA (LA);HERRADÓN DE PINARES;05294;5
05-E1-00088;GOMEZ HURTADO, LUIS;920296331;CALLE GONZALO DEL RIO;AVILA;SANTA MARIA DEL TIETAR;SANTA MARÍA DEL TIÉTAR;05429;46
05-E1-00090;ALVARO PINTO, MONICA;920267104;CALLE SAN MARCOS;AVILA;TIÑOSILLOS;TIÑOSILLOS;05165;1
05-E1-00093;HERNANDEZ HERNANDEZ, MARIA LUISA;920349042;CALLE MIRA DE GREDOS (DE LA);AVILA;HOYOS DEL ESPINO;HOYOS DEL ESPINO;05634;9
05-E1-00094;BLAZQUEZ SANCHEZ, FERNANDO;920347096;CALLE ESCUELAS;AVILA;BOHOYO;BOHOYO;05690;S/N
05-E1-00095;LUCAS HERNANDEZ, TERESA;920374529;CALLE SAN MARCOS;AVILA;HORNILLO (EL);HORNILLO, EL;05415;S/N
05-E1-00102;GRANDE GARCIA, YOLANDA;920289087;PLAZA CONSTITUCION (DE LA);AVILA;NAVARREVISCA;NAVARREVISCA;05115;24
05-E1-00103;RUBIO CONTRERAS, CLARA ISABEL;920307029;CALLE 28 DE JUNIO DE 1942;AVILA;ADANERO;ADANERO;05296;4
05-E1-00106;SANCHEZ GIL, ROSA M;920343847;CALLE PLAZA;AVILA;NAVALONGUILLA;NAVALONGUILLA;05697;112
05-E1-00114;CARRETERO GONZALEZ, MARIA AFRICA;920256087;CALLE ENCARNACIÓN, S/N;AVILA;AVILA;ÁVILA;05001;S/N
05-E1-00116;REBOLLO RUEDA, RAQUEL;920295702;CALLE LANCHA (LA);AVILA;VILLANUEVA DE AVILA;VILLANUEVA DE ÁVILA;05114;9
05-E1-00119;DE FRANCISCO LOPEZ, TAMARA;920271446;CALLE MAYOR;AVILA;SANTA CRUZ DE PINARES;SANTA CRUZ DE PINARES;05268;4
05-E1-00120;SANCHEZ GOMEZ, RODRIGO;920269886;CALLE SANTISIMO CRISTO (DEL);AVILA;GEMUÑO;GEMUÑO;;4
05-E1-00135;FERNANDEZ SANCHEZ, PEDRO;;CALLE PISCINAS (DE LAS);AVILA;AREVALO;ARÉVALO;05200;1
05-E1-00139;CASILLAS VAZQUEZ, MIGUEL;;CALLE VALLE DEL TIETAR;AVILA;AVILA;ÁVILA;05002;6
09-E1-00001;IZARRA GONZALO, ISABEL;;CALLE CID CAMPEADOR;BURGOS;BURGOS;BURGOS;09005;45
09-E1-00006;GURPEGUI MARIN, MARIO;;PLAZA MAYOR;BURGOS;BURGOS;BURGOS;09003;19
09-E1-00009;MANZANO MANZANO, BLANCA ISABEL;947203880;PLAZA MIO CID;BURGOS;BURGOS;BURGOS;09004;2
09-E1-00011;FERNANDEZ EROLES, OSCAR;947211606;CALLE BARTOLOME ORDOÑEZ;BURGOS;BURGOS;BURGOS;09006;1
09-E1-00012;LLORENTE PASCUAL, FRANCISCO JAVIER;;CALLE MADRID;BURGOS;BURGOS;BURGOS;09001;29
09-E1-00016;SAENZ RUIZ, ALBERTO;947441196;CTRA  BURGOS SANTANDER;BURGOS;SOTOPALACIOS;MERINDAD DE RÍO UBIERNA;09140;22
09-E1-00020;PORTELA ARRIBAS, BLANCA;947500151;PLAZA MAYOR;BURGOS;ARANDA DE DUERO;ARANDA DE DUERO;09400;18
09-E1-00022;BUENO SAIZ, MARIA MARINA;;CALLE CARRETERA LOGROÑO;BURGOS;IBEAS DE JUARROS;IBEAS DE JUARROS;09198;58
09-E1-00025;BENITO BARRIUSO, MARIA LUISA;947502600;CALLE JARDINES;BURGOS;VILLALBA DE DUERO;VILLALBA DE DUERO;09443;1
09-E1-00026;NUÑEZ MARTINEZ, MARIA LUISA;;CALLE DON PRUDENCIO ORTEGO;BURGOS;VADOCONDES;VADOCONDES;09491;S/N
09-E1-00029;LINARES HERNANDEZ, MYRIAM;947548141;AVDA  CASTILLA;BURGOS;MILAGROS;MILAGROS;09460;35
09-E1-00030;JIMENEZ CORTES, LUCIA / LOPEZ VAQUERO, MELIDA;947291230;CALLE REAL;BURGOS;VILLALBILLA DE BURGOS;VILLALBILLA DE BURGOS;;14
09-E1-00040;PEREZ MANRIQUE, MARIA NATIVIDAD;947358643;CALLE MERCADO;BURGOS;FRIAS;FRÍAS;09211;23
09-E1-00041;FERNANDEZ DE BETOÑO ATXIAGA, AMAIA;947591544;PLAZA SANTA CASILDA;BURGOS;BRIVIESCA;BRIVIESCA;09240;1
09-E1-00044;CEREZO MONTEJO, REBECA;;CALLE POSADAS;BURGOS;CUBO DE BUREBA;CUBO DE BUREBA;09280;2
09-E1-00046;DE LUCAS DE ROSE, FRANSCICO PABLO;947300096;CALLE AGUA;BURGOS;OÑA;OÑA;09530;38
09-E1-00050;GARCIA PUENTE, MARIA MILAGROS;947307385;CMNO  FRIAS;BURGOS;TRESPADERNE;TRESPADERNE;09540;8
09-E1-00057;GOZALO NOGALES, MARIA HENAR;947221594;CALLE PLAZA JURISTA CIRILO ÁLVAREZ MARTÍNEZ;BURGOS;BURGOS;BURGOS;;9
09-E1-00058;FRANCO TORRES, MARIA DEL CARMEN;947372271;PLAZA CID;BURGOS;MELGAR DE FERNAMENTAL;MELGAR DE FERNAMENTAL;09100;3
09-E1-00061;MARTIN ACINAS, ENRIQUE JONAS;947221507;PLAZA FRANCISCO SARMIENTO;BURGOS;BURGOS;BURGOS;09005;8
09-E1-00063;RUIZ PEREZ, MARIA TERESA;947170987;CALLE MAYOR;BURGOS;LERMA;LERMA;09340;2
09-E1-00076;PEREZ CHOMON, RAMON;947264733;CALLE AVDA. DEL ARLANZON;BURGOS;BURGOS;BURGOS;09004;15
09-E1-00078;MOZO GUTIERREZ, MARGARITA;947551098;CALLE SAN ROQUE;BURGOS;TORRESANDINO;TORRESANDINO;09310;3
09-E1-00080;SAEZ CORNEJO, ALFONSO;947220627;AVDA  CANTABRIA;BURGOS;BURGOS;BURGOS;09006;61
09-E1-00083;GUTIERREZ MARTI, ANA / GUTIERREZ MARTI, ANA;947207856;CALLE VILLALON;BURGOS;BURGOS;BURGOS;09003;9
09-E1-00084;VEGA PEREZ, BLADIMIR HECTOR;;AVDA  AVENIDA DE LOS DERECHOS HUMANOS;BURGOS;BURGOS;BURGOS;09007;33
09-E1-00088;DE CASTRO DEL POZO, MARIA ROSARIO;947225096;CALLE VICENTE ALEIXANDRE;BURGOS;BURGOS;BURGOS;09006;9
09-E1-00090;LLARENA PEÑA, RODRIGO;947229578;CALLE SAN FRANCISCO;BURGOS;BURGOS;BURGOS;09005;30
09-E1-00092;CACERES SAÑUDO, BEATRIZ;947208505;PASEO ISLA;BURGOS;BURGOS;BURGOS;09003;10
09-E1-00096;AGUILAR SANTAMARIA, JESUS;947269266;CALLE PROGRESO;BURGOS;BURGOS;BURGOS;09002;32
09-E1-00103;ALVARO REYZABAL, ELSA;947500039;CALLE PISUERGA;BURGOS;ARANDA DE DUERO;ARANDA DE DUERO;09400;3
09-E1-00104;LOSA VILLANUEVA, MARIA JOSE;947310328;CALLE VITORIA;BURGOS;MIRANDA DE EBRO;MIRANDA DE EBRO;09200;23
09-E1-00105;GARCIA CHINCHETRU, MARIA LUISA;947222131;CALLE VITORIA;BURGOS;BURGOS;BURGOS;09007;198
09-E1-00112;PERAITA PERAITA, MARIA CONCEPCION;947222577;PLAZA SAN BRUNO;BURGOS;BURGOS;BURGOS;09007;12
09-E1-00113;GONZALEZ DIEZ, JOSE ELOY;947270805;CALLE CALZADAS;BURGOS;BURGOS;BURGOS;09004;30
09-E1-00115;GRANDES HAZAS, SUSANA;945373136;CALLE SAN JUAN;BURGOS;PUEBLA DE ARGANZON (LA);PUEBLA DE ARGANZÓN, LA;09294;36
09-E1-00116;ALDANA RUIZ, NEMESIO;947273665;CALLE ROSA LIMA MANZANO;BURGOS;BURGOS;BURGOS;09003;7
09-E1-00117;SICILIA ESPUNY, BLANCA;947483202;CTRA  POZA;BURGOS;BURGOS;BURGOS;09007;101
09-E1-00123;PEREZ PUENTE, MERCEDES;947220730;CALLE VILLARCAYO;BURGOS;BURGOS;BURGOS;09005;8
09-E1-00129;ABASCAL DIAGO, TOMAS DAVID;947216422;CALLE SAN FRANCISCO;BURGOS;BURGOS;BURGOS;09005;31
09-E1-00136;ONTIYUELO PARADA, MARIA MERCEDES;947292307;CALLE IGLESIA;BURGOS;QUINTANILLA-VIVAR O QUINTANILLA MOROCISL;QUINTANILLA VIVAR;09140;4
09-E1-00137;ABAD MAMBRILLA, SUSANA;;CALLE RONDA SOPARRAL;BURGOS;OLMEDILLO DE ROA;OLMEDILLO DE ROA;09311;43
09-E1-00138;IÑIGO ULLOA, MARIA DEL ROSARIO;947390014;PLAZA MAYOR;BURGOS;SANTO DOMINGO DE SILOS;SANTO DOMINGO DE SILOS;09610;1
09-E1-00139;ESTEBAN BARTOLOME, JOAQUIN LUIS;947380009;CALLE Avda. Estación;BURGOS;SALAS DE LOS INFANTES;SALAS DE LOS INFANTES;09600;6
09-E1-00143;ASENJO MARTIN, ENCARNACION;947394450;CALLE FUENTE;BURGOS;REGUMIEL DE LA SIERRA;REGUMIEL DE LA SIERRA;09693;7
09-E1-00144;SANCHEZ HERNANDEZ, MARIA YOLANDA;947386196;CALLE SAN ROQUE;BURGOS;HONTORIA DEL PINAR;HONTORIA DEL PINAR;09660;9
09-E1-00145;ROL GOMEZ, CARLOS;947388026;CALLE RODRIGUEZ DE VALCARCEL;BURGOS;HUERTA DE REY;HUERTA DE REY;09430;4
09-E1-00146;PUERTA CAÑAS, MARIA REYES;947395039;CALLE ERNESTO SANZ Y SANZ;BURGOS;QUINTANAR DE LA SIERRA;QUINTANAR DE LA SIERRA;09670;6
09-E1-00149;MARTINEZ IRIARTE, IGNACIO;947150077;CALLE BURGOS;BURGOS;SEDANO;VALLE DE SEDANO;09142;70
09-E1-00152;BERTOLIN MORON, CARLOS;947360255;CALLE MAYOR;BURGOS;VILLADIEGO;VILLADIEGO;09120;8
09-E1-00155;FARMACIA LCDO. CASTRO CAMPOS, MANUEL A.;;CALLE REAL;BURGOS;QUINTANAS DE VALDELUCIO;VALLE DE VALDELUCIO;09127;0
09-E1-00158;BOTE ALVAREZ, NATALIA;947194162;CALLE CALLE CARRASQUEDO;BURGOS;QUINCOCES DE YUSO;VALLE DE LOSA;09510;8
09-E1-00159;FERNANDEZ ROZAS, NURIA;947192002;AVDA  BURGOS;BURGOS;MEDINA DE POMAR;MEDINA DE POMAR;09500;2
09-E1-00162;JORDAN VALDIZAN, JUDITH;947294270;CALLE POZO (EL);BURGOS;VILLAGONZALO PEDERNALES;VILLAGONZALO PEDERNALES;09195;59
09-E1-00166;GONZALEZ LOPEZ, ANA ELISA;947205836;CALLE EUROPA;BURGOS;BURGOS;BURGOS;09001;2
09-E1-00167;ANTOLIN ABAD, MARIA ANTONIA;947336206;CALLE CONDADO DE TREVIÑO;BURGOS;MIRANDA DE EBRO;MIRANDA DE EBRO;09200;36
09-E1-00169;GUEMES RUIZ, CARLOS;947482857;CALLE ESTEBAN SAEZ ALVARADO;BURGOS;BURGOS;BURGOS;09007;14
09-E1-00171;LOPEZ GONZALEZ, DIANA;;AVDA  ELADIO PERLADO;BURGOS;BURGOS;BURGOS;09007;66
09-E1-00175;TOMAS GARCIA, ANA;947470945;CALLE FEDERICO GARCIA LORCA;BURGOS;BURGOS;BURGOS;09007;17
09-E1-00179;GONZALEZ SANZ, RAQUEL;947224755;AVDA  CID CAMPEADOR;BURGOS;BURGOS;BURGOS;09005;85
09-E1-00188;PEREZ SANTOS, ANA MARIA;947205216;CALLE JUAN DE GARAY;BURGOS;BURGOS;BURGOS;09002;2
09-E1-00189;SANTIUSTE LOPEZ, ANA / SANTIUSTE LOPEZ, VANESA;;CALLE LUIS ALBERDI;BURGOS;BURGOS;BURGOS;;15
09-E1-00191;GARCIA MARCOS, MARIA PIEDAD;;CALLE CONDESA MENCIA;BURGOS;BURGOS;BURGOS;09006;139
09-E1-00202;CASTRO CAMPOS, MANUEL ANTONIO;;CALLE MADRE TERESA DE CALCUTA;BURGOS;BURGOS;BURGOS;09007;3
09-E1-00204;ORIVE SADORNIL, TERESA DE JESUS;;CALLE CARMEN SALLES;BURGOS;BURGOS;BURGOS;09006;S/N
09-E1-00206;LOPEZ GALLO, JENNIFER;;CALLE AVDA. DE BURGOS;BURGOS;MEDINA DE POMAR;MEDINA DE POMAR;;15
09-E1-00208;ROMERO SEIJAS, CESAR;947413525;CALLE Plaza Avelino Antolín Toledano;BURGOS;BURGOS;BURGOS;;13
09-E1-00210;MORAL TAJADURA, MARIA COVADONGA;;CALLE CALLE LOUDUM, ESQUINA CALLE;BURGOS;BURGOS;BURGOS;09006;S/N
24-E1-00001;HERNANDEZ BERCIANO, RAQUEL;;AVDA  GALICIA;LEON;CUATROVIENTOS;PONFERRADA;24400;66
24-E1-00003;ALVAREZ ALONSO, MONICA;987470297;AVDA  ASTURIAS;LEON;VILLABLINO;VILLABLINO;24100;75
24-E1-00004;ALONSO NUÑEZ, MARIA JOSE;;CALLE ANCHA;LEON;LEON;LEÓN;24003;3
24-E1-00019;MORETE DIAZ, JOSE ANTONIO;;AVDA  SANTA BARBARA;LEON;TORRE DEL BIERZO;TORRE DEL BIERZO;24370;46
24-E1-00022;DE CASTRO MARTIN, ROSA MARIA;;AVDA  QUEVEDO;LEON;LEON;LEÓN;24009;4
24-E1-00025;FERNANDEZ DE VEGA CHAVARRI, MARTA;;CALLE ANCHA;LEON;LEON;LEÓN;24003;23
24-E1-00028;RAMOS NATAL, MARIA;;CALLE DOCTOR SANTOS OLIVERA;LEON;HOSPITAL DE ORBIGO;HOSPITAL DE ÓRBIGO;24286;3
24-E1-00031;PALLARES DIEZ, LEONOR;987471047;CALLE LEITARIEGOS;LEON;VILLABLINO;VILLABLINO;24100;20
24-E1-00034;HIGUERA SOTO, PATRICIA;;CALLE GRAN VIA DE SAN MARCOS;LEON;LEON;LEÓN;24001;43
24-E1-00038;CASTAÑEDA MARTINEZ, MARIA SALOME;987760358;CALLE MAYOR;LEON;TORAL DE LOS GUZMANES;TORAL DE LOS GUZMANES;24237;27
24-E1-00042;PORTILLO GARCIA PINTOS, MARTA;;CALLE JUAN FERRERAS;LEON;LEON;LEÓN;24004;8
24-E1-00044;TERRON GARCIA, CESAR;;PLAZA MAYOR;LEON;CACABELOS;CACABELOS;24540;7
24-E1-00046;MARCOS PASTRANA, MARIA JOSE;;AVDA  PADRE ISLA;LEON;LEON;LEÓN;;46
24-E1-00050;DIEZ ALVAREZ, MARIA;987660004;AVDA  REY GUNDERICO;LEON;CASTROCONTRIGO;CASTROCONTRIGO;24735;37
24-E1-00052;ALVAREZ GONZALEZ, MARIA VICTORIA;987701021;CALLE PADRE ISLA;LEON;CISTIERNA;CISTIERNA;24800;40
24-E1-00054;FERNANDEZ GARCIA, LEOCADIA;;PLAZA PICARA JUSTINA;LEON;LEON;LEÓN;24004;S/N
24-E1-00061;GRAGERA PINILLA, JORGE;;PLAZA ESPOLON;LEON;LEON;LEÓN;24007;2
24-E1-00062;GONZALEZ FERNANDEZ, BEATRIZ / GONZALEZ FERNANDEZ, MARTA;;CALLE DAOIZ Y VELARDE;LEON;LEON;LEÓN;24006;16
24-E1-00069;RUIZ NARGANES, PIEDAD;987357220;AVDA  AVENIDA PUENTE DE HIERRO;LEON;CARRIZO DE LA RIBERA;CARRIZO;24270;37
24-E1-00070;GUTIERREZ GONZALEZ, ALEJANDRA / GUTIERREZ ALONSO, VICENTE;987701264;CALLE PADRE ISLA;LEON;CISTIERNA;CISTIERNA;24800;10
24-E1-00075;VAZQUEZ MONDELO, MARIA DEL PILAR;;CALLE JORGE DE MONTEMAYOR;LEON;LEON;LEÓN;24007;19
24-E1-00080;OJEMBARRENA CASASECA, LUCIA;;CALLE PIO DE CELA;LEON;VEGUELLINA DE ORBIGO;VILLAREJO DE ÓRBIGO;24350;17
24-E1-00081;SIERRA LLANOS, MARIA PAZ;;CALLE BARAHONA;LEON;LEON;LEÓN;24003;3
24-E1-00085;LOPEZ MERAYO, JORGE;;CALLE BULEVAR JUAN CARLOS I REY DE ESPAÑA;LEON;PONFERRADA;PONFERRADA;;6
24-E1-00092;YSART ALVAREZ DE TOLEDO, SONSOLES;;AVDA  AVENIDA DE LA PUEBLA;LEON;PONFERRADA;PONFERRADA;24400;31
24-E1-00096;NISTAL RODRIGUEZ, LUIS / RODRIGUEZ DE PRADA, CONSUELO;;CALLE MATADERO VIEJO;LEON;VILLAMAÑAN;VILLAMAÑÁN;;S/N
24-E1-00097;MOLDES FERNANDEZ, VICTOR MANUEL;;AVDA  PARADASECA;LEON;VILLAFRANCA DEL BIERZO;VILLAFRANCA DEL BIERZO;24500;1
24-E1-00098;MORONTA CARRETERO, TRANSITO;;CALLE SAN ROQUE;LEON;GORDONCILLO;GORDONCILLO;;3
24-E1-00100;GARCIA VEGA, EMMA;;AVDA  PADRE ISLA;LEON;LEON;LEÓN;;54
24-E1-00105;MARTIN VILLARES, MARIA CARMEN;;CALLE CAMPILLO (EL);LEON;TORENO;TORENO;24450;33
24-E1-00108;JIMENEZ RODRIGUEZ, ROSA;;CALLE GENERAL GOMEZ NUÑEZ;LEON;PONFERRADA;PONFERRADA;24400;12
24-E1-00109;GAMERO MARTIN GRANIZO, ANA CRISTINA;;AVDA  CONDESA SAGASTA;LEON;LEON;LEÓN;24001;32
24-E1-00110;ZABALA HERRERO, ANA MARIA;;CTRA  NACIONAL VI;LEON;VEGA DE VALCARCE;VEGA DE VALCARCE;;0
24-E1-00113;TOME OTERO, MANUEL ANTONIO;;AVDA  CONSTITUCION (LA);LEON;VILLABLINO;VILLABLINO;24100;6
24-E1-00120;CARRASCO ARIAS-ARGUELLO, ANTONIO;987371402;CALLE CONDE LUNA;LEON;BENAVIDES DE ORBIGO;BENAVIDES;24280;28
24-E1-00121;VAZQUEZ GONZALEZ, JOSE LUIS;;AVDA  CONSTITUCION (LA);LEON;SAHAGUN;SAHAGÚN;24320;20
24-E1-00122;HOYOS GONZALEZ, ANA MARIA;;AVDA  CONSTITUCION (LA);LEON;BARRIO ESTACION;MATALLANA DE TORÍO;24223;50
24-E1-00123;GONZALEZ SANTOS, MARIA CARMEN ROSARIO;;PLAZA MAYOR;LEON;SANTA MARIA DEL PARAMO;SANTA MARÍA DEL PÁRAMO;24240;14
24-E1-00126;JAUREGUI OYARZABAL, MARIA ARANZAZU;987644446;CALLE VIA DE LA PLATA;LEON;BAÑEZA (LA);BAÑEZA, LA;24750;51
24-E1-00127;FERNANDEZ DE LAS MORAS, CARLOS;;CALLE RELOJ (EL);LEON;BAÑEZA (LA);BAÑEZA, LA;24750;16
24-E1-00128;CARRASCO FERNANDEZ, MARIA GLORIA;;CALLE JULIO DEL CAMPO;LEON;LEON;LEÓN;24002;13
24-E1-00143;RODRIGUEZ RODRIGUEZ, RAMON;;PLAZA DOCE MARTIRES;LEON;LEON;LEÓN;;0
24-E1-00145;HERNANDEZ HERRERO, EVA;;CALLE CALLE LA SERNA;LEON;LEON;LEÓN;24006;14
24-E1-00151;ALVAREZ DE BLAS, MARIA JESUS ROSARIO;;AVDA  JOSE MARIA FERNANDEZ;LEON;LEON;LEÓN;24006;38
24-E1-00152;PEREZ HERNANDEZ, CESAR;;AVDA  SAN IGNACIO;LEON;LEON;LEÓN;24010;16
24-E1-00154;TELLEZ VALDES, PATRICIA LOURDES;;CALLE ALFREDO NISTAL;LEON;LEON;LEÓN;24007;10
24-E1-00155;ARGUELLO MAGAZ, BLANCA CAROLINA;;CALLE SANTO TORIBIO DE MOGROVEJO;LEON;LEON;LEÓN;24006;74
24-E1-00162;HOLGUERA FLORES, MARIA DEL PILAR;;AVDA  MARQUESES DE SAN ISIDRO;LEON;LEON;LEÓN;24004;12
24-E1-00169;ALONSO PELAEZ, MARIA LUISA;;CALLE PENDON DE BAEZA;LEON;LEON;LEÓN;24006;8
24-E1-00172;GONZALEZ ALONSO, CARLOS / ALONSO GARCIA, ROSA;;CALLE SANCHO ORDOÑEZ;LEON;LEON;LEÓN;24007;18
24-E1-00175;ALVAREZ SASTRE, MARIA JOSE;;CALLE CONDE TORENO;LEON;LEON;LEÓN;24006;2
24-E1-00178;CASTRO PRIETO, M ELENA;987580750;CALLE PLAZA VICENTE FLÓREZ QUIÑONES;LEON;RIELLO;RIELLO;24127;14
24-E1-00179;LOZANO FERNANDEZ, SUSANA;;CALLE Astorga;LEON;PONFERRADA;PONFERRADA;24400;9
24-E1-00180;FERNANDEZ DIEZ, ALICIA / FERNANDEZ DIEZ, ANA;;AVDA  MARIANO ANDRES;LEON;LEON;LEÓN;;97
09-E1-00086;RICA AYUSO, JESUS / RICA AYUSO, JOSE LUIS;947274820;AVDA  REYES CATOLICOS;BURGOS;BURGOS;BURGOS;09006;10
24-E1-00153;GONZALEZ GONZALEZ, JOSEFINA;;AVDA  PARROCO PABLO DIEZ;LEON;TROBAJO DEL CAMINO;SAN ANDRÉS DEL RABANEDO;24010;42
40-E1-00017;BARTOLOME SANCHEZ, MARIA JESUS;921181171;CALLE MARQUES DE PERALES;SEGOVIA;ESPINAR (EL);ESPINAR, EL;40400;2
40-E1-00018;CARDIEL CARDIEL, MARIA MERCEDES;921178014;CALLE ETREROS;SEGOVIA;SANGARCIA;SANGARCÍA;40134;2
40-E1-00020;BENAVENT ATIENZA, CARLOS;921422141;CALLE JOSE ZORRILLA;SEGOVIA;SEGOVIA;SEGOVIA;40002;117
40-E1-00021;SEISDEDOS MARTIN, ROSARIO;921560287;PLAZA POSITO REAL;SEGOVIA;CARBONERO EL MAYOR;CARBONERO EL MAYOR;40270;1
40-E1-00024;MARTIN ELIO, BEATRIZ;921495049;CALLE MARISCUELA;SEGOVIA;ABADES;ABADES;40141;S/N
40-E1-00025;PEREZ SOPEÑA, CARMEN;921430483;CALLE EZEQUIEL GONZALEZ;SEGOVIA;SEGOVIA;SEGOVIA;;21
40-E1-00027;CASADO RATA, MARIA CORAL;921566012;PLAZA MAYOR;SEGOVIA;BERNARDOS;BERNARDOS;40430;8
40-E1-00030;VILLAS MIGUEL, PILAR;921543849;CALLE BAYONA;SEGOVIA;BOCEGUILLAS;BOCEGUILLAS;40560;21
40-E1-00036;CABALLERO SERRANO, MARIO;921557110;CALLE REAL;SEGOVIA;CEREZO DE ABAJO;CEREZO DE ABAJO;40591;S/N
40-E1-00038;MAROTO ARENAS, ANA ISABEL;921586677;CALLE PLAZA DEL ARCO;SEGOVIA;COCA;COCA;40480;2
40-E1-00039;LOBO RUJAS, DANIEL;921160023;CALLE ALTA;SEGOVIA;GOMEZSERRACIN;GOMEZSERRACÍN;40240;4
40-E1-00043;BALLESTEROS GARCIA, DANIEL;921533507;CALLE REAL;SEGOVIA;FUENTIDUEÑA;FUENTIDUEÑA;40357;36
40-E1-00048;ESTEVEZ SANCHEZ, MARIA DOLORES;920311179;CALLE SAN JUAN;SEGOVIA;MARTIN MUÑOZ DE LAS POSADAS;MARTÍN MUÑOZ DE LAS POSADAS;40446;17
40-E1-00051;DE PABLO HERRERO, GEMA;921500592;CALLE IGLESIA;SEGOVIA;MUÑOVEROS;MUÑOVEROS;40183;16
40-E1-00055;TOMERO DIEZ, CARMEN ISABEL;921575109;PLAZA MAYOR;SEGOVIA;NAVALMANZANO;NAVALMANZANO;40280;S/N
40-E1-00057;CARRASCO HERRERO, MONICA;921506193;CALLE FRAGUA;SEGOVIA;TORRE VAL DE SAN PEDRO;TORRE VAL DE SAN PEDRO;40171;10
40-E1-00059;TOVAR MARTIN, FRANCISCA INES;921483137;CALLE MARTIRES;SEGOVIA;OTERO DE HERREROS;OTERO DE HERREROS;40422;1
40-E1-00072;CACERES ALVAREZ, MARIA MABEL;921500057;PLAZA ESPAÑA;SEGOVIA;TUREGANO;TURÉGANO;;4
40-E1-00074;MELLADO ALCEDO, MARIA;921167132;PLAZA MAYOR;SEGOVIA;VILLAVERDE DE ISCAR;VILLAVERDE DE ÍSCAR;40219;7
40-E1-00077;HERRADON GIL GALLARDO, CRISTINA;921198173;CALLE IGLESIA;SEGOVIA;VILLACASTIN;VILLACASTÍN;40150;18
40-E1-00085;TEJERIZO GARCIA, JAVIER;920311265;CALLE REAL;SEGOVIA;CODORNIZ;CODORNIZ;40463;14
40-E1-00087;GONZALEZ GOMEZ, MARIA ISABEL;921494007;CALLE DOCTOR LAURENTINO CARDIEL;SEGOVIA;VALSECA;VALSECA;40390;18
40-E1-00092;AYUSO BORREGUERO, ANA MARIA;921509525;CALLE NUEVA;SEGOVIA;TORREIGLESIAS;TORREIGLESIAS;40192;9
40-E1-00101;ARRANZ MARTIN, MARIA;921406173;CALLE CARRETERA TRESCASAS;SEGOVIA;San Cristobal de Segovia;SAN CRISTÓBAL DE SEGOVIA;;44
42-E1-00003;BENITO LOPEZ, MARIA TERESA;975301281;CALLE RONDA DE SAN FRANCISCO;SORIA;ALMAZAN;ALMAZÁN;42200;1
42-E1-00004;AIT SERHANE BAKOUR, ADNAN;975300158;CALLE JUSTO Y SANCHEZ;SORIA;ALMAZAN;ALMAZÁN;42200;2
42-E1-00005;HERNANDEZ RAMOS, ADRIANA;975310064;CALLE MERCED (LA);SORIA;ALMAZAN;ALMAZÁN;42200;35
42-E1-00006;CARRASCOSA MARTINEZ, ANGELA;975301211;CALLE SAN SALVADOR;SORIA;ALMAZAN;ALMAZÁN;42200;1
42-E1-00008;GAVIDIA SANCHEZ, ISABEL;975251004;CALLE TABLADA (LA);SORIA;ALMAJANO;ALMAJANO;42180;9
42-E1-00012;SAN ROMAN IRIBERRI, FRANCISCO;975360533;CALLE MAYOR;SORIA;BURGO DE OSMA (EL);BURGO DE OSMA-CIUDAD DE OSMA;42300;9
42-E1-00015;SERGHINI BENJELOUN, JALAL;975302036;CALLE SOLEDAD;SORIA;BARAONA;BARAONA;42213;0
42-E1-00029;GONZALEZ GESTEIRO, INMACULADA;975249002;CALLE URBANIZACIÓN-CAMARETAS N;SORIA;GOLMAYO;GOLMAYO;42190;2
42-E1-00030;MARIN VERGES, PAULA;975326354;CTRA  BARAONA;SORIA;MEDINACELI;MEDINACELI;42240;15
42-E1-00031;MIGUEL ROMERA, ANA ISABEL;975306047;CALLE ARRABAL;SORIA;MORON DE ALMAZAN;MORÓN DE ALMAZÁN;42223;6
42-E1-00034;PARDO CALVO, ELOISA;976645512;CALLE CERVANTES;SORIA;OLVEGA;ÓLVEGA;42110;5
42-E1-00038;SANCHEZ MONTORO, MARIA MAR;;CALLE SAN ISIDRO;SORIA;RABANOS (LOS);RÁBANOS, LOS;42191;S/N
42-E1-00046;SANCHEZ VAZQUEZ, BEGOÑA;;CALLE PLAZA MAYOR;SORIA;SERON DE NAGIMA;SERÓN DE NÁGIMA;42127;12
42-E1-00047;RUIZ ORTIZ, PAULA;975211989;AVDA  MARIANO VICEN;SORIA;SORIA;SORIA;42003;1
42-E1-00048;CARRASCOSA MARTINEZ, CELIA;975212443;CALLE COLLADO (EL);SORIA;SORIA;SORIA;42002;46
42-E1-00058;LACARCEL HUETOS, CARLOS;975229741;CALLE Paseo Santa Bárbara c/v C/ Merineros;SORIA;SORIA;SORIA;;0
42-E1-00068;LERIDA GARCIA, MARIA MAR;;CALLE VALONSADERO;SORIA;SORIA;SORIA;42001;22
47-E1-00004;BENITEZ VILLAR, BLANCA;;PASEO SAN VICENTE;VALLADOLID;VALLADOLID;VALLADOLID;47013;22
47-E1-00005;RODRIGUEZ BALLESTERO, MARIA;983307538;CALLE MARINA ESCOBAR;VALLADOLID;VALLADOLID;VALLADOLID;47004;7
47-E1-00007;GOMEZ HERNANDEZ, ANGEL;;CALLE FERRARI;VALLADOLID;VALLADOLID;VALLADOLID;47001;34
47-E1-00009;PINDADO GONZALEZ, MARTA;983334801;AVDA  CERROS;VALLADOLID;VALLADOLID;VALLADOLID;47009;2
47-E1-00012;MARTINEZ DEL CASTILLO, JAVIER;983301440;CALLE LOPEZ GOMEZ;VALLADOLID;VALLADOLID;VALLADOLID;47002;5
47-E1-00013;MORENO GARCIA, AMPARO;983371464;CALLE HERNANDO DE ACUÑA;VALLADOLID;VALLADOLID;VALLADOLID;47014;1
47-E1-00014;PARRA SANCHEZ, VICTOR JOSE;983351950;PLAZA SAN PABLO;VALLADOLID;VALLADOLID;VALLADOLID;47011;S/N
47-E1-00017;TORANZO MORILLA, ANA;983230273;AVDA  SEGOVIA;VALLADOLID;VALLADOLID;VALLADOLID;47013;6
47-E1-00018;CRESPO PEREZ, JOSE LUIS;983301819;CALLE DUQUE DE LA VICTORIA;VALLADOLID;VALLADOLID;VALLADOLID;47001;20
47-E1-00019;ARNAIZ ESTEBAN, ALMUDENA;983293481;CALLE SAN ISIDRO;VALLADOLID;VALLADOLID;VALLADOLID;47012;45
47-E1-00021;DEL BOSQUE BARBERO, MARIA DEL PILAR;983351309;CALLE SAN IGNACIO;VALLADOLID;VALLADOLID;VALLADOLID;47003;4
47-E1-00022;GARCIA BLANCO, ISABEL;983306838;CALLE GAMAZO;VALLADOLID;VALLADOLID;VALLADOLID;47004;8
47-E1-00023;CANO GIL, SARA MARIA;983351343;CALLE REGALADO;VALLADOLID;VALLADOLID;VALLADOLID;47002;3
47-E1-00026;GARCIA CHICO, MARIA LUISA;983232188;CALLE TURINA;VALLADOLID;VALLADOLID;VALLADOLID;47006;10
47-E1-00031;SANTOS ESCUDERO, BEATRIZ;983333772;CALLE DARSENA;VALLADOLID;VALLADOLID;VALLADOLID;47009;7
47-E1-00032;DOCAMPO FERNANDEZ, CARMEN;983301501;CALLE BAJADA DE LA LIBERTAD;VALLADOLID;VALLADOLID;VALLADOLID;47002;6
47-E1-00041;DE PABLO ROJO, ARANZAZU;983291459;CALLE ALAMILLOS;VALLADOLID;VALLADOLID;VALLADOLID;47005;8
47-E1-00043;DE LA FUENTE MOREIRO, MARIA CONCEPCION;983303053;CALLE CANOVAS DEL CASTILLO;VALLADOLID;VALLADOLID;VALLADOLID;47002;35
47-E1-00047;LAZARO SANCHO, MARIA MARTA;983352573;CALLE JOSE GARROTE TOBAR;VALLADOLID;VALLADOLID;VALLADOLID;47014;14
47-E1-00049;PASTOR MANCISIDOR, MARIA CARMEN;983352523;CALLE SANTIAGO;VALLADOLID;VALLADOLID;VALLADOLID;47001;5
47-E1-00051;CALZON DUEÑAS, LAURA;983265324;CALLE AGUILERA;VALLADOLID;VALLADOLID;VALLADOLID;47011;4
47-E1-00053;PRIETO RAMOS, ENRIQUE;983251795;CALLE PORTILLO DE BALBOA;VALLADOLID;VALLADOLID;VALLADOLID;47010;16
47-E1-00056;DIEZ RIVERA, ANGEL;983250771;PLAZA DOCTOR MARAÑON;VALLADOLID;VALLADOLID;VALLADOLID;47011;1
47-E1-00057;GONZALEZ GAMAZO, MARIA;983291226;CALLE INDUSTRIAS;VALLADOLID;VALLADOLID;VALLADOLID;47005;32
47-E1-00059;PEREZ AMPUDIA, MARIA MILAGROS;983233552;CALLE GABILONDO;VALLADOLID;VALLADOLID;VALLADOLID;47007;14
47-E1-00060;SANCHEZ-GIRON GONZALEZ, BEATRIZ M.;983352805;CALLE GAVILLA;VALLADOLID;VALLADOLID;VALLADOLID;47014;4
47-E1-00068;TEJERINA TOURIÑO, MARIA FELIX;983230563;CALLE CAAMAÑO;VALLADOLID;VALLADOLID;VALLADOLID;47013;35
47-E1-00069;ARAUJO VALLE, MARTA;983308902;CALLE MURO;VALLADOLID;VALLADOLID;VALLADOLID;47004;8
47-E1-00072;TASCON VICENTE, ANA BEATRIZ / TASCON VICENTE, JAVIER ALBERTO;983231544;PASEO ZORRILLA;VALLADOLID;VALLADOLID;VALLADOLID;47008;85
47-E1-00078;SANCHEZ GONZALEZ, YOLANDA;;CTRA  VALLADOLID;VALLADOLID;SAN MIGUEL DEL ARROYO;SAN MIGUEL DEL ARROYO;;12
47-E1-00083;ARRIBAS LAZARO, JESUS MARIA;983605439;CALLE REAL VIEJA;VALLADOLID;PEDRAJAS DE SAN ESTEBAN;PEDRAJAS DE SAN ESTEBAN;47430;S/N
47-E1-00085;SABORIDO COIRADAS, RAQUEL;;CALLE CRUZ;VALLADOLID;UNION DE CAMPOS (LA);UNIÓN DE CAMPOS, LA;47670;17
47-E1-00086;SANCHEZ CORNEJO, MARIA;983867011;CALLE PLAZA MAYOR;VALLADOLID;ALAEJOS;ALAEJOS;47510;13
47-E1-00087;DEL CAMPO BARRIENTOS, PAULA;983881671;CALLE CAPITAN ROJAS;VALLADOLID;PEÑAFIEL;PEÑAFIEL;47300;9
47-E1-00094;CRUZ DE LA CUESTA, ANTONIO;983607888;CALLE CARCAVA;VALLADOLID;MOJADOS;MOJADOS;47250;1
47-E1-00099;MOLINA HERNANDO, ROSA;983741910;CALLE LA RUA;VALLADOLID;VILLALON DE CAMPOS;VILLALÓN DE CAMPOS;47600;56
47-E1-00100;RODRIGUEZ RIUS, POL;983717333;CALLE EDUARDO CALLEJO;VALLADOLID;VILLAGARCIA DE CAMPOS;VILLAGARCÍA DE CAMPOS;47840;12
47-E1-00113;MOZO IGLESIAS, BEATRIZ;983586633;CALLE CARRERA;VALLADOLID;TRIGUEROS DEL VALLE;TRIGUEROS DEL VALLE;47282;5
47-E1-00114;RUBIO GONZALEZ VILLAMIL, COVADONGA;983520036;AVDA  VALLADOLID;VALLADOLID;TUDELA DE DUERO;TUDELA DE DUERO;47320;11
47-E1-00115;DEL POZO MARTINEZ, SOFIA;983680027;CALLE ALONSO PESQUERA;VALLADOLID;QUINTANILLA DE ONESIMO;QUINTANILLA DE ONÉSIMO;47350;34
47-E1-00116;BARAJAS VILLAR, ASCENSION;983780028;CALLE FRAY JUAN DE LA MOTA;VALLADOLID;MOTA DEL MARQUES;MOTA DEL MARQUÉS;47120;11
47-E1-00121;SAEZ LOPEZ, PAULA INES;983832862;CALLE VALENTIN AREVALO AYLLON;VALLADOLID;MATAPOZUELOS;MATAPOZUELOS;47230;4
47-E1-00125;SANCHEZ GALINDO, BEATRIZ;983788225;CALLE CONSTANZA;VALLADOLID;VILLALAR DE LOS COMUNEROS;VILLALAR DE LOS COMUNEROS;47111;S/N
47-E1-00126;PASTOR REDONDO, SARA / PASTOR ZURRO, MARGARITA;983590066;CALLE ATRIO DE LA IGLESIA;VALLADOLID;SIMANCAS;SIMANCAS;47130;5
47-E1-00129;FERNANDEZ MARTINEZ, SOLEDAD;;CALLE AVDA. TORDESILLAS;VALLADOLID;CASTROMONTE;CASTROMONTE;;6
47-E1-00133;LOBO ESTEBAN, INMACULADA;983563576;CALLE SANTIAGO;VALLADOLID;TORRELOBATON;TORRELOBATÓN;47134;28
47-E1-00136;DE LA RUA GARCIA, SHEILA;983587920;RONDA HUERTAS;VALLADOLID;MUCIENTES;MUCIENTES;;1
47-E1-00137;DEL VILLAR IGEA, MARIA;983868034;CALLE EUGENIO VELASCO;VALLADOLID;RUEDA;RUEDA;47490;1
47-E1-00138;DE LA TORRE PALOMARES, ANGEL MANUEL;983880828;CALLE MERCADO VIEJO;VALLADOLID;PEÑAFIEL;PEÑAFIEL;47300;27
47-E1-00140;RODRIGO RODRIGUEZ, MARIA PILAR;;PLAZA SANTA MARIA;VALLADOLID;CABEZON DE PISUERGA;CABEZÓN DE PISUERGA;47260;1
47-E1-00150;MOLPECERES GARCIA DEL POZO, MARIA ISABEL;983291945;CALLE TEOFILO VILLAMAÑAN;VALLADOLID;VALLADOLID;VALLADOLID;47012;1
47-E1-00154;CABRERA FERNANDEZ, ISABEL;;PASEO ARCO DE LADRILLO;VALLADOLID;VALLADOLID;VALLADOLID;;77
47-E1-00155;PLAZA PEREZ, MARIA DEL CARMEN;983230176;CALLE CARTAGENA;VALLADOLID;VALLADOLID;VALLADOLID;47013;2
47-E1-00158;PARRA ASTORGANO, MARIA DOLORES;983220799;AVDA  MEDINA DEL CAMPO;VALLADOLID;VALLADOLID;VALLADOLID;47014;15
47-E1-00160;CANO BORREGO, ULPIANO;983255909;CALLE CARDENAL CISNEROS;VALLADOLID;VALLADOLID;VALLADOLID;47010;16
47-E1-00161;RODRIGUEZ MARTIN, MARIA TERESA;983294274;CALLE ANDALUCIA;VALLADOLID;VALLADOLID;VALLADOLID;47012;9
47-E1-00162;SANABRIA MURCIEGO, JOSE MIGUEL;;CALLE GARCIA MORATO;VALLADOLID;VALLADOLID;VALLADOLID;47007;14
47-E1-00165;REDONDO GALVAN, PEDRO;983331202;CALLE CAMINO VIEJO DE SIMANCAS;VALLADOLID;VALLADOLID;VALLADOLID;47008;46
47-E1-00173;MELGAR TOBALINA, CESAR;983234573;AVDA  SEGOVIA;VALLADOLID;VALLADOLID;VALLADOLID;47013;137
47-E1-00174;ALVAREZ SANCHEZ, CESAR MARIA;983293626;CALLE PINGUINO;VALLADOLID;VALLADOLID;VALLADOLID;47012;9
47-E1-00175;GOMEZ VAAMONDE, MARIA ELENA / GONZALEZ GOMEZ, CARLOS MARIA;983239158;CALLE PUENTE COLGANTE;VALLADOLID;VALLADOLID;VALLADOLID;47007;11
47-E1-00176;GARCIA QUEIPO, ANA;;SBIDA FUENTE EL SOL;VALLADOLID;VALLADOLID;VALLADOLID;47009;61
47-E1-00182;MARTIN MONEDERO, REYES;983291306;CALLE NICOLAS SALMERON;VALLADOLID;VALLADOLID;VALLADOLID;47004;30
47-E1-00186;RUIZ SANTIAGO, ISABEL;983299004;CALLE DOCE DE OCTUBRE;VALLADOLID;VALLADOLID;VALLADOLID;47005;2
47-E1-00190;SAEZ LOPEZ, PAULA INES;;CALLE CIUDAD DE LA HABANA;VALLADOLID;VALLADOLID;VALLADOLID;47014;5
47-E1-00191;ALONSO CASABELLA, ENRIQUETA;983294258;CALLE CIGUEÑA;VALLADOLID;VALLADOLID;VALLADOLID;47012;12
47-E1-00193;SERRANO PLAZA, MARIA LUISA;983233572;CTRA  RUEDA;VALLADOLID;VALLADOLID;VALLADOLID;47008;43
47-E1-00200;CANO BORREGO, JUAN ANDRES;983335811;CALLE C/ JUPITER;VALLADOLID;VALLADOLID;VALLADOLID;47009;0
47-E1-00201;SECO DOMINGUEZ, MARIA NIEVES;983291109;PASEO SAN VICENTE;VALLADOLID;VALLADOLID;VALLADOLID;47013;11
47-E1-00205;MARTIN LARA, MARIA LOURDES;983553133;CTRA  TUDELA;VALLADOLID;PEDRAJA DE PORTILLO (LA);PEDRAJA DE PORTILLO, LA;47196;12
47-E1-00210;PALACIOS TRABANCO, MANUEL;;CALLE NUEVA;VALLADOLID;FUENSALDAÑA;FUENSALDAÑA;47194;9
47-E1-00214;SANCHEZ RODRIGUEZ, VIRGINIA;983824231;CALLE JOSE ANTONIO;VALLADOLID;FUENTE EL SOL;FUENTE EL SOL;47494;1
47-E1-00216;CARRASCAL DEL SOLAR, CONCEPCION / RODRIGUEZ CARRASCAL, LUIS;983408069;CALLE INDUSTRIAS;VALLADOLID;ARROYO;ARROYO DE LA ENCOMIENDA;47195;19
47-E1-00217;RODRIGUEZ MORENO, CATALINA;983784151;CALLE DON JUAN MORA GARZON;VALLADOLID;SAN ROMAN DE HORNIJA;SAN ROMÁN DE HORNIJA;47530;32
47-E1-00222;IGLESIAS DELGADO, MARIA;983836810;PLAZA MAYOR;VALLADOLID;VILLAFRANCA DE DUERO;VILLAFRANCA DE DUERO;47529;5
47-E1-00225;MORILLO RUIZ, MARIA ROSARIO;921163818;TRVA  TORRE;VALLADOLID;VILORIA;VILORIA;47166;1
47-E1-00226;VALLE ROBLES, MARIA CARMEN;983563360;CALLE IGLESIA;VALLADOLID;WAMBA;WAMBA;47190;17
47-E1-00230;SANCHEZ HERRERA, INMACULADA;983685487;CALLE ONESIMO REDONDO;VALLADOLID;PIÑA DE ESGUEVA;PIÑA DE ESGUEVA;47175;2
47-E1-00233;LEZCANO LACALLE, BLANCA;983593120;CALLE CORRO DE LA FUENTE;VALLADOLID;CIGUÑUELA;CIGUÑUELA;47191;4
47-E1-00234;SAEZ PAZ, MARIA DEL MAR;983824067;CALLE SAN ANTONIO;VALLADOLID;RUBI DE BRACAMONTE;RUBÍ DE BRACAMONTE;47494;1
47-E1-00237;SANTIAGO SASTRE, BLANCA FLOR;983248537;CALLE MIGUEL DELIBES;VALLADOLID;VALLADOLID;VALLADOLID;47008;44
47-E1-00238;SENOVILLA SANCHO, JUAN CARLOS;983378604;CALLE BARBECHO;VALLADOLID;VALLADOLID;VALLADOLID;47014;31
47-E1-00245;RODRIGUEZ FERRERONS, PATRICIA;983546261;CALLE AVDA. DE LA ESTACION ESQ. ALBATROS;VALLADOLID;LAGUNA DE DUERO;LAGUNA DE DUERO;47140;S/N
47-E1-00248;QUINTANA BLANCO, SARA;983244770;CALLE MONTES DE OCA;VALLADOLID;VALLADOLID;VALLADOLID;47008;4
47-E1-00253;RUIZ HORTELANO, MIGUEL ANGEL;983376762;CALLE ABEDUL;VALLADOLID;VALLADOLID;VALLADOLID;47009;7
47-E1-00269;MAESTRO FERNANDEZ, MARIA CRISTINA;983541908;AVDA  LA LAGUNA;VALLADOLID;LAGUNA DE DUERO;LAGUNA DE DUERO;47140;13
47-E1-00270;SANZ BOTIN, CARLOS;983556542;AVDA  SEGOVIA;VALLADOLID;ARRABAL DE PORTILLO;PORTILLO;47160;18
47-E1-00272;PRIETO ESTEBAN, CRISTINA;;CALLE MESONES;VALLADOLID;ISCAR;ÍSCAR;;31
47-E1-00275;BERNARDEZ MARTINEZ, MONICA;;CALLE ARRABAL;VALLADOLID;LAGUNA DE DUERO;LAGUNA DE DUERO;47140;39
47-E1-00279;BLANCO RODRIGUEZ, JOSE TEODORO;;CALLE ALCAPARRA;VALLADOLID;VALLADOLID;VALLADOLID;47008;1
47-E1-00281;MARTIN SANCHEZ, YOLANDA;;CALLE HERNANDO DE ACUÑA;VALLADOLID;VALLADOLID;VALLADOLID;47014;51
47-E1-00282;VILLAR VAQUERO, LUCIA;;CALLE CASTAÑUELAS;VALLADOLID;VALLADOLID;VALLADOLID;47013;3
47-E1-00283;GARCIA SANTOS, LIDIA;;CALLE CARRERAS;VALLADOLID;MEDINA DEL CAMPO;MEDINA DEL CAMPO;47400;43
47-E1-00284;HERNANDEZ DIEZ, MARIA ROSARIO;;CALLE DERECHA;VALLADOLID;BOLAÑOS DE CAMPOS;BOLAÑOS DE CAMPOS;47675;5
47-E1-00289;MARIÑO PALACIOS, FELIPE;;CALLE MATEO SEOANE SOBRAL;VALLADOLID;VALLADOLID;VALLADOLID;47014;32
49-E1-00002;GALACHE MONTERO, AURORA;980520763;CALLE CAMPO DE MARTE;ZAMORA;ZAMORA;ZAMORA;49007;11
49-E1-00004;GONZALEZ MARIÑAS, GABRIEL;980647011;CALLE TOMAS GOMEZ;ZAMORA;SANTOVENIA;SANTOVENIA;49750;3
49-E1-00006;APARICIO HERREZUELO, JUAN FRANCISCO;980534667;AVDA  PORTUGAL;ZAMORA;ZAMORA;ZAMORA;49016;21
49-E1-00007;ARRANZ CASTRO, DANIEL;980660534;CALLE REAL;ZAMORA;VILLALPANDO;VILLALPANDO;49630;12
49-E1-00008;RIOS ASTUDILLO, MARIA DEL SOL;980588118;CALLE AMARGURA;ZAMORA;MANGANESES DE LA LAMPREANA;MANGANESES DE LA LAMPREANA;49130;S/N
49-E1-00016;CALVO RODRIGUEZ, JOSE DOMINGO;980680005;PLAZA MAYOR;ZAMORA;ALCAÑICES;ALCAÑICES;49500;12
49-E1-00017;DE MENA SACRISTAN, MARIA ENCARNACION;980648116;PLAZA MAYOR DE ARRIBA;ZAMORA;SANTIBAÑEZ DE VIDRIALES;SANTIBÁÑEZ DE VIDRIALES;49610;24
49-E1-00019;ARANDA RODRIGUEZ, MARIA BEGOÑA;980631420;AVDA  MARAGATOS;ZAMORA;BENAVENTE;BENAVENTE;49600;19
49-E1-00021;ENRIQUEZ GUTIERREZ, CARLOS JESUS;980529248;AVDA  GALICIA;ZAMORA;ZAMORA;ZAMORA;49024;63
49-E1-00022;GIL CEPEDA FERNANDEZ, ROBERTO;980631269;AVDA  EL FERIAL;ZAMORA;BENAVENTE;BENAVENTE;49600;84
49-E1-00029;FUENTE VEGA, ARACELI;980631132;PLAZA DE SANTA MARIA;ZAMORA;BENAVENTE;BENAVENTE;49600;1
49-E1-00031;RIEGO HERNANDEZ, JOSE LUIS;;CALLE LA RUA;ZAMORA;BENAVENTE;BENAVENTE;49600;20
49-E1-00034;ALONSO FERNANDEZ, MARIA JOSE;980575667;CTRA  ZAMORA;ZAMORA;ARGUJILLO;ARGUJILLO;49716;8
49-E1-00039;GALLEGO RODRIGUEZ, MARIA PAZ;980688053;CALLE BARRIO NUEVO;ZAMORA;FONFRIA;FONFRÍA;49510;14
49-E1-00042;LOPEZ ARIAS TESTA, JOSE ANTONIO;980531510;CALLE SANTA CLARA;ZAMORA;ZAMORA;ZAMORA;49003;6
49-E1-00045;MARTIN SANCHEZ, VIRGINIA;980529948;CALLE OBISPO NIETO;ZAMORA;ZAMORA;ZAMORA;49031;27
49-E1-00048;GARCIA GOMEZ, MARIA ROSARIO;980557508;CALLE AMARGURA;ZAMORA;ZAMORA;ZAMORA;49007;10
49-E1-00049;GONZALEZ PANIAGUA, ROCIO;980553224;CALLE SAN ROQUE;ZAMORA;MUELAS DEL PAN;MUELAS DEL PAN;49167;S/N
49-E1-00051;VALDERREY VILLALIBRE, MARIA TERESA;980643087;CALLE BENAVENTE;ZAMORA;QUIRUELAS DE VIDRIALES;QUIRUELAS DE VIDRIALES;49622;18
49-E1-00053;GONZALEZ GARCIA, CARMEN;980640552;CALLE RIO;ZAMORA;BURGANES DE VALVERDE;BURGANES DE VALVERDE;49698;S/N
49-E1-00055;MARTINEZ CARRETERO, PAOLA;980517023;PLAZA IGLESIA;ZAMORA;CUBILLOS;CUBILLOS;49730;9
49-E1-00060;CRESPO MARTIN, MONTSERRAT;980576636;CALLE LARGA;ZAMORA;MADRIDANOS;MADRIDANOS;49157;5
49-E1-00061;GONZALEZ OSORIO, SILVIA MARIA;980641503;CALLE SAN JUAN;ZAMORA;SAN PEDRO DE CEQUE;SAN PEDRO DE CEQUE;49628;S/N
49-E1-00062;REDONDO LAJAS, PATRICIA;980626118;CALLE GENERAL FRANCO;ZAMORA;ASTURIANOS;ASTURIANOS;49325;S/N
49-E1-00063;ARENALES CASCON, MYRIAM;980609081;CALLE NTRA SRA ASUNCION;ZAMORA;VILLAMOR DE LOS ESCUDEROS;VILLAMOR DE LOS ESCUDEROS;49719;18
49-E1-00065;RODRIGUEZ FERNANDEZ, BEATRIZ;980664734;CALLE DIEGO DE ORDAX;ZAMORA;CASTROVERDE DE CAMPOS;CASTROVERDE DE CAMPOS;49110;1
49-E1-00068;FIDALGO BENEITEZ, ALEX;980580168;CALLE SANTA TERESA;ZAMORA;VILLARRIN DE CAMPOS;VILLARRÍN DE CAMPOS;49137;S/N
49-E1-00070;ALONSO CARBALLES, MARIA CARMEN;980605043;CALLE COSTANILLA;ZAMORA;FUENTELAPEÑA;FUENTELAPEÑA;;0
49-E1-00071;PALACIOS DEL VALLE, NAZARIO;980524892;CALLE ARAPILES;ZAMORA;ZAMORA;ZAMORA;49019;22
49-E1-00073;LLANES GARCIA, ISABEL;980531938;CALLE SANTA CLARA;ZAMORA;ZAMORA;ZAMORA;49015;27
49-E1-00075;INFANTE GARCIA, MARTA;980612158;CALLE IGLESIA;ZAMORA;ALMEIDA DE SAYAGO;ALMEIDA DE SAYAGO;49210;0
49-E1-00080;LOPEZ DOMINGUEZ, SUSANA;980695474;CALLE CERECINOS;ZAMORA;PINILLA DE TORO;PINILLA DE TORO;49850;22
49-E1-00084;GARCIA VILLAR, MARIA ESTHER;980649545;CALLE CARRETERA;ZAMORA;CAMARZANA DE TERA;CAMARZANA DE TERA;49332;25
49-E1-00087;GARCIA CALDERON, ESTEFANIA;980646437;CALLE COSTURERAS;ZAMORA;ARRABALDE;ARRABALDE;49696;S/N
49-E1-00089;DIAZ SANCHEZ, LAURA;980592181;CALLE CRISTO;ZAMORA;FERRERAS DE ABAJO;FERRERAS DE ABAJO;49335;53
49-E1-00091;LORENZO ROMERA, MARTA;980594415;CLLJA ERMITA;ZAMORA;RIOFRIO DE ALISTE;RIOFRÍO DE ALISTE;49591;8
49-E1-00096;GARCIA ALONSO, LORENZO JESUS;980504340;CALLE HUERTAS;ZAMORA;BENEGILES;BENEGILES;;10
49-E1-00097;ARROYO LASO, MANUEL;980681820;CALLE ARRIBA;ZAMORA;RABANALES;RABANALES;;2
49-E1-00098;MARTIN MARTIN, CLARA MARIA;980696474;CTRA  TIEDRA;ZAMORA;POZOANTIGUO;POZOANTIGUO;49835;2
49-E1-00100;PEREZ ASENSIO, ALVARO;980617458;PLAZA HUMILLADERO;ZAMORA;MUGA DE SAYAGO;MUGA DE SAYAGO;49212;S/N
49-E1-00109;PALACIOS CRESPO, EDUARDO / PALACIOS CRESPO, JOSE;980520680;CALLE NUÑEZ DE BALBOA;ZAMORA;ZAMORA;ZAMORA;49022;46
49-E1-00111;GOMEZ CARBAJO, VIRGINIA;980576069;CALLE PLAZA DE ESPAÑA;ZAMORA;PERDIGON (EL);PERDIGÓN, EL;49720;15
49-E1-00113;MUÑIZ LORENZO, SEBASTIAN;980533684;CTRA  SALAMANCA;ZAMORA;ZAMORA;ZAMORA;49028;40
49-E1-00116;LOPEZ PEDROSA, PILAR FRANCISCA;980665896;AVDA  CONSTITUCION;ZAMORA;SAN MIGUEL DEL VALLE;SAN MIGUEL DEL VALLE;;S/N
49-E1-00117;GARCIA LOPEZ, MARIA LOURDES;980595156;CALLE BODEGAS;ZAMORA;FARAMONTANOS DE TABARA;FARAMONTANOS DE TÁBARA;49141;3
49-E1-00120;CAÑIBANO SANTIAGO, ESTHER;980591913;CALLE CARMEN;ZAMORA;VILLAFAFILA;VILLAFÁFILA;49136;15
49-E1-00132;MERCHAN LUDEÑA, JAIME;;LUGAR PALACIOS;ZAMORA;MONFARRACINOS;MONFARRACINOS;49121;38
49-E1-00133;CANDO DOMINGUEZ, MARIA GLORIA;980651194;CALLE CEBADALES;ZAMORA;SANTA MARIA DE LA VEGA;SANTA MARÍA DE LA VEGA;49696;9
49-E1-00136;HERNANDEZ LOBATO, ANGEL JOSE;980606436;CMNO  VENIALBO;ZAMORA;VILLABUENA DEL PUENTE;VILLABUENA DEL PUENTE;49820;4
49-E1-00137;TAPIOLES VILLAFAFILA, NOELIA;980642603;CALLE MAYOR;ZAMORA;VILLABRAZARO;VILLABRÁZARO;49770;2
49-E1-00142;RODRIGUEZ FERNANDEZ, CAMINO;980634806;CALLE MAYOR;ZAMORA;VILLANUEVA DE AZOAGUE;VILLANUEVA DE AZOAGUE;49699;S/N
49-E1-00143;VIBORA PEREZ, MARIA ARACELI;980593130;CALLE ARRIBA;ZAMORA;FERRERAS DE ARRIBA;FERRERAS DE ARRIBA;49335;33
49-E1-00148;HORMIAS GONZALEZ, RAQUEL;980504433;PLAZA ENRIQUE PRIETO Y CARMEN CATALAN;ZAMORA;MORERUELA DE LOS INFANZONES;MORERUELA DE LOS INFANZONES;49731;1
49-E1-00149;PALMERO PEREZ, MARIA ANGELES;980591108;PLAZA ISABEL II;ZAMORA;FERRERUELA DE TABARA;FERRERUELA;49550;S/N
49-E1-00154;MARTIN MARTIN, JOSE RAMON;980554128;CALLE BENEFICIO;ZAMORA;ALMARAZ DE DUERO;ALMARAZ DE DUERO;49180;60
49-E1-00155;CONDE PRIETO, MARIO;;CALLE ZAMORA;ZAMORA;VALDEPERDICES;SAN PEDRO DE LA NAVE-ALMENDRA;49182;9
49-E1-00156;FARMACIA LCDO. FERNÁNDEZ TUDA;;CALLE IGLESIA;ZAMORA;AYOO DE VIDRIALES;AYOÓ DE VIDRIALES;49619;1
49-E1-00161;GARCIA LINARES, MARIA CARMEN;980664518;CALLE MEDIO;ZAMORA;CASTROGONZALO;CASTROGONZALO;49660;4
49-E1-00164;QUINTANA LAPORTA, IGNACIO;980630120;AVDA  GALICIA;ZAMORA;BENAVENTE;BENAVENTE;49600;10
49-E1-00167;MARINO GUZMAN, MARIA MERCEDES;;CALLE CRUZ;ZAMORA;ARCENILLAS;ARCENILLAS;49151;41
49-E1-00170;GARCIA DE LA FUENTE, ARACELI;;AVDA  LUIS MORAN;ZAMORA;BENAVENTE;BENAVENTE;49600;69
05-E1-00005;JIMENEZ LABAIG, LUIS ALBERTO;920255414;CALLE EDUARDO MARQUINA;AVILA;AVILA;ÁVILA;05001;22
05-E1-00006;SAHAGUN KRAUSE, JOSE;920211312;PLAZA MERCADO CHICO (DEL);AVILA;AVILA;ÁVILA;05001;10
05-E1-00009;DE FERNANDO GARCIA, MARIA PAZ;920222083;CALLE VIRGEN DE LA SOTERRAÑA;AVILA;AVILA;ÁVILA;05005;20
05-E1-00010;ORTEGA ORTEGA, ROBERTO;920223234;PLAZA ROLLO (DEL);AVILA;AVILA;ÁVILA;05002;15
05-E1-00012;SANCHEZ GOMEZ, ALBERTO;920200224;CALLE LARGA;AVILA;MINGORRIA;MINGORRÍA;;31
05-E1-00014;MAILLO DEL CASTILLO GARCIA, LAURA;920291017;CALLE IGLESIA;AVILA;SOLOSANCHO;SOLOSANCHO;05130;0
05-E1-00017;GARCIA MODINO, NOELIA MARIA;923430137;CALLE FUENTE (LA);AVILA;BECEDAS;BECEDAS;05610;36
05-E1-00018;MARTIN PERAL, NOELIA;920364031;CALLE MAYOR;AVILA;HORCAJADA (LA);HORCAJADA, LA;05695;20
05-E1-00020;MORENO MARTIN, EMILIA;920360853;CALLE PILILLAS (DE LAS);AVILA;PIEDRAHITA;PIEDRAHÍTA;05500;18
05-E1-00023;RAMON GONZALEZ, DIEGO;920244004;CALLE MAYOR;AVILA;CRESPOS;CRESPOS;05300;12
05-E1-00024;RICO MORENO, JOSE MIGUEL / RICO MORENO, MARIA DOLORES;920380029;AVDA  RAMON Y CAJAL;AVILA;CANDELEDA;CANDELEDA;05480;40
05-E1-00026;RAMOS ALVAREZ, ANGELA;920390045;PLAZA NUEVA;AVILA;POYALES DEL HOYO;POYALES DEL HOYO;05492;3
05-E1-00027;DIEZ MARTIN, JESUS JAVIER;923563082;CALLE CAMINO NARROS;AVILA;FLORES DE AVILA;FLORES DE ÁVILA;05370;S/N
05-E1-00029;CAMACHO NIETO SANDOVAL, SILVIA;920266251;CTRA  AREVALO;AVILA;BERLANAS (LAS);BERLANAS, LAS;05162;21
05-E1-00030;BLAZQUEZ AMOR, CLARA EUGENIA;920310094;CALLE SAN ROQUE;AVILA;LANGA;LANGA;05213;18
05-E1-00033;CHICO VICENTE, LUCIA;918678271;CALLE NUEVA;AVILA;CASAVIEJA;CASAVIEJA;05450;7
05-E1-00036;GARCIA GARCIA, MARIA ISABEL;920348304;AVDA  GENERALISIMO (DEL);AVILA;NAVARREDONDA DE GREDOS;NAVARREDONDA DE GREDOS;05635;S/N
05-E1-00042;ROSA CASAS, DIONISIO;920386054;CALLE ARENAL (EL);AVILA;MOMBELTRAN;MOMBELTRÁN;05410;1
05-E1-00044;SOLANA SOTO, CLAUDIA;920389104;CALLE MEDIO (DEL);AVILA;PEDRO BERNARDO;PEDRO BERNARDO;05470;25
05-E1-00045;BLASCO MARHUENDA, PATRICIA;920300052;CALLE ZAPATEROS;AVILA;AREVALO;ARÉVALO;05200;2
05-E1-00047;PASOS SANTA POLONIA, ELVIRA;920299713;CALLE PLAZA ESPAÑA;AVILA;HOYOCASERO;HOYOCASERO;;5
05-E1-00048;MARTIN DE LA FUENTE, MARIA DEL PILAR;920283073;CALLE MAYOR;AVILA;BURGOHONDO;BURGOHONDO;05113;S/N
05-E1-00049;PEREIRA CANDEL, CARMEN;918671061;CALLE MORALEDA (LA);AVILA;ADRADA (LA);ADRADA, LA;05430;17
05-E1-00056;PACHECO LUENGO, JOSE MARIA / RUIZ SOLDEVILLA, FRANCISCO JAVIER;918630035;AVDA  CONSTITUCION;AVILA;CEBREROS;CEBREROS;05260;52
05-E1-00060;SILVA SUAREZ, MARIA;920327036;PLAZA CALVO SOTELO;AVILA;HORCAJO DE LAS TORRES;HORCAJO DE LAS TORRES;05210;3
05-E1-00061;GOMEZ DUEÑAS, JOSE LUIS / GOMEZ DUEÑAS, SUSANA;918970062;AVDA  PRINCIPAL;AVILA;NAVAS DEL MARQUES (LAS);NAVAS DEL MARQUÉS, LAS;05230;17
05-E1-00064;MAYORAL GAMAZO, ALEJANDRO;920340071;CALLE MAYOR;AVILA;BARCO DE AVILA (EL);BARCO DE ÁVILA, EL;05600;36
05-E1-00065;ALEMAN SIERRA, ESTHER;920374253;CALLE CANCHUELA;AVILA;GUISANDO;GUISANDO;05417;15
05-E1-00069;ALVAREZ GOMEZ, MARIA PALOMA;920370042;PLAZA PRADO;AVILA;ARENAS DE SAN PEDRO;ARENAS DE SAN PEDRO;05400;4
05-E1-00070;CARVAJAL GALLARDO, PALOMA;918972253;AVDA  PRINCIPAL;AVILA;NAVAS DEL MARQUES (LAS);NAVAS DEL MARQUÉS, LAS;05230;55
05-E1-00074;MARTIN HERRERO, FRANCISCO JAVIER;920314003;PLAZA GENERALISIMO;AVILA;NAVA DE AREVALO;NAVA DE ARÉVALO;05216;4
05-E1-00081;DEL CAÑIZO TEJERIZO, NATALIA / DEL CAÑIZO TEJERIZO, SONSOLES;918638122;CALLE ANTONIO MACHADO;AVILA;HOYO DE PINARES (EL);HOYO DE PINARES, EL;05250;2
05-E1-00084;MORENO LOPEZ, LUIS MIGUEL / RODRIGUEZ BLANCO, PATRICIA;920384656;AVDA  ANTONIO FERNANDEZ ORTS;AVILA;GAVILANES;GAVILANES;05460;6
05-E1-00085;HERNANDEZ HERNANDEZ, ALICIA;920289117;CALLE JOSE ANTONIO;AVILA;SERRANILLOS;SERRANILLOS;05115;72
05-E1-00097;MORENO SANCHEZ, CELIA;920265480;CTRA  MIRONCILLO (DE);AVILA;NIHARRA;NIHARRA;05191;9
05-E1-00100;MARTIN RODRIGO, MARIA CARMEN;920280272;CALLE PERALES (LOS);AVILA;NAVALMORAL;NAVALMORAL;;11
05-E1-00101;HERNANDEZ SANCHEZ, MARIA DE LA ALMUDENA;920269917;CALLE CORDEL (DEL);AVILA;FRESNO (EL);FRESNO, EL;05197;1
05-E1-00104;ARMADA MARTINEZ DE CAMPOS, MARIA DOLORES;920255505;AVDA  JUAN CARLOS I;AVILA;AVILA;ÁVILA;05004;33
05-E1-00108;RODRIGUEZ VILLEGAS, MARIA LUISA;920364623;CALLE CUESTA;AVILA;MALPARTIDA DE CORNEJA;MALPARTIDA DE CORNEJA;05153;S/N
05-E1-00110;PEREZ CALVO, MARIA CARMEN;923566309;CALLE TREPINALDO;AVILA;HERREROS DE SUSO;HERREROS DE SUSO;05146;5
05-E1-00113;CARRETERO DIAZ, BEGOÑA;920276057;CALLE PLAZA (DE LA);AVILA;TORNADIZOS DE AVILA;TORNADIZOS DE ÁVILA;05196;26
05-E1-00118;MONTERO MUÑOZ, ALMUDENA;920324099;TRVA  NORTE;AVILA;CANTIVEROS;CANTIVEROS;05211;1
05-E1-00126;PLAZA PINTO, MARTA;918899288;PLAZA CONSTITUCION;AVILA;BARROMAN;BARROMÁN;05229;0
05-E1-00127;PINDADO MAÑOSO, BORJA;920256429;CALLE AGUSTIN RODRIGUEZ SAHAGUN;AVILA;AVILA;ÁVILA;05003;30
05-E1-00131;PEREZ JIMENEZ, CARLOS / PEREZ JIMENEZ, LUCIA;;CALLE  DOCTOR ARCADIO GONZALEZ,;AVILA;CEBREROS;CEBREROS;;8
05-E1-00133;MARTIN MARTIN, VEGA;;PLAZA BENJAMIN PALENCIA;AVILA;VILLAFRANCA DE LA SIERRA;VILLAFRANCA DE LA SIERRA;05571;S/N
05-E1-00136;RODRIGUEZ SANCHEZ, VICENTE;;CALLE REJERO LORENZO DE AVILA;AVILA;AVILA;ÁVILA;05004;4
05-E1-00137;VARAS REVIEJO, LUCIA;;PASEO RECOLETOS (DE);AVILA;TIEMBLO (EL);TIEMBLO, EL;05270;26
05-E1-00138;COLLADO DIAZ, PATRICIA / GALAN MARTIN, JESUS;;CALLE DOCTOR JESUS GALAN;AVILA;AVILA;ÁVILA;05003;28
05-E1-00140;JIMENEZ LABAIG, MARIA EUGENIA;;CALLE OBISPO ACUÑA;AVILA;AVILA;ÁVILA;05002;10
05-E1-00141;DEL POZO HERNANDEZ, MARIA INMACULADA;;CALLE MATADERO VIEJO;AVILA;MUÑOGALINDO;MUÑOGALINDO;05530;0
09-E1-00004;RAMIREZ ALONSO, PALOMA;947202419;CALLE VITORIA;BURGOS;BURGOS;BURGOS;09004;20
09-E1-00008;GRAÑON PEREZ, MARIA PAZ;947206531;CALLE EDUARDO MARTINEZ DEL CAMPO;BURGOS;BURGOS;BURGOS;09003;2
09-E1-00010;PALACIN ARCE, ALBA;947201174;PLAZA MAYOR;BURGOS;BURGOS;BURGOS;;12
09-E1-00015;ALONSO CANO, BLANCA ISABEL;;CALLE RIBERA;BURGOS;ARLANZON;ARLANZÓN;09199;2
09-E1-00017;NAVARRO GONZALEZ, MERCEDES;947453130;CTRA  AGUILAR;BURGOS;SANTIBAÑEZ-ZARZAGUDA;VALLE DE SANTIBÁÑEZ;09150;33
09-E1-00028;SANCHEZ GARCIA, RAQUEL;947544104;CALLE SANTA MARIA;BURGOS;GUMIEL DE IZAN;GUMIEL DE IZÁN;09370;2
09-E1-00031;GOMEZ CABRERA, MARIA DEL MAR;;CALLE CALLE REAL;BURGOS;GUMIEL DE MERCADO;GUMIEL DE MERCADO;09443;51
09-E1-00033;CASTAÑO CARRASCAL, DAVID;947534372;CALLE SANTO TOMAS DE AQUINO;BURGOS;CALERUEGA;CALERUEGA;09451;6
09-E1-00035;SIMON GONZALEZ, RAQUEL;947532381;CALLE AVDA. DEL CID;BURGOS;SOTILLO DE LA RIBERA;SOTILLO DE LA RIBERA;;77
09-E1-00039;FEBREL RUIZ, SERGIO NICOLAS;947586041;CALLE SAN ROQUE;BURGOS;PRADOLUENGO;PRADOLUENGO;09260;1
09-E1-00042;VILLANUEVA RIVERA, AMADEO DEMETRIO;947590019;CALLE MAYOR;BURGOS;BRIVIESCA;BRIVIESCA;09240;9
09-E1-00045;MARCOS URTURI, NOEMI;;CALLE AQUILINO PUERTA;BURGOS;MONASTERIO DE RODILLA;MONASTERIO DE RODILLA;09292;57
09-E1-00052;TORTAJADA GOITIA, CARMEN;947141266;CALLE ELADIO BUSTAMANTE;BURGOS;VILLASANA DE MENA;VALLE DE MENA;09580;18
09-E1-00054;SANTOS ALVAREZ, MARIA CONCEPCION;947165658;PLAZA ESCUELAS;BURGOS;BALBASES (LOS);BALBASES, LOS;09119;9
09-E1-00060;RUIZ MAMBRILLA, JOSEFINA MARIA;947161352;CALLE ARCO (EL);BURGOS;PAMPLIEGA;PAMPLIEGA;09220;13
09-E1-00062;ACOSTA DEL RIVERO, ANA;947370071;CALLE HUMILLADERO;BURGOS;SASAMON;SASAMÓN;09123;6
09-E1-00065;SAIZ MARTINEZ-ACITORES, TERESA;;CALLE VITORIA;BURGOS;BURGOS;BURGOS;;47
09-E1-00070;CANALES CUESTA, JOSE MARIA;947406574;GTA   RODRIGUEZ VALCARCEL;BURGOS;COVARRUBIAS;COVARRUBIAS;09346;10
09-E1-00071;CAÑAS ASANZA, MARINA;947226455;AVDA  REYES CATOLICOS;BURGOS;BURGOS;BURGOS;09006;20
09-E1-00072;UBIERNA MORADILLO, SHEILA;947189078;CALLE MAYOR;BURGOS;VILLAMAYOR DE LOS MONTES;VILLAMAYOR DE LOS MONTES;09339;34
09-E1-00073;MARTINEZ ZALDO, CRISTINA;;CALLE GLORIA FUERTES,;BURGOS;BURGOS;BURGOS;;1
09-E1-00079;DE LA ROSA PEREZ, CECILIA;947551761;CALLE CALVO SOTELO;BURGOS;TORTOLES DE ESGUEVA;TÓRTOLES DE ESGUEVA;09312;69
09-E1-00087;COMBARRO RODRIGUEZ, MARIA NATIVIDAD;947201289;CALLE SAN JUAN;BURGOS;BURGOS;BURGOS;09004;25
09-E1-00089;GARCIA DE DUEÑAS GELI, CARLOS / GARCIA DE DUEÑAS GELI, LUCIA;947470388;CALLE PEDRO ALFARO;BURGOS;BURGOS;BURGOS;09007;9
09-E1-00095;SEPULCRE BERNARD, TERESA;947250488;CALLE SAN ZADORNIL;BURGOS;BURGOS;BURGOS;09003;8
09-E1-00097;HERNANDO RUBIO, MONICA;947310336;CALLE REAL ALLENDE;BURGOS;MIRANDA DE EBRO;MIRANDA DE EBRO;09200;7
09-E1-00098;SANCHEZ FALO, MARIA CARMEN;947214715;CALLE BARCELONA;BURGOS;BURGOS;BURGOS;09007;S/N
09-E1-00099;YARRITU MARTINEZ, LUCIA;947310376;CALLE CONCEPCION ARENAL;BURGOS;MIRANDA DE EBRO;MIRANDA DE EBRO;09200;36
09-E1-00100;BERMUDEZ BELVER, JOSE OLIVER;947274152;CALLE SORBONA;BURGOS;BURGOS;BURGOS;;1
09-E1-00106;SANJURJO MARTINEZ, MARIA CRISTINA;947332680;CALLE RONDA DEL FERROCARRIL;BURGOS;MIRANDA DE EBRO;MIRANDA DE EBRO;09200;21
09-E1-00107;VEGA ACEBAL, MARIA ANTONIA;947354034;CALLE REAL;BURGOS;PANCORBO;PANCORBO;09280;64
09-E1-00110;URBANO JIMENEZ, MARIA TERESA;947271958;CALLE CALZADAS;BURGOS;BURGOS;BURGOS;09004;5
09-E1-00119;HERRERO BENITO, ANA;947540808;PLAZA MAYOR DE SANTA MARIA;BURGOS;ROA;ROA;09300;5
09-E1-00121;GARCIA PUELLES, MARIA;947310694;CALLE CONCEPCION ARENAL;BURGOS;MIRANDA DE EBRO;MIRANDA DE EBRO;09200;3
09-E1-00125;LAZARO HERRERA, CRISTINA;947530780;CALLE DIONISIO CAMARERO;BURGOS;MORADILLO DE ROA;MORADILLO DE ROA;09462;28
09-E1-00130;ARCOS IBARRA, DIEGO / ARCOS IBARRA, MARIA;947265966;CALLE SAN PEDRO Y SAN FELICES;BURGOS;BURGOS;BURGOS;09001;45
09-E1-00134;GONZALEZ LAFONT, ANA MARIA VICTORIA;947510504;CALLE BURGO DE OSMA;BURGOS;ARANDA DE DUERO;ARANDA DE DUERO;09400;27
09-E1-00135;CALDERON CALDERON, MARIA DEL CARMEN;947530007;CALLE ERAS;BURGOS;PEDROSA DE DUERO;PEDROSA DE DUERO;09314;8
09-E1-00141;HERNANDEZ FRANCES FERNANDEZ DE LA PUENTE, JOSE IGNACIO;;LUGAR BARBADILLO DEL PEZ;BURGOS;BARBADILLO DEL PEZ;BARBADILLO DEL PEZ;;0
09-E1-00142;BARBERO ONTAÑON, FELISA CARMEN;947384011;CALLE SANTO DOMINGO;BURGOS;BARBADILLO DEL MERCADO;BARBADILLO DEL MERCADO;09613;S/N
09-E1-00147;BENITO FERNANDEZ, MARIA ANGELES;;CALLE FRONTON;BURGOS;VILVIESTRE DEL PINAR;VILVIESTRE DEL PINAR;09690;9
09-E1-00150;VILLEGAS ALVAREZ, CRISTINA;942773002;PASEO DE LA PLAYA;BURGOS;ARIJA;ARIJA;09570;6
09-E1-00154;GATO VIZAN, ANGEL JAVIER;947360407;PLAZA MAYOR;BURGOS;SOTRESGUDO;SOTRESGUDO;09135;2
09-E1-00156;PEÑA LORENZO, JOSE IGNACIO / PEÑA LORENZO, DOLORES NATIVIDAD / PEÑA LORENZO, IVAN;947131242;PLAZA MAYOR;BURGOS;VILLARCAYO;VILLARCAYO DE MERINDAD DE CASTILLA LA VIEJA;09550;8
09-E1-00157;ARIAS COBOS, VIRGINIA;947120398;CALLE PROGRESO;BURGOS;ESPINOSA DE LOS MONTEROS;ESPINOSA DE LOS MONTEROS;09560;8
09-E1-00160;SANCHO ROMO, LARA;947412151;PLAZA ESPAÑA;BURGOS;SAN MAMES DE BURGOS;SAN MAMÉS DE BURGOS;09230;4
09-E1-00164;SAEZ CHACON, FERNANDO;947191905;PLAZA PUENTE VILLANUEVA;BURGOS;MEDINA DE POMAR;MEDINA DE POMAR;09500;3
09-E1-00168;BLANCO TERREROS, FERNANDO;;CALLE PIZARRO;BURGOS;ARANDA DE DUERO;ARANDA DE DUERO;09400;6
09-E1-00172;TORRIJO BAQUEDANO, RAMIRO;;CALLE ARANDA DE DUERO;BURGOS;BURGOS;BURGOS;09002;6
09-E1-00174;IBAÑEZ SIMON, MARIA TERESA;947480395;BARDA INMACULADA BLOQUE H;BURGOS;BURGOS;BURGOS;09007;1
09-E1-00178;DE SANTIAGO HERRERO, IGNACIO;947501129;PLAZA OBISPO ACOSTA;BURGOS;ARANDA DE DUERO;ARANDA DE DUERO;09400;4
09-E1-00181;CARCEDO DE ROMAN, MARIA JESUS;947222627;BARDA JUAN XXIII;BURGOS;BURGOS;BURGOS;09007;1
09-E1-00184;SICILIA SANZ, MARIA JOSE;947224713;CALLE VITORIA;BURGOS;BURGOS;BURGOS;09007;141
09-E1-00187;CRESPO ALVAREZ, MARIA JESUS;947221224;CALLE SAN JUAN DE ORTEGA;BURGOS;BURGOS;BURGOS;09007;6
09-E1-00192;DIEZ IÑIGUEZ, MARIA BELEN;;CALLE EL TINTE;BURGOS;ROA;ROA;09300;26
09-E1-00193;GOMEZ SAIZ, CARLOS;;CALLE FERIAL;BURGOS;ARANDA DE DUERO;ARANDA DE DUERO;;18
09-E1-00194;DE SANTIAGO ARTECHE, REYES;;AVDA  CANTABRIA;BURGOS;BURGOS;BURGOS;09006;31
09-E1-00196;CID GONZALEZ, MARIA TERESA;;CALLE CALLE FRANCISCO ENCINAS;BURGOS;BURGOS;BURGOS;09001;7
09-E1-00197;SAGREDO CUARTANGO, MARIA ROSA;;CALLE MAYOR;BURGOS;BRIVIESCA;BRIVIESCA;09240;60
09-E1-00198;GOMEZ HERNANDEZ, BEATRIZ;;CTRA  VALLADOLID;BURGOS;ESTEPAR;ESTÉPAR;;6
09-E1-00199;BASTERRECHEA ORTOLACHIPI, ENRIQUE;;CALLE HERMANAS MIRABAL;BURGOS;BURGOS;BURGOS;09007;56
09-E1-00200;PARA BARTOLOME, SONIA;;CTRA  POZA;BURGOS;BURGOS;BURGOS;09007;75
09-E1-00209;VIYUELA DE LA CAL, MARIA DOLORES;947110251;CALLE Calle Pozanos;BURGOS;BURGOS;BURGOS;09006;23
09-E1-00211;PEREZ FERNANDEZ, MARIA BEGOÑA;947244379;CALLE Calle Condesa Mencía;BURGOS;BURGOS;BURGOS;09006;159
24-E1-00002;MIGUELEZ MONTERO, ISABEL;;AVDA  ORDOÑO II;LEON;LEON;LEÓN;24001;8
24-E1-00006;ALVAREZ GARCIA, CARLOS;;CALLE BURGO NUEVO;LEON;LEON;LEÓN;24001;13
24-E1-00009;SANCHEZ LABRADOR, CARLOS MANUEL;;AVDA  REINO DE LEON;LEON;VILLAMANIN DE LA TERCIA;VILLAMANÍN;24680;32
24-E1-00010;ALONSO BELTRAN, SUSANA;987483041;CTRA  TRAVESIA LA CIANA;LEON;VILLASECA DE LACIANA;VILLABLINO;24140;61
24-E1-00012;ACERO FERNANDEZ, ROSARIO;987780066;PLAZA MAYOR;LEON;SAHAGUN;SAHAGÚN;24320;2
24-E1-00013;MEDINA GALLEGO, JUAN;;CALLE PLATERIAS;LEON;LEON;LEÓN;24003;5
24-E1-00014;GONZALEZ HERRERO, JUAN JOSE;;CALLE RUA;LEON;LEON;LEÓN;24003;35
24-E1-00015;EXTREMERA TERRON, ANA CRISTINA;987616400;CALLE PIO GULLON;LEON;ASTORGA;ASTORGA;24700;11
24-E1-00016;LIÑAN APONTE, MARIA;;CALLE PALENCIA;LEON;LEON;LEÓN;24001;1
24-E1-00017;PEREZ GARCIA, CASILDA MARIA;;PLAZA MAYOR;LEON;CACABELOS;CACABELOS;24540;S/N
24-E1-00018;FERNANDEZ FERNANDEZ, ROGELIO;;CALLE GRAN VIA DE SAN MARCOS;LEON;LEON;LEÓN;24002;6
24-E1-00020;MAYO LORENZO, VICTOR;;CALLE VICTOR FERNANDEZ;LEON;SANTA LUCIA;POLA DE GORDÓN, LA;24650;17
24-E1-00024;PEREZ ENRIQUEZ, JOSE ANDRES;;PLAZA GENERALISIMO;LEON;VILLAFRANCA DEL BIERZO;VILLAFRANCA DEL BIERZO;;4
24-E1-00026;CIMADEVILLA SAMPEDRO, CESAR MANUEL;987310917;CALLE MESONES;LEON;MANSILLA DE LAS MULAS;MANSILLA DE LAS MULAS;24210;S/N
24-E1-00027;PIÑEIRO PEREIRA, SANTOS;;CALLE LEON XIII;LEON;LEON;LEÓN;24008;3
24-E1-00033;GARCIA VEGA, LOURDES;;CALLE ERAS (LAS);LEON;SAN MIGUEL DE LAS DUEÑAS;CONGOSTO;24398;S/N
24-E1-00039;ALVAREZ FERNANDEZ, ANA MARIA;;CALLE MAESTRO JOSE ALONSO BARRIO;LEON;BEMBIBRE;BEMBIBRE;24300;3
24-E1-00040;REVUELTA BAYOD, MARIA PILAR;987735027;PLAZA NEGRILLON (EL);LEON;BOÑAR;BOÑAR;24850;3
24-E1-00043;PRIETO GONZALEZ, MARINA;;CALLE LORENZO SEGURA;LEON;ASTORGA;ASTORGA;24700;2
24-E1-00045;GARCIA RUBIO, CESAR;;AVDA  ASTURIAS;LEON;VALENCIA DE DON JUAN;VALENCIA DE DON JUAN;24200;10
24-E1-00048;MARTIN NOVO, MARTA;;CALLE PRIETO DE CASTRO;LEON;ASTORGA;ASTORGA;24700;1
24-E1-00051;SANCHEZ DOMINGO, DIEGO;;PLAZA PUEBLOS (LOS);LEON;RIAÑO;RIAÑO;24900;S/N
24-E1-00053;GARCIA RAMOS, MANUEL JOSE;;CALLE VALDELACABRA;LEON;BRAÑUELAS;VILLAGATÓN;24360;11
24-E1-00055;PRIETO FERNANDEZ, MARIA DEL CARMEN;;AVDA  REPUBLICA ARGENTINA;LEON;LEON;LEÓN;24004;1
24-E1-00059;RODRIGUEZ SAINZ CARRASCO, ANGEL;;AVDA  CARDENAL AGUIRRE;LEON;POLA DE GORDON (LA);POLA DE GORDÓN, LA;24600;37
24-E1-00067;CANTON BERJON, RAQUEL;;CALLE HONDA;LEON;LAGUNA DE NEGRILLOS;LAGUNA DE NEGRILLOS;24234;75
24-E1-00068;OVEJA TARANILLA, MARIA YOLANDA;;CALLE SANTA NONIA;LEON;LEON;LEÓN;24003;1
24-E1-00072;OTEO RUPEREZ, TANYA;;PLAZA GENERALISIMO (EL);LEON;ALMANZA;ALMANZA;24170;S/N
24-E1-00073;RODRIGUEZ JIMENEZ, ANA;;CALLE CARRETERA;LEON;VILLAQUEJIDA;VILLAQUEJIDA;24235;25
24-E1-00076;CRESPO ALVAREZ, JUAN IGNACIO;;CALLE DOCTOR AREN;LEON;VILLAFRANCA DEL BIERZO;VILLAFRANCA DEL BIERZO;24500;25
24-E1-00077;FERNANDEZ RODRIGUEZ, EVA MARIA;;CALLE ARTESANOS,;LEON;SANTA COLOMBA DE SOMOZA;SANTA COLOMBA DE SOMOZA;;2
24-E1-00078;ANEL MARTIN GRANIZO, AGUEDA;;AVDA  ROMA;LEON;LEON;LEÓN;24001;4
24-E1-00082;GARCIA MARTINEZ, BLANCA INES;;CALLE SAN AGUSTIN;LEON;LEON;LEÓN;24001;1
24-E1-00093;ALONSO NUÑEZ, MARIA LUISA;;PLAZA ESPAÑA;LEON;ASTORGA;ASTORGA;24700;11
24-E1-00094;ORALLO CAMBEIRO, PLACIDA MARIA;;CALLE ALCALDE MANUEL ORALLO;LEON;FABERO;FABERO;24420;3
24-E1-00099;ALVAREZ GONZALEZ, LUIS;;CALLE JUAN DE BADAJOZ;LEON;LEON;LEÓN;24002;1
24-E1-00101;VEGA MANSO, ABELARDO;;CALLE JUAN CARLOS I REY;LEON;BAÑEZA (LA);BAÑEZA, LA;24750;34
24-E1-00102;MIRANDA PIÑON, RAMON;;CALLE ANCHA;LEON;PONFERRADA;PONFERRADA;24400;21
24-E1-00103;CUEVAS ANDRES, MARIA JOSE;;CALLE SAN FRANCISCO;LEON;LEON;LEÓN;24003;15
24-E1-00104;DIEZ GARCIA, MARIA JOSE;;AVDA  PADRE ISLA;LEON;LEON;LEÓN;24008;116
24-E1-00111;REDONDO GELADO, YOLANDA;;CALLE CARRETERA;LEON;GRADEFES;GRADEFES;24160;0
24-E1-00118;FERNANDEZ DE MATA, ANA MARIA / FERNANDEZ DE MATA, MARIA CARMEN PILAR;;AVDA  ORDOÑO II;LEON;LEON;LEÓN;24001;3
24-E1-00129;MARTINEZ ALVAREZ, ANTONIO JUAN;;CALLE CARDENAL LORENZANA;LEON;LEON;LEÓN;24001;2
24-E1-00131;BLASCO VEGA, MARIA TERESA;;AVDA  PADRE ISLA;LEON;LEON;LEÓN;;4
24-E1-00132;SUAREZ FERNANDEZ, ESTEBAN;;CALLE ORDOÑO II;LEON;LEON;LEÓN;24001;39
24-E1-00135;HERREZUELO RODRIGUEZ, OLGA / VIZCAINO AGOTE, FRANCISCO JAVIER;;CALLE CERVANTES;LEON;LEON;LEÓN;24003;3
24-E1-00136;PONCELAS ALVAREZ, COVADONGA;987523074;CALLE SAN JUAN;LEON;FOLGOSO DE LA RIBERA;FOLGOSO DE LA RIBERA;24311;62
24-E1-00139;MANZANO GONZALEZ, MARTA;;CALLE CORPUS CHRISTI;LEON;SAN ANDRES DEL RABANEDO;SAN ANDRÉS DEL RABANEDO;24191;159
24-E1-00141;FUERTES KRONBERG, ANA ISABEL;;CALLE SANTA ANA;LEON;LEON;LEÓN;24006;22
24-E1-00142;ESPESO NUÑEZ, ANA ISABEL;;AVDA  MARIANO ANDRES;LEON;LEON;LEÓN;24008;184
24-E1-00148;VILLA CASTELO, ADOLFO;;AVDA  JOSE AGUADO;LEON;LEON;LEÓN;24005;32
24-E1-00149;FERNANDEZ VAZQUEZ, CARMEN;;CALLE ERA (LA);LEON;VEGAS DEL CONDADO;VEGAS DEL CONDADO;24153;5
24-E1-00158;RODRIGUEZ TORRE, ROSA MARIA;;AVDA  MARIANO ANDRES;LEON;LEON;LEÓN;24008;18
24-E1-00159;GARCIA GOMEZ, MARIA AMELIA;987304148;CALLE CALVO SOTELO;LEON;VALDEVIMBRE;VALDEVIMBRE;24230;S/N
24-E1-00167;ROSA BARREIRO, ELIZABETH;;CALLE CAMINO DE SANTIAGO;LEON;PONFERRADA;PONFERRADA;24400;29
24-E1-00170;PIÑEIRO MONDELO, MANUEL JOSE;;AVDA  HUERTAS DEL SACRAMENTO;LEON;PONFERRADA;PONFERRADA;24400;19
24-E1-00173;ARENAL MARTIN, ADELAIDA / GARCIA ARENAL, MARIA TERESA;;CALLE RELOJERO LOSADA;LEON;LEON;LEÓN;24009;23
24-E1-00176;RODRIGUEZ MUIÑOS, SUSANA / CRESPO RODRIGUEZ, ANGEL / CRESPO RODRIGUEZ, JUAN;;CALLE ANCHA;LEON;PONFERRADA;PONFERRADA;24400;42
24-E1-00177;ALVAREZ GRANADA ZAPIRAIN, GUILLERMO / ZAPIRAIN MENDEZ, ANA MARIA;;CALLE SAN ROQUE;LEON;CARRACEDELO;CARRACEDELO;24549;23
24-E1-00182;RODRIGUEZ GARCIA, SAGRARIO;;CTRA  BARCO (EL);LEON;CORULLON;CORULLÓN;24514;15
24-E1-00183;LEON MINAYA, JACQUELINE;;CALLE VEICIELLOS;LEON;TREMOR DE ARRIBA;IGÜEÑA;24377;6
24-E1-00184;FERNANDEZ MARTINEZ, IRENE;;AVDA  LIBERTAD (LA);LEON;NAVATEJERA;VILLAQUILAMBRE;24012;65
24-E1-00194;TEATINO FERNANDEZ, MARIA PILAR;;CALLE CARRETERA;LEON;TURCIA;TURCIA;24285;21
24-E1-00195;FERNANDEZ OVALLE, MARIA DEL CARMEN;;CALLE GENERALISIMO;LEON;PALACIOS DEL SIL;PALACIOS DEL SIL;24495;S/N
24-E1-00203;GONZALEZ JUBETE, MARIA CAMINO;;CALLE REAL;LEON;SANTAS MARTAS;SANTAS MARTAS;;4
24-E1-00204;DIEZ MENDEZ, JULIO CESAR;987546963;CALLE GRAN AVENIDA;LEON;ARGANZA;ARGANZA;24546;45
24-E1-00209;ARRANZ JANEIRO, CARLOTA;;PLAZA MAYOR;LEON;BURGO RANERO (EL);BURGO RANERO, EL;24343;13
24-E1-00210;OLIVERAS JORGE, JUAN MARCOS;;CALLE LIDIA RODRIGUEZ;LEON;SOTO DE LA VEGA;SOTO DE LA VEGA;24768;9
24-E1-00221;CALVO TOLEDANO, MARTA;;CALLE REAL;LEON;VILLACEDRE;SANTOVENIA DE LA VALDONCINA;24194;27
24-E1-00230;ALVAREZ ALVAREZ, ARSENIO;987566503;CALLE IGLESIA (LA);LEON;TRABADELO;TRABADELO;24523;S/N
24-E1-00231;MARTINEZ LLAMAS, EVA MARIA;;AVDA  SAN ANDRES;LEON;CIMANES DEL TEJAR;CIMANES DEL TEJAR;24272;12
24-E1-00232;MANCEÑIDO CASTRO, JAIRO;;CALLE BAÑEZA (LA);LEON;SANTA MARIA DE LA ISLA;SANTA MARÍA DE LA ISLA;24795;S/N
24-E1-00233;FERNANDEZ SANTAMARTA, MARIA ISABEL;;CALLE MAYOR;LEON;BERCIANOS DEL PARAMO;BERCIANOS DEL PÁRAMO;24252;9
24-E1-00242;REVUELTA GARCIA, ANA MARIA;;CALLE GENARO FERNANDEZ;LEON;VILLADEMOR DE LA VEGA;VILLADEMOR DE LA VEGA;24237;S/N
24-E1-00244;MARTINEZ PIEDRA, MIGUEL;;CALLE TUERTA;LEON;QUINTANA DEL MARCO;QUINTANA DEL MARCO;24762;S/N
24-E1-00245;CORUJO SIMAL, FERNANDO;987661054;CTRA  HERREROS;LEON;QUINTANA Y CONGOSTO;QUINTANA Y CONGOSTO;24767;2
24-E1-00249;GUAZA GOMEZ, JESUS;;CALLE PRINCIPE FELIPE;LEON;MOZONDIGA;CHOZAS DE ABAJO;24250;51
24-E1-00250;GARCIA CALVO, TORIBIO JAVIER;;CALLE REAL;LEON;REGUERAS DE ARRIBA;REGUERAS DE ARRIBA;24763;20
24-E1-00251;MIRO SKJONSHOLT, PATRICIA VANESSA;;TRVA  MANUEL FRAGA;LEON;MOLINASECA;MOLINASECA;24413;38
24-E1-00253;PEREZ CARBAJO, MARIA ONESIMA;;CTRA  GENERAL;LEON;VALDELAFUENTE;VALDEFRESNO;24227;21
24-E1-00254;FREIRE CASTRO, JOSE;;PLAZA AYUNTAMIENTO (EL);LEON;BERLANGA DEL BIERZO;BERLANGA DEL BIERZO;24438;S/N
24-E1-00257;MONTOYA JIMENEZ, MARIO;;CALLE IGLESIA (LA);LEON;PRIORO;PRIORO;24885;S/N
24-E1-00258;MORENO OLMEDO, FERNANDO MIGUEL;;CALLE ORIENTE;LEON;VILLAORNATE;VILLAORNATE Y CASTRO;24222;S/N
24-E1-00265;VELASCO VELASCO, JUSTO ANTONIO;987455193;AVDA  ANTONIO CORTES;LEON;FUENTESNUEVAS;PONFERRADA;24411;8
24-E1-00273;LAGE MARINO, FELIPE VICENTE;;CALLE CRUZ (LA);LEON;CIMANES DE LA VEGA;CIMANES DE LA VEGA;24239;9
24-E1-00274;FREIRE CASTRO, PABLO;;CALLE REAL;LEON;COLUMBRIANOS;PONFERRADA;24490;48
24-E1-00281;AVILA ESCRIBANO, MARIA MONTSERRAT;;CALLE TIZONA;LEON;TROBAJO DEL CAMINO;SAN ANDRÉS DEL RABANEDO;24009;S/N
24-E1-00282;GALANTE REGATOS, JUAN;;CALLE ARRIBA;LEON;VALDEFUENTES DEL PARAMO;VALDEFUENTES DEL PÁRAMO;24253;11
24-E1-00294;CARRASCO FERNANDEZ, JOAQUIN;;CALLE MAXIMO CAYON WALDALISO;LEON;LEON;LEÓN;24005;16
24-E1-00295;SANCHO BENITO, MARIA ROCIO;;CALLE LEIRO;LEON;LUCILLO;LUCILLO;24723;14
24-E1-00298;PERAL MERAYO, LORETO;;CTRA  BAÑEZA (LA);LEON;OTERO DE LAS DUEÑAS;CARROCERA;24123;2
24-E1-00300;SANTOS DIEZ, MARIA LUZ;;CALLE ABAJO;LEON;PRADORREY;BRAZUELO;24714;S/N
24-E1-00302;RIVAS ECHEVERRIA, VIVIANA RAQUEL;;PLAZA CORTINA CONCEJO (LA);LEON;POSADA DE VALDEON;POSADA DE VALDEÓN;24915;4
24-E1-00305;UNZETA CONDE, MARIA;;CALLE SAN JUAN BOSCO;LEON;ARMUNIA;LEÓN;24190;15
24-E1-00306;SANCHEZ FUENTES MACHUCA, JULIO VALENTIN;;AVDA  AMERICA;LEON;PONFERRADA;PONFERRADA;24400;36
24-E1-00308;SUAREZ BRANDON, MARIA ASUNCION;;CALLE NICOLAS DE BRUJAS;LEON;PONFERRADA;PONFERRADA;24400;27
24-E1-00312;VEAS PEREZ DE TUDELA PRETEL, MIGUEL MARIANO;;CALLE MARIA INMACULADA;LEON;ARMUNIA;LEÓN;24190;42
24-E1-00315;CASTRO LINARES, SOFIA;626896390;CALLE GENERAL VIVES;LEON;PONFERRADA;PONFERRADA;;31
24-E1-00316;CASADO LOPEZ, VICTOR MANUEL;;CALLE BRAÑINA (LA);LEON;VILLABLINO;VILLABLINO;24100;S/N
24-E1-00325;GONZALEZ GUTIERREZ, MARGARITA MARIA;;CALLE ANTONIO VAZQUEZ FERNANDEZ;LEON;TROBAJO DEL CAMINO;SAN ANDRÉS DEL RABANEDO;24010;3
24-E1-00327;BELZUZ GUERRERO, MARIA ESTHER;;AVDA  LIBERTAD (LA);LEON;PONFERRADA;PONFERRADA;24400;2
24-E1-00332;CANAL DIEZ, MARIA VICTORIA;;CALLE REAL;LEON;VILLAOBISPO DE LAS REGUERAS;VILLAQUILAMBRE;24012;55
24-E1-00336;OJEMBARRENA SAN MARTIN, ANGEL;;CALLE CTRA. DE SANTANDER;LEON;VILLAOBISPO DE LAS REGUERAS;VILLAQUILAMBRE;;43
34-E1-00003;CUESTA CENTELLES, BELEN / NETYOSOVA , ELENA;979880029;PLAZA GENERALISIMO;PALENCIA;CARRION DE LOS CONDES;CARRIÓN DE LOS CONDES;34120;14
34-E1-00006;ATIENZA MANRIQUE, JAVIER;979742360;CALLE MAYOR PRINCIPAL;PALENCIA;PALENCIA;PALENCIA;34001;31
34-E1-00010;DEZA RAMIREZ, ANA;979768093;CALLE CORREDERA;PALENCIA;AMPUDIA;AMPUDIA;34191;4
34-E1-00012;VELASCO VELASCO, MARIA BEGOÑA;979743524;PASEO OTERO (DEL);PALENCIA;PALENCIA;PALENCIA;34003;65
34-E1-00024;RODRIGUEZ MEDINA, JUAN RAMON;979810772;AVDA  INGENIERO RIVERA;PALENCIA;FROMISTA;FRÓMISTA;34440;21
34-E1-00025;CALDERON NAJERA, MARIA GLORIA;;CALLE MAYOR PRINCIPAL;PALENCIA;PALENCIA;PALENCIA;34001;40
34-E1-00026;POLO TORREGO, MARIA LUISA;979711001;CALLE HONDURAS;PALENCIA;PALENCIA;PALENCIA;34003;1
34-E1-00028;DE FUENTES PEREZ, BELEN;979741618;CALLE MAYOR PRINCIPAL;PALENCIA;PALENCIA;PALENCIA;34001;66
34-E1-00030;ASENJO NIETO, AUREA;979827139;CALLE ROSALES (LOS);PALENCIA;VILLOLDO;VILLOLDO;34129;1
34-E1-00035;IGLESIAS VELEZ, ANAHI;979870093;PLAZA MAYOR;PALENCIA;CERVERA DE PISUERGA;CERVERA DE PISUERGA;34840;3
34-E1-00041;PALACIOS RODRIGUEZ, MARINA VICTORIA;979890293;CALLE RICARDO CORTES;PALENCIA;SALDAÑA;SALDAÑA;34100;5
34-E1-00042;BERMEJO HERRERO, ISABEL ASUNCION / BERMEJO HERRERO, JOSE;979744020;CALLE MAYOR PRINCIPAL;PALENCIA;PALENCIA;PALENCIA;34001;26
34-E1-00044;CHIA SOBRINOS, MARIA BLANCA;;CALLE TRASLAIGLESIA;PALENCIA;CASTREJON DE LA PEÑA;CASTREJÓN DE LA PEÑA;34887;6
34-E1-00045;NAVARRO MAYORAL, VANESA;;CALLE ANSELMO POLANCO;PALENCIA;BUENAVISTA DE VALDAVIA;BUENAVISTA DE VALDAVIA;34115;10
34-E1-00047;LUCAS SANCHEZ, RAFAEL;;PLAZA CAUDILLO;PALENCIA;CASCON DE LA NAVA;VILLAUMBRALES;34170;3
34-E1-00048;CRISTELLYS SANCHO, JACOBO;979701045;CALLE ALAMOS (LOS);PALENCIA;PALENCIA;PALENCIA;34003;16
34-E1-00053;DE DIEGO DURANTEZ, GONZALO;979725047;CALLE MARIA DE MOLINA;PALENCIA;PALENCIA;PALENCIA;34002;12
34-E1-00055;CANTERO REBOLLO, CONSTANTINA;979822060;CALLE FERNANDO MONEDERO;PALENCIA;ASTUDILLO;ASTUDILLO;34450;S/N
34-E1-00058;SANCHEZ DEL NOGAL, ISMAEL / SANTIAGO PEREZ, MARIA DEL ALBA;979852603;CALLE SAN LUIS;PALENCIA;GUARDO;GUARDO;34880;10
34-E1-00059;FONT ORDOÑEZ, FRANCISCO JAVIER / FONT COMBARROS, BEATRIZ / FONT COMBARROS, JAVIER RAMON;979743610;AVDA  ASTURIAS;PALENCIA;PALENCIA;PALENCIA;34005;9
34-E1-00060;MARTINEZ RUBIO, RAMON;979722626;AVDA  MANUEL RIVERA;PALENCIA;PALENCIA;PALENCIA;34002;19
34-E1-00063;CALVETE LOPEZ, VIRGINIA;979808046;CALLE MAYOR;PALENCIA;MONZON DE CAMPOS;MONZÓN DE CAMPOS;34410;S/N
34-E1-00064;CALVO GARCIA, MARIA CARMEN;979741410;CALLE DON PELAYO;PALENCIA;PALENCIA;PALENCIA;;18
34-E1-00069;SANZ VIDAL, ANDRES / SANTODOMINGO AVILA, IRIA;979770047;AVDA  ESTACION;PALENCIA;VENTA DE BAÑOS;VENTA DE BAÑOS;34200;36
34-E1-00071;HERRERO DE LA FUENTE, CORAL / HERRERO DE LA FUENTE, MARIA FLOR;979743528;PLAZA LEON (DE);PALENCIA;PALENCIA;PALENCIA;34005;S/N
34-E1-00074;CREGO TREJO, FRANCISCO;979837541;PLAZA DOS DE MAYO;PALENCIA;VILLARRAMIEL;VILLARRAMIEL;34341;21
34-E1-00075;CASTRILLEJO GONZALEZ, MARIA JESUS;;CALLE ABILIO CALDERON;PALENCIA;HUSILLOS;HUSILLOS;34419;13
34-E1-00079;JUNCO NAVASCUES, JUAN / JUNCO NAVASCUES, MARIA PILAR;979720794;AVDA  VALLADOLID;PALENCIA;PALENCIA;PALENCIA;34004;4
34-E1-00089;ADAN MENA, ISABEL MARIA;979720673;AVDA  REPUBLICA ARGENTINA;PALENCIA;PALENCIA;PALENCIA;34002;11
34-E1-00090;VALVERDE MERINO, IGNACIO;979743912;AVDA  SIMON NIETO;PALENCIA;PALENCIA;PALENCIA;34005;29
34-E1-00091;NAJERA SOTORRIO, MARIA CARMEN;979721930;AVDA  MODESTO LAFUENTE;PALENCIA;PALENCIA;PALENCIA;34002;2
34-E1-00096;PEREZ VICENTE, ISABEL;;PLAZA MARQUES DE ESTELLA;PALENCIA;FUENTES DE NAVA;FUENTES DE NAVA;34337;2
34-E1-00097;MORENO CABAÑAS, SERAFIN;;AVDA  BAÑOS;PALENCIA;VENTA DE BAÑOS;VENTA DE BAÑOS;34200;9
34-E1-00099;PLAZA APARICIO, ANA MARIA;;AVDA  DERECHOS HUMANOS (DE LOS);PALENCIA;PALENCIA;PALENCIA;34003;11
37-E1-00001;PEREZ MARTIN, SALVADOR;;CALLE MAYOR DE PARDIÑAS;SALAMANCA;BEJAR;BÉJAR;37700;59
37-E1-00006;JIMENEZ DE LA ROSA, CARMEN;;AVDA  VILLAMAYOR;SALAMANCA;SALAMANCA;SALAMANCA;37007;28
37-E1-00009;PEREZ PALOMERO, MARIA ENGRACIA;;CALLE SAN JUSTO;SALAMANCA;SALAMANCA;SALAMANCA;37001;16
37-E1-00011;MUÑOZ BELLIDO, MARIA JESUS;;AVDA  FILIBERTO VILLALOBOS;SALAMANCA;SALAMANCA;SALAMANCA;37007;43
37-E1-00016;MANZANO TORIBIO, ELVIRA;;CALLE FEDERICO GARCIA LORCA;SALAMANCA;TAMAMES;TAMAMES;37600;11
37-E1-00020;MIGUELEZ BLAZQUEZ, ALVARO;;CALLE MAESTRO TARREGA;SALAMANCA;SALAMANCA;SALAMANCA;37008;7
37-E1-00021;PORRAS ALONSO, MARIA FLORENTINA;;CALLE AZAFRANAL;SALAMANCA;SALAMANCA;SALAMANCA;37001;14
37-E1-00022;MESONERO GARCIA, VIRGINIA CARMEN;;CALLE SALAMANCA;SALAMANCA;RAGAMA;RÁGAMA;;30
37-E1-00023;ALCALDE SANCHEZ, MANUEL;;PLAZA ESPAÑA;SALAMANCA;PEÑARANDA DE BRACAMONTE;PEÑARANDA DE BRACAMONTE;37300;33
37-E1-00026;CONDE MARTIN, LORENA ARACELI;;CTRA  ALBA;SALAMANCA;FRESNO ALHANDIGA;FRESNO ALHÁNDIGA;37789;26
37-E1-00033;FERNANDEZ ARIAS, MARIA ISABEL;;CALLE RUA MAYOR;SALAMANCA;SALAMANCA;SALAMANCA;37008;27
37-E1-00040;FRESNADILLO MARTINEZ, MARIA JOSE;;CALLE SALAMANCA;SALAMANCA;SANCTI-SPIRITUS;SANCTI-SPÍRITUS;37470;15
37-E1-00041;GARCIA VILLASAN, JESUS / VILLASAN GARCIA, VICTORIA;;AVDA  VILLAMAYOR;SALAMANCA;SALAMANCA;SALAMANCA;37007;69
37-E1-00042;GALVAN CALDERON, PABLO;;CTRA  ESTACION;SALAMANCA;LUMBRALES;LUMBRALES;37240;71
37-E1-00044;RODRIGUEZ PEREZ, LUIS;;CALLE PLAZA BARCELONA;SALAMANCA;SALAMANCA;SALAMANCA;;9
37-E1-00045;SOTO LOPEZ, SUSANA;;CTRA  ESTACION;SALAMANCA;LUMBRALES;LUMBRALES;37240;78
37-E1-00046;MARTIN SANCHEZ, PAULA;;PLAZA BASILIOS;SALAMANCA;SALAMANCA;SALAMANCA;37001;2
37-E1-00047;PRIETO HERNANDEZ, MARIA ISABEL;;CALLE SANTA CLARA;SALAMANCA;CIUDAD RODRIGO;CIUDAD RODRIGO;37500;90
37-E1-00048;VICENTE CABRERA, MARINA;;PASEO CANALEJAS;SALAMANCA;SALAMANCA;SALAMANCA;37008;55
37-E1-00050;CHARRO SANTOS, MARIA LORETO;;PASEO ESTACION;SALAMANCA;SALAMANCA;SALAMANCA;37004;11
37-E1-00052;CANO SANTIBAÑEZ, FRANCISCO;;PLAZA MAYOR;SALAMANCA;ALBA DE TORMES;ALBA DE TORMES;37800;9
37-E1-00054;LOSADA AVILA, CRISTINA / LOSADA VAQUERO, FELIX;;CALLE WETONES;SALAMANCA;CIUDAD RODRIGO;CIUDAD RODRIGO;37500;25
37-E1-00059;RODRIGUEZ FERNANDEZ, SORAYA;;AVDA  COMUNEROS;SALAMANCA;SALAMANCA;SALAMANCA;37003;56
37-E1-00060;SANCHEZ GARCIA, MARTA;;CALLE SUBMARINO;SALAMANCA;LAGUNILLA;LAGUNILLA;;6
37-E1-00061;MARTIN VELASCO, SILVIA;;CALLE ANCHA;SALAMANCA;SALAMANCA;SALAMANCA;37002;22
37-E1-00067;DIEZ GONZALEZ, MARIA CARMEN;;CALLE CALZADA;SALAMANCA;MATILLA DE LOS CAÑOS DEL RIO;MATILLA DE LOS CAÑOS DEL RÍO;37450;20
37-E1-00071;VALIENTE LOPEZ, LUCIA;;PASEO ESTACION;SALAMANCA;SALAMANCA;SALAMANCA;37004;109
37-E1-00076;MARCOS MANZANO, LUIS / MARCOS NOGALES, LUIS;;PLAZA FUENTE;SALAMANCA;SALAMANCA;SALAMANCA;37002;9
37-E1-00088;ORTIZ DE URBINA SANDOMINGO, MANUEL;;PLAZA MAYOR;SALAMANCA;SALAMANCA;SALAMANCA;37002;9
37-E1-00091;GARCIA PEREZ-TEIJON, CARLOS ANTONIO / PEREZ TEIJON, SARA;;CALLE ISAAC PERAL;SALAMANCA;SALAMANCA;SALAMANCA;37004;10
37-E1-00104;SANCHEZ NIETO, CARLOS;;AVDA  VALVANERA;SALAMANCA;SANTIBAÑEZ DE BEJAR;SANTIBÁÑEZ DE BÉJAR;37740;79
37-E1-00105;CUESTA FLORES, CRISTINA;;CALLE VAZQUEZ CORONADO;SALAMANCA;SALAMANCA;SALAMANCA;37002;16
37-E1-00110;PRIETO MELLADO, MARIA JESUS;;CALLE LEOPOLDO ALONSO;SALAMANCA;LINARES DE RIOFRIO;LINARES DE RIOFRÍO;37760;6
37-E1-00112;MORICHE FONSECA, ISABEL;;CALLE SAN JUAN;SALAMANCA;VILLAR DE CIERVO;VILLAR DE CIERVO;37488;5
37-E1-00116;HERNANDEZ NAVARRO, LEIRE / SOTO JIMENEZ, ISABEL;;CALLE WENCES MORENO;SALAMANCA;SALAMANCA;SALAMANCA;37007;10
37-E1-00118;CARROCERA VILLA, MILAGROS;;CALLE SANTA ANA;SALAMANCA;VITIGUDINO;VITIGUDINO;37210;35
37-E1-00119;DELGADO LAPAZARAN, ARTURO;;CALLE PEDRO VELASCO;SALAMANCA;VITIGUDINO;VITIGUDINO;37210;16
37-E1-00125;GARCIA MUÑOZ, MARIA MAR;;CALLE CALZADA;SALAMANCA;SAN MUÑOZ;SAN MUÑOZ;37208;58
37-E1-00132;CORDOVILLA GONZALEZ, ISABEL;;PASEO ROBLES;SALAMANCA;SALAMANCA;SALAMANCA;37004;42
37-E1-00133;SAGREDO FERNANDEZ, ADOLFO;;AVDA  PORTUGAL;SALAMANCA;SALAMANCA;SALAMANCA;37006;30
37-E1-00137;PARDO RIVAS, LUIS SANTIAG;;CALLE LIRIO;SALAMANCA;NAVASFRIAS;NAVASFRÍAS;37542;4
37-E1-00138;FERNANDEZ NUÑEZ, JOSE MANUEL;;PLAZA CALVO SOTELO;SALAMANCA;FREGENEDA (LA);FREGENEDA, LA;37220;6
37-E1-00140;SANCHEZ GALACHE, MARIA;;CALLE HIEDRA;SALAMANCA;MONLERAS;MONLERAS;;7
37-E1-00143;GARCIA SANCHEZ, SARA;;CALLE CANTERAS RECIAS;SALAMANCA;VILLAMAYOR;VILLAMAYOR;37185;3
37-E1-00147;PALACIOS GALLEGO, JOSE MANUEL;;CTRA  ENCINAS CANTALAPIEDRA;SALAMANCA;BABILAFUENTE;BABILAFUENTE;37330;18
37-E1-00148;SANCHEZ HERNANDEZ, ANGEL;;CALLE TABLADO;SALAMANCA;ALBERCA (LA);ALBERCA, LA;37624;0
37-E1-00149;ALONSO BARTOL RUANO, MARIA EUGENIA;;CALLE PEREZ OLIVA;SALAMANCA;DOÑINOS DE SALAMANCA;DOÑINOS DE SALAMANCA;37120;114
37-E1-00154;SAN FRANCISCO GARCIA, EVANGELINA;;CALLE VIRGEN DE LA VEGA;SALAMANCA;VILLORUELA;VILLORUELA;37338;8
37-E1-00163;FERNANDEZ VENCE, SANDRA;;CALLE CORREDERA;SALAMANCA;SAN FELICES DE LOS GALLEGOS;SAN FELICES DE LOS GALLEGOS;37270;21
37-E1-00164;FERRERO HERNANDEZ, ALVARO;;CTRA  LEDESMA;SALAMANCA;SALAMANCA;SALAMANCA;37006;150
37-E1-00170;SANCHEZ LOPEZ, PAOLA;;CALLE BARREROS;SALAMANCA;GOMECELLO;GOMECELLO;37420;1
37-E1-00172;RODRIGUEZ GONZALO, NATALIA;;CALLE QUEIPO DE LLANO;SALAMANCA;GARCIHERNANDEZ;GARCIHERNÁNDEZ;37810;S/N
37-E1-00177;HERNANDEZ MATEOS, ALMUDENA;;CALLE EL ARROYO;SALAMANCA;BAÑOBAREZ;BAÑOBÁREZ;37271;31
37-E1-00178;PALACIOS ALVAREZ, MANUEL;;CALLE BOLEO;SALAMANCA;ARAPILES;ARAPILES;37796;6
37-E1-00182;PERALTA BETERE, LUCIA;;CALLE IGLESIA;SALAMANCA;MACHACON;MACHACÓN;37893;8
37-E1-00184;GARCIA DE LA CRUZ GARCIA, MARIA CRUZ;;CALLE ORIENTE;SALAMANCA;MACOTERA;MACOTERA;37310;10
37-E1-00185;AMOEDO GIL, DANIEL;;CALLE NORTE;SALAMANCA;CUBO DE DON SANCHO (EL);CUBO DE DON SANCHO, EL;37281;28
37-E1-00186;CHACON CALDERON, MACARENA;;CALLE IGLESIA;SALAMANCA;TOPAS;TOPAS;37799;11
37-E1-00187;SANCHEZ CARABIAS, MARIA ROSA;;PLAZA IGLESIA;SALAMANCA;ANAYA DE ALBA;ANAYA DE ALBA;37863;25
37-E1-00193;MERAS ZAMARREÑO, MARIA CARMEN;;CALLE POZO;SALAMANCA;PEÑAPARDA;PEÑAPARDA;37523;3
37-E1-00200;CIDONCHA SOTO, ELENA;;CALLE BALNEARIO;SALAMANCA;BAÑOS DE LEDESMA;VEGA DE TIRADOS;37115;0
37-E1-00204;MARTIN FERNANDEZ, JOSE IGNACIO;;CALLE MAYOR;SALAMANCA;BOADA;BOADA;37290;24
37-E1-00206;GUTIERREZ POLLAN, VEGA;;CALLE IGLESIA;SALAMANCA;CASTELLANOS DE VILLIQUERA;CASTELLANOS DE VILLIQUERA;37797;15
37-E1-00207;ABAD VELASCO, YOLANDA;;CALLE CARRETERA;SALAMANCA;VALVERDON;VALVERDÓN;;3
37-E1-00218;TEJEDA MATIAS, LORETO;;CALLE MAYOR;SALAMANCA;CERRO (EL);CERRO, EL;37720;3
37-E1-00242;FERRERO DEL BARRIO, CLARA / FERRERO RABANO, JUAN JOSE;;CALLE REINA SOFIA;SALAMANCA;GUIJUELO;GUIJUELO;37770;21
37-E1-00243;MELGAR VICENTE, MARIA JOSEFA;;CALLE SAN BRUNO;SALAMANCA;SALAMANCA;SALAMANCA;37006;62
37-E1-00245;NAFRIA CABALLERO, ANA;;PLAZA ESPAÑA;SALAMANCA;POVEDA DE LAS CINTAS;POVEDA DE LAS CINTAS;37406;4
37-E1-00246;MARCOS RAMOS, EVA;;CALLE CORAZON DE MARIA;SALAMANCA;ALDEA DEL OBISPO;ALDEA DEL OBISPO;;4
37-E1-00267;CAMELO QUITERIO, LUIS MIGUEL;;CALLE CASABLANCA;SALAMANCA;SALAMANCA;SALAMANCA;37008;10
37-E1-00268;REVILLA BOTON, YASMINA / ROS ARJONA, JOSE ANTONIO;;CALLE CARRETERA SALAMANCA;SALAMANCA;BEJAR;BÉJAR;;2
37-E1-00269;FERNANDEZ DE GATTA GARCIA, MARIA MAR;;CALLE LIBERTAD;SALAMANCA;BEJAR;BÉJAR;37700;73
40-E1-00005;LOPEZ CUERDO, MARIA ANGELES;;PLAZA CORPUS (DEL);SEGOVIA;SEGOVIA;SEGOVIA;40001;1
40-E1-00006;SANTIAGO GARCIA, JAVIER;921462787;CALLE CERVANTES;SEGOVIA;SEGOVIA;SEGOVIA;40001;27
40-E1-00007;SERRANO VELASCO, PABLO;921460325;CALLE CRONISTA LECEA (DEL);SEGOVIA;SEGOVIA;SEGOVIA;40001;6
40-E1-00011;TRIBIÑO MENDIOLA, PILAR;;PLAZA C/ MAYOR;SEGOVIA;NAVA DE LA ASUNCION;NAVA DE LA ASUNCIÓN;40450;10
